................................E............................................Error: PROJECTION_EMPTY: C:\Users\reall\AppData\Local\Temp\tmp9m3lyrly\pages holds no pages
.......E..Error: SEARCH_INDEX_UNREADABLE_LIBRARY: C:\Users\reall\AppData\Local\Temp\tmpix51u_h8\library\broken.json: Expecting property name enclosed in double quotes: line 1 column 3 (char 2)
......F............................product P: 1 subject(s), 0 current evidence record(s)
snapshot sha256:35cbfedfca88cccb5f2153823df8f909bf923bf5ad02678d8d4b07be97bcfd6b
open needs: 9 (ANSWERABILITY, ANSWER_CORRECTNESS, DIMENSIONAL_CORRECTNESS, REASONING_VALIDITY, REFERENCE_INTEGRITY, SCOPE_CONFORMANCE, SELF_CONTAINMENT, SOURCE_INTEGRITY, STRUCTURAL_VALIDITY)
  ANSWERABILITY              CANONICAL_RECORD:one                     MISSING
  ANSWER_CORRECTNESS         CANONICAL_RECORD:one                     MISSING
  DIMENSIONAL_CORRECTNESS    CANONICAL_RECORD:one                     MISSING
  REASONING_VALIDITY         CANONICAL_RECORD:one                     MISSING
  REFERENCE_INTEGRITY        CANONICAL_RECORD:one                     MISSING
  SCOPE_CONFORMANCE          CANONICAL_RECORD:one                     MISSING
  SELF_CONTAINMENT           CANONICAL_RECORD:one                     MISSING
  SOURCE_INTEGRITY           CANONICAL_RECORD:one                     MISSING
  STRUCTURAL_VALIDITY        CANONICAL_RECORD:one                     MISSING
Eligibility Decision: INELIGIBLE (ASSURANCE_BUNDLE_OTHER_PRODUCT: the bundle is for 'P', not 'OTHER')
product P: 1 subject(s), 0 current evidence record(s)
snapshot sha256:35cbfedfca88cccb5f2153823df8f909bf923bf5ad02678d8d4b07be97bcfd6b
open needs: 9 (ANSWERABILITY, ANSWER_CORRECTNESS, DIMENSIONAL_CORRECTNESS, REASONING_VALIDITY, REFERENCE_INTEGRITY, SCOPE_CONFORMANCE, SELF_CONTAINMENT, SOURCE_INTEGRITY, STRUCTURAL_VALIDITY)
  ANSWERABILITY              CANONICAL_RECORD:one                     MISSING
  ANSWER_CORRECTNESS         CANONICAL_RECORD:one                     MISSING
  DIMENSIONAL_CORRECTNESS    CANONICAL_RECORD:one                     MISSING
  REASONING_VALIDITY         CANONICAL_RECORD:one                     MISSING
  REFERENCE_INTEGRITY        CANONICAL_RECORD:one                     MISSING
  SCOPE_CONFORMANCE          CANONICAL_RECORD:one                     MISSING
  SELF_CONTAINMENT           CANONICAL_RECORD:one                     MISSING
  SOURCE_INTEGRITY           CANONICAL_RECORD:one                     MISSING
  STRUCTURAL_VALIDITY        CANONICAL_RECORD:one                     MISSING
product P: 1 subject(s), 9 current evidence record(s)
snapshot sha256:35cbfedfca88cccb5f2153823df8f909bf923bf5ad02678d8d4b07be97bcfd6b
open needs: 0
Eligibility Decision: ELIGIBLE
Outcome: FAIL
  STALE_CANONICAL: the library changed after this projection was built: rebuild it
Outcome: PASS
Outcome: FAIL
  ARTIFACT_CHANGED: the pages are not the ones the manifest describes
canonical_snapshot     REQUIRES_REBUILD
policy                 CURRENT
web_projection         REQUIRES_REBUILD
standalone_projection  CURRENT
search_projection      CURRENT
canonical_snapshot     CURRENT
policy                 CURRENT
web_projection         UNAUTHORIZED
standalone_projection  CURRENT
search_projection      CURRENT
canonical_snapshot     CURRENT
policy                 CURRENT
web_projection         CURRENT
standalone_projection  CURRENT
search_projection      CURRENT
Indexed 1 documents; excluded 0. Wrote C:\Users\reall\AppData\Local\Temp\tmpix51u_h8\index.json and C:\Users\reall\AppData\Local\Temp\tmpix51u_h8\manifest.json
Indexed 1 documents; excluded 0. Wrote C:\Users\reall\AppData\Local\Temp\tmppxio1zn8\index.json and C:\Users\reall\AppData\Local\Temp\tmppxio1zn8\manifest.json
=== Search Index Verification ===
SEARCH_MEMBERSHIP: FAIL
  MISSING_FROM_INDEX: 1 canonical question(s) are not in the index
  STALE_INDEX: the index was built from different canonical content than the library holds now; rebuild it with build_search_index.py
SEARCH_RETRIEVABILITY: PASS
Indexed 2 documents; excluded 0. Wrote C:\Users\reall\AppData\Local\Temp\tmpp0rz45i0\index.json and C:\Users\reall\AppData\Local\Temp\tmpp0rz45i0\manifest.json
=== Search Index Verification ===
SEARCH_MEMBERSHIP: FAIL
  PHANTOM_IN_INDEX: 1 indexed id(s) are not canonical questions
  STALE_INDEX: the index was built from different canonical content than the library holds now; rebuild it with build_search_index.py
SEARCH_RETRIEVABILITY: PASS
Indexed 1 documents; excluded 0. Wrote C:\Users\reall\AppData\Local\Temp\tmpbz7u_6pf\index.json and C:\Users\reall\AppData\Local\Temp\tmpbz7u_6pf\manifest.json
=== Search Index Verification ===
SEARCH_MEMBERSHIP: FAIL
  STALE_INDEX: the index was built from different canonical content than the library holds now; rebuild it with build_search_index.py
SEARCH_RETRIEVABILITY: PASS
=== Search Index Verification ===
SEARCH_MEMBERSHIP: FAIL
  STALE_INDEX: the index was built from different canonical content than the library holds now; rebuild it with build_search_index.py
SEARCH_RETRIEVABILITY: PASS
Indexed 1 documents; excluded 0. Wrote C:\Users\reall\AppData\Local\Temp\tmpuybtvzm2\index.json and C:\Users\reall\AppData\Local\Temp\tmpuybtvzm2\manifest.json
=== Search Index Verification ===
SEARCH_MEMBERSHIP: PASS
SEARCH_RETRIEVABILITY: FAIL
  INDEX_DIGEST_MISMATCH: the index file is not the one its manifest describes
Indexed 1 documents; excluded 0. Wrote C:\Users\reall\AppData\Local\Temp\tmpa9t9v5bg\index.json and C:\Users\reall\AppData\Local\Temp\tmpa9t9v5bg\manifest.json
=== Search Index Verification ===
SEARCH_MEMBERSHIP: PASS
SEARCH_RETRIEVABILITY: PASS
=== Search Index Verification ===
SEARCH_MEMBERSHIP: FAIL
  PHANTOM_IN_INDEX: 38 indexed id(s) are not canonical questions
  STALE_INDEX: the index was built from different canonical content than the library holds now; rebuild it with build_search_index.py
SEARCH_RETRIEVABILITY: PASS
Indexed 2 documents; excluded 1. Wrote C:\Users\reall\AppData\Local\Temp\tmpx68vu_zf\index.json and C:\Users\reall\AppData\Local\Temp\tmpx68vu_zf\manifest.json
Indexed 2 documents; excluded 0. Wrote C:\Users\reall\AppData\Local\Temp\tmpdftit0ua\index.json and C:\Users\reall\AppData\Local\Temp\tmpdftit0ua\manifest.json
Indexed 2 documents; excluded 0. Wrote C:\Users\reall\AppData\Local\Temp\tmpdftit0ua\index.json and C:\Users\reall\AppData\Local\Temp\tmpdftit0ua\manifest.json
=== Search Index Verification ===
SEARCH_MEMBERSHIP: PASS
SEARCH_RETRIEVABILITY: PASS
9 evidence record(s) in build/test-assurance/ratchet/evidence
  ANSWER_CORRECTNESS             NOT_APPLICABLE 1
  CORPUS_SPECIFICITY             PASS 1
  DIMENSIONAL_CORRECTNESS        NOT_APPLICABLE 1
  DISCLOSURE_CONFORMANCE         PASS 1
  REASONING_VALIDITY             INCONCLUSIVE 1
  REFERENCE_INTEGRITY            FAIL 1
  SCOPE_CONFORMANCE              PASS 1
  SELF_CONTAINMENT               INCONCLUSIVE 1
  STRUCTURAL_VALIDITY            PASS 1
NEW FINDING: REFERENCE_INTEGRITY|CANONICAL_RECORD:LIB-PHY-NLM-FIRST-LAW-AUTHORED|LIBRARY_UNRESOLVED_REFERENCE|BUCKET-PHY-NLM-FIRST-LAW
NEW FINDING: REFERENCE_INTEGRITY|CANONICAL_RECORD:LIB-PHY-NLM-FIRST-LAW-AUTHORED|LIBRARY_UNRESOLVED_REFERENCE|CAP-NLM-NET-ZERO-MOTION
NEW FINDING: REFERENCE_INTEGRITY|CANONICAL_RECORD:LIB-PHY-NLM-FIRST-LAW-AUTHORED|LIBRARY_UNRESOLVED_REFERENCE|FAM-PHY-NLM-INCLINE-MODELLING
NEW FINDING: REFERENCE_INTEGRITY|CANONICAL_RECORD:LIB-PHY-NLM-FIRST-LAW-AUTHORED|LIBRARY_UNRESOLVED_REFERENCE|Q-PHY-NLM-INCLINE-2A-FBD-COMPONENTS-05
NEW FINDING: REFERENCE_INTEGRITY|CANONICAL_RECORD:LIB-PHY-NLM-FIRST-LAW-AUTHORED|LIBRARY_UNRESOLVED_REFERENCE|Q-PHY-NLM-INCLINE-2A-HORIZONTAL-PUSH-04
NEW FINDING: REFERENCE_INTEGRITY|CANONICAL_RECORD:LIB-PHY-NLM-FIRST-LAW-AUTHORED|LIBRARY_UNRESOLVED_REFERENCE|Q-PHY-NLM-INCLINE-2A-SLIDING-03
NEW FINDING: REFERENCE_INTEGRITY|CANONICAL_RECORD:LIB-PHY-NLM-FIRST-LAW-AUTHORED|LIBRARY_UNRESOLVED_REFERENCE|Q-PHY-NLM-INCLINE-2A-SMOOTH-01
NEW FINDING: REFERENCE_INTEGRITY|CANONICAL_RECORD:LIB-PHY-NLM-FIRST-LAW-AUTHORED|LIBRARY_UNRESOLVED_REFERENCE|Q-PHY-NLM-INCLINE-2A-STATIC-02
NEW FINDING: REFERENCE_INTEGRITY|CANONICAL_RECORD:LIB-PHY-NLM-FIRST-LAW-AUTHORED|LIBRARY_UNRESOLVED_REFERENCE|Q-PHY-NLM-INCLINE-2B-AXES-01
NEW FINDING: REFERENCE_INTEGRITY|CANONICAL_RECORD:LIB-PHY-NLM-FIRST-LAW-AUTHORED|LIBRARY_UNRESOLVED_REFERENCE|Q-PHY-NLM-INCLINE-2B-COMPONENT-TRAP-04
NEW FINDING: REFERENCE_INTEGRITY|CANONICAL_RECORD:LIB-PHY-NLM-FIRST-LAW-AUTHORED|LIBRARY_UNRESOLVED_REFERENCE|Q-PHY-NLM-INCLINE-2B-HORIZONTAL-THRESHOLD-03.FF.....................................F...F.....F..E..............F.....F......................F................F.F.................................................................................................................................................F.F........................................................................F..........EE.E....................................................EEEEE................................................F...........................................................................................................................................................................................................................F..........F..........F......................................................................................................................................................................................................................................................................................................................EEEEEEE..........................................E.......................FFFFFFFFFFF.....F.........F...FFF..........F.......F................................F.....................EEF............FFEEE.............E...s.......................................F.............F........F....F......................F..............................................EE............................F.......F................
NEW FINDING: REFERENCE_INTEGRITY|CANONICAL_RECORD:LIB-PHY-NLM-FIRST-LAW-AUTHORED|LIBRARY_UNRESOLVED_REFERENCE|Q-PHY-NLM-INCLINE-2B-TIMING-05
known canonical findings: 0; new: 12; pages worse than the ledger: 0
9 evidence record(s) in build/test-assurance/ratchet/evidence
  ANSWER_CORRECTNESS             NOT_APPLICABLE 1
  CORPUS_SPECIFICITY             PASS 1
  DIMENSIONAL_CORRECTNESS        NOT_APPLICABLE 1
  DISCLOSURE_CONFORMANCE         PASS 1
  REASONING_VALIDITY             INCONCLUSIVE 1
  REFERENCE_INTEGRITY            FAIL 1
  SCOPE_CONFORMANCE              PASS 1
  SELF_CONTAINMENT               INCONCLUSIVE 1
  STRUCTURAL_VALIDITY            PASS 1
baseline written: 12 known canonical finding(s) in build/test-assurance/ratchet/known.json
9 evidence record(s) in build/test-assurance/ratchet/evidence
  ANSWER_CORRECTNESS             NOT_APPLICABLE 1
  CORPUS_SPECIFICITY             PASS 1
  DIMENSIONAL_CORRECTNESS        NOT_APPLICABLE 1
  DISCLOSURE_CONFORMANCE         PASS 1
  REASONING_VALIDITY             INCONCLUSIVE 1
  REFERENCE_INTEGRITY            FAIL 1
  SCOPE_CONFORMANCE              PASS 1
  SELF_CONTAINMENT               INCONCLUSIVE 1
  STRUCTURAL_VALIDITY            PASS 1
known canonical findings: 12; new: 0; pages worse than the ledger: 0
189 evidence record(s) in build/test-assurance/tmp_ntavscj
  ANSWER_CORRECTNESS             NOT_APPLICABLE 21
  CORPUS_SPECIFICITY             FAIL 1  PASS 20
  DIMENSIONAL_CORRECTNESS        NOT_APPLICABLE 21
  DISCLOSURE_CONFORMANCE         PASS 21
  REASONING_VALIDITY             INCONCLUSIVE 15  NOT_APPLICABLE 6
  REFERENCE_INTEGRITY            FAIL 1  PASS 20
  SCOPE_CONFORMANCE              PASS 21
  SELF_CONTAINMENT               INCONCLUSIVE 15  NOT_APPLICABLE 6
  STRUCTURAL_VALIDITY            FAIL 1  PASS 20
NEW FINDING: CORPUS_SPECIFICITY|CANONICAL_RECORD:LIB-MATH-LINEAR-EQUATIONS|DUPLICATED|REL-MAT-LEQ-03-REDUCED-OUTCOMES.extensions.grade9v3:academic_revision.basis
NEW FINDING: CORPUS_SPECIFICITY|CANONICAL_RECORD:LIB-MATH-LINEAR-EQUATIONS|DUPLICATED|REL-MAT-LEQ-03-REDUCTION.extensions.grade9v3:academic_revision.basis
NEW FINDING: CORPUS_SPECIFICITY|CANONICAL_RECORD:LIB-MATH-LINEAR-EQUATIONS|DUPLICATED|REL-MAT-LEQ-04-STRAIGHT-LINE.extensions.grade9v3:academic_revision.basis
NEW FINDING: CORPUS_SPECIFICITY|CANONICAL_RECORD:LIB-MATH-LINEAR-EQUATIONS|DUPLICATED|REL-MAT-LEQ-04-TWO-VARIABLE-FORM.extensions.grade9v3:academic_revision.basis
NEW FINDING: CORPUS_SPECIFICITY|CANONICAL_RECORD:LIB-MATH-LINEAR-EQUATIONS|DUPLICATED|REL-MATH-EXACTNESS.extensions.grade9v3:academic_revision.basis
NEW FINDING: REFERENCE_INTEGRITY|CANONICAL_RECORD:LIB-MATH-LINEAR-EQUATIONS|LIBRARY_UNRESOLVED_REFERENCE|Q-MAT-LEQ-01-EXEMPLAR8-Q17
NEW FINDING: REFERENCE_INTEGRITY|CANONICAL_RECORD:LIB-MATH-LINEAR-EQUATIONS|LIBRARY_UNRESOLVED_REFERENCE|Q-MAT-LEQ-01-EXEMPLAR8-Q20
NEW FINDING: REFERENCE_INTEGRITY|CANONICAL_RECORD:LIB-MATH-LINEAR-EQUATIONS|LIBRARY_UNRESOLVED_REFERENCE|Q-MAT-LEQ-01-EXEMPLAR8-Q6
NEW FINDING: REFERENCE_INTEGRITY|CANONICAL_RECORD:LIB-MATH-LINEAR-EQUATIONS|LIBRARY_UNRESOLVED_REFERENCE|Q-MAT-LEQ-02-EXEMPLAR9-4-1-Q16
NEW FINDING: REFERENCE_INTEGRITY|CANONICAL_RECORD:LIB-MATH-LINEAR-EQUATIONS|LIBRARY_UNRESOLVED_REFERENCE|Q-MAT-LEQ-02-NCERT8-EX2-1-Q1
NEW FINDING: REFERENCE_INTEGRITY|CANONICAL_RECORD:LIB-MATH-LINEAR-EQUATIONS|LIBRARY_UNRESOLVED_REFERENCE|Q-MAT-LEQ-02-NCERT8-EX2-1-Q2
NEW FINDING: REFERENCE_INTEGRITY|CANONICAL_RECORD:LIB-MATH-LINEAR-EQUATIONS|LIBRARY_UNRESOLVED_REFERENCE|Q-MAT-LEQ-02-NCERT8-EX2-1-Q3
NEW FINDING: REFERENCE_INTEGRITY|CANONICAL_RECORD:LIB-MATH-LINEAR-EQUATIONS|LIBRARY_UNRESOLVED_REFERENCE|Q-MAT-LEQ-02-NCERT8-EX2-1-Q5
NEW FINDING: REFERENCE_INTEGRITY|CANONICAL_RECORD:LIB-MATH-LINEAR-EQUATIONS|LIBRARY_UNRESOLVED_REFERENCE|Q-MAT-LEQ-03-EXEMPLAR8-Q58
NEW FINDING: REFERENCE_INTEGRITY|CANONICAL_RECORD:LIB-MATH-LINEAR-EQUATIONS|LIBRARY_UNRESOLVED_REFERENCE|Q-MAT-LEQ-03-EXEMPLAR8-Q61
NEW FINDING: REFERENCE_INTEGRITY|CANONICAL_RECORD:LIB-MATH-LINEAR-EQUATIONS|LIBRARY_UNRESOLVED_REFERENCE|Q-MAT-LEQ-03-NCERT8-EX2-2-Q10
NEW FINDING: REFERENCE_INTEGRITY|CANONICAL_RECORD:LIB-MATH-LINEAR-EQUATIONS|LIBRARY_UNRESOLVED_REFERENCE|Q-MAT-LEQ-03-NCERT8-EX2-2-Q7
NEW FINDING: REFERENCE_INTEGRITY|CANONICAL_RECORD:LIB-MATH-LINEAR-EQUATIONS|LIBRARY_UNRESOLVED_REFERENCE|Q-MAT-LEQ-03-NCERT8-EX2-2-Q9
NEW FINDING: REFERENCE_INTEGRITY|CANONICAL_RECORD:LIB-MATH-LINEAR-EQUATIONS|LIBRARY_UNRESOLVED_REFERENCE|Q-MAT-LEQ-04-EXEMPLAR9-4-1-Q1
NEW FINDING: REFERENCE_INTEGRITY|CANONICAL_RECORD:LIB-MATH-LINEAR-EQUATIONS|LIBRARY_UNRESOLVED_REFERENCE|Q-MAT-LEQ-04-EXEMPLAR9-4-1-Q11
known canonical findings: 0; new: 24; pages worse than the ledger: 0
Build: sample @ c090eedd28c9c0f3; review: NONE
Recommendation: UNRECORDED
Open S0/S1: []
Reviewer: UNRECORDED; authors: ['author-1']
Fact status: 0 cited records without current independent verification
Subject authority: 0 finding(s): []
Standalone: NOT_STAGED
Approval reference: NOT_RECORDED
Build: sample @ c090eedd28c9c0f3; review: NONE
Recommendation: UNRECORDED
Open S0/S1: []
Reviewer: UNRECORDED; authors: ['author-1']
Fact status: 0 cited records without current independent verification
Subject authority: 0 finding(s): []
Standalone: NOT_STAGED
Approval reference: NOT_RECORDED
Build: sample @ c090eedd28c9c0f3; review: NONE
Recommendation: UNRECORDED
Open S0/S1: []
Reviewer: UNRECORDED; authors: ['author-1']
Fact status: 0 cited records without current independent verification
Subject authority: 0 finding(s): []
Standalone: NOT_STAGED
Approval reference: NOT_RECORDED
Build: sample @ c090eedd28c9c0f3; review: NONE
Recommendation: UNRECORDED
Open S0/S1: []
Reviewer: UNRECORDED; authors: ['author-1']
Fact status: 0 cited records without current independent verification
Subject authority: 0 finding(s): []
Standalone: NOT_STAGED
Approval reference: NOT_RECORDED
Build: sample @ c090eedd28c9c0f3; review: NONE
Recommendation: UNRECORDED
Open S0/S1: []
Reviewer: UNRECORDED; authors: ['author-1']
Fact status: 0 cited records without current independent verification
Subject authority: 0 finding(s): []
Standalone: NOT_STAGED
Approval reference: NOT_RECORDED
Build: sample @ 768c905de66506b6; review: NONE
Recommendation: UNRECORDED
Open S0/S1: []
Reviewer: UNRECORDED; authors: ['author-1']
Fact status: 0 cited records without current independent verification
Subject authority: 0 finding(s): []
Standalone: NOT_STAGED
Approval reference: https://github.com/o/r/issues/1#issuecomment-5 accepted
Build: sample @ 768c905de66506b6; review: NONE
Recommendation: UNRECORDED
Open S0/S1: []
Reviewer: UNRECORDED; authors: ['author-1']
Fact status: 0 cited records without current independent verification
Subject authority: 0 finding(s): []
Standalone: NOT_STAGED
Approval reference: NOT_RECORDED
Build: sample @ 768c905de66506b6; review: NONE
Recommendation: UNRECORDED
Open S0/S1: []
Reviewer: UNRECORDED; authors: ['author-1']
Fact status: 0 cited records without current independent verification
Subject authority: 0 finding(s): []
Standalone: NOT_STAGED
Approval reference: NOT_RECORDED
Build: sample @ 768c905de66506b6; review: NONE
Recommendation: UNRECORDED
Open S0/S1: []
Reviewer: UNRECORDED; authors: ['author-1']
Fact status: 0 cited records without current independent verification
Subject authority: 0 finding(s): []
Standalone: NOT_STAGED
Approval reference: xxxxxxxxxxxxxxxxxxxxxxxxxxxxxxxxxxxxxxxxxxxxxxxxxxxxxxxxxxxxxxxxxxxxxxxxxxxxxxxxxxxxxxxxxxxxxxxxxxxxxxxxxxxxxxxxxxxxxxxxxxxxxxxxxxxxxxxxxxxxxxxxxxxxxxxxxxxxxxxxxxxxxxxxxxxxxxxxxxxxxxxxxxxxxxxxxxxxxxxxxxxxxxxxxxxxxxxxxxxxxxxxxxxxxxxxxxxxxxxxxxxxxxxxxxxxxxxxxxxxxxxxxxxxxxxxxxxxxxxxxxxxxxxxxxxxxxxxxxxxxxxxxxxxxxxxxxxxxxxxxxxxxxxxxxxxxxxxxxxxxxxxxxxxxxxxxxxxxxxxxxxxxxxxxxxxxxxxxxxxxxxxxxxxxxxxxxxxxxxxxxxxxxxxxxxxxxxxxxxxxxxxxxxxxxxxxxxxxxxxxxxxxxxxxxxxxxxxxxxxxxxxxxxxxxxxxxxxxxxxxxxxxxxxxxxxxxxxxxxx
Build: sample @ 768c905de66506b6; review: NONE
Recommendation: UNRECORDED
Open S0/S1: []
Reviewer: UNRECORDED; authors: ['author-1']
Fact status: 0 cited records without current independent verification...........EEFEF...EEE...............E...............................s.......EEEEEEEEEEEE.EEF........................................F.FF..............................F.....................F...........s................F.F.57 gap(s): nothing written. Run `render_core.py gaps` or `--draft`.
..............F...........FF.......F.......WARNING: CORE2 is part of this product but selects no records, so its page has no items.
......F.............................................................................................F.............................................................................................................F...........E.E...................F...........EE.F....F.........................................................................F......................................................................................F......F.s......F..................................................s................
======================================================================
ERROR: setUpClass (test_assurance_acceptance.Gate)
----------------------------------------------------------------------
Traceback (most recent call last):
  File "C:\CodeB\Grade9v3.5\.codex-recovery\r4-suite\tests\test_assurance_acceptance.py", line 46, in setUpClass
    raise RuntimeError(done.stderr[-500:])
RuntimeError: 2 gap(s): nothing written. Run `render_core.py gaps` or `--draft`.


======================================================================
ERROR: test_the_assurance_digest_is_the_bundles_own_and_a_broken_bundle_is_refused (test_assurance_projections.Release.test_the_assurance_digest_is_the_bundles_own_and_a_broken_bundle_is_refused)
----------------------------------------------------------------------
Traceback (most recent call last):
  File "C:\CodeB\Grade9v3.5\.codex-recovery\r4-suite\tests\test_assurance_projections.py", line 218, in test_the_assurance_digest_is_the_bundles_own_and_a_broken_bundle_is_refused
    subjects = aggregate.package_subjects([str(self.lib)], Path("/"))
               ^^^^^^^^^^^^^^^^^^^^^^^^^^^^^^^^^^^^^^^^^^^^^^^^^^^^^^
  File "C:\CodeB\Grade9v3.5\.codex-recovery\r4-suite\Shared\assurance\aggregate.py", line 100, in package_subjects
    out.append(subject_from("CANONICAL_RECORD", package_id, f.relative_to(repo).as_posix(), repo))
                                                            ^^^^^^^^^^^^^^^^^^^
  File "C:\Users\reall\.cache\codex-runtimes\codex-primary-runtime\dependencies\python\Lib\pathlib.py", line 682, in relative_to
    raise ValueError(f"{str(self)!r} is not in the subpath of {str(other)!r}")
ValueError: 'C:\\Users\\reall\\AppData\\Local\\Temp\\tmp5ctg_ah5\\library\\a.json' is not in the subpath of '\\'

======================================================================
ERROR: test_the_icon_sits_in_the_fixed_header_among_the_other_controls (test_blueprint_components.PrintPdf.test_the_icon_sits_in_the_fixed_header_among_the_other_controls)
----------------------------------------------------------------------
Traceback (most recent call last):
  File "C:\CodeB\Grade9v3.5\.codex-recovery\r4-suite\tests\test_blueprint_components.py", line 519, in test_the_icon_sits_in_the_fixed_header_among_the_other_controls
    header = re.search(r"<header data-g9-shell-header>.*?</header>", self.pages["core2.html"]).group(0)
             ^^^^^^^^^^^^^^^^^^^^^^^^^^^^^^^^^^^^^^^^^^^^^^^^^^^^^^^^^^^^^^^^^^^^^^^^^^^^^^^^^^^^^^^
AttributeError: 'NoneType' object has no attribute 'group'

======================================================================
ERROR: test_core2a_scaffold_precedes_answer_and_crux_is_visibly_distinct (test_core_projection_pipeline.LearnerFacingStructuredProjection.test_core2a_scaffold_precedes_answer_and_crux_is_visibly_distinct)
----------------------------------------------------------------------
Traceback (most recent call last):
  File "C:\CodeB\Grade9v3.5\.codex-recovery\r4-suite\tests\test_core_projection_pipeline.py", line 363, in test_core2a_scaffold_precedes_answer_and_crux_is_visibly_distinct
    html = self.render()["CORE2A"]
           ^^^^^^^^^^^^^
  File "C:\CodeB\Grade9v3.5\.codex-recovery\r4-suite\tests\test_core_projection_pipeline.py", line 349, in render
    publish(
  File "C:\CodeB\Grade9v3.5\.codex-recovery\r4-suite\Shared\publication_host\host.py", line 47, in publish
    verified = build_directory(out, write)
               ^^^^^^^^^^^^^^^^^^^^^^^^^^^
  File "C:\CodeB\Grade9v3.5\.codex-recovery\r4-suite\Shared\publication_host\storage.py", line 56, in build_directory
    result = action(staging)
             ^^^^^^^^^^^^^^^
  File "C:\CodeB\Grade9v3.5\.codex-recovery\r4-suite\Shared\publication_host\host.py", line 45, in write
    return verify_publication(staging, basis, adapter)
           ^^^^^^^^^^^^^^^^^^^^^^^^^^^^^^^^^^^^^^^^^^^
  File "C:\CodeB\Grade9v3.5\.codex-recovery\r4-suite\Shared\publication_host\audit.py", line 61, in verify_publication
    require(required_files <= set(indexed), "MANIFEST_ARTIFACT_MISSING")
  File "C:\CodeB\Grade9v3.5\.codex-recovery\r4-suite\Shared\contracts.py", line 25, in require
    raise ContractError(code, detail)
Shared.contracts.ContractError: MANIFEST_ARTIFACT_MISSING

======================================================================
ERROR: test_core2b_protected_decision_is_absent_from_pre_attempt_support (test_core_projection_pipeline.LearnerFacingStructuredProjection.test_core2b_protected_decision_is_absent_from_pre_attempt_support)
----------------------------------------------------------------------
Traceback (most recent call last):
  File "C:\CodeB\Grade9v3.5\.codex-recovery\r4-suite\tests\test_core_projection_pipeline.py", line 379, in test_core2b_protected_decision_is_absent_from_pre_attempt_support
    html = self.render(transfer=True)["CORE2B"]
           ^^^^^^^^^^^^^^^^^^^^^^^^^^
  File "C:\CodeB\Grade9v3.5\.codex-recovery\r4-suite\tests\test_core_projection_pipeline.py", line 349, in render
    publish(
  File "C:\CodeB\Grade9v3.5\.codex-recovery\r4-suite\Shared\publication_host\host.py", line 47, in publish
    verified = build_directory(out, write)
               ^^^^^^^^^^^^^^^^^^^^^^^^^^^
  File "C:\CodeB\Grade9v3.5\.codex-recovery\r4-suite\Shared\publication_host\storage.py", line 56, in build_directory
    result = action(staging)
             ^^^^^^^^^^^^^^^
  File "C:\CodeB\Grade9v3.5\.codex-recovery\r4-suite\Shared\publication_host\host.py", line 45, in write
    return verify_publication(staging, basis, adapter)
           ^^^^^^^^^^^^^^^^^^^^^^^^^^^^^^^^^^^^^^^^^^^
  File "C:\CodeB\Grade9v3.5\.codex-recovery\r4-suite\Shared\publication_host\audit.py", line 61, in verify_publication
    require(required_files <= set(indexed), "MANIFEST_ARTIFACT_MISSING")
  File "C:\CodeB\Grade9v3.5\.codex-recovery\r4-suite\Shared\contracts.py", line 25, in require
    raise ContractError(code, detail)
Shared.contracts.ContractError: MANIFEST_ARTIFACT_MISSING

======================================================================
ERROR: test_real_motion2d_publish_keeps_protected_decision_after_attempt (test_core_projection_pipeline.Motion2DRealWitness.test_real_motion2d_publish_keeps_protected_decision_after_attempt)
----------------------------------------------------------------------
Traceback (most recent call last):
  File "C:\CodeB\Grade9v3.5\.codex-recovery\r4-suite\tests\test_core_projection_pipeline.py", line 612, in test_real_motion2d_publish_keeps_protected_decision_after_attempt
    publish(
  File "C:\CodeB\Grade9v3.5\.codex-recovery\r4-suite\Shared\publication_host\host.py", line 47, in publish
    verified = build_directory(out, write)
               ^^^^^^^^^^^^^^^^^^^^^^^^^^^
  File "C:\CodeB\Grade9v3.5\.codex-recovery\r4-suite\Shared\publication_host\storage.py", line 56, in build_directory
    result = action(staging)
             ^^^^^^^^^^^^^^^
  File "C:\CodeB\Grade9v3.5\.codex-recovery\r4-suite\Shared\publication_host\host.py", line 45, in write
    return verify_publication(staging, basis, adapter)
           ^^^^^^^^^^^^^^^^^^^^^^^^^^^^^^^^^^^^^^^^^^^
  File "C:\CodeB\Grade9v3.5\.codex-recovery\r4-suite\Shared\publication_host\audit.py", line 61, in verify_publication
    require(required_files <= set(indexed), "MANIFEST_ARTIFACT_MISSING")
  File "C:\CodeB\Grade9v3.5\.codex-recovery\r4-suite\Shared\contracts.py", line 25, in require
    raise ContractError(code, detail)
Shared.contracts.ContractError: MANIFEST_ARTIFACT_MISSING

======================================================================
ERROR: setUpClass (test_explorer_browser.CollinearLabels)
----------------------------------------------------------------------
Traceback (most recent call last):
  File "C:\CodeB\Grade9v3.5\.codex-recovery\r4-suite\tests\test_explorer_browser.py", line 295, in setUpClass
    cls.reports = {name: run_browser(cls.page, *size) for name, size in {"landscape": (1366, 854), "portrait": (854, 1366)}.items()}
                         ^^^^^^^^^^^^^^^^^^^^^^^^^^^^
  File "C:\CodeB\Grade9v3.5\.codex-recovery\r4-suite\tests\test_explorer_browser.py", line 27, in run_browser
    raise AssertionError(run.stderr[-2500:])
AssertionError: node:internal/modules/cjs/loader:1433
  throw err;
  ^

Error: Cannot find module 'playwright'
Require stack:
- C:\CodeB\Grade9v3.5\.codex-recovery\r4-suite\tests\explorer_browser.cjs
    at Function._resolveFilename (node:internal/modules/cjs/loader:1430:15)
    at defaultResolveImpl (node:internal/modules/cjs/loader:1040:19)
    at resolveForCJSWithHooks (node:internal/modules/cjs/loader:1045:22)
    at Function._load (node:internal/modules/cjs/loader:1216:25)
    at wrapModuleLoad (node:internal/modules/cjs/loader:254:19)
    at Module.require (node:internal/modules/cjs/loader:1527:12)
    at require (node:internal/modules/helpers:147:16)
    at Object.<anonymous> (C:\CodeB\Grade9v3.5\.codex-recovery\r4-suite\tests\explorer_browser.cjs:4:22)
    at Module._compile (node:internal/modules/cjs/loader:1781:14)
    at Object..js (node:internal/modules/cjs/loader:1913:10) {
  code: 'MODULE_NOT_FOUND',
  requireStack: [
    'C:\\CodeB\\Grade9v3.5\\.codex-recovery\\r4-suite\\tests\\explorer_browser.cjs'
  ]
}

Node.js v22.23.2


======================================================================
ERROR: setUpClass (test_explorer_browser.EveryKind)
----------------------------------------------------------------------
Traceback (most recent call last):
  File "C:\CodeB\Grade9v3.5\.codex-recovery\r4-suite\tests\test_explorer_browser.py", line 254, in setUpClass
    cls.report = run_browser(cls.page, 1366, 854)
                 ^^^^^^^^^^^^^^^^^^^^^^^^^^^^^^^^
  File "C:\CodeB\Grade9v3.5\.codex-recovery\r4-suite\tests\test_explorer_browser.py", line 27, in run_browser
    raise AssertionError(run.stderr[-2500:])
AssertionError: node:internal/modules/cjs/loader:1433
  throw err;
  ^

Error: Cannot find module 'playwright'
Require stack:
- C:\CodeB\Grade9v3.5\.codex-recovery\r4-suite\tests\explorer_browser.cjs
    at Function._resolveFilename (node:internal/modules/cjs/loader:1430:15)
    at defaultResolveImpl (node:internal/modules/cjs/loader:1040:19)
    at resolveForCJSWithHooks (node:internal/modules/cjs/loader:1045:22)
    at Function._load (node:internal/modules/cjs/loader:1216:25)
    at wrapModuleLoad (node:internal/modules/cjs/loader:254:19)
    at Module.require (node:internal/modules/cjs/loader:1527:12)
    at require (node:internal/modules/helpers:147:16)
    at Object.<anonymous> (C:\CodeB\Grade9v3.5\.codex-recovery\r4-suite\tests\explorer_browser.cjs:4:22)
    at Module._compile (node:internal/modules/cjs/loader:1781:14)
    at Object..js (node:internal/modules/cjs/loader:1913:10) {
  code: 'MODULE_NOT_FOUND',
  requireStack: [
    'C:\\CodeB\\Grade9v3.5\\.codex-recovery\\r4-suite\\tests\\explorer_browser.cjs'
  ]
}

Node.js v22.23.2


======================================================================
ERROR: setUpClass (test_explorer_browser.Explorer)
----------------------------------------------------------------------
Traceback (most recent call last):
  File "C:\CodeB\Grade9v3.5\.codex-recovery\r4-suite\tests\test_explorer_browser.py", line 42, in setUpClass
    cls.reports = {name: run_browser(cls.page, *size) for name, size in VIEWPORTS.items()}
                         ^^^^^^^^^^^^^^^^^^^^^^^^^^^^
  File "C:\CodeB\Grade9v3.5\.codex-recovery\r4-suite\tests\test_explorer_browser.py", line 27, in run_browser
    raise AssertionError(run.stderr[-2500:])
AssertionError: node:internal/modules/cjs/loader:1433
  throw err;
  ^

Error: Cannot find module 'playwright'
Require stack:
- C:\CodeB\Grade9v3.5\.codex-recovery\r4-suite\tests\explorer_browser.cjs
    at Function._resolveFilename (node:internal/modules/cjs/loader:1430:15)
    at defaultResolveImpl (node:internal/modules/cjs/loader:1040:19)
    at resolveForCJSWithHooks (node:internal/modules/cjs/loader:1045:22)
    at Function._load (node:internal/modules/cjs/loader:1216:25)
    at wrapModuleLoad (node:internal/modules/cjs/loader:254:19)
    at Module.require (node:internal/modules/cjs/loader:1527:12)
    at require (node:internal/modules/helpers:147:16)
    at Object.<anonymous> (C:\CodeB\Grade9v3.5\.codex-recovery\r4-suite\tests\explorer_browser.cjs:4:22)
    at Module._compile (node:internal/modules/cjs/loader:1781:14)
    at Object..js (node:internal/modules/cjs/loader:1913:10) {
  code: 'MODULE_NOT_FOUND',
  requireStack: [
    'C:\\CodeB\\Grade9v3.5\\.codex-recovery\\r4-suite\\tests\\explorer_browser.cjs'
  ]
}

Node.js v22.23.2


======================================================================
ERROR: setUpClass (test_explorer_browser.Persistence)
----------------------------------------------------------------------
Traceback (most recent call last):
  File "C:\CodeB\Grade9v3.5\.codex-recovery\r4-suite\tests\test_explorer_browser.py", line 328, in setUpClass
    cls.reload_run = run_browser(root / "a.html", 1366, 854, {"GX_PERSIST": "1"})
                     ^^^^^^^^^^^^^^^^^^^^^^^^^^^^^^^^^^^^^^^^^^^^^^^^^^^^^^^^^^^^
  File "C:\CodeB\Grade9v3.5\.codex-recovery\r4-suite\tests\test_explorer_browser.py", line 27, in run_browser
    raise AssertionError(run.stderr[-2500:])
AssertionError: node:internal/modules/cjs/loader:1433
  throw err;
  ^

Error: Cannot find module 'playwright'
Require stack:
- C:\CodeB\Grade9v3.5\.codex-recovery\r4-suite\tests\explorer_browser.cjs
    at Function._resolveFilename (node:internal/modules/cjs/loader:1430:15)
    at defaultResolveImpl (node:internal/modules/cjs/loader:1040:19)
    at resolveForCJSWithHooks (node:internal/modules/cjs/loader:1045:22)
    at Function._load (node:internal/modules/cjs/loader:1216:25)
    at wrapModuleLoad (node:internal/modules/cjs/loader:254:19)
    at Module.require (node:internal/modules/cjs/loader:1527:12)
    at require (node:internal/modules/helpers:147:16)
    at Object.<anonymous> (C:\CodeB\Grade9v3.5\.codex-recovery\r4-suite\tests\explorer_browser.cjs:4:22)
    at Module._compile (node:internal/modules/cjs/loader:1781:14)
    at Object..js (node:internal/modules/cjs/loader:1913:10) {
  code: 'MODULE_NOT_FOUND',
  requireStack: [
    'C:\\CodeB\\Grade9v3.5\\.codex-recovery\\r4-suite\\tests\\explorer_browser.cjs'
  ]
}

Node.js v22.23.2


======================================================================
ERROR: setUpClass (test_explorer_browser.TwoSliders)
----------------------------------------------------------------------
Traceback (most recent call last):
  File "C:\CodeB\Grade9v3.5\.codex-recovery\r4-suite\tests\test_explorer_browser.py", line 209, in setUpClass
    cls.report = run_browser(cls.page, 1366, 854)
                 ^^^^^^^^^^^^^^^^^^^^^^^^^^^^^^^^
  File "C:\CodeB\Grade9v3.5\.codex-recovery\r4-suite\tests\test_explorer_browser.py", line 27, in run_browser
    raise AssertionError(run.stderr[-2500:])
AssertionError: node:internal/modules/cjs/loader:1433
  throw err;
  ^

Error: Cannot find module 'playwright'
Require stack:
- C:\CodeB\Grade9v3.5\.codex-recovery\r4-suite\tests\explorer_browser.cjs
    at Function._resolveFilename (node:internal/modules/cjs/loader:1430:15)
    at defaultResolveImpl (node:internal/modules/cjs/loader:1040:19)
    at resolveForCJSWithHooks (node:internal/modules/cjs/loader:1045:22)
    at Function._load (node:internal/modules/cjs/loader:1216:25)
    at wrapModuleLoad (node:internal/modules/cjs/loader:254:19)
    at Module.require (node:internal/modules/cjs/loader:1527:12)
    at require (node:internal/modules/helpers:147:16)
    at Object.<anonymous> (C:\CodeB\Grade9v3.5\.codex-recovery\r4-suite\tests\explorer_browser.cjs:4:22)
    at Module._compile (node:internal/modules/cjs/loader:1781:14)
    at Object..js (node:internal/modules/cjs/loader:1913:10) {
  code: 'MODULE_NOT_FOUND',
  requireStack: [
    'C:\\CodeB\\Grade9v3.5\\.codex-recovery\\r4-suite\\tests\\explorer_browser.cjs'
  ]
}

Node.js v22.23.2


======================================================================
ERROR: test_all_web_modes_and_observation_follow_template_payloads (test_learner_state.LearnerState.test_all_web_modes_and_observation_follow_template_payloads)
----------------------------------------------------------------------
Traceback (most recent call last):
  File "C:\CodeB\Grade9v3.5\.codex-recovery\r4-suite\tests\test_learner_state.py", line 41, in setUp
    self.assertEqual(render_core.main(["build", "--manifest", str(manifest), "--out", str(self.out)]), 0)
                     ^^^^^^^^^^^^^^^^^^^^^^^^^^^^^^^^^^^^^^^^^^^^^^^^^^^^^^^^^^^^^^^^^^^^^^^^^^^^^^^^
  File "C:\CodeB\Grade9v3.5\.codex-recovery\r4-suite\Shared\tools\render_core.py", line 3170, in main
    pages, gaps, digest, _advisories, _waived = build_report(
                                                ^^^^^^^^^^^^^
  File "C:\CodeB\Grade9v3.5\.codex-recovery\r4-suite\Shared\tools\render_core.py", line 3007, in build_report
    ctx = context(manifest_path)
          ^^^^^^^^^^^^^^^^^^^^^^
  File "C:\CodeB\Grade9v3.5\.codex-recovery\r4-suite\Shared\tools\render_core.py", line 2755, in context
    raise ValueError(f"PRODUCT_STRUCTURE_INVALID: {path}: {shown}"
ValueError: PRODUCT_STRUCTURE_INVALID: C:\Users\reall\AppData\Local\Temp\tmpyfhrrw17\linear-equations.fixture.json: questions/11/answer/verification_status: 'VERIFIED_CANONICAL' is not one of ['NOT_RUN', 'CHECKED_BY_AUTHOR', 'INDEPENDENTLY_CHECKED', 'DISPUTED']; questions/11/status: 'PUBLISHED' is not one of ['DISCOVERED', 'CANDIDATE', 'REVIEWED', 'CURATED', 'DISPUTED', 'STALE', 'RETIRED']; questions/12/answer/verification_status: 'VERIFIED_CANONICAL' is not one of ['NOT_RUN', 'CHECKED_BY_AUTHOR', 'INDEPENDENTLY_CHECKED', 'DISPUTED']; questions/12/status: 'PUBLISHED' is not one of ['DISCOVERED', 'CANDIDATE', 'REVIEWED', 'CURATED', 'DISPUTED', 'STALE', 'RETIRED']; questions/13/answer/verification_status: 'VERIFIED_CANONICAL' is not one of ['NOT_RUN', 'CHECKED_BY_AUTHOR', 'INDEPENDENTLY_CHECKED', 'DISPUTED']; questions/13/status: 'PUBLISHED' is not one of ['DISCOVERED', 'CANDIDATE', 'REVIEWED', 'CURATED', 'DISPUTED', 'STALE', 'RETIRED'] (+30 more)

======================================================================
ERROR: test_no_key_is_one_note_with_verified_answer (test_learner_state.LearnerState.test_no_key_is_one_note_with_verified_answer)
----------------------------------------------------------------------
Traceback (most recent call last):
  File "C:\CodeB\Grade9v3.5\.codex-recovery\r4-suite\tests\test_learner_state.py", line 41, in setUp
    self.assertEqual(render_core.main(["build", "--manifest", str(manifest), "--out", str(self.out)]), 0)
                     ^^^^^^^^^^^^^^^^^^^^^^^^^^^^^^^^^^^^^^^^^^^^^^^^^^^^^^^^^^^^^^^^^^^^^^^^^^^^^^^^
  File "C:\CodeB\Grade9v3.5\.codex-recovery\r4-suite\Shared\tools\render_core.py", line 3170, in main
    pages, gaps, digest, _advisories, _waived = build_report(
                                                ^^^^^^^^^^^^^
  File "C:\CodeB\Grade9v3.5\.codex-recovery\r4-suite\Shared\tools\render_core.py", line 3007, in build_report
    ctx = context(manifest_path)
          ^^^^^^^^^^^^^^^^^^^^^^
  File "C:\CodeB\Grade9v3.5\.codex-recovery\r4-suite\Shared\tools\render_core.py", line 2755, in context
    raise ValueError(f"PRODUCT_STRUCTURE_INVALID: {path}: {shown}"
ValueError: PRODUCT_STRUCTURE_INVALID: C:\Users\reall\AppData\Local\Temp\tmptrs0gr27\linear-equations.fixture.json: questions/11/answer/verification_status: 'VERIFIED_CANONICAL' is not one of ['NOT_RUN', 'CHECKED_BY_AUTHOR', 'INDEPENDENTLY_CHECKED', 'DISPUTED']; questions/11/status: 'PUBLISHED' is not one of ['DISCOVERED', 'CANDIDATE', 'REVIEWED', 'CURATED', 'DISPUTED', 'STALE', 'RETIRED']; questions/12/answer/verification_status: 'VERIFIED_CANONICAL' is not one of ['NOT_RUN', 'CHECKED_BY_AUTHOR', 'INDEPENDENTLY_CHECKED', 'DISPUTED']; questions/12/status: 'PUBLISHED' is not one of ['DISCOVERED', 'CANDIDATE', 'REVIEWED', 'CURATED', 'DISPUTED', 'STALE', 'RETIRED']; questions/13/answer/verification_status: 'VERIFIED_CANONICAL' is not one of ['NOT_RUN', 'CHECKED_BY_AUTHOR', 'INDEPENDENTLY_CHECKED', 'DISPUTED']; questions/13/status: 'PUBLISHED' is not one of ['DISCOVERED', 'CANDIDATE', 'REVIEWED', 'CURATED', 'DISPUTED', 'STALE', 'RETIRED'] (+30 more)

======================================================================
ERROR: test_r1_r4_r7_r8_raw_html_and_projection (test_learner_state.LearnerState.test_r1_r4_r7_r8_raw_html_and_projection)
----------------------------------------------------------------------
Traceback (most recent call last):
  File "C:\CodeB\Grade9v3.5\.codex-recovery\r4-suite\tests\test_learner_state.py", line 41, in setUp
    self.assertEqual(render_core.main(["build", "--manifest", str(manifest), "--out", str(self.out)]), 0)
                     ^^^^^^^^^^^^^^^^^^^^^^^^^^^^^^^^^^^^^^^^^^^^^^^^^^^^^^^^^^^^^^^^^^^^^^^^^^^^^^^^
  File "C:\CodeB\Grade9v3.5\.codex-recovery\r4-suite\Shared\tools\render_core.py", line 3170, in main
    pages, gaps, digest, _advisories, _waived = build_report(
                                                ^^^^^^^^^^^^^
  File "C:\CodeB\Grade9v3.5\.codex-recovery\r4-suite\Shared\tools\render_core.py", line 3007, in build_report
    ctx = context(manifest_path)
          ^^^^^^^^^^^^^^^^^^^^^^
  File "C:\CodeB\Grade9v3.5\.codex-recovery\r4-suite\Shared\tools\render_core.py", line 2755, in context
    raise ValueError(f"PRODUCT_STRUCTURE_INVALID: {path}: {shown}"
ValueError: PRODUCT_STRUCTURE_INVALID: C:\Users\reall\AppData\Local\Temp\tmpua42bwf7\linear-equations.fixture.json: questions/11/answer/verification_status: 'VERIFIED_CANONICAL' is not one of ['NOT_RUN', 'CHECKED_BY_AUTHOR', 'INDEPENDENTLY_CHECKED', 'DISPUTED']; questions/11/status: 'PUBLISHED' is not one of ['DISCOVERED', 'CANDIDATE', 'REVIEWED', 'CURATED', 'DISPUTED', 'STALE', 'RETIRED']; questions/12/answer/verification_status: 'VERIFIED_CANONICAL' is not one of ['NOT_RUN', 'CHECKED_BY_AUTHOR', 'INDEPENDENTLY_CHECKED', 'DISPUTED']; questions/12/status: 'PUBLISHED' is not one of ['DISCOVERED', 'CANDIDATE', 'REVIEWED', 'CURATED', 'DISPUTED', 'STALE', 'RETIRED']; questions/13/answer/verification_status: 'VERIFIED_CANONICAL' is not one of ['NOT_RUN', 'CHECKED_BY_AUTHOR', 'INDEPENDENTLY_CHECKED', 'DISPUTED']; questions/13/status: 'PUBLISHED' is not one of ['DISCOVERED', 'CANDIDATE', 'REVIEWED', 'CURATED', 'DISPUTED', 'STALE', 'RETIRED'] (+30 more)

======================================================================
ERROR: test_r2_r3_r4_r5_chromium (test_learner_state.LearnerState.test_r2_r3_r4_r5_chromium)
----------------------------------------------------------------------
Traceback (most recent call last):
  File "C:\CodeB\Grade9v3.5\.codex-recovery\r4-suite\tests\test_learner_state.py", line 41, in setUp
    self.assertEqual(render_core.main(["build", "--manifest", str(manifest), "--out", str(self.out)]), 0)
                     ^^^^^^^^^^^^^^^^^^^^^^^^^^^^^^^^^^^^^^^^^^^^^^^^^^^^^^^^^^^^^^^^^^^^^^^^^^^^^^^^
  File "C:\CodeB\Grade9v3.5\.codex-recovery\r4-suite\Shared\tools\render_core.py", line 3170, in main
    pages, gaps, digest, _advisories, _waived = build_report(
                                                ^^^^^^^^^^^^^
  File "C:\CodeB\Grade9v3.5\.codex-recovery\r4-suite\Shared\tools\render_core.py", line 3007, in build_report
    ctx = context(manifest_path)
          ^^^^^^^^^^^^^^^^^^^^^^
  File "C:\CodeB\Grade9v3.5\.codex-recovery\r4-suite\Shared\tools\render_core.py", line 2755, in context
    raise ValueError(f"PRODUCT_STRUCTURE_INVALID: {path}: {shown}"
ValueError: PRODUCT_STRUCTURE_INVALID: C:\Users\reall\AppData\Local\Temp\tmpkzq9g8y1\linear-equations.fixture.json: questions/11/answer/verification_status: 'VERIFIED_CANONICAL' is not one of ['NOT_RUN', 'CHECKED_BY_AUTHOR', 'INDEPENDENTLY_CHECKED', 'DISPUTED']; questions/11/status: 'PUBLISHED' is not one of ['DISCOVERED', 'CANDIDATE', 'REVIEWED', 'CURATED', 'DISPUTED', 'STALE', 'RETIRED']; questions/12/answer/verification_status: 'VERIFIED_CANONICAL' is not one of ['NOT_RUN', 'CHECKED_BY_AUTHOR', 'INDEPENDENTLY_CHECKED', 'DISPUTED']; questions/12/status: 'PUBLISHED' is not one of ['DISCOVERED', 'CANDIDATE', 'REVIEWED', 'CURATED', 'DISPUTED', 'STALE', 'RETIRED']; questions/13/answer/verification_status: 'VERIFIED_CANONICAL' is not one of ['NOT_RUN', 'CHECKED_BY_AUTHOR', 'INDEPENDENTLY_CHECKED', 'DISPUTED']; questions/13/status: 'PUBLISHED' is not one of ['DISCOVERED', 'CANDIDATE', 'REVIEWED', 'CURATED', 'DISPUTED', 'STALE', 'RETIRED'] (+30 more)

======================================================================
ERROR: test_r6_pdf_text (test_learner_state.LearnerState.test_r6_pdf_text)
----------------------------------------------------------------------
Traceback (most recent call last):
  File "C:\CodeB\Grade9v3.5\.codex-recovery\r4-suite\tests\test_learner_state.py", line 41, in setUp
    self.assertEqual(render_core.main(["build", "--manifest", str(manifest), "--out", str(self.out)]), 0)
                     ^^^^^^^^^^^^^^^^^^^^^^^^^^^^^^^^^^^^^^^^^^^^^^^^^^^^^^^^^^^^^^^^^^^^^^^^^^^^^^^^
  File "C:\CodeB\Grade9v3.5\.codex-recovery\r4-suite\Shared\tools\render_core.py", line 3170, in main
    pages, gaps, digest, _advisories, _waived = build_report(
                                                ^^^^^^^^^^^^^
  File "C:\CodeB\Grade9v3.5\.codex-recovery\r4-suite\Shared\tools\render_core.py", line 3007, in build_report
    ctx = context(manifest_path)
          ^^^^^^^^^^^^^^^^^^^^^^
  File "C:\CodeB\Grade9v3.5\.codex-recovery\r4-suite\Shared\tools\render_core.py", line 2755, in context
    raise ValueError(f"PRODUCT_STRUCTURE_INVALID: {path}: {shown}"
ValueError: PRODUCT_STRUCTURE_INVALID: C:\Users\reall\AppData\Local\Temp\tmpxeyqeqoa\linear-equations.fixture.json: questions/11/answer/verification_status: 'VERIFIED_CANONICAL' is not one of ['NOT_RUN', 'CHECKED_BY_AUTHOR', 'INDEPENDENTLY_CHECKED', 'DISPUTED']; questions/11/status: 'PUBLISHED' is not one of ['DISCOVERED', 'CANDIDATE', 'REVIEWED', 'CURATED', 'DISPUTED', 'STALE', 'RETIRED']; questions/12/answer/verification_status: 'VERIFIED_CANONICAL' is not one of ['NOT_RUN', 'CHECKED_BY_AUTHOR', 'INDEPENDENTLY_CHECKED', 'DISPUTED']; questions/12/status: 'PUBLISHED' is not one of ['DISCOVERED', 'CANDIDATE', 'REVIEWED', 'CURATED', 'DISPUTED', 'STALE', 'RETIRED']; questions/13/answer/verification_status: 'VERIFIED_CANONICAL' is not one of ['NOT_RUN', 'CHECKED_BY_AUTHOR', 'INDEPENDENTLY_CHECKED', 'DISPUTED']; questions/13/status: 'PUBLISHED' is not one of ['DISCOVERED', 'CANDIDATE', 'REVIEWED', 'CURATED', 'DISPUTED', 'STALE', 'RETIRED'] (+30 more)

======================================================================
ERROR: test_response_derivation (test_learner_state.LearnerState.test_response_derivation)
----------------------------------------------------------------------
Traceback (most recent call last):
  File "C:\CodeB\Grade9v3.5\.codex-recovery\r4-suite\tests\test_learner_state.py", line 41, in setUp
    self.assertEqual(render_core.main(["build", "--manifest", str(manifest), "--out", str(self.out)]), 0)
                     ^^^^^^^^^^^^^^^^^^^^^^^^^^^^^^^^^^^^^^^^^^^^^^^^^^^^^^^^^^^^^^^^^^^^^^^^^^^^^^^^
  File "C:\CodeB\Grade9v3.5\.codex-recovery\r4-suite\Shared\tools\render_core.py", line 3170, in main
    pages, gaps, digest, _advisories, _waived = build_report(
                                                ^^^^^^^^^^^^^
  File "C:\CodeB\Grade9v3.5\.codex-recovery\r4-suite\Shared\tools\render_core.py", line 3007, in build_report
    ctx = context(manifest_path)
          ^^^^^^^^^^^^^^^^^^^^^^
  File "C:\CodeB\Grade9v3.5\.codex-recovery\r4-suite\Shared\tools\render_core.py", line 2755, in context
    raise ValueError(f"PRODUCT_STRUCTURE_INVALID: {path}: {shown}"
ValueError: PRODUCT_STRUCTURE_INVALID: C:\Users\reall\AppData\Local\Temp\tmpsyj7gnoy\linear-equations.fixture.json: questions/11/answer/verification_status: 'VERIFIED_CANONICAL' is not one of ['NOT_RUN', 'CHECKED_BY_AUTHOR', 'INDEPENDENTLY_CHECKED', 'DISPUTED']; questions/11/status: 'PUBLISHED' is not one of ['DISCOVERED', 'CANDIDATE', 'REVIEWED', 'CURATED', 'DISPUTED', 'STALE', 'RETIRED']; questions/12/answer/verification_status: 'VERIFIED_CANONICAL' is not one of ['NOT_RUN', 'CHECKED_BY_AUTHOR', 'INDEPENDENTLY_CHECKED', 'DISPUTED']; questions/12/status: 'PUBLISHED' is not one of ['DISCOVERED', 'CANDIDATE', 'REVIEWED', 'CURATED', 'DISPUTED', 'STALE', 'RETIRED']; questions/13/answer/verification_status: 'VERIFIED_CANONICAL' is not one of ['NOT_RUN', 'CHECKED_BY_AUTHOR', 'INDEPENDENTLY_CHECKED', 'DISPUTED']; questions/13/status: 'PUBLISHED' is not one of ['DISCOVERED', 'CANDIDATE', 'REVIEWED', 'CURATED', 'DISPUTED', 'STALE', 'RETIRED'] (+30 more)

======================================================================
ERROR: test_schema_accepts_typed_response_and_source_key (test_learner_state.LearnerState.test_schema_accepts_typed_response_and_source_key)
----------------------------------------------------------------------
Traceback (most recent call last):
  File "C:\CodeB\Grade9v3.5\.codex-recovery\r4-suite\tests\test_learner_state.py", line 41, in setUp
    self.assertEqual(render_core.main(["build", "--manifest", str(manifest), "--out", str(self.out)]), 0)
                     ^^^^^^^^^^^^^^^^^^^^^^^^^^^^^^^^^^^^^^^^^^^^^^^^^^^^^^^^^^^^^^^^^^^^^^^^^^^^^^^^
  File "C:\CodeB\Grade9v3.5\.codex-recovery\r4-suite\Shared\tools\render_core.py", line 3170, in main
    pages, gaps, digest, _advisories, _waived = build_report(
                                                ^^^^^^^^^^^^^
  File "C:\CodeB\Grade9v3.5\.codex-recovery\r4-suite\Shared\tools\render_core.py", line 3007, in build_report
    ctx = context(manifest_path)
          ^^^^^^^^^^^^^^^^^^^^^^
  File "C:\CodeB\Grade9v3.5\.codex-recovery\r4-suite\Shared\tools\render_core.py", line 2755, in context
    raise ValueError(f"PRODUCT_STRUCTURE_INVALID: {path}: {shown}"
ValueError: PRODUCT_STRUCTURE_INVALID: C:\Users\reall\AppData\Local\Temp\tmpeu56oioj\linear-equations.fixture.json: questions/11/answer/verification_status: 'VERIFIED_CANONICAL' is not one of ['NOT_RUN', 'CHECKED_BY_AUTHOR', 'INDEPENDENTLY_CHECKED', 'DISPUTED']; questions/11/status: 'PUBLISHED' is not one of ['DISCOVERED', 'CANDIDATE', 'REVIEWED', 'CURATED', 'DISPUTED', 'STALE', 'RETIRED']; questions/12/answer/verification_status: 'VERIFIED_CANONICAL' is not one of ['NOT_RUN', 'CHECKED_BY_AUTHOR', 'INDEPENDENTLY_CHECKED', 'DISPUTED']; questions/12/status: 'PUBLISHED' is not one of ['DISCOVERED', 'CANDIDATE', 'REVIEWED', 'CURATED', 'DISPUTED', 'STALE', 'RETIRED']; questions/13/answer/verification_status: 'VERIFIED_CANONICAL' is not one of ['NOT_RUN', 'CHECKED_BY_AUTHOR', 'INDEPENDENTLY_CHECKED', 'DISPUTED']; questions/13/status: 'PUBLISHED' is not one of ['DISCOVERED', 'CANDIDATE', 'REVIEWED', 'CURATED', 'DISPUTED', 'STALE', 'RETIRED'] (+30 more)

======================================================================
ERROR: test_compiles_inputs_that_actually_publish (test_library.Compilation.test_compiles_inputs_that_actually_publish)
----------------------------------------------------------------------
Traceback (most recent call last):
  File "C:\CodeB\Grade9v3.5\.codex-recovery\r4-suite\tests\test_library.py", line 175, in test_compiles_inputs_that_actually_publish
    result = publish(inputs / "plan.json", inputs / "baseline.json", inputs,
             ^^^^^^^^^^^^^^^^^^^^^^^^^^^^^^^^^^^^^^^^^^^^^^^^^^^^^^^^^^^^^^^
  File "C:\CodeB\Grade9v3.5\.codex-recovery\r4-suite\Shared\publication_host\host.py", line 47, in publish
    verified = build_directory(out, write)
               ^^^^^^^^^^^^^^^^^^^^^^^^^^^
  File "C:\CodeB\Grade9v3.5\.codex-recovery\r4-suite\Shared\publication_host\storage.py", line 56, in build_directory
    result = action(staging)
             ^^^^^^^^^^^^^^^
  File "C:\CodeB\Grade9v3.5\.codex-recovery\r4-suite\Shared\publication_host\host.py", line 45, in write
    return verify_publication(staging, basis, adapter)
           ^^^^^^^^^^^^^^^^^^^^^^^^^^^^^^^^^^^^^^^^^^^
  File "C:\CodeB\Grade9v3.5\.codex-recovery\r4-suite\Shared\publication_host\audit.py", line 61, in verify_publication
    require(required_files <= set(indexed), "MANIFEST_ARTIFACT_MISSING")
  File "C:\CodeB\Grade9v3.5\.codex-recovery\r4-suite\Shared\contracts.py", line 25, in require
    raise ContractError(code, detail)
Shared.contracts.ContractError: MANIFEST_ARTIFACT_MISSING

======================================================================
ERROR: test_the_basis_digest_covers_the_inputs_and_not_the_renderer (test_mathematics.EndToEnd.test_the_basis_digest_covers_the_inputs_and_not_the_renderer)
----------------------------------------------------------------------
Traceback (most recent call last):
  File "C:\CodeB\Grade9v3.5\.codex-recovery\r4-suite\tests\test_mathematics.py", line 264, in test_the_basis_digest_covers_the_inputs_and_not_the_renderer
    first, _ = self._publish(name="run-a")
               ^^^^^^^^^^^^^^^^^^^^^^^^^^^
  File "C:\CodeB\Grade9v3.5\.codex-recovery\r4-suite\tests\test_mathematics.py", line 229, in _publish
    return publish(inputs / "plan.json", inputs / "baseline.json", inputs, out,
           ^^^^^^^^^^^^^^^^^^^^^^^^^^^^^^^^^^^^^^^^^^^^^^^^^^^^^^^^^^^^^^^^^^^^
  File "C:\CodeB\Grade9v3.5\.codex-recovery\r4-suite\Shared\publication_host\host.py", line 17, in publish
    rendered, evidence = compose(ctx)
                         ^^^^^^^^^^^^
  File "C:\CodeB\Grade9v3.5\.codex-recovery\r4-suite\Shared\publication_host\compose.py", line 49, in compose
    markup, answer = _block(ctx, block, files, numeric, figures, reviews, core)
                     ^^^^^^^^^^^^^^^^^^^^^^^^^^^^^^^^^^^^^^^^^^^^^^^^^^^^^^^^^^
  File "C:\CodeB\Grade9v3.5\.codex-recovery\r4-suite\Shared\publication_host\compose.py", line 79, in _block
    body = equation_mathml(ctx, block) + '<p>' + escape(block["meaning"]) + '</p>'
           ^^^^^^^^^^^^^^^^^^^^^^^^^^^
  File "C:\CodeB\Grade9v3.5\.codex-recovery\r4-suite\Shared\publication_host\science.py", line 114, in equation_mathml
    equation_review(ctx, block)
  File "C:\CodeB\Grade9v3.5\.codex-recovery\r4-suite\Shared\publication_host\science.py", line 130, in equation_review
    require(isinstance(change, dict), "EQUATION_SOURCE_MISMATCH", block["id"])
  File "C:\CodeB\Grade9v3.5\.codex-recovery\r4-suite\Shared\contracts.py", line 25, in require
    raise ContractError(code, detail)
Shared.contracts.ContractError: EQUATION_SOURCE_MISMATCH: CORE1-REL-MATH-LINEAR-SOLUTION

======================================================================
ERROR: test_the_bucket_publishes_and_its_exact_answer_is_verified (test_mathematics.EndToEnd.test_the_bucket_publishes_and_its_exact_answer_is_verified)
----------------------------------------------------------------------
Traceback (most recent call last):
  File "C:\CodeB\Grade9v3.5\.codex-recovery\r4-suite\tests\test_mathematics.py", line 233, in test_the_bucket_publishes_and_its_exact_answer_is_verified
    result, out = self._publish()
                  ^^^^^^^^^^^^^^^
  File "C:\CodeB\Grade9v3.5\.codex-recovery\r4-suite\tests\test_mathematics.py", line 229, in _publish
    return publish(inputs / "plan.json", inputs / "baseline.json", inputs, out,
           ^^^^^^^^^^^^^^^^^^^^^^^^^^^^^^^^^^^^^^^^^^^^^^^^^^^^^^^^^^^^^^^^^^^^
  File "C:\CodeB\Grade9v3.5\.codex-recovery\r4-suite\Shared\publication_host\host.py", line 17, in publish
    rendered, evidence = compose(ctx)
                         ^^^^^^^^^^^^
  File "C:\CodeB\Grade9v3.5\.codex-recovery\r4-suite\Shared\publication_host\compose.py", line 49, in compose
    markup, answer = _block(ctx, block, files, numeric, figures, reviews, core)
                     ^^^^^^^^^^^^^^^^^^^^^^^^^^^^^^^^^^^^^^^^^^^^^^^^^^^^^^^^^^
  File "C:\CodeB\Grade9v3.5\.codex-recovery\r4-suite\Shared\publication_host\compose.py", line 79, in _block
    body = equation_mathml(ctx, block) + '<p>' + escape(block["meaning"]) + '</p>'
           ^^^^^^^^^^^^^^^^^^^^^^^^^^^
  File "C:\CodeB\Grade9v3.5\.codex-recovery\r4-suite\Shared\publication_host\science.py", line 114, in equation_mathml
    equation_review(ctx, block)
  File "C:\CodeB\Grade9v3.5\.codex-recovery\r4-suite\Shared\publication_host\science.py", line 130, in equation_review
    require(isinstance(change, dict), "EQUATION_SOURCE_MISMATCH", block["id"])
  File "C:\CodeB\Grade9v3.5\.codex-recovery\r4-suite\Shared\contracts.py", line 25, in require
    raise ContractError(code, detail)
Shared.contracts.ContractError: EQUATION_SOURCE_MISMATCH: CORE1-REL-MATH-LINEAR-SOLUTION

======================================================================
ERROR: test_the_axis_brackets_the_marks_with_integer_ticks (test_mathematics.NumberLineScene.test_the_axis_brackets_the_marks_with_integer_ticks)
----------------------------------------------------------------------
Traceback (most recent call last):
  File "C:\CodeB\Grade9v3.5\.codex-recovery\r4-suite\tests\test_mathematics.py", line 120, in test_the_axis_brackets_the_marks_with_integer_ticks
    publish(inputs / "plan.json", inputs / "baseline.json", inputs, out, load_mathematics())
  File "C:\CodeB\Grade9v3.5\.codex-recovery\r4-suite\Shared\publication_host\host.py", line 17, in publish
    rendered, evidence = compose(ctx)
                         ^^^^^^^^^^^^
  File "C:\CodeB\Grade9v3.5\.codex-recovery\r4-suite\Shared\publication_host\compose.py", line 49, in compose
    markup, answer = _block(ctx, block, files, numeric, figures, reviews, core)
                     ^^^^^^^^^^^^^^^^^^^^^^^^^^^^^^^^^^^^^^^^^^^^^^^^^^^^^^^^^^
  File "C:\CodeB\Grade9v3.5\.codex-recovery\r4-suite\Shared\publication_host\compose.py", line 79, in _block
    body = equation_mathml(ctx, block) + '<p>' + escape(block["meaning"]) + '</p>'
           ^^^^^^^^^^^^^^^^^^^^^^^^^^^
  File "C:\CodeB\Grade9v3.5\.codex-recovery\r4-suite\Shared\publication_host\science.py", line 114, in equation_mathml
    equation_review(ctx, block)
  File "C:\CodeB\Grade9v3.5\.codex-recovery\r4-suite\Shared\publication_host\science.py", line 130, in equation_review
    require(isinstance(change, dict), "EQUATION_SOURCE_MISMATCH", block["id"])
  File "C:\CodeB\Grade9v3.5\.codex-recovery\r4-suite\Shared\contracts.py", line 25, in require
    raise ContractError(code, detail)
Shared.contracts.ContractError: EQUATION_SOURCE_MISMATCH: CORE1-REL-MATH-LINEAR-SOLUTION

======================================================================
ERROR: test_the_digest_distinguishes_marks_a_tolerance_would_not (test_mathematics.NumberLineScene.test_the_digest_distinguishes_marks_a_tolerance_would_not)
----------------------------------------------------------------------
Traceback (most recent call last):
  File "C:\CodeB\Grade9v3.5\.codex-recovery\r4-suite\tests\test_mathematics.py", line 141, in test_the_digest_distinguishes_marks_a_tolerance_would_not
    publish(inputs / "plan.json", inputs / "baseline.json", inputs, out, load_mathematics())
  File "C:\CodeB\Grade9v3.5\.codex-recovery\r4-suite\Shared\publication_host\host.py", line 17, in publish
    rendered, evidence = compose(ctx)
                         ^^^^^^^^^^^^
  File "C:\CodeB\Grade9v3.5\.codex-recovery\r4-suite\Shared\publication_host\compose.py", line 49, in compose
    markup, answer = _block(ctx, block, files, numeric, figures, reviews, core)
                     ^^^^^^^^^^^^^^^^^^^^^^^^^^^^^^^^^^^^^^^^^^^^^^^^^^^^^^^^^^
  File "C:\CodeB\Grade9v3.5\.codex-recovery\r4-suite\Shared\publication_host\compose.py", line 79, in _block
    body = equation_mathml(ctx, block) + '<p>' + escape(block["meaning"]) + '</p>'
           ^^^^^^^^^^^^^^^^^^^^^^^^^^^
  File "C:\CodeB\Grade9v3.5\.codex-recovery\r4-suite\Shared\publication_host\science.py", line 114, in equation_mathml
    equation_review(ctx, block)
  File "C:\CodeB\Grade9v3.5\.codex-recovery\r4-suite\Shared\publication_host\science.py", line 130, in equation_review
    require(isinstance(change, dict), "EQUATION_SOURCE_MISMATCH", block["id"])
  File "C:\CodeB\Grade9v3.5\.codex-recovery\r4-suite\Shared\contracts.py", line 25, in require
    raise ContractError(code, detail)
Shared.contracts.ContractError: EQUATION_SOURCE_MISMATCH: CORE1-REL-MATH-LINEAR-SOLUTION

======================================================================
ERROR: test_two_marks_on_the_same_pixel_stay_separately_visible (test_mathematics.NumberLineScene.test_two_marks_on_the_same_pixel_stay_separately_visible)
----------------------------------------------------------------------
Traceback (most recent call last):
  File "C:\CodeB\Grade9v3.5\.codex-recovery\r4-suite\tests\test_mathematics.py", line 129, in test_two_marks_on_the_same_pixel_stay_separately_visible
    publish(inputs / "plan.json", inputs / "baseline.json", inputs, out, load_mathematics())
  File "C:\CodeB\Grade9v3.5\.codex-recovery\r4-suite\Shared\publication_host\host.py", line 17, in publish
    rendered, evidence = compose(ctx)
                         ^^^^^^^^^^^^
  File "C:\CodeB\Grade9v3.5\.codex-recovery\r4-suite\Shared\publication_host\compose.py", line 49, in compose
    markup, answer = _block(ctx, block, files, numeric, figures, reviews, core)
                     ^^^^^^^^^^^^^^^^^^^^^^^^^^^^^^^^^^^^^^^^^^^^^^^^^^^^^^^^^^
  File "C:\CodeB\Grade9v3.5\.codex-recovery\r4-suite\Shared\publication_host\compose.py", line 79, in _block
    body = equation_mathml(ctx, block) + '<p>' + escape(block["meaning"]) + '</p>'
           ^^^^^^^^^^^^^^^^^^^^^^^^^^^
  File "C:\CodeB\Grade9v3.5\.codex-recovery\r4-suite\Shared\publication_host\science.py", line 114, in equation_mathml
    equation_review(ctx, block)
  File "C:\CodeB\Grade9v3.5\.codex-recovery\r4-suite\Shared\publication_host\science.py", line 130, in equation_review
    require(isinstance(change, dict), "EQUATION_SOURCE_MISMATCH", block["id"])
  File "C:\CodeB\Grade9v3.5\.codex-recovery\r4-suite\Shared\contracts.py", line 25, in require
    raise ContractError(code, detail)
Shared.contracts.ContractError: EQUATION_SOURCE_MISMATCH: CORE1-REL-MATH-LINEAR-SOLUTION

======================================================================
ERROR: test_publication_renders_familiar_support_and_protects_transfer_decision (test_motion2d_canonical.Motion2DCanonicalData.test_publication_renders_familiar_support_and_protects_transfer_decision)
----------------------------------------------------------------------
Traceback (most recent call last):
  File "C:\CodeB\Grade9v3.5\.codex-recovery\r4-suite\tests\test_motion2d_canonical.py", line 285, in test_publication_renders_familiar_support_and_protects_transfer_decision
    publish(
  File "C:\CodeB\Grade9v3.5\.codex-recovery\r4-suite\Shared\publication_host\host.py", line 47, in publish
    verified = build_directory(out, write)
               ^^^^^^^^^^^^^^^^^^^^^^^^^^^
  File "C:\CodeB\Grade9v3.5\.codex-recovery\r4-suite\Shared\publication_host\storage.py", line 56, in build_directory
    result = action(staging)
             ^^^^^^^^^^^^^^^
  File "C:\CodeB\Grade9v3.5\.codex-recovery\r4-suite\Shared\publication_host\host.py", line 45, in write
    return verify_publication(staging, basis, adapter)
           ^^^^^^^^^^^^^^^^^^^^^^^^^^^^^^^^^^^^^^^^^^^
  File "C:\CodeB\Grade9v3.5\.codex-recovery\r4-suite\Shared\publication_host\audit.py", line 61, in verify_publication
    require(required_files <= set(indexed), "MANIFEST_ARTIFACT_MISSING")
  File "C:\CodeB\Grade9v3.5\.codex-recovery\r4-suite\Shared\contracts.py", line 25, in require
    raise ContractError(code, detail)
Shared.contracts.ContractError: MANIFEST_ARTIFACT_MISSING

======================================================================
ERROR: test_a_record_omitted_with_a_reason_is_no_longer_a_shortfall_and_the_reason_is_kept (test_product_coverage.Denominator.test_a_record_omitted_with_a_reason_is_no_longer_a_shortfall_and_the_reason_is_kept)
----------------------------------------------------------------------
Traceback (most recent call last):
  File "C:\CodeB\Grade9v3.5\.codex-recovery\r4-suite\tests\test_product_coverage.py", line 75, in test_a_record_omitted_with_a_reason_is_no_longer_a_shortfall_and_the_reason_is_kept
    _, gaps, _, advisories, _ = render_core.build_report(written(manifest, Path(tmp)), "PAGES", "REFERENCE")
                                ^^^^^^^^^^^^^^^^^^^^^^^^^^^^^^^^^^^^^^^^^^^^^^^^^^^^^^^^^^^^^^^^^^^^^^^^^^^^
  File "C:\CodeB\Grade9v3.5\.codex-recovery\r4-suite\Shared\tools\render_core.py", line 3007, in build_report
    ctx = context(manifest_path)
          ^^^^^^^^^^^^^^^^^^^^^^
  File "C:\CodeB\Grade9v3.5\.codex-recovery\r4-suite\Shared\tools\render_core.py", line 2755, in context
    raise ValueError(f"PRODUCT_STRUCTURE_INVALID: {path}: {shown}"
ValueError: PRODUCT_STRUCTURE_INVALID: C:\CodeB\Grade9v3.5\.codex-recovery\r4-suite\Mathematics\library\linear-equations.v1.json: questions/11/answer/verification_status: 'VERIFIED_CANONICAL' is not one of ['NOT_RUN', 'CHECKED_BY_AUTHOR', 'INDEPENDENTLY_CHECKED', 'DISPUTED']; questions/11/status: 'PUBLISHED' is not one of ['DISCOVERED', 'CANDIDATE', 'REVIEWED', 'CURATED', 'DISPUTED', 'STALE', 'RETIRED']; questions/12/answer/verification_status: 'VERIFIED_CANONICAL' is not one of ['NOT_RUN', 'CHECKED_BY_AUTHOR', 'INDEPENDENTLY_CHECKED', 'DISPUTED']; questions/12/status: 'PUBLISHED' is not one of ['DISCOVERED', 'CANDIDATE', 'REVIEWED', 'CURATED', 'DISPUTED', 'STALE', 'RETIRED']; questions/13/answer/verification_status: 'VERIFIED_CANONICAL' is not one of ['NOT_RUN', 'CHECKED_BY_AUTHOR', 'INDEPENDENTLY_CHECKED', 'DISPUTED']; questions/13/status: 'PUBLISHED' is not one of ['DISCOVERED', 'CANDIDATE', 'REVIEWED', 'CURATED', 'DISPUTED', 'STALE', 'RETIRED'] (+30 more)

======================================================================
ERROR: test_a_shortfall_is_an_advisory_for_an_official_product_and_a_gap_for_new_authoring (test_product_coverage.Denominator.test_a_shortfall_is_an_advisory_for_an_official_product_and_a_gap_for_new_authoring)
----------------------------------------------------------------------
Traceback (most recent call last):
  File "C:\CodeB\Grade9v3.5\.codex-recovery\r4-suite\tests\test_product_coverage.py", line 54, in test_a_shortfall_is_an_advisory_for_an_official_product_and_a_gap_for_new_authoring
    _, gaps, _, advisories, _ = render_core.build_report(LINEAR, "PAGES", "FLOOR")
                                ^^^^^^^^^^^^^^^^^^^^^^^^^^^^^^^^^^^^^^^^^^^^^^^^^^
  File "C:\CodeB\Grade9v3.5\.codex-recovery\r4-suite\Shared\tools\render_core.py", line 3007, in build_report
    ctx = context(manifest_path)
          ^^^^^^^^^^^^^^^^^^^^^^
  File "C:\CodeB\Grade9v3.5\.codex-recovery\r4-suite\Shared\tools\render_core.py", line 2755, in context
    raise ValueError(f"PRODUCT_STRUCTURE_INVALID: {path}: {shown}"
ValueError: PRODUCT_STRUCTURE_INVALID: C:\CodeB\Grade9v3.5\.codex-recovery\r4-suite\Mathematics\library\linear-equations.v1.json: questions/11/answer/verification_status: 'VERIFIED_CANONICAL' is not one of ['NOT_RUN', 'CHECKED_BY_AUTHOR', 'INDEPENDENTLY_CHECKED', 'DISPUTED']; questions/11/status: 'PUBLISHED' is not one of ['DISCOVERED', 'CANDIDATE', 'REVIEWED', 'CURATED', 'DISPUTED', 'STALE', 'RETIRED']; questions/12/answer/verification_status: 'VERIFIED_CANONICAL' is not one of ['NOT_RUN', 'CHECKED_BY_AUTHOR', 'INDEPENDENTLY_CHECKED', 'DISPUTED']; questions/12/status: 'PUBLISHED' is not one of ['DISCOVERED', 'CANDIDATE', 'REVIEWED', 'CURATED', 'DISPUTED', 'STALE', 'RETIRED']; questions/13/answer/verification_status: 'VERIFIED_CANONICAL' is not one of ['NOT_RUN', 'CHECKED_BY_AUTHOR', 'INDEPENDENTLY_CHECKED', 'DISPUTED']; questions/13/status: 'PUBLISHED' is not one of ['DISCOVERED', 'CANDIDATE', 'REVIEWED', 'CURATED', 'DISPUTED', 'STALE', 'RETIRED'] (+30 more)

======================================================================
ERROR: test_every_committed_run_verifies_against_its_own_runtime (test_publication_engine.CommittedPublications.test_every_committed_run_verifies_against_its_own_runtime) (publication='Physics\\content\\relative-motion-g9\\publication')
----------------------------------------------------------------------
Traceback (most recent call last):
  File "C:\CodeB\Grade9v3.5\.codex-recovery\r4-suite\tests\test_publication_engine.py", line 84, in test_every_committed_run_verifies_against_its_own_runtime
    self.assertEqual(verify(publication)["status"], "PASS")
                     ^^^^^^^^^^^^^^^^^^^
  File "C:\CodeB\Grade9v3.5\.codex-recovery\r4-suite\Shared\tools\republish.py", line 58, in verify
    result = verify_publication(publication, basis, adapter_for(publication, repo))
             ^^^^^^^^^^^^^^^^^^^^^^^^^^^^^^^^^^^^^^^^^^^^^^^^^^^^^^^^^^^^^^^^^^^^^^
  File "C:\CodeB\Grade9v3.5\.codex-recovery\r4-suite\Shared\publication_host\audit.py", line 52, in verify_publication
    require(manifest.get("runtime_digest") == digest(runtime), "PUBLICATION_RUNTIME_STALE")
  File "C:\CodeB\Grade9v3.5\.codex-recovery\r4-suite\Shared\contracts.py", line 25, in require
    raise ContractError(code, detail)
Shared.contracts.ContractError: PUBLICATION_RUNTIME_STALE

======================================================================
ERROR: test_every_committed_run_verifies_against_its_own_runtime (test_publication_engine.CommittedPublications.test_every_committed_run_verifies_against_its_own_runtime) (publication='Physics\\content\\relative-motion-library\\publication')
----------------------------------------------------------------------
Traceback (most recent call last):
  File "C:\CodeB\Grade9v3.5\.codex-recovery\r4-suite\tests\test_publication_engine.py", line 84, in test_every_committed_run_verifies_against_its_own_runtime
    self.assertEqual(verify(publication)["status"], "PASS")
                     ^^^^^^^^^^^^^^^^^^^
  File "C:\CodeB\Grade9v3.5\.codex-recovery\r4-suite\Shared\tools\republish.py", line 58, in verify
    result = verify_publication(publication, basis, adapter_for(publication, repo))
             ^^^^^^^^^^^^^^^^^^^^^^^^^^^^^^^^^^^^^^^^^^^^^^^^^^^^^^^^^^^^^^^^^^^^^^
  File "C:\CodeB\Grade9v3.5\.codex-recovery\r4-suite\Shared\publication_host\audit.py", line 52, in verify_publication
    require(manifest.get("runtime_digest") == digest(runtime), "PUBLICATION_RUNTIME_STALE")
  File "C:\CodeB\Grade9v3.5\.codex-recovery\r4-suite\Shared\contracts.py", line 25, in require
    raise ContractError(code, detail)
Shared.contracts.ContractError: PUBLICATION_RUNTIME_STALE

======================================================================
ERROR: test_regeneration_reports_the_change_when_it_is_asked_for (test_publication_engine.CommittedPublications.test_regeneration_reports_the_change_when_it_is_asked_for)
----------------------------------------------------------------------
Traceback (most recent call last):
  File "C:\CodeB\Grade9v3.5\.codex-recovery\r4-suite\tests\test_publication_engine.py", line 110, in test_regeneration_reports_the_change_when_it_is_asked_for
    report = regenerate(publication, accept_output_change=True, repo=root)
             ^^^^^^^^^^^^^^^^^^^^^^^^^^^^^^^^^^^^^^^^^^^^^^^^^^^^^^^^^^^^^
  File "C:\CodeB\Grade9v3.5\.codex-recovery\r4-suite\Shared\tools\republish.py", line 68, in regenerate
    result = publish(inputs / "plan.json", inputs / "baseline.json", inputs, fresh,
             ^^^^^^^^^^^^^^^^^^^^^^^^^^^^^^^^^^^^^^^^^^^^^^^^^^^^^^^^^^^^^^^^^^^^^^
  File "C:\CodeB\Grade9v3.5\.codex-recovery\r4-suite\Shared\publication_host\host.py", line 47, in publish
    verified = build_directory(out, write)
               ^^^^^^^^^^^^^^^^^^^^^^^^^^^
  File "C:\CodeB\Grade9v3.5\.codex-recovery\r4-suite\Shared\publication_host\storage.py", line 56, in build_directory
    result = action(staging)
             ^^^^^^^^^^^^^^^
  File "C:\CodeB\Grade9v3.5\.codex-recovery\r4-suite\Shared\publication_host\host.py", line 45, in write
    return verify_publication(staging, basis, adapter)
           ^^^^^^^^^^^^^^^^^^^^^^^^^^^^^^^^^^^^^^^^^^^
  File "C:\CodeB\Grade9v3.5\.codex-recovery\r4-suite\Shared\publication_host\audit.py", line 61, in verify_publication
    require(required_files <= set(indexed), "MANIFEST_ARTIFACT_MISSING")
  File "C:\CodeB\Grade9v3.5\.codex-recovery\r4-suite\Shared\contracts.py", line 25, in require
    raise ContractError(code, detail)
Shared.contracts.ContractError: MANIFEST_ARTIFACT_MISSING

======================================================================
ERROR: setUpClass (test_publication_engine.ElicitedRevealIsClosedAndOrdered)
----------------------------------------------------------------------
Traceback (most recent call last):
  File "C:\CodeB\Grade9v3.5\.codex-recovery\r4-suite\tests\test_publication_engine.py", line 245, in setUpClass
    publish(root / "inputs/plan.json", root / "inputs/baseline.json", root / "inputs",
  File "C:\CodeB\Grade9v3.5\.codex-recovery\r4-suite\Shared\publication_host\host.py", line 17, in publish
    rendered, evidence = compose(ctx)
                         ^^^^^^^^^^^^
  File "C:\CodeB\Grade9v3.5\.codex-recovery\r4-suite\Shared\publication_host\compose.py", line 49, in compose
    markup, answer = _block(ctx, block, files, numeric, figures, reviews, core)
                     ^^^^^^^^^^^^^^^^^^^^^^^^^^^^^^^^^^^^^^^^^^^^^^^^^^^^^^^^^^
  File "C:\CodeB\Grade9v3.5\.codex-recovery\r4-suite\Shared\publication_host\compose.py", line 79, in _block
    body = equation_mathml(ctx, block) + '<p>' + escape(block["meaning"]) + '</p>'
           ^^^^^^^^^^^^^^^^^^^^^^^^^^^
  File "C:\CodeB\Grade9v3.5\.codex-recovery\r4-suite\Shared\publication_host\science.py", line 114, in equation_mathml
    equation_review(ctx, block)
  File "C:\CodeB\Grade9v3.5\.codex-recovery\r4-suite\Shared\publication_host\science.py", line 130, in equation_review
    require(isinstance(change, dict), "EQUATION_SOURCE_MISMATCH", block["id"])
  File "C:\CodeB\Grade9v3.5\.codex-recovery\r4-suite\Shared\contracts.py", line 25, in require
    raise ContractError(code, detail)
Shared.contracts.ContractError: EQUATION_SOURCE_MISMATCH: CORE1-REL-MATH-LINEAR-SOLUTION

======================================================================
ERROR: test_composed_products_match_the_committed_publication_byte_for_byte (test_publication_engine.PortRegression.test_composed_products_match_the_committed_publication_byte_for_byte)
----------------------------------------------------------------------
Traceback (most recent call last):
  File "C:\CodeB\Grade9v3.5\.codex-recovery\r4-suite\tests\test_publication_engine.py", line 60, in test_composed_products_match_the_committed_publication_byte_for_byte
    publish(RUN / "inputs/plan.json", RUN / "inputs/baseline.json",
  File "C:\CodeB\Grade9v3.5\.codex-recovery\r4-suite\Shared\publication_host\host.py", line 47, in publish
    verified = build_directory(out, write)
               ^^^^^^^^^^^^^^^^^^^^^^^^^^^
  File "C:\CodeB\Grade9v3.5\.codex-recovery\r4-suite\Shared\publication_host\storage.py", line 56, in build_directory
    result = action(staging)
             ^^^^^^^^^^^^^^^
  File "C:\CodeB\Grade9v3.5\.codex-recovery\r4-suite\Shared\publication_host\host.py", line 45, in write
    return verify_publication(staging, basis, adapter)
           ^^^^^^^^^^^^^^^^^^^^^^^^^^^^^^^^^^^^^^^^^^^
  File "C:\CodeB\Grade9v3.5\.codex-recovery\r4-suite\Shared\publication_host\audit.py", line 61, in verify_publication
    require(required_files <= set(indexed), "MANIFEST_ARTIFACT_MISSING")
  File "C:\CodeB\Grade9v3.5\.codex-recovery\r4-suite\Shared\contracts.py", line 25, in require
    raise ContractError(code, detail)
Shared.contracts.ContractError: MANIFEST_ARTIFACT_MISSING

======================================================================
ERROR: test_publishes_with_the_basis_digest_recorded_before_the_port (test_publication_engine.PortRegression.test_publishes_with_the_basis_digest_recorded_before_the_port)
----------------------------------------------------------------------
Traceback (most recent call last):
  File "C:\CodeB\Grade9v3.5\.codex-recovery\r4-suite\tests\test_publication_engine.py", line 49, in test_publishes_with_the_basis_digest_recorded_before_the_port
    result = publish(RUN / "inputs/plan.json", RUN / "inputs/baseline.json",
             ^^^^^^^^^^^^^^^^^^^^^^^^^^^^^^^^^^^^^^^^^^^^^^^^^^^^^^^^^^^^^^^
  File "C:\CodeB\Grade9v3.5\.codex-recovery\r4-suite\Shared\publication_host\host.py", line 47, in publish
    verified = build_directory(out, write)
               ^^^^^^^^^^^^^^^^^^^^^^^^^^^
  File "C:\CodeB\Grade9v3.5\.codex-recovery\r4-suite\Shared\publication_host\storage.py", line 56, in build_directory
    result = action(staging)
             ^^^^^^^^^^^^^^^
  File "C:\CodeB\Grade9v3.5\.codex-recovery\r4-suite\Shared\publication_host\host.py", line 45, in write
    return verify_publication(staging, basis, adapter)
           ^^^^^^^^^^^^^^^^^^^^^^^^^^^^^^^^^^^^^^^^^^^
  File "C:\CodeB\Grade9v3.5\.codex-recovery\r4-suite\Shared\publication_host\audit.py", line 61, in verify_publication
    require(required_files <= set(indexed), "MANIFEST_ARTIFACT_MISSING")
  File "C:\CodeB\Grade9v3.5\.codex-recovery\r4-suite\Shared\contracts.py", line 25, in require
    raise ContractError(code, detail)
Shared.contracts.ContractError: MANIFEST_ARTIFACT_MISSING

======================================================================
ERROR: test_the_committed_scene_instance_renders_in_a_publication (test_publication_engine.VectorSubtractionIsAConstruction.test_the_committed_scene_instance_renders_in_a_publication)
----------------------------------------------------------------------
Traceback (most recent call last):
  File "C:\CodeB\Grade9v3.5\.codex-recovery\r4-suite\tests\test_publication_engine.py", line 444, in test_the_committed_scene_instance_renders_in_a_publication
    publish(root / "inputs/plan.json", root / "inputs/baseline.json", root / "inputs",
  File "C:\CodeB\Grade9v3.5\.codex-recovery\r4-suite\Shared\publication_host\host.py", line 47, in publish
    verified = build_directory(out, write)
               ^^^^^^^^^^^^^^^^^^^^^^^^^^^
  File "C:\CodeB\Grade9v3.5\.codex-recovery\r4-suite\Shared\publication_host\storage.py", line 56, in build_directory
    result = action(staging)
             ^^^^^^^^^^^^^^^
  File "C:\CodeB\Grade9v3.5\.codex-recovery\r4-suite\Shared\publication_host\host.py", line 45, in write
    return verify_publication(staging, basis, adapter)
           ^^^^^^^^^^^^^^^^^^^^^^^^^^^^^^^^^^^^^^^^^^^
  File "C:\CodeB\Grade9v3.5\.codex-recovery\r4-suite\Shared\publication_host\audit.py", line 61, in verify_publication
    require(required_files <= set(indexed), "MANIFEST_ARTIFACT_MISSING")
  File "C:\CodeB\Grade9v3.5\.codex-recovery\r4-suite\Shared\contracts.py", line 25, in require
    raise ContractError(code, detail)
Shared.contracts.ContractError: MANIFEST_ARTIFACT_MISSING

======================================================================
ERROR: test_a_pre_attempt_figure_captioned_with_its_purpose_fails (test_quality_gate.Gate.test_a_pre_attempt_figure_captioned_with_its_purpose_fails)
----------------------------------------------------------------------
Traceback (most recent call last):
  File "C:\CodeB\Grade9v3.5\.codex-recovery\r4-suite\tests\test_quality_gate.py", line 211, in test_a_pre_attempt_figure_captioned_with_its_purpose_fails
    out = self.build(complete_fixture(self.tmp))
          ^^^^^^^^^^^^^^^^^^^^^^^^^^^^^^^^^^^^^^
  File "C:\CodeB\Grade9v3.5\.codex-recovery\r4-suite\tests\test_quality_gate.py", line 100, in build
    self.assertEqual(render_core.main(args), 0)
                     ^^^^^^^^^^^^^^^^^^^^^^
  File "C:\CodeB\Grade9v3.5\.codex-recovery\r4-suite\Shared\tools\render_core.py", line 3170, in main
    pages, gaps, digest, _advisories, _waived = build_report(
                                                ^^^^^^^^^^^^^
  File "C:\CodeB\Grade9v3.5\.codex-recovery\r4-suite\Shared\tools\render_core.py", line 3007, in build_report
    ctx = context(manifest_path)
          ^^^^^^^^^^^^^^^^^^^^^^
  File "C:\CodeB\Grade9v3.5\.codex-recovery\r4-suite\Shared\tools\render_core.py", line 2755, in context
    raise ValueError(f"PRODUCT_STRUCTURE_INVALID: {path}: {shown}"
ValueError: PRODUCT_STRUCTURE_INVALID: C:\Users\reall\AppData\Local\Temp\tmpjxh1en2m\linear-equations.fixture.json: questions/11/answer/verification_status: 'VERIFIED_CANONICAL' is not one of ['NOT_RUN', 'CHECKED_BY_AUTHOR', 'INDEPENDENTLY_CHECKED', 'DISPUTED']; questions/11/status: 'PUBLISHED' is not one of ['DISCOVERED', 'CANDIDATE', 'REVIEWED', 'CURATED', 'DISPUTED', 'STALE', 'RETIRED']; questions/12/answer/verification_status: 'VERIFIED_CANONICAL' is not one of ['NOT_RUN', 'CHECKED_BY_AUTHOR', 'INDEPENDENTLY_CHECKED', 'DISPUTED']; questions/12/status: 'PUBLISHED' is not one of ['DISCOVERED', 'CANDIDATE', 'REVIEWED', 'CURATED', 'DISPUTED', 'STALE', 'RETIRED']; questions/13/answer/verification_status: 'VERIFIED_CANONICAL' is not one of ['NOT_RUN', 'CHECKED_BY_AUTHOR', 'INDEPENDENTLY_CHECKED', 'DISPUTED']; questions/13/status: 'PUBLISHED' is not one of ['DISCOVERED', 'CANDIDATE', 'REVIEWED', 'CURATED', 'DISPUTED', 'STALE', 'RETIRED'] (+30 more)

======================================================================
ERROR: test_a_pre_attempt_figure_that_only_hides_later_stages_fails (test_quality_gate.Gate.test_a_pre_attempt_figure_that_only_hides_later_stages_fails)
----------------------------------------------------------------------
Traceback (most recent call last):
  File "C:\CodeB\Grade9v3.5\.codex-recovery\r4-suite\tests\test_quality_gate.py", line 171, in test_a_pre_attempt_figure_that_only_hides_later_stages_fails
    out = self.build(complete_fixture(self.tmp))
          ^^^^^^^^^^^^^^^^^^^^^^^^^^^^^^^^^^^^^^
  File "C:\CodeB\Grade9v3.5\.codex-recovery\r4-suite\tests\test_quality_gate.py", line 100, in build
    self.assertEqual(render_core.main(args), 0)
                     ^^^^^^^^^^^^^^^^^^^^^^
  File "C:\CodeB\Grade9v3.5\.codex-recovery\r4-suite\Shared\tools\render_core.py", line 3170, in main
    pages, gaps, digest, _advisories, _waived = build_report(
                                                ^^^^^^^^^^^^^
  File "C:\CodeB\Grade9v3.5\.codex-recovery\r4-suite\Shared\tools\render_core.py", line 3007, in build_report
    ctx = context(manifest_path)
          ^^^^^^^^^^^^^^^^^^^^^^
  File "C:\CodeB\Grade9v3.5\.codex-recovery\r4-suite\Shared\tools\render_core.py", line 2755, in context
    raise ValueError(f"PRODUCT_STRUCTURE_INVALID: {path}: {shown}"
ValueError: PRODUCT_STRUCTURE_INVALID: C:\Users\reall\AppData\Local\Temp\tmpoumirwpe\linear-equations.fixture.json: questions/11/answer/verification_status: 'VERIFIED_CANONICAL' is not one of ['NOT_RUN', 'CHECKED_BY_AUTHOR', 'INDEPENDENTLY_CHECKED', 'DISPUTED']; questions/11/status: 'PUBLISHED' is not one of ['DISCOVERED', 'CANDIDATE', 'REVIEWED', 'CURATED', 'DISPUTED', 'STALE', 'RETIRED']; questions/12/answer/verification_status: 'VERIFIED_CANONICAL' is not one of ['NOT_RUN', 'CHECKED_BY_AUTHOR', 'INDEPENDENTLY_CHECKED', 'DISPUTED']; questions/12/status: 'PUBLISHED' is not one of ['DISCOVERED', 'CANDIDATE', 'REVIEWED', 'CURATED', 'DISPUTED', 'STALE', 'RETIRED']; questions/13/answer/verification_status: 'VERIFIED_CANONICAL' is not one of ['NOT_RUN', 'CHECKED_BY_AUTHOR', 'INDEPENDENTLY_CHECKED', 'DISPUTED']; questions/13/status: 'PUBLISHED' is not one of ['DISCOVERED', 'CANDIDATE', 'REVIEWED', 'CURATED', 'DISPUTED', 'STALE', 'RETIRED'] (+30 more)

======================================================================
ERROR: test_a_report_cannot_claim_pass_with_findings (test_quality_gate.Gate.test_a_report_cannot_claim_pass_with_findings)
----------------------------------------------------------------------
Traceback (most recent call last):
  File "C:\CodeB\Grade9v3.5\.codex-recovery\r4-suite\tests\test_quality_gate.py", line 262, in test_a_report_cannot_claim_pass_with_findings
    report = quality_gate.gate(self.build(complete_fixture(self.tmp)), "Mathematics", "FIXTURE-MATH-LINEAR", static=True)
                               ^^^^^^^^^^^^^^^^^^^^^^^^^^^^^^^^^^^^^^
  File "C:\CodeB\Grade9v3.5\.codex-recovery\r4-suite\tests\test_quality_gate.py", line 100, in build
    self.assertEqual(render_core.main(args), 0)
                     ^^^^^^^^^^^^^^^^^^^^^^
  File "C:\CodeB\Grade9v3.5\.codex-recovery\r4-suite\Shared\tools\render_core.py", line 3170, in main
    pages, gaps, digest, _advisories, _waived = build_report(
                                                ^^^^^^^^^^^^^
  File "C:\CodeB\Grade9v3.5\.codex-recovery\r4-suite\Shared\tools\render_core.py", line 3007, in build_report
    ctx = context(manifest_path)
          ^^^^^^^^^^^^^^^^^^^^^^
  File "C:\CodeB\Grade9v3.5\.codex-recovery\r4-suite\Shared\tools\render_core.py", line 2755, in context
    raise ValueError(f"PRODUCT_STRUCTURE_INVALID: {path}: {shown}"
ValueError: PRODUCT_STRUCTURE_INVALID: C:\Users\reall\AppData\Local\Temp\tmp_cf618ww\linear-equations.fixture.json: questions/11/answer/verification_status: 'VERIFIED_CANONICAL' is not one of ['NOT_RUN', 'CHECKED_BY_AUTHOR', 'INDEPENDENTLY_CHECKED', 'DISPUTED']; questions/11/status: 'PUBLISHED' is not one of ['DISCOVERED', 'CANDIDATE', 'REVIEWED', 'CURATED', 'DISPUTED', 'STALE', 'RETIRED']; questions/12/answer/verification_status: 'VERIFIED_CANONICAL' is not one of ['NOT_RUN', 'CHECKED_BY_AUTHOR', 'INDEPENDENTLY_CHECKED', 'DISPUTED']; questions/12/status: 'PUBLISHED' is not one of ['DISCOVERED', 'CANDIDATE', 'REVIEWED', 'CURATED', 'DISPUTED', 'STALE', 'RETIRED']; questions/13/answer/verification_status: 'VERIFIED_CANONICAL' is not one of ['NOT_RUN', 'CHECKED_BY_AUTHOR', 'INDEPENDENTLY_CHECKED', 'DISPUTED']; questions/13/status: 'PUBLISHED' is not one of ['DISCOVERED', 'CANDIDATE', 'REVIEWED', 'CURATED', 'DISPUTED', 'STALE', 'RETIRED'] (+30 more)

======================================================================
ERROR: test_complete_product_passes_and_the_report_is_valid (test_quality_gate.Gate.test_complete_product_passes_and_the_report_is_valid)
----------------------------------------------------------------------
Traceback (most recent call last):
  File "C:\CodeB\Grade9v3.5\.codex-recovery\r4-suite\tests\test_quality_gate.py", line 109, in test_complete_product_passes_and_the_report_is_valid
    out = self.build(complete_fixture(self.tmp))
          ^^^^^^^^^^^^^^^^^^^^^^^^^^^^^^^^^^^^^^
  File "C:\CodeB\Grade9v3.5\.codex-recovery\r4-suite\tests\test_quality_gate.py", line 100, in build
    self.assertEqual(render_core.main(args), 0)
                     ^^^^^^^^^^^^^^^^^^^^^^
  File "C:\CodeB\Grade9v3.5\.codex-recovery\r4-suite\Shared\tools\render_core.py", line 3170, in main
    pages, gaps, digest, _advisories, _waived = build_report(
                                                ^^^^^^^^^^^^^
  File "C:\CodeB\Grade9v3.5\.codex-recovery\r4-suite\Shared\tools\render_core.py", line 3007, in build_report
    ctx = context(manifest_path)
          ^^^^^^^^^^^^^^^^^^^^^^
  File "C:\CodeB\Grade9v3.5\.codex-recovery\r4-suite\Shared\tools\render_core.py", line 2755, in context
    raise ValueError(f"PRODUCT_STRUCTURE_INVALID: {path}: {shown}"
ValueError: PRODUCT_STRUCTURE_INVALID: C:\Users\reall\AppData\Local\Temp\tmp30uf1zan\linear-equations.fixture.json: questions/11/answer/verification_status: 'VERIFIED_CANONICAL' is not one of ['NOT_RUN', 'CHECKED_BY_AUTHOR', 'INDEPENDENTLY_CHECKED', 'DISPUTED']; questions/11/status: 'PUBLISHED' is not one of ['DISCOVERED', 'CANDIDATE', 'REVIEWED', 'CURATED', 'DISPUTED', 'STALE', 'RETIRED']; questions/12/answer/verification_status: 'VERIFIED_CANONICAL' is not one of ['NOT_RUN', 'CHECKED_BY_AUTHOR', 'INDEPENDENTLY_CHECKED', 'DISPUTED']; questions/12/status: 'PUBLISHED' is not one of ['DISCOVERED', 'CANDIDATE', 'REVIEWED', 'CURATED', 'DISPUTED', 'STALE', 'RETIRED']; questions/13/answer/verification_status: 'VERIFIED_CANONICAL' is not one of ['NOT_RUN', 'CHECKED_BY_AUTHOR', 'INDEPENDENTLY_CHECKED', 'DISPUTED']; questions/13/status: 'PUBLISHED' is not one of ['DISCOVERED', 'CANDIDATE', 'REVIEWED', 'CURATED', 'DISPUTED', 'STALE', 'RETIRED'] (+30 more)

======================================================================
ERROR: test_complete_records_render_without_gaps (test_quality_gate.Gate.test_complete_records_render_without_gaps)
----------------------------------------------------------------------
Traceback (most recent call last):
  File "C:\CodeB\Grade9v3.5\.codex-recovery\r4-suite\tests\test_quality_gate.py", line 104, in test_complete_records_render_without_gaps
    _, gaps, _ = render_core.build(complete_fixture(self.tmp))
                 ^^^^^^^^^^^^^^^^^^^^^^^^^^^^^^^^^^^^^^^^^^^^^
  File "C:\CodeB\Grade9v3.5\.codex-recovery\r4-suite\Shared\tools\render_core.py", line 2984, in build
    pages, gaps, digest, _advisories, _waived = build_report(manifest_path, mode)
                                                ^^^^^^^^^^^^^^^^^^^^^^^^^^^^^^^^^
  File "C:\CodeB\Grade9v3.5\.codex-recovery\r4-suite\Shared\tools\render_core.py", line 3007, in build_report
    ctx = context(manifest_path)
          ^^^^^^^^^^^^^^^^^^^^^^
  File "C:\CodeB\Grade9v3.5\.codex-recovery\r4-suite\Shared\tools\render_core.py", line 2755, in context
    raise ValueError(f"PRODUCT_STRUCTURE_INVALID: {path}: {shown}"
ValueError: PRODUCT_STRUCTURE_INVALID: C:\Users\reall\AppData\Local\Temp\tmp_2_97fqf\linear-equations.fixture.json: questions/11/answer/verification_status: 'VERIFIED_CANONICAL' is not one of ['NOT_RUN', 'CHECKED_BY_AUTHOR', 'INDEPENDENTLY_CHECKED', 'DISPUTED']; questions/11/status: 'PUBLISHED' is not one of ['DISCOVERED', 'CANDIDATE', 'REVIEWED', 'CURATED', 'DISPUTED', 'STALE', 'RETIRED']; questions/12/answer/verification_status: 'VERIFIED_CANONICAL' is not one of ['NOT_RUN', 'CHECKED_BY_AUTHOR', 'INDEPENDENTLY_CHECKED', 'DISPUTED']; questions/12/status: 'PUBLISHED' is not one of ['DISCOVERED', 'CANDIDATE', 'REVIEWED', 'CURATED', 'DISPUTED', 'STALE', 'RETIRED']; questions/13/answer/verification_status: 'VERIFIED_CANONICAL' is not one of ['NOT_RUN', 'CHECKED_BY_AUTHOR', 'INDEPENDENTLY_CHECKED', 'DISPUTED']; questions/13/status: 'PUBLISHED' is not one of ['DISCOVERED', 'CANDIDATE', 'REVIEWED', 'CURATED', 'DISPUTED', 'STALE', 'RETIRED'] (+30 more)

======================================================================
ERROR: test_core1_mounts_the_compact_anchor_figure (test_quality_gate.Gate.test_core1_mounts_the_compact_anchor_figure)
----------------------------------------------------------------------
Traceback (most recent call last):
  File "C:\CodeB\Grade9v3.5\.codex-recovery\r4-suite\tests\test_quality_gate.py", line 207, in test_core1_mounts_the_compact_anchor_figure
    html = (self.build(manifest) / "core1.html").read_text(encoding="utf-8")
            ^^^^^^^^^^^^^^^^^^^^
  File "C:\CodeB\Grade9v3.5\.codex-recovery\r4-suite\tests\test_quality_gate.py", line 100, in build
    self.assertEqual(render_core.main(args), 0)
                     ^^^^^^^^^^^^^^^^^^^^^^
  File "C:\CodeB\Grade9v3.5\.codex-recovery\r4-suite\Shared\tools\render_core.py", line 3170, in main
    pages, gaps, digest, _advisories, _waived = build_report(
                                                ^^^^^^^^^^^^^
  File "C:\CodeB\Grade9v3.5\.codex-recovery\r4-suite\Shared\tools\render_core.py", line 3007, in build_report
    ctx = context(manifest_path)
          ^^^^^^^^^^^^^^^^^^^^^^
  File "C:\CodeB\Grade9v3.5\.codex-recovery\r4-suite\Shared\tools\render_core.py", line 2755, in context
    raise ValueError(f"PRODUCT_STRUCTURE_INVALID: {path}: {shown}"
ValueError: PRODUCT_STRUCTURE_INVALID: C:\Users\reall\AppData\Local\Temp\tmpx58qleb0\linear-equations.fixture.json: questions/11/answer/verification_status: 'VERIFIED_CANONICAL' is not one of ['NOT_RUN', 'CHECKED_BY_AUTHOR', 'INDEPENDENTLY_CHECKED', 'DISPUTED']; questions/11/status: 'PUBLISHED' is not one of ['DISCOVERED', 'CANDIDATE', 'REVIEWED', 'CURATED', 'DISPUTED', 'STALE', 'RETIRED']; questions/12/answer/verification_status: 'VERIFIED_CANONICAL' is not one of ['NOT_RUN', 'CHECKED_BY_AUTHOR', 'INDEPENDENTLY_CHECKED', 'DISPUTED']; questions/12/status: 'PUBLISHED' is not one of ['DISCOVERED', 'CANDIDATE', 'REVIEWED', 'CURATED', 'DISPUTED', 'STALE', 'RETIRED']; questions/13/answer/verification_status: 'VERIFIED_CANONICAL' is not one of ['NOT_RUN', 'CHECKED_BY_AUTHOR', 'INDEPENDENTLY_CHECKED', 'DISPUTED']; questions/13/status: 'PUBLISHED' is not one of ['DISCOVERED', 'CANDIDATE', 'REVIEWED', 'CURATED', 'DISPUTED', 'STALE', 'RETIRED'] (+30 more)

======================================================================
ERROR: test_core1b_mounts_its_own_task_figure (test_quality_gate.Gate.test_core1b_mounts_its_own_task_figure)
----------------------------------------------------------------------
Traceback (most recent call last):
  File "C:\CodeB\Grade9v3.5\.codex-recovery\r4-suite\tests\test_quality_gate.py", line 192, in test_core1b_mounts_its_own_task_figure
    html = (self.build(manifest) / "core1b.html").read_text(encoding="utf-8")
            ^^^^^^^^^^^^^^^^^^^^
  File "C:\CodeB\Grade9v3.5\.codex-recovery\r4-suite\tests\test_quality_gate.py", line 100, in build
    self.assertEqual(render_core.main(args), 0)
                     ^^^^^^^^^^^^^^^^^^^^^^
  File "C:\CodeB\Grade9v3.5\.codex-recovery\r4-suite\Shared\tools\render_core.py", line 3170, in main
    pages, gaps, digest, _advisories, _waived = build_report(
                                                ^^^^^^^^^^^^^
  File "C:\CodeB\Grade9v3.5\.codex-recovery\r4-suite\Shared\tools\render_core.py", line 3007, in build_report
    ctx = context(manifest_path)
          ^^^^^^^^^^^^^^^^^^^^^^
  File "C:\CodeB\Grade9v3.5\.codex-recovery\r4-suite\Shared\tools\render_core.py", line 2755, in context
    raise ValueError(f"PRODUCT_STRUCTURE_INVALID: {path}: {shown}"
ValueError: PRODUCT_STRUCTURE_INVALID: C:\Users\reall\AppData\Local\Temp\tmpzf85dhbv\linear-equations.fixture.json: questions/11/answer/verification_status: 'VERIFIED_CANONICAL' is not one of ['NOT_RUN', 'CHECKED_BY_AUTHOR', 'INDEPENDENTLY_CHECKED', 'DISPUTED']; questions/11/status: 'PUBLISHED' is not one of ['DISCOVERED', 'CANDIDATE', 'REVIEWED', 'CURATED', 'DISPUTED', 'STALE', 'RETIRED']; questions/12/answer/verification_status: 'VERIFIED_CANONICAL' is not one of ['NOT_RUN', 'CHECKED_BY_AUTHOR', 'INDEPENDENTLY_CHECKED', 'DISPUTED']; questions/12/status: 'PUBLISHED' is not one of ['DISCOVERED', 'CANDIDATE', 'REVIEWED', 'CURATED', 'DISPUTED', 'STALE', 'RETIRED']; questions/13/answer/verification_status: 'VERIFIED_CANONICAL' is not one of ['NOT_RUN', 'CHECKED_BY_AUTHOR', 'INDEPENDENTLY_CHECKED', 'DISPUTED']; questions/13/status: 'PUBLISHED' is not one of ['DISCOVERED', 'CANDIDATE', 'REVIEWED', 'CURATED', 'DISPUTED', 'STALE', 'RETIRED'] (+30 more)

======================================================================
ERROR: test_every_owner_input_must_resolve_to_a_rendered_unit (test_quality_gate.Gate.test_every_owner_input_must_resolve_to_a_rendered_unit)
----------------------------------------------------------------------
Traceback (most recent call last):
  File "C:\CodeB\Grade9v3.5\.codex-recovery\r4-suite\tests\test_quality_gate.py", line 243, in test_every_owner_input_must_resolve_to_a_rendered_unit
    report = quality_gate.gate(self.build(manifest), "Mathematics", "FIXTURE-MATH-LINEAR", static=True)
                               ^^^^^^^^^^^^^^^^^^^^
  File "C:\CodeB\Grade9v3.5\.codex-recovery\r4-suite\tests\test_quality_gate.py", line 100, in build
    self.assertEqual(render_core.main(args), 0)
                     ^^^^^^^^^^^^^^^^^^^^^^
  File "C:\CodeB\Grade9v3.5\.codex-recovery\r4-suite\Shared\tools\render_core.py", line 3170, in main
    pages, gaps, digest, _advisories, _waived = build_report(
                                                ^^^^^^^^^^^^^
  File "C:\CodeB\Grade9v3.5\.codex-recovery\r4-suite\Shared\tools\render_core.py", line 3007, in build_report
    ctx = context(manifest_path)
          ^^^^^^^^^^^^^^^^^^^^^^
  File "C:\CodeB\Grade9v3.5\.codex-recovery\r4-suite\Shared\tools\render_core.py", line 2755, in context
    raise ValueError(f"PRODUCT_STRUCTURE_INVALID: {path}: {shown}"
ValueError: PRODUCT_STRUCTURE_INVALID: C:\Users\reall\AppData\Local\Temp\tmpc3ipk9_n\linear-equations.fixture.json: questions/11/answer/verification_status: 'VERIFIED_CANONICAL' is not one of ['NOT_RUN', 'CHECKED_BY_AUTHOR', 'INDEPENDENTLY_CHECKED', 'DISPUTED']; questions/11/status: 'PUBLISHED' is not one of ['DISCOVERED', 'CANDIDATE', 'REVIEWED', 'CURATED', 'DISPUTED', 'STALE', 'RETIRED']; questions/12/answer/verification_status: 'VERIFIED_CANONICAL' is not one of ['NOT_RUN', 'CHECKED_BY_AUTHOR', 'INDEPENDENTLY_CHECKED', 'DISPUTED']; questions/12/status: 'PUBLISHED' is not one of ['DISCOVERED', 'CANDIDATE', 'REVIEWED', 'CURATED', 'DISPUTED', 'STALE', 'RETIRED']; questions/13/answer/verification_status: 'VERIFIED_CANONICAL' is not one of ['NOT_RUN', 'CHECKED_BY_AUTHOR', 'INDEPENDENTLY_CHECKED', 'DISPUTED']; questions/13/status: 'PUBLISHED' is not one of ['DISCOVERED', 'CANDIDATE', 'REVIEWED', 'CURATED', 'DISPUTED', 'STALE', 'RETIRED'] (+30 more)

======================================================================
ERROR: test_lineage_to_a_core1a_worked_anchor_links_to_its_microtopic (test_quality_gate.Gate.test_lineage_to_a_core1a_worked_anchor_links_to_its_microtopic)
----------------------------------------------------------------------
Traceback (most recent call last):
  File "C:\CodeB\Grade9v3.5\.codex-recovery\r4-suite\tests\test_quality_gate.py", line 142, in test_lineage_to_a_core1a_worked_anchor_links_to_its_microtopic
    out = self.build(manifest, draft=True)         # no Core2A practice is a gap; only the link matters here
          ^^^^^^^^^^^^^^^^^^^^^^^^^^^^^^^^
  File "C:\CodeB\Grade9v3.5\.codex-recovery\r4-suite\tests\test_quality_gate.py", line 100, in build
    self.assertEqual(render_core.main(args), 0)
                     ^^^^^^^^^^^^^^^^^^^^^^
  File "C:\CodeB\Grade9v3.5\.codex-recovery\r4-suite\Shared\tools\render_core.py", line 3170, in main
    pages, gaps, digest, _advisories, _waived = build_report(
                                                ^^^^^^^^^^^^^
  File "C:\CodeB\Grade9v3.5\.codex-recovery\r4-suite\Shared\tools\render_core.py", line 3007, in build_report
    ctx = context(manifest_path)
          ^^^^^^^^^^^^^^^^^^^^^^
  File "C:\CodeB\Grade9v3.5\.codex-recovery\r4-suite\Shared\tools\render_core.py", line 2755, in context
    raise ValueError(f"PRODUCT_STRUCTURE_INVALID: {path}: {shown}"
ValueError: PRODUCT_STRUCTURE_INVALID: C:\Users\reall\AppData\Local\Temp\tmp0x2emnmp\linear-equations.fixture.json: questions/11/answer/verification_status: 'VERIFIED_CANONICAL' is not one of ['NOT_RUN', 'CHECKED_BY_AUTHOR', 'INDEPENDENTLY_CHECKED', 'DISPUTED']; questions/11/status: 'PUBLISHED' is not one of ['DISCOVERED', 'CANDIDATE', 'REVIEWED', 'CURATED', 'DISPUTED', 'STALE', 'RETIRED']; questions/12/answer/verification_status: 'VERIFIED_CANONICAL' is not one of ['NOT_RUN', 'CHECKED_BY_AUTHOR', 'INDEPENDENTLY_CHECKED', 'DISPUTED']; questions/12/status: 'PUBLISHED' is not one of ['DISCOVERED', 'CANDIDATE', 'REVIEWED', 'CURATED', 'DISPUTED', 'STALE', 'RETIRED']; questions/13/answer/verification_status: 'VERIFIED_CANONICAL' is not one of ['NOT_RUN', 'CHECKED_BY_AUTHOR', 'INDEPENDENTLY_CHECKED', 'DISPUTED']; questions/13/status: 'PUBLISHED' is not one of ['DISCOVERED', 'CANDIDATE', 'REVIEWED', 'CURATED', 'DISPUTED', 'STALE', 'RETIRED'] (+30 more)

======================================================================
ERROR: test_one_scene_reused_for_different_items_fails (test_quality_gate.Gate.test_one_scene_reused_for_different_items_fails)
----------------------------------------------------------------------
Traceback (most recent call last):
  File "C:\CodeB\Grade9v3.5\.codex-recovery\r4-suite\tests\test_quality_gate.py", line 258, in test_one_scene_reused_for_different_items_fails
    report = quality_gate.gate(self.build(manifest), "Mathematics", "FIXTURE-MATH-LINEAR", static=True)
                               ^^^^^^^^^^^^^^^^^^^^
  File "C:\CodeB\Grade9v3.5\.codex-recovery\r4-suite\tests\test_quality_gate.py", line 100, in build
    self.assertEqual(render_core.main(args), 0)
                     ^^^^^^^^^^^^^^^^^^^^^^
  File "C:\CodeB\Grade9v3.5\.codex-recovery\r4-suite\Shared\tools\render_core.py", line 3170, in main
    pages, gaps, digest, _advisories, _waived = build_report(
                                                ^^^^^^^^^^^^^
  File "C:\CodeB\Grade9v3.5\.codex-recovery\r4-suite\Shared\tools\render_core.py", line 3007, in build_report
    ctx = context(manifest_path)
          ^^^^^^^^^^^^^^^^^^^^^^
  File "C:\CodeB\Grade9v3.5\.codex-recovery\r4-suite\Shared\tools\render_core.py", line 2755, in context
    raise ValueError(f"PRODUCT_STRUCTURE_INVALID: {path}: {shown}"
ValueError: PRODUCT_STRUCTURE_INVALID: C:\Users\reall\AppData\Local\Temp\tmp341ayshf\linear-equations.fixture.json: questions/11/answer/verification_status: 'VERIFIED_CANONICAL' is not one of ['NOT_RUN', 'CHECKED_BY_AUTHOR', 'INDEPENDENTLY_CHECKED', 'DISPUTED']; questions/11/status: 'PUBLISHED' is not one of ['DISCOVERED', 'CANDIDATE', 'REVIEWED', 'CURATED', 'DISPUTED', 'STALE', 'RETIRED']; questions/12/answer/verification_status: 'VERIFIED_CANONICAL' is not one of ['NOT_RUN', 'CHECKED_BY_AUTHOR', 'INDEPENDENTLY_CHECKED', 'DISPUTED']; questions/12/status: 'PUBLISHED' is not one of ['DISCOVERED', 'CANDIDATE', 'REVIEWED', 'CURATED', 'DISPUTED', 'STALE', 'RETIRED']; questions/13/answer/verification_status: 'VERIFIED_CANONICAL' is not one of ['NOT_RUN', 'CHECKED_BY_AUTHOR', 'INDEPENDENTLY_CHECKED', 'DISPUTED']; questions/13/status: 'PUBLISHED' is not one of ['DISCOVERED', 'CANDIDATE', 'REVIEWED', 'CURATED', 'DISPUTED', 'STALE', 'RETIRED'] (+30 more)

======================================================================
ERROR: test_pre_attempt_figure_that_shows_the_result_fails (test_quality_gate.Gate.test_pre_attempt_figure_that_shows_the_result_fails)
----------------------------------------------------------------------
Traceback (most recent call last):
  File "C:\CodeB\Grade9v3.5\.codex-recovery\r4-suite\tests\test_quality_gate.py", line 155, in test_pre_attempt_figure_that_shows_the_result_fails
    report = quality_gate.gate(self.build(manifest), "Mathematics", "FIXTURE-MATH-LINEAR", static=True)
                               ^^^^^^^^^^^^^^^^^^^^
  File "C:\CodeB\Grade9v3.5\.codex-recovery\r4-suite\tests\test_quality_gate.py", line 100, in build
    self.assertEqual(render_core.main(args), 0)
                     ^^^^^^^^^^^^^^^^^^^^^^
  File "C:\CodeB\Grade9v3.5\.codex-recovery\r4-suite\Shared\tools\render_core.py", line 3170, in main
    pages, gaps, digest, _advisories, _waived = build_report(
                                                ^^^^^^^^^^^^^
  File "C:\CodeB\Grade9v3.5\.codex-recovery\r4-suite\Shared\tools\render_core.py", line 3007, in build_report
    ctx = context(manifest_path)
          ^^^^^^^^^^^^^^^^^^^^^^
  File "C:\CodeB\Grade9v3.5\.codex-recovery\r4-suite\Shared\tools\render_core.py", line 2755, in context
    raise ValueError(f"PRODUCT_STRUCTURE_INVALID: {path}: {shown}"
ValueError: PRODUCT_STRUCTURE_INVALID: C:\Users\reall\AppData\Local\Temp\tmpc_zpneu0\linear-equations.fixture.json: questions/11/answer/verification_status: 'VERIFIED_CANONICAL' is not one of ['NOT_RUN', 'CHECKED_BY_AUTHOR', 'INDEPENDENTLY_CHECKED', 'DISPUTED']; questions/11/status: 'PUBLISHED' is not one of ['DISCOVERED', 'CANDIDATE', 'REVIEWED', 'CURATED', 'DISPUTED', 'STALE', 'RETIRED']; questions/12/answer/verification_status: 'VERIFIED_CANONICAL' is not one of ['NOT_RUN', 'CHECKED_BY_AUTHOR', 'INDEPENDENTLY_CHECKED', 'DISPUTED']; questions/12/status: 'PUBLISHED' is not one of ['DISCOVERED', 'CANDIDATE', 'REVIEWED', 'CURATED', 'DISPUTED', 'STALE', 'RETIRED']; questions/13/answer/verification_status: 'VERIFIED_CANONICAL' is not one of ['NOT_RUN', 'CHECKED_BY_AUTHOR', 'INDEPENDENTLY_CHECKED', 'DISPUTED']; questions/13/status: 'PUBLISHED' is not one of ['DISCOVERED', 'CANDIDATE', 'REVIEWED', 'CURATED', 'DISPUTED', 'STALE', 'RETIRED'] (+30 more)

======================================================================
ERROR: test_success_criteria_and_ids_stay_out_of_the_pre_attempt_page (test_quality_gate.Gate.test_success_criteria_and_ids_stay_out_of_the_pre_attempt_page)
----------------------------------------------------------------------
Traceback (most recent call last):
  File "C:\CodeB\Grade9v3.5\.codex-recovery\r4-suite\tests\test_quality_gate.py", line 228, in test_success_criteria_and_ids_stay_out_of_the_pre_attempt_page
    out = self.build(manifest)
          ^^^^^^^^^^^^^^^^^^^^
  File "C:\CodeB\Grade9v3.5\.codex-recovery\r4-suite\tests\test_quality_gate.py", line 100, in build
    self.assertEqual(render_core.main(args), 0)
                     ^^^^^^^^^^^^^^^^^^^^^^
  File "C:\CodeB\Grade9v3.5\.codex-recovery\r4-suite\Shared\tools\render_core.py", line 3170, in main
    pages, gaps, digest, _advisories, _waived = build_report(
                                                ^^^^^^^^^^^^^
  File "C:\CodeB\Grade9v3.5\.codex-recovery\r4-suite\Shared\tools\render_core.py", line 3007, in build_report
    ctx = context(manifest_path)
          ^^^^^^^^^^^^^^^^^^^^^^
  File "C:\CodeB\Grade9v3.5\.codex-recovery\r4-suite\Shared\tools\render_core.py", line 2755, in context
    raise ValueError(f"PRODUCT_STRUCTURE_INVALID: {path}: {shown}"
ValueError: PRODUCT_STRUCTURE_INVALID: C:\Users\reall\AppData\Local\Temp\tmp8och2rtd\linear-equations.fixture.json: questions/11/answer/verification_status: 'VERIFIED_CANONICAL' is not one of ['NOT_RUN', 'CHECKED_BY_AUTHOR', 'INDEPENDENTLY_CHECKED', 'DISPUTED']; questions/11/status: 'PUBLISHED' is not one of ['DISCOVERED', 'CANDIDATE', 'REVIEWED', 'CURATED', 'DISPUTED', 'STALE', 'RETIRED']; questions/12/answer/verification_status: 'VERIFIED_CANONICAL' is not one of ['NOT_RUN', 'CHECKED_BY_AUTHOR', 'INDEPENDENTLY_CHECKED', 'DISPUTED']; questions/12/status: 'PUBLISHED' is not one of ['DISCOVERED', 'CANDIDATE', 'REVIEWED', 'CURATED', 'DISPUTED', 'STALE', 'RETIRED']; questions/13/answer/verification_status: 'VERIFIED_CANONICAL' is not one of ['NOT_RUN', 'CHECKED_BY_AUTHOR', 'INDEPENDENTLY_CHECKED', 'DISPUTED']; questions/13/status: 'PUBLISHED' is not one of ['DISCOVERED', 'CANDIDATE', 'REVIEWED', 'CURATED', 'DISPUTED', 'STALE', 'RETIRED'] (+30 more)

======================================================================
ERROR: test_ungated_answer_and_broken_lineage_fail (test_quality_gate.Gate.test_ungated_answer_and_broken_lineage_fail)
----------------------------------------------------------------------
Traceback (most recent call last):
  File "C:\CodeB\Grade9v3.5\.codex-recovery\r4-suite\tests\test_quality_gate.py", line 128, in test_ungated_answer_and_broken_lineage_fail
    out = self.build(complete_fixture(self.tmp))
          ^^^^^^^^^^^^^^^^^^^^^^^^^^^^^^^^^^^^^^
  File "C:\CodeB\Grade9v3.5\.codex-recovery\r4-suite\tests\test_quality_gate.py", line 100, in build
    self.assertEqual(render_core.main(args), 0)
                     ^^^^^^^^^^^^^^^^^^^^^^
  File "C:\CodeB\Grade9v3.5\.codex-recovery\r4-suite\Shared\tools\render_core.py", line 3170, in main
    pages, gaps, digest, _advisories, _waived = build_report(
                                                ^^^^^^^^^^^^^
  File "C:\CodeB\Grade9v3.5\.codex-recovery\r4-suite\Shared\tools\render_core.py", line 3007, in build_report
    ctx = context(manifest_path)
          ^^^^^^^^^^^^^^^^^^^^^^
  File "C:\CodeB\Grade9v3.5\.codex-recovery\r4-suite\Shared\tools\render_core.py", line 2755, in context
    raise ValueError(f"PRODUCT_STRUCTURE_INVALID: {path}: {shown}"
ValueError: PRODUCT_STRUCTURE_INVALID: C:\Users\reall\AppData\Local\Temp\tmpb4jxtzo8\linear-equations.fixture.json: questions/11/answer/verification_status: 'VERIFIED_CANONICAL' is not one of ['NOT_RUN', 'CHECKED_BY_AUTHOR', 'INDEPENDENTLY_CHECKED', 'DISPUTED']; questions/11/status: 'PUBLISHED' is not one of ['DISCOVERED', 'CANDIDATE', 'REVIEWED', 'CURATED', 'DISPUTED', 'STALE', 'RETIRED']; questions/12/answer/verification_status: 'VERIFIED_CANONICAL' is not one of ['NOT_RUN', 'CHECKED_BY_AUTHOR', 'INDEPENDENTLY_CHECKED', 'DISPUTED']; questions/12/status: 'PUBLISHED' is not one of ['DISCOVERED', 'CANDIDATE', 'REVIEWED', 'CURATED', 'DISPUTED', 'STALE', 'RETIRED']; questions/13/answer/verification_status: 'VERIFIED_CANONICAL' is not one of ['NOT_RUN', 'CHECKED_BY_AUTHOR', 'INDEPENDENTLY_CHECKED', 'DISPUTED']; questions/13/status: 'PUBLISHED' is not one of ['DISCOVERED', 'CANDIDATE', 'REVIEWED', 'CURATED', 'DISPUTED', 'STALE', 'RETIRED'] (+30 more)

======================================================================
ERROR: test_withheld_stages_are_absent_from_the_markup_not_hidden (test_quality_gate.Gate.test_withheld_stages_are_absent_from_the_markup_not_hidden)
----------------------------------------------------------------------
Traceback (most recent call last):
  File "C:\CodeB\Grade9v3.5\.codex-recovery\r4-suite\tests\test_quality_gate.py", line 159, in test_withheld_stages_are_absent_from_the_markup_not_hidden
    out = self.build(complete_fixture(self.tmp))
          ^^^^^^^^^^^^^^^^^^^^^^^^^^^^^^^^^^^^^^
  File "C:\CodeB\Grade9v3.5\.codex-recovery\r4-suite\tests\test_quality_gate.py", line 100, in build
    self.assertEqual(render_core.main(args), 0)
                     ^^^^^^^^^^^^^^^^^^^^^^
  File "C:\CodeB\Grade9v3.5\.codex-recovery\r4-suite\Shared\tools\render_core.py", line 3170, in main
    pages, gaps, digest, _advisories, _waived = build_report(
                                                ^^^^^^^^^^^^^
  File "C:\CodeB\Grade9v3.5\.codex-recovery\r4-suite\Shared\tools\render_core.py", line 3007, in build_report
    ctx = context(manifest_path)
          ^^^^^^^^^^^^^^^^^^^^^^
  File "C:\CodeB\Grade9v3.5\.codex-recovery\r4-suite\Shared\tools\render_core.py", line 2755, in context
    raise ValueError(f"PRODUCT_STRUCTURE_INVALID: {path}: {shown}"
ValueError: PRODUCT_STRUCTURE_INVALID: C:\Users\reall\AppData\Local\Temp\tmplrujamt8\linear-equations.fixture.json: questions/11/answer/verification_status: 'VERIFIED_CANONICAL' is not one of ['NOT_RUN', 'CHECKED_BY_AUTHOR', 'INDEPENDENTLY_CHECKED', 'DISPUTED']; questions/11/status: 'PUBLISHED' is not one of ['DISCOVERED', 'CANDIDATE', 'REVIEWED', 'CURATED', 'DISPUTED', 'STALE', 'RETIRED']; questions/12/answer/verification_status: 'VERIFIED_CANONICAL' is not one of ['NOT_RUN', 'CHECKED_BY_AUTHOR', 'INDEPENDENTLY_CHECKED', 'DISPUTED']; questions/12/status: 'PUBLISHED' is not one of ['DISCOVERED', 'CANDIDATE', 'REVIEWED', 'CURATED', 'DISPUTED', 'STALE', 'RETIRED']; questions/13/answer/verification_status: 'VERIFIED_CANONICAL' is not one of ['NOT_RUN', 'CHECKED_BY_AUTHOR', 'INDEPENDENTLY_CHECKED', 'DISPUTED']; questions/13/status: 'PUBLISHED' is not one of ['DISCOVERED', 'CANDIDATE', 'REVIEWED', 'CURATED', 'DISPUTED', 'STALE', 'RETIRED'] (+30 more)

======================================================================
ERROR: test_every_role_page_links_the_pdf_printed_from_it_and_the_deploy_prints_them_never_a_key_pdf (test_test_area.TestDeploy.test_every_role_page_links_the_pdf_printed_from_it_and_the_deploy_prints_them_never_a_key_pdf)
----------------------------------------------------------------------
Traceback (most recent call last):
  File "C:\CodeB\Grade9v3.5\.codex-recovery\r4-suite\tests\test_test_area.py", line 242, in test_every_role_page_links_the_pdf_printed_from_it_and_the_deploy_prints_them_never_a_key_pdf
    self.assertEqual(link.group(1), name.replace(".html", ".pdf"))
                     ^^^^^^^^^^
AttributeError: 'NoneType' object has no attribute 'group'

======================================================================
ERROR: test_the_hub_and_deployments_pages_report_the_deployment_without_calling_it_done (test_test_area.TestDeploy.test_the_hub_and_deployments_pages_report_the_deployment_without_calling_it_done)
----------------------------------------------------------------------
Traceback (most recent call last):
  File "C:\CodeB\Grade9v3.5\.codex-recovery\r4-suite\tests\test_test_area.py", line 303, in test_the_hub_and_deployments_pages_report_the_deployment_without_calling_it_done
    pages = build_test_site.render_all()
            ^^^^^^^^^^^^^^^^^^^^^^^^^^^^
  File "C:\CodeB\Grade9v3.5\.codex-recovery\r4-suite\Shared\tools\build_test_site.py", line 320, in render_all
    return {"index.html": hub_page(), "atlas/index.html": atlas_page(), "rungs/index.html": rungs_page(),
                                                          ^^^^^^^^^^^^
  File "C:\CodeB\Grade9v3.5\.codex-recovery\r4-suite\Shared\tools\build_test_site.py", line 310, in atlas_page
    raise ValueError(f"the Topic Atlas template changed: expected exactly one {old[:60]!r}")
ValueError: the Topic Atlas template changed: expected exactly one '<html lang="en">'

======================================================================
ERROR: test_a_rung_matrix_that_breaks_the_matrix_schema_says_so_on_the_rungs_page_and_in_the_build (test_test_area.TestPages.test_a_rung_matrix_that_breaks_the_matrix_schema_says_so_on_the_rungs_page_and_in_the_build)
----------------------------------------------------------------------
Traceback (most recent call last):
  File "C:\CodeB\Grade9v3.5\.codex-recovery\r4-suite\tests\test_test_area.py", line 137, in test_a_rung_matrix_that_breaks_the_matrix_schema_says_so_on_the_rungs_page_and_in_the_build
    build_test_site.write()
  File "C:\CodeB\Grade9v3.5\.codex-recovery\r4-suite\Shared\tools\build_test_site.py", line 325, in write
    for name, text in render_all().items():
                      ^^^^^^^^^^^^
  File "C:\CodeB\Grade9v3.5\.codex-recovery\r4-suite\Shared\tools\build_test_site.py", line 320, in render_all
    return {"index.html": hub_page(), "atlas/index.html": atlas_page(), "rungs/index.html": rungs_page(),
                                                          ^^^^^^^^^^^^
  File "C:\CodeB\Grade9v3.5\.codex-recovery\r4-suite\Shared\tools\build_test_site.py", line 310, in atlas_page
    raise ValueError(f"the Topic Atlas template changed: expected exactly one {old[:60]!r}")
ValueError: the Topic Atlas template changed: expected exactly one '<html lang="en">'

======================================================================
ERROR: test_committed_pages_are_what_the_generator_writes (test_test_area.TestPages.test_committed_pages_are_what_the_generator_writes)
----------------------------------------------------------------------
Traceback (most recent call last):
  File "C:\CodeB\Grade9v3.5\.codex-recovery\r4-suite\tests\test_test_area.py", line 128, in test_committed_pages_are_what_the_generator_writes
    self.assertEqual(build_test_site.check(), [])
                     ^^^^^^^^^^^^^^^^^^^^^^^
  File "C:\CodeB\Grade9v3.5\.codex-recovery\r4-suite\Shared\tools\build_test_site.py", line 337, in check
    for name, text in render_all().items():
                      ^^^^^^^^^^^^
  File "C:\CodeB\Grade9v3.5\.codex-recovery\r4-suite\Shared\tools\build_test_site.py", line 320, in render_all
    return {"index.html": hub_page(), "atlas/index.html": atlas_page(), "rungs/index.html": rungs_page(),
                                                          ^^^^^^^^^^^^
  File "C:\CodeB\Grade9v3.5\.codex-recovery\r4-suite\Shared\tools\build_test_site.py", line 310, in atlas_page
    raise ValueError(f"the Topic Atlas template changed: expected exactly one {old[:60]!r}")
ValueError: the Topic Atlas template changed: expected exactly one '<html lang="en">'

======================================================================
FAIL: test_the_committed_index_is_current (test_assurance_projections.SearchIndex.test_the_committed_index_is_current)
----------------------------------------------------------------------
Traceback (most recent call last):
  File "C:\CodeB\Grade9v3.5\.codex-recovery\r4-suite\tests\test_assurance_projections.py", line 125, in test_the_committed_index_is_current
    self.assertEqual(verify_search_index.main(argv), 0, "rebuild it with Shared/tools/build_search_index.py")
AssertionError: 1 != 0 : rebuild it with Shared/tools/build_search_index.py

======================================================================
FAIL: test_enforce_passes_at_the_committed_baseline (test_assurance_verifiers.Ratchet.test_enforce_passes_at_the_committed_baseline)
----------------------------------------------------------------------
Traceback (most recent call last):
  File "C:\CodeB\Grade9v3.5\.codex-recovery\r4-suite\tests\test_assurance_verifiers.py", line 312, in test_enforce_passes_at_the_committed_baseline
    self.assertEqual(assurance_run.main(argv + ["--enforce"]), 0, "main at its committed baseline")
AssertionError: 1 != 0 : main at its committed baseline

======================================================================
FAIL: test_the_committed_baseline_is_current_and_holds_only_what_main_has (test_assurance_verifiers.Ratchet.test_the_committed_baseline_is_current_and_holds_only_what_main_has)
----------------------------------------------------------------------
Traceback (most recent call last):
  File "C:\CodeB\Grade9v3.5\.codex-recovery\r4-suite\tests\test_assurance_verifiers.py", line 305, in test_the_committed_baseline_is_current_and_holds_only_what_main_has
    self.assertEqual(sorted(found - known), [], "a new canonical finding: fix it, or (if it is old debt) rewrite the baseline with assurance_run.py --write-baseline")
AssertionError: Lists differ: ['CORPUS_SPECIFICITY|CANONICAL_RECORD:LIB-[3020 chars]ONS'] != []

First list contains 24 additional elements.
First extra element 0:
'CORPUS_SPECIFICITY|CANONICAL_RECORD:LIB-MATH-LINEAR-EQUATIONS|DUPLICATED|REL-MAT-LEQ-03-REDUCED-OUTCOMES.extensions.grade9v3:academic_revision.basis'

Diff is 3144 characters long. Set self.maxDiff to None to see it. : a new canonical finding: fix it, or (if it is old debt) rewrite the baseline with assurance_run.py --write-baseline

======================================================================
FAIL: test_secondary_reference_is_collapsed_but_the_crux_and_practice_path_stay_visible (test_blueprint_components.Core1aBenchmark.test_secondary_reference_is_collapsed_but_the_crux_and_practice_path_stay_visible)
----------------------------------------------------------------------
Traceback (most recent call last):
  File "C:\CodeB\Grade9v3.5\.codex-recovery\r4-suite\tests\test_blueprint_components.py", line 252, in test_secondary_reference_is_collapsed_but_the_crux_and_practice_path_stay_visible
    self.assertTrue(matches, kind)
AssertionError: [] is not true : core1a-question-bridge

======================================================================
FAIL: test_the_page_opens_in_the_blueprints_theme_and_the_learner_can_switch (test_blueprint_components.Core1aBenchmark.test_the_page_opens_in_the_blueprints_theme_and_the_learner_can_switch)
----------------------------------------------------------------------
Traceback (most recent call last):
  File "C:\CodeB\Grade9v3.5\.codex-recovery\r4-suite\tests\test_blueprint_components.py", line 244, in test_the_page_opens_in_the_blueprints_theme_and_the_learner_can_switch
    self.assertEqual(self.blueprint["presentation_policy"]["default_theme"], "dark")
AssertionError: 'light' != 'dark'
- light
+ dark


======================================================================
FAIL: test_each_role_page_links_the_pdf_printed_from_itself_and_the_index_links_none (test_blueprint_components.PrintPdf.test_each_role_page_links_the_pdf_printed_from_itself_and_the_index_links_none)
----------------------------------------------------------------------
Traceback (most recent call last):
  File "C:\CodeB\Grade9v3.5\.codex-recovery\r4-suite\tests\test_blueprint_components.py", line 508, in test_each_role_page_links_the_pdf_printed_from_itself_and_the_index_links_none
    self.assertIn(f'href="{name.removesuffix(".html")}.pdf"', link, name)
AssertionError: 'href="core1.pdf"' not found in '' : core1.html

======================================================================
FAIL: test_every_presentation_the_schema_allows_has_its_own_css (test_blueprint_components.Registry.test_every_presentation_the_schema_allows_has_its_own_css)
----------------------------------------------------------------------
Traceback (most recent call last):
  File "C:\CodeB\Grade9v3.5\.codex-recovery\r4-suite\tests\test_blueprint_components.py", line 47, in test_every_presentation_the_schema_allows_has_its_own_css
    self.assertTrue(re.search(r"\." + re.escape(cls) + r"(?![\w-])", rules), f"{name} has no .{cls} rule")
AssertionError: None is not true : DISCLOSURE_EQUATION_CARD has no .g9-c-disclosure-equation-card rule

======================================================================
FAIL: test_a_per_unit_component_is_expected_once_for_each_construction_unit (test_blueprint_components.Reporting.test_a_per_unit_component_is_expected_once_for_each_construction_unit)
----------------------------------------------------------------------
Traceback (most recent call last):
  File "C:\CodeB\Grade9v3.5\.codex-recovery\r4-suite\tests\test_blueprint_components.py", line 179, in test_a_per_unit_component_is_expected_once_for_each_construction_unit
    self.assertIn("MIC / CU-2: STAGED_VISUAL is absent", problems)
AssertionError: 'MIC / CU-2: STAGED_VISUAL is absent' not found in ['MIC: CONCEPT_HEADER is absent', 'MIC / CU-1: UNIT_HEADER is absent', 'MIC / CU-2: UNIT_HEADER is absent', 'MIC / CU-1: CONSTRUCTION_STEPS is absent', 'MIC / CU-2: CONSTRUCTION_STEPS is absent', 'MIC: KEY_STEP is absent', 'MIC / CU-1: WORKED_EXAMPLE is absent', 'MIC / CU-2: WORKED_EXAMPLE is absent', 'MIC / CU-1: TRAP_REPAIR is absent', 'MIC / CU-2: TRAP_REPAIR is absent', 'MIC / CU-1: QUICK_CHECK is absent', 'MIC / CU-2: QUICK_CHECK is absent', 'MIC: EXIT_RECALL is absent']

======================================================================
FAIL: test_reciprocal_navigation_integrity (test_browser_tablet_accessibility.TestBrowserTabletAccessibility.test_reciprocal_navigation_integrity)
----------------------------------------------------------------------
Traceback (most recent call last):
  File "C:\CodeB\Grade9v3.5\.codex-recovery\r4-suite\tests\test_browser_tablet_accessibility.py", line 58, in test_reciprocal_navigation_integrity
    self.assertIn("core2.html", ws_text)
AssertionError: 'core2.html' not found in '<!doctype html>\n<html lang="en" data-g9-shell>\n<head>\n  <meta charset="utf-8">\n  <meta name="viewport" content="width=device-width, initial-scale=1">\n  <title>Newton&#x27;s Laws of Motion Workspace · Grade9V3.5</title>\n  <link rel="stylesheet" href="../../css/modern-learner.css">\n</head>\n<body>\n  <header class="g9-shell-header">\n    <div class="g9-header-inner">\n      <a class="g9-brand" href="../../index.html">\n        <span class="logo-icon">⚡</span>\n        <span class="brand-title">Grade9V3.5</span>\n        <span class="g9-brand-badge">Learner Platform</span>\n      </a>\n      <nav class="g9-header-nav" aria-label="Portal Navigation">\n        <a href="../../index.html">Home</a>\n        <a href="../../physics/index.html">Physics</a>\n        <a href="../../chemistry/index.html">Chemistry</a>\n        <a href="../../mathematics/index.html">Mathematics</a>\n        <a href="../../question-bank/index.html">Question Bank</a>\n        <a href="../../atlas/index.html">Atlas &amp; Rungs</a>\n      </nav>\n      <div class="g9-header-actions">\n        \n        <details class="g9-header-dropdown">\n          <summary class="g9-header-btn g9-drive-btn" aria-label="Google Drive Source PDFs" title="Access Original Source PDFs in Google Drive">\n            <svg class="g9-btn-icon" width="16" height="16" viewBox="0 0 87.3 78" aria-hidden="true" style="vertical-align: middle;">\n  <path d="m6.6 66.85 3.85 6.65c.8 1.4 1.95 2.5 3.3 3.3l13.75-23.8H0c0 1.55.4 3.1 1.2 4.5z" fill="#0066da"/>\n  <path d="M43.65 25 29.9 1.2c-1.35.8-2.5 1.9-3.3 3.3l-25.4 44C.4 49.9 0 51.45 0 53h27.5z" fill="#00ac47"/>\n  <path d="M73.55 76.8c1.35-.8 2.5-1.9 3.3-3.3l1.6-2.75 7.65-13.25c.8-1.4 1.2-2.95 1.2-4.5H59.8l5.85 10.15z" fill="#ea4335"/>\n  <path d="M43.65 25 57.4 1.2C56.05.4 54.5 0 52.9 0H34.4c-1.6 0-3.15.45-4.5 1.2z" fill="#00832d"/>\n  <path d="M59.8 53H27.5L13.75 76.8c1.35.8 2.9 1.2 4.5 1.2h50.8c1.6 0 3.15-.45 4.5-1.2z" fill="#2684fc"/>\n  <path d="m73.4 26.5-12.7-22c-.8-1.4-1.95-2.5-3.3-3.3L43.65 25 59.8 53h27.5c0-1.55-.4-3.1-1.2-4.5z" fill="#ffba00"/>\n</svg>\n            <span class="g9-btn-text">Source PDFs</span>\n            <span class="g9-btn-caret" aria-hidden="true">▾</span>\n          </summary>\n          <div class="g9-dropdown-menu">\n            <div class="g9-dropdown-header">Google Drive Source PDFs</div>\n            \n      <a href="https://drive.google.com/file/d/1jz2v_6oxak0LSWj2o-hYINIHoJOXl0zD/view" target="_blank" rel="noopener" class="g9-dropdown-item">\n        <span class="g9-item-icon">📄</span>\n        <div class="g9-item-info">\n          <strong>Core 1 Study Guide</strong>\n          <small>physics-nlm-revised-core1.pdf (103 KB)</small>\n        </div>\n      </a>\n      <a href="https://drive.google.com/file/d/1gKA0mLn6lhtRcQQ3dFFcUM-BcWatEl64/view" target="_blank" rel="noopener" class="g9-dropdown-item">\n        <span class="g9-item-icon">📄</span>\n        <div class="g9-item-info">\n          <strong>Core 2 Problem Suite</strong>\n          <small>physics-nlm-revised-core2.pdf (172 KB)</small>\n        </div>\n      </a>\n      <div class="g9-dropdown-divider"></div>\n      <a href="https://drive.google.com/drive/folders/1ipfk8TDM7ACDqbPdjRc3ZIE6UTFQMvyw" target="_blank" rel="noopener" class="g9-dropdown-item">\n        <span class="g9-item-icon">📁</span>\n        <div class="g9-item-info">\n          <strong>Grade 9 Drive Repository</strong>\n          <small>Open Full Google Drive Folder</small>\n        </div>\n      </a>\n          </div>\n        </details>\n        <button type="button" class="g9-header-btn g9-search-btn" data-g9-action="search" title="Search Grade9V3 (Ctrl/⌘ K)" aria-label="Search">\n          <span class="g9-btn-icon">🔍</span>\n          <span class="g9-btn-text">Search</span>\n        </button>\n        <button type="button" class="g9-header-btn g9-display-btn" data-g9-action="display" title="Display & Theme Settings" aria-label="Display & Theme">\n          <span class="g9-btn-icon">🌙 / ☀️</span>\n          <span class="g9-btn-text">Display</span>\n        </button>\n      </div>\n    </div>\n  </header>\n  \n<nav class="g9-breadcrumb-bar" aria-label="Breadcrumb">\n  <div class="g9-breadcrumbs">\n    <a href="../../index.html">Home</a> <span>/</span> <a href="../../physics/index.html">Physics</a> <span>/</span> <span>Newton&#x27;s Laws of Motion</span>\n  </div>\n</nav>\n\n  <main class="g9-container">\n    \n  <div class="g9-hero">\n    <h1 class="g9-hero-title">Newton&#x27;s Laws of Motion Workspace</h1>\n    <p class="g9-hero-subtitle">Explore each concept below through structured derivation, problem solving, or interactive visual models.</p>\n  </div>\n\n  <div class="g9-concepts-list">\n    \n  <div class="g9-concept-card" id="MIC-PHY-NLM-FIRST-LAW">\n    <div class="g9-concept-header">\n      <span class="g9-concept-badge">Core Concept</span>\n      <h2 class="g9-concept-title">First Law &amp; Inertia</h2>\n      <p class="g9-concept-desc">Organised learning path connecting mathematical construction, authentic past-paper practice, and visual simulation.</p>\n    </div>\n    <div class="g9-action-row">\n      <a class="g9-btn-action g9-btn-explore" href="../../physics/nlm/explorers/atwood-pulleys/index.html" target="_blank" rel="noopener" title="Atwood Machines &amp; Pulley Constraints">⚡ Try visually</a>\n      <a class="g9-btn-action g9-btn-learn" href="../../standalone/practice/core1a-physics-nlm-tablet.html" title="Core Study · Newton&#x27;s Laws of Motion Master Suite">📖 Core Study</a>\n      <a class="g9-btn-action g9-btn-qb g9-btn-practice" href="../../question-bank/index.html?subject=Physics&topic=nlm&mode=study">🎯 Practice in Question Bank (Core 2) &rarr;</a>\n      <a class="g9-btn-action g9-btn-atlas" href="../../atlas/index.html#nlm" title="View Curriculum & Pedagogical Rungs">🪜 View Rung Ladder</a>\n    </div>\n  </div>\n  <div class="g9-concept-card" id="MIC-PHY-NLM-FRICTION">\n    <div class="g9-concept-header">\n      <span class="g9-concept-badge">Core Concept</span>\n      <h2 class="g9-concept-title">Limiting &amp; Kinetic Friction</h2>\n      <p class="g9-concept-desc">Organised learning path connecting mathematical construction, authentic past-paper practice, and visual simulation.</p>\n    </div>\n    <div class="g9-action-row">\n      <a class="g9-btn-action g9-btn-explore" href="../../physics/nlm/explorers/friction-threshold/index.html" target="_blank" rel="noopener" title="Static-to-Kinetic Friction Threshold Explorer">⚡ Try visually</a>\n      <a class="g9-btn-action g9-btn-learn" href="../../standalone/practice/friction/core1a.html" title="Core Study · Friction — Learn">📖 Core Study</a>\n      <a class="g9-btn-action g9-btn-qb g9-btn-practice" href="../../question-bank/index.html?subject=Physics&topic=nlm&mode=study">🎯 Practice in Question Bank (Core 2) &rarr;</a>\n      <a class="g9-btn-action g9-btn-atlas" href="../../atlas/index.html#nlm" title="View Curriculum & Pedagogical Rungs">🪜 View Rung Ladder</a>\n    </div>\n  </div>\n  <div class="g9-concept-card" id="MIC-PHY-NLM-FRICTION-QUANT">\n    <div class="g9-concept-header">\n      <span class="g9-concept-badge">Core Concept</span>\n      <h2 class="g9-concept-title">Quantitative Friction &amp; Connected Bodies</h2>\n      <p class="g9-concept-desc">Organised learning path connecting mathematical construction, authentic past-paper practice, and visual simulation.</p>\n    </div>\n    <div class="g9-action-row">\n      <a class="g9-btn-action g9-btn-learn" href="../../standalone/practice/friction/core1a.html" title="Core Study · Friction — Learn">📖 Core Study</a>\n      <a class="g9-btn-action g9-btn-qb g9-btn-practice" href="../../question-bank/index.html?subject=Physics&topic=nlm&mode=study">🎯 Practice in Question Bank (Core 2) &rarr;</a>\n      <a class="g9-btn-action g9-btn-atlas" href="../../atlas/index.html#nlm" title="View Curriculum & Pedagogical Rungs">🪜 View Rung Ladder</a>\n    </div>\n  </div>\n  </div>\n\n  </main>\n  <footer class="g9-footer">\n    <p>Grade9V3.5 Concept-Centred Learner Platform · Authentic Question Bank & Concepts</p>\n  </footer>\n<script src="../../js/display-controls.js"></script>\n<script src="../../js/site-header.js" data-site-root="../../"></script></body>\n</html>\n'

======================================================================
FAIL: test_committed_corpus_is_intact (test_calibration_corpus.CalibrationCorpusTest.test_committed_corpus_is_intact)
----------------------------------------------------------------------
Traceback (most recent call last):
  File "C:\CodeB\Grade9v3.5\.codex-recovery\r4-suite\tests\test_calibration_corpus.py", line 13, in test_committed_corpus_is_intact
    self.assertEqual(calibration_corpus.check(), [])
AssertionError: Lists differ: [{'code': 'SPECIMEN_FILE_UNLISTED', 'where[4953 chars] ''}] != []

First list contains 40 additional elements.
First extra element 0:
{'code': 'SPECIMEN_FILE_UNLISTED', 'where': 'specimens\\S1-motion2d-six-core-html\\core1.html', 'detail': ''}

Diff is 5445 characters long. Set self.maxDiff to None to see it.

======================================================================
FAIL: test_reference_custody_must_be_decided (test_calibration_corpus.CalibrationCorpusTest.test_reference_custody_must_be_decided)
----------------------------------------------------------------------
Traceback (most recent call last):
  File "C:\CodeB\Grade9v3.5\.codex-recovery\r4-suite\tests\test_calibration_corpus.py", line 36, in test_reference_custody_must_be_decided
    self.assertEqual(codes, {"REFERENCE_CUSTODY_UNSET"})
AssertionError: Items in the first set but not the second:
'SPECIMEN_FILE_UNLISTED'

======================================================================
FAIL: test_full_pages_build_contains_witness_and_preserves_exact_cross_core_anchors (test_core2_v2_motion2d.Core2V2Motion2DIntegration.test_full_pages_build_contains_witness_and_preserves_exact_cross_core_anchors)
----------------------------------------------------------------------
Traceback (most recent call last):
  File "C:\CodeB\Grade9v3.5\.codex-recovery\r4-suite\tests\test_core2_v2_motion2d.py", line 64, in test_full_pages_build_contains_witness_and_preserves_exact_cross_core_anchors
    self.assertEqual(gaps, [])
AssertionError: Lists differ: [{'duty': 'MOUNT_REPRESENTATION', 'record'[395 chars]ON'}] != []

First list contains 2 additional elements.
First extra element 0:
{'duty': 'MOUNT_REPRESENTATION', 'record': 'PYQ-PHY-JEEADV-2021-P1-Q06', 'detail': "REP-PYQ-JEEADV-2021-P1-Q06 is not a representation in the product's packages", 'core': 'CORE2', 'product': 'PRODUCT-PHY-KIN-2D-MOTION'}

+ []
- [{'core': 'CORE2',
-   'detail': 'REP-PYQ-JEEADV-2021-P1-Q06 is not a representation in the '
-             "product's packages",
-   'duty': 'MOUNT_REPRESENTATION',
-   'product': 'PRODUCT-PHY-KIN-2D-MOTION',
-   'record': 'PYQ-PHY-JEEADV-2021-P1-Q06'},
-  {'core': 'CORE2',
-   'detail': 'REP-PYQ-JEEADV-2013-P1-Q07 is not a representation in the '
-             "product's packages",
-   'duty': 'MOUNT_REPRESENTATION',
-   'product': 'PRODUCT-PHY-KIN-2D-MOTION',
-   'record': 'PYQ-PHY-JEEADV-2013-P1-Q07'}]

======================================================================
FAIL: test_real_product_pages_and_single_file_are_semantically_equivalent_and_deterministic (test_core2_v2_motion2d.Core2V2Motion2DIntegration.test_real_product_pages_and_single_file_are_semantically_equivalent_and_deterministic)
----------------------------------------------------------------------
Traceback (most recent call last):
  File "C:\CodeB\Grade9v3.5\.codex-recovery\r4-suite\tests\test_core2_v2_motion2d.py", line 77, in test_real_product_pages_and_single_file_are_semantically_equivalent_and_deterministic
    self.assertEqual(page_gaps, [])
AssertionError: Lists differ: [{'duty': 'MOUNT_REPRESENTATION', 'record'[395 chars]ON'}] != []

First list contains 2 additional elements.
First extra element 0:
{'duty': 'MOUNT_REPRESENTATION', 'record': 'PYQ-PHY-JEEADV-2021-P1-Q06', 'detail': "REP-PYQ-JEEADV-2021-P1-Q06 is not a representation in the product's packages", 'core': 'CORE2', 'product': 'PRODUCT-PHY-KIN-2D-MOTION'}

+ []
- [{'core': 'CORE2',
-   'detail': 'REP-PYQ-JEEADV-2021-P1-Q06 is not a representation in the '
-             "product's packages",
-   'duty': 'MOUNT_REPRESENTATION',
-   'product': 'PRODUCT-PHY-KIN-2D-MOTION',
-   'record': 'PYQ-PHY-JEEADV-2021-P1-Q06'},
-  {'core': 'CORE2',
-   'detail': 'REP-PYQ-JEEADV-2013-P1-Q07 is not a representation in the '
-             "product's packages",
-   'duty': 'MOUNT_REPRESENTATION',
-   'product': 'PRODUCT-PHY-KIN-2D-MOTION',
-   'record': 'PYQ-PHY-JEEADV-2013-P1-Q07'}]

======================================================================
FAIL: test_current_tree_has_nonvacuous_family_progression_report (test_core_progression.CrossCoreProgression.test_current_tree_has_nonvacuous_family_progression_report)
----------------------------------------------------------------------
Traceback (most recent call last):
  File "C:\CodeB\Grade9v3.5\.codex-recovery\r4-suite\tests\test_core_progression.py", line 20, in test_current_tree_has_nonvacuous_family_progression_report
    self.assertTrue(report["passed"], report["findings"])
AssertionError: False is not true : [{'point': 'CORE_PROGRESSION_TRANSFER_PARENT_MISSING', 'where': 'Q-MAT-LEQ-01-EXEMPLAR8-Q20', 'detail': 'Core2B question has no concrete canonical question parent'}, {'point': 'CORE_PROGRESSION_TRANSFER_PARENT_MISSING', 'where': 'Q-MAT-LEQ-02-NCERT8-EX2-1-Q5', 'detail': 'Core2B question has no concrete canonical question parent'}, {'point': 'CORE_PROGRESSION_TRANSFER_PARENT_MISSING', 'where': 'Q-MAT-LEQ-03-NCERT8-EX2-2-Q10', 'detail': 'Core2B question has no concrete canonical question parent'}, {'point': 'CORE_PROGRESSION_TRANSFER_PARENT_MISSING', 'where': 'Q-MAT-LEQ-04-EXEMPLAR9-4-1-Q3', 'detail': 'Core2B question has no concrete canonical question parent'}, {'point': 'CORE_PROGRESSION_TRANSFER_PARENT_MISSING', 'where': 'Q-MAT-LEQ-04-EXEMPLAR9-4-3-Q7', 'detail': 'Core2B question has no concrete canonical question parent'}, {'point': 'CORE_PROGRESSION_TRANSFER_PARENT_NOT_CORE2A', 'where': 'Q-ELEC-2B-OHMIC-01', 'detail': 'Q-ELEC-1A-OHMIC-01 is not a familiar Core2A exposure'}, {'point': 'CORE_PROGRESSION_TRANSFER_PARENT_NOT_CORE2A', 'where': 'Q-OSC-2B-ENERGY-01', 'detail': 'Q-OSC-1A-ENERGY-01 is not a familiar Core2A exposure'}, {'point': 'CORE_PROGRESSION_TRANSFER_PARENT_NOT_CORE2A', 'where': 'Q-VDU-2B-DIRECTION-01', 'detail': 'Q-VDU-1A-DIRECTION-01 is not a familiar Core2A exposure'}]

======================================================================
FAIL: test_committed_gcdr_activities_pass_the_guard (test_explorer_design_contract.ExplorerDesignContractTest.test_committed_gcdr_activities_pass_the_guard)
----------------------------------------------------------------------
Traceback (most recent call last):
  File "C:\CodeB\Grade9v3.5\.codex-recovery\r4-suite\tests\test_explorer_design_contract.py", line 18, in test_committed_gcdr_activities_pass_the_guard
    self.assertEqual(explorer_design_guard.findings(REPO), [])
AssertionError: Lists differ: [{'file': 'Physics\\library\\phy-kin-2d-mo[15441 chars]ml'}] != []

First list contains 48 additional elements.
First extra element 0:
{'file': 'Physics\\library\\phy-kin-2d-motion.v1.json', 'resource': 'ACT-KIN-2D-SHARED-CLOCK', 'point': 'STALE_RUNTIME_AUDIT_RECEIPT', 'detail': 'audit_4_runtime_release_integrity.implementation_locator receipt digest does not match current implementation public/physics/motion-2d/explorers/shared-clock/index.html'}

Diff is 17845 characters long. Set self.maxDiff to None to see it.

======================================================================
FAIL: test_every_declared_case_has_a_mutation_and_produces_what_it_declares (test_gates.EveryDeclaredFalsifierIsExecuted.test_every_declared_case_has_a_mutation_and_produces_what_it_declares) (registry='linear-equations.v1.json', case='FAL-EQ-EXTENDED-PRESCRIBED-NO-BINDING')
----------------------------------------------------------------------
Traceback (most recent call last):
  File "C:\CodeB\Grade9v3.5\.codex-recovery\r4-suite\tests\test_gates.py", line 423, in test_every_declared_case_has_a_mutation_and_produces_what_it_declares
    self.assertIn(case_id, MUTATIONS,
AssertionError: 'FAL-EQ-EXTENDED-PRESCRIBED-NO-BINDING' not found in {'FAL-VEC-NO-AXES': <function _vec_no_axes at 0x000001B8D3925760>, 'FAL-VEC-SYMBOL-NO-UNIT': <function _vec_symbol_no_unit at 0x000001B8D3925800>, 'FAL-AXIS-CYCLE': <function _axis_cycle at 0x000001B8D39258A0>, 'FAL-SUB-REP-UNDECLARED': <function _sub_rep_undeclared at 0x000001B8D3925940>, 'FAL-RELPOS-NO-COUNTEREXAMPLE': <function _relpos_no_counterexample at 0x000001B8D39259E0>, 'FAL-RELV-STEP-ORDER': <function _relv_step_order at 0x000001B8D3925A80>, 'FAL-RELV-DUPLICATE-ASSET': <function _relv_duplicate_asset at 0x000001B8D3925B20>, 'FAL-REV-PREREQ-UNKNOWN': <function _rev_prereq_unknown at 0x000001B8D3925BC0>, 'FAL-VAD-SYMBOL-NO-UNIT': <function _vad_symbol_no_unit at 0x000001B8D3925D00>, 'FAL-VDU-SYMBOL-NO-UNIT': <function _vdu_symbol_no_unit at 0x000001B8D3925DA0>, 'FAL-K2D-SYMBOL-NO-UNIT': <function _k2d_symbol_no_unit at 0x000001B8D3925E40>, 'FAL-PROJ-SYMBOL-NO-UNIT': <function _proj_symbol_no_unit at 0x000001B8D3925EE0>, 'FAL-KIN-AVG-SYMBOL-NO-UNIT': <function _kin_avg_symbol_no_unit at 0x000001B8D3925F80>, 'FAL-POWER-RATES-SYMBOL-NO-UNIT': <function _power_rates_symbol_no_unit at 0x000001B8D3926020>, 'FAL-NLM2-SYMBOL-NO-UNIT': <function _nlm2_symbol_no_unit at 0x000001B8D39260C0>, 'FAL-NLMCC-SYMBOL-NO-UNIT': <function _nlmcc_symbol_no_unit at 0x000001B8D3926160>, 'FAL-NLMMTR-SYMBOL-NO-UNIT': <function _nlmmtr_symbol_no_unit at 0x000001B8D3926200>, 'FAL-NLMAF-SYMBOL-NO-UNIT': <function _nlmaf_symbol_no_unit at 0x000001B8D39262A0>, 'FAL-CIRC-SYMBOL-NO-UNIT': <function _circ_symbol_no_unit at 0x000001B8D3926340>, 'FAL-WEP9-SYMBOL-NO-UNIT': <function _wep9_symbol_no_unit at 0x000001B8D39263E0>, 'FAL-WAVE-SPEED-SYMBOL-NO-UNIT': <function _wave_speed_symbol_no_unit at 0x000001B8D3926480>, 'FAL-MACHINE-MA-SYMBOL-NO-UNIT': <function _machine_ma_symbol_no_unit at 0x000001B8D3926520>, 'FAL-OPT-MIRROR-SYMBOL-NO-UNIT': <function _opt_mirror_symbol_no_unit at 0x000001B8D39265C0>, 'FAL-OPT-LENS-SYMBOL-NO-UNIT': <function _opt_lens_symbol_no_unit at 0x000001B8D3926660>, 'FAL-EQ-SYMBOL-NO-DOMAIN': <function _eq_symbol_no_domain at 0x000001B8D3926700>, 'FAL-EQ-REP-UNDECLARED': <function _eq_rep_undeclared at 0x000001B8D39267A0>, 'FAL-EQ-BACKWARD-STEP': <function _eq_backward_step at 0x000001B8D3926840>, 'FAL-EQ-DUPLICATE-ASSET': <function _eq_duplicate_asset at 0x000001B8D39268E0>, 'FAL-EQ-PRESCRIBED-NO-BINDING': <function _eq_prescribed_no_binding at 0x000001B8D3926980>} : declared as a falsifier and nothing applies it

======================================================================
FAIL: test_motion2d_explorers_pass_runtime_integrity_slice (test_gcdr_runtime_audit.GCDRRuntimeAuditTest.test_motion2d_explorers_pass_runtime_integrity_slice)
----------------------------------------------------------------------
Traceback (most recent call last):
  File "C:\CodeB\Grade9v3.5\.codex-recovery\r4-suite\tests\test_gcdr_runtime_audit.py", line 17, in test_motion2d_explorers_pass_runtime_integrity_slice
    self.assertTrue(report["passed"])
AssertionError: False is not true

======================================================================
FAIL: test_master_suite_guard_passes (test_gcdr_v13_contracts.GcdrV13ContractsTest.test_master_suite_guard_passes)
----------------------------------------------------------------------
Traceback (most recent call last):
  File "C:\CodeB\Grade9v3.5\.codex-recovery\r4-suite\tests\test_gcdr_v13_contracts.py", line 18, in test_master_suite_guard_passes
    self.assertEqual(gcdr_suite_guard.findings(REPO), [])
AssertionError: Lists differ: [{'suite': 'GCDR-SUITE-CHEMICAL-BONDING', [5614 chars]']"}] != []

First list contains 18 additional elements.
First extra element 0:
{'suite': 'GCDR-SUITE-CHEMICAL-BONDING', 'point': 'REMOTE_DEPENDENCY_DRIFT', 'detail': "public/chemistry/bonding/explorers/chemical_bonding/index.html: declared=['https://cdn.jsdelivr.net/npm/katex@0.16.8/dist/katex.min.css', 'https://cdn.jsdelivr.net/npm/katex@0.16.8/dist/katex.min.js', 'https://cdn.tailwindcss.com'] actual=['https://cdn.tailwindcss.com']"}

Diff is 6884 characters long. Set self.maxDiff to None to see it.

======================================================================
FAIL: test_every_committed_bridge_names_a_drawn_part_and_a_used_symbol (test_library.DepictionIsBackedByTheContract.test_every_committed_bridge_names_a_drawn_part_and_a_used_symbol) (figure='REP-MAT-LEQ-01-SIDE-BY-SIDE-TABLE', symbol='L(s)')
----------------------------------------------------------------------
Traceback (most recent call last):
  File "C:\CodeB\Grade9v3.5\.codex-recovery\r4-suite\tests\test_library.py", line 1320, in test_every_committed_bridge_names_a_drawn_part_and_a_used_symbol
    self.assertIn(bridge["symbol"],
AssertionError: 'L(s)' not found in {'x', 's', 'R(x)', 'L(x)'}

======================================================================
FAIL: test_every_committed_bridge_names_a_drawn_part_and_a_used_symbol (test_library.DepictionIsBackedByTheContract.test_every_committed_bridge_names_a_drawn_part_and_a_used_symbol) (figure='REP-MAT-LEQ-01-SIDE-BY-SIDE-TABLE', symbol='R(s)')
----------------------------------------------------------------------
Traceback (most recent call last):
  File "C:\CodeB\Grade9v3.5\.codex-recovery\r4-suite\tests\test_library.py", line 1320, in test_every_committed_bridge_names_a_drawn_part_and_a_used_symbol
    self.assertIn(bridge["symbol"],
AssertionError: 'R(s)' not found in {'x', 's', 'R(x)', 'L(x)'}

======================================================================
FAIL: test_every_committed_bridge_names_a_drawn_part_and_a_used_symbol (test_library.DepictionIsBackedByTheContract.test_every_committed_bridge_names_a_drawn_part_and_a_used_symbol) (figure='REP-MAT-LEQ-02-BALANCE', symbol='L')
----------------------------------------------------------------------
Traceback (most recent call last):
  File "C:\CodeB\Grade9v3.5\.codex-recovery\r4-suite\tests\test_library.py", line 1320, in test_every_committed_bridge_names_a_drawn_part_and_a_used_symbol
    self.assertIn(bridge["symbol"],
AssertionError: 'L' not found in {'k', 'L, R', 't', 'c'}

======================================================================
FAIL: test_every_committed_bridge_names_a_drawn_part_and_a_used_symbol (test_library.DepictionIsBackedByTheContract.test_every_committed_bridge_names_a_drawn_part_and_a_used_symbol) (figure='REP-MAT-LEQ-02-BALANCE', symbol='L − c = R − c')
----------------------------------------------------------------------
Traceback (most recent call last):
  File "C:\CodeB\Grade9v3.5\.codex-recovery\r4-suite\tests\test_library.py", line 1320, in test_every_committed_bridge_names_a_drawn_part_and_a_used_symbol
    self.assertIn(bridge["symbol"],
AssertionError: 'L − c = R − c' not found in {'k', 'L, R', 't', 'c'}

======================================================================
FAIL: test_every_committed_bridge_names_a_drawn_part_and_a_used_symbol (test_library.DepictionIsBackedByTheContract.test_every_committed_bridge_names_a_drawn_part_and_a_used_symbol) (figure='REP-MAT-LEQ-02-BALANCE', symbol='x = s')
----------------------------------------------------------------------
Traceback (most recent call last):
  File "C:\CodeB\Grade9v3.5\.codex-recovery\r4-suite\tests\test_library.py", line 1320, in test_every_committed_bridge_names_a_drawn_part_and_a_used_symbol
    self.assertIn(bridge["symbol"],
AssertionError: 'x = s' not found in {'k', 'L, R', 't', 'c'}

======================================================================
FAIL: test_every_committed_bridge_names_a_drawn_part_and_a_used_symbol (test_library.DepictionIsBackedByTheContract.test_every_committed_bridge_names_a_drawn_part_and_a_used_symbol) (figure='REP-MAT-LEQ-03-BRACKET-AREA-MODEL', symbol='−2')
----------------------------------------------------------------------
Traceback (most recent call last):
  File "C:\CodeB\Grade9v3.5\.codex-recovery\r4-suite\tests\test_library.py", line 1320, in test_every_committed_bridge_names_a_drawn_part_and_a_used_symbol
    self.assertIn(bridge["symbol"],
AssertionError: '−2' not found in {'m', 'L, R'}

======================================================================
FAIL: test_every_committed_bridge_names_a_drawn_part_and_a_used_symbol (test_library.DepictionIsBackedByTheContract.test_every_committed_bridge_names_a_drawn_part_and_a_used_symbol) (figure='REP-MAT-LEQ-03-BRACKET-AREA-MODEL', symbol='(−2)(2x), (−2)(−7)')
----------------------------------------------------------------------
Traceback (most recent call last):
  File "C:\CodeB\Grade9v3.5\.codex-recovery\r4-suite\tests\test_library.py", line 1320, in test_every_committed_bridge_names_a_drawn_part_and_a_used_symbol
    self.assertIn(bridge["symbol"],
AssertionError: '(−2)(2x), (−2)(−7)' not found in {'m', 'L, R'}

======================================================================
FAIL: test_every_committed_bridge_names_a_drawn_part_and_a_used_symbol (test_library.DepictionIsBackedByTheContract.test_every_committed_bridge_names_a_drawn_part_and_a_used_symbol) (figure='REP-MAT-LEQ-03-BRACKET-AREA-MODEL', symbol='−4x + 14')
----------------------------------------------------------------------
Traceback (most recent call last):
  File "C:\CodeB\Grade9v3.5\.codex-recovery\r4-suite\tests\test_library.py", line 1320, in test_every_committed_bridge_names_a_drawn_part_and_a_used_symbol
    self.assertIn(bridge["symbol"],
AssertionError: '−4x + 14' not found in {'m', 'L, R'}

======================================================================
FAIL: test_every_committed_bridge_names_a_drawn_part_and_a_used_symbol (test_library.DepictionIsBackedByTheContract.test_every_committed_bridge_names_a_drawn_part_and_a_used_symbol) (figure='REP-MAT-LEQ-04-SOLUTION-LINE', symbol='ax + by + c = 0')
----------------------------------------------------------------------
Traceback (most recent call last):
  File "C:\CodeB\Grade9v3.5\.codex-recovery\r4-suite\tests\test_library.py", line 1320, in test_every_committed_bridge_names_a_drawn_part_and_a_used_symbol
    self.assertIn(bridge["symbol"],
AssertionError: 'ax + by + c = 0' not found in {'c', '(x₀, y₀)', 'b', 'a', 'a, b', 'x, y'}

======================================================================
FAIL: test_every_committed_bridge_names_a_drawn_part_and_a_used_symbol (test_library.DepictionIsBackedByTheContract.test_every_committed_bridge_names_a_drawn_part_and_a_used_symbol) (figure='REP-MAT-LEQ-04-SOLUTION-LINE', symbol='(x, 0), (0, y)')
----------------------------------------------------------------------
Traceback (most recent call last):
  File "C:\CodeB\Grade9v3.5\.codex-recovery\r4-suite\tests\test_library.py", line 1320, in test_every_committed_bridge_names_a_drawn_part_and_a_used_symbol
    self.assertIn(bridge["symbol"],
AssertionError: '(x, 0), (0, y)' not found in {'c', '(x₀, y₀)', 'b', 'a', 'a, b', 'x, y'}

======================================================================
FAIL: test_every_committed_representation_is_backed (test_library.DepictionIsBackedByTheContract.test_every_committed_representation_is_backed) (subject='Mathematics')
----------------------------------------------------------------------
Traceback (most recent call last):
  File "C:\CodeB\Grade9v3.5\.codex-recovery\r4-suite\tests\test_library.py", line 1237, in test_every_committed_representation_is_backed
    self.assertEqual(report["findings"], [])
AssertionError: Lists differ: [{'point': 'REPRESENTATION_KIND_UNDECLARED[3152 chars] y"}] != []

First list contains 14 additional elements.
First extra element 0:
{'point': 'REPRESENTATION_KIND_UNDECLARED', 'record': 'REP-MAT-LEQ-01-SIDE-BY-SIDE-TABLE', 'detail': "depicts by 'TABLE_OF_VALUES', which this subject does not declare; it declares FUNCTION_PLOT, GEOMETRIC_CONSTRUCTION, NUMBER_LINE"}

Diff is 3664 characters long. Set self.maxDiff to None to see it.

======================================================================
FAIL: test_a_genuine_difference_claim_is_admitted (test_library.ElicitationClaimsAreChecked.test_a_genuine_difference_claim_is_admitted)
----------------------------------------------------------------------
Traceback (most recent call last):
  File "C:\CodeB\Grade9v3.5\.codex-recovery\r4-suite\tests\test_library.py", line 1139, in test_a_genuine_difference_claim_is_admitted
    self.assertTrue(check(package)["admitted"], check(package)["findings"])
AssertionError: False is not true : [{'point': 'STRUCTURE', 'detail': "['questions', 6, 'answer', 'verification_status']: 'VERIFIED_CANONICAL' is not one of ['NOT_RUN', 'CHECKED_BY_AUTHOR', 'INDEPENDENTLY_CHECKED', 'DISPUTED']"}, {'point': 'STRUCTURE', 'detail': "['questions', 6, 'status']: 'PUBLISHED' is not one of ['DISCOVERED', 'CANDIDATE', 'REVIEWED', 'CURATED', 'DISPUTED', 'STALE', 'RETIRED']"}, {'point': 'STRUCTURE', 'detail': "['questions', 7, 'answer', 'verification_status']: 'VERIFIED_CANONICAL' is not one of ['NOT_RUN', 'CHECKED_BY_AUTHOR', 'INDEPENDENTLY_CHECKED', 'DISPUTED']"}, {'point': 'STRUCTURE', 'detail': "['questions', 7, 'status']: 'PUBLISHED' is not one of ['DISCOVERED', 'CANDIDATE', 'REVIEWED', 'CURATED', 'DISPUTED', 'STALE', 'RETIRED']"}, {'point': 'STRUCTURE', 'detail': "['questions', 8, 'answer', 'verification_status']: 'VERIFIED_CANONICAL' is not one of ['NOT_RUN', 'CHECKED_BY_AUTHOR', 'INDEPENDENTLY_CHECKED', 'DISPUTED']"}, {'point': 'STRUCTURE', 'detail': "['questions', 8, 'status']: 'PUBLISHED' is not one of ['DISCOVERED', 'CANDIDATE', 'REVIEWED', 'CURATED', 'DISPUTED', 'STALE', 'RETIRED']"}, {'point': 'STRUCTURE', 'detail': "['questions', 11, 'answer', 'verification_status']: 'VERIFIED_CANONICAL' is not one of ['NOT_RUN', 'CHECKED_BY_AUTHOR', 'INDEPENDENTLY_CHECKED', 'DISPUTED']"}, {'point': 'STRUCTURE', 'detail': "['questions', 11, 'status']: 'PUBLISHED' is not one of ['DISCOVERED', 'CANDIDATE', 'REVIEWED', 'CURATED', 'DISPUTED', 'STALE', 'RETIRED']"}, {'point': 'STRUCTURE', 'detail': "['questions', 12, 'answer', 'verification_status']: 'VERIFIED_CANONICAL' is not one of ['NOT_RUN', 'CHECKED_BY_AUTHOR', 'INDEPENDENTLY_CHECKED', 'DISPUTED']"}, {'point': 'STRUCTURE', 'detail': "['questions', 12, 'status']: 'PUBLISHED' is not one of ['DISCOVERED', 'CANDIDATE', 'REVIEWED', 'CURATED', 'DISPUTED', 'STALE', 'RETIRED']"}, {'point': 'DUPLICATED', 'detail': 'REL-MAT-LEQ-03-REDUCED-OUTCOMES.extensions.grade9v3:academic_revision.basis: identical text on 5 records (REL-MAT-LEQ-03-REDUCED-OUTCOMES, REL-MAT-LEQ-03-REDUCTION, REL-MAT-LEQ-04-STRAIGHT-LINE, REL-MAT-LEQ-04-TWO-VARIABLE-FORM...)'}, {'point': 'DUPLICATED', 'detail': 'REL-MAT-LEQ-03-REDUCTION.extensions.grade9v3:academic_revision.basis: identical text on 5 records (REL-MAT-LEQ-03-REDUCED-OUTCOMES, REL-MAT-LEQ-03-REDUCTION, REL-MAT-LEQ-04-STRAIGHT-LINE, REL-MAT-LEQ-04-TWO-VARIABLE-FORM...)'}, {'point': 'DUPLICATED', 'detail': 'REL-MAT-LEQ-04-STRAIGHT-LINE.extensions.grade9v3:academic_revision.basis: identical text on 5 records (REL-MAT-LEQ-03-REDUCED-OUTCOMES, REL-MAT-LEQ-03-REDUCTION, REL-MAT-LEQ-04-STRAIGHT-LINE, REL-MAT-LEQ-04-TWO-VARIABLE-FORM...)'}, {'point': 'DUPLICATED', 'detail': 'REL-MAT-LEQ-04-TWO-VARIABLE-FORM.extensions.grade9v3:academic_revision.basis: identical text on 5 records (REL-MAT-LEQ-03-REDUCED-OUTCOMES, REL-MAT-LEQ-03-REDUCTION, REL-MAT-LEQ-04-STRAIGHT-LINE, REL-MAT-LEQ-04-TWO-VARIABLE-FORM...)'}, {'point': 'DUPLICATED', 'detail': 'REL-MATH-EXACTNESS.extensions.grade9v3:academic_revision.basis: identical text on 5 records (REL-MAT-LEQ-03-REDUCED-OUTCOMES, REL-MAT-LEQ-03-REDUCTION, REL-MAT-LEQ-04-STRAIGHT-LINE, REL-MAT-LEQ-04-TWO-VARIABLE-FORM...)'}]

======================================================================
FAIL: test_a_repair_route_pointing_at_a_real_teaching_step_is_allowed (test_library.FieldsAddedMustCarryWhatTheyPromise.test_a_repair_route_pointing_at_a_real_teaching_step_is_allowed)
----------------------------------------------------------------------
Traceback (most recent call last):
  File "C:\CodeB\Grade9v3.5\.codex-recovery\r4-suite\tests\test_library.py", line 894, in test_a_repair_route_pointing_at_a_real_teaching_step_is_allowed
    self.assertTrue(check(package)["admitted"], check(package)["findings"])
AssertionError: False is not true : [{'point': 'STRUCTURE', 'detail': "['questions', 6, 'answer', 'verification_status']: 'VERIFIED_CANONICAL' is not one of ['NOT_RUN', 'CHECKED_BY_AUTHOR', 'INDEPENDENTLY_CHECKED', 'DISPUTED']"}, {'point': 'STRUCTURE', 'detail': "['questions', 6, 'status']: 'PUBLISHED' is not one of ['DISCOVERED', 'CANDIDATE', 'REVIEWED', 'CURATED', 'DISPUTED', 'STALE', 'RETIRED']"}, {'point': 'STRUCTURE', 'detail': "['questions', 7, 'answer', 'verification_status']: 'VERIFIED_CANONICAL' is not one of ['NOT_RUN', 'CHECKED_BY_AUTHOR', 'INDEPENDENTLY_CHECKED', 'DISPUTED']"}, {'point': 'STRUCTURE', 'detail': "['questions', 7, 'status']: 'PUBLISHED' is not one of ['DISCOVERED', 'CANDIDATE', 'REVIEWED', 'CURATED', 'DISPUTED', 'STALE', 'RETIRED']"}, {'point': 'STRUCTURE', 'detail': "['questions', 8, 'answer', 'verification_status']: 'VERIFIED_CANONICAL' is not one of ['NOT_RUN', 'CHECKED_BY_AUTHOR', 'INDEPENDENTLY_CHECKED', 'DISPUTED']"}, {'point': 'STRUCTURE', 'detail': "['questions', 8, 'status']: 'PUBLISHED' is not one of ['DISCOVERED', 'CANDIDATE', 'REVIEWED', 'CURATED', 'DISPUTED', 'STALE', 'RETIRED']"}, {'point': 'STRUCTURE', 'detail': "['questions', 11, 'answer', 'verification_status']: 'VERIFIED_CANONICAL' is not one of ['NOT_RUN', 'CHECKED_BY_AUTHOR', 'INDEPENDENTLY_CHECKED', 'DISPUTED']"}, {'point': 'STRUCTURE', 'detail': "['questions', 11, 'status']: 'PUBLISHED' is not one of ['DISCOVERED', 'CANDIDATE', 'REVIEWED', 'CURATED', 'DISPUTED', 'STALE', 'RETIRED']"}, {'point': 'STRUCTURE', 'detail': "['questions', 12, 'answer', 'verification_status']: 'VERIFIED_CANONICAL' is not one of ['NOT_RUN', 'CHECKED_BY_AUTHOR', 'INDEPENDENTLY_CHECKED', 'DISPUTED']"}, {'point': 'STRUCTURE', 'detail': "['questions', 12, 'status']: 'PUBLISHED' is not one of ['DISCOVERED', 'CANDIDATE', 'REVIEWED', 'CURATED', 'DISPUTED', 'STALE', 'RETIRED']"}, {'point': 'DUPLICATED', 'detail': 'REL-MAT-LEQ-03-REDUCED-OUTCOMES.extensions.grade9v3:academic_revision.basis: identical text on 5 records (REL-MAT-LEQ-03-REDUCED-OUTCOMES, REL-MAT-LEQ-03-REDUCTION, REL-MAT-LEQ-04-STRAIGHT-LINE, REL-MAT-LEQ-04-TWO-VARIABLE-FORM...)'}, {'point': 'DUPLICATED', 'detail': 'REL-MAT-LEQ-03-REDUCTION.extensions.grade9v3:academic_revision.basis: identical text on 5 records (REL-MAT-LEQ-03-REDUCED-OUTCOMES, REL-MAT-LEQ-03-REDUCTION, REL-MAT-LEQ-04-STRAIGHT-LINE, REL-MAT-LEQ-04-TWO-VARIABLE-FORM...)'}, {'point': 'DUPLICATED', 'detail': 'REL-MAT-LEQ-04-STRAIGHT-LINE.extensions.grade9v3:academic_revision.basis: identical text on 5 records (REL-MAT-LEQ-03-REDUCED-OUTCOMES, REL-MAT-LEQ-03-REDUCTION, REL-MAT-LEQ-04-STRAIGHT-LINE, REL-MAT-LEQ-04-TWO-VARIABLE-FORM...)'}, {'point': 'DUPLICATED', 'detail': 'REL-MAT-LEQ-04-TWO-VARIABLE-FORM.extensions.grade9v3:academic_revision.basis: identical text on 5 records (REL-MAT-LEQ-03-REDUCED-OUTCOMES, REL-MAT-LEQ-03-REDUCTION, REL-MAT-LEQ-04-STRAIGHT-LINE, REL-MAT-LEQ-04-TWO-VARIABLE-FORM...)'}, {'point': 'DUPLICATED', 'detail': 'REL-MATH-EXACTNESS.extensions.grade9v3:academic_revision.basis: identical text on 5 records (REL-MAT-LEQ-03-REDUCED-OUTCOMES, REL-MAT-LEQ-03-REDUCTION, REL-MAT-LEQ-04-STRAIGHT-LINE, REL-MAT-LEQ-04-TWO-VARIABLE-FORM...)'}]

======================================================================
FAIL: test_an_index_inside_the_breakdown_is_allowed (test_library.FieldsAddedMustCarryWhatTheyPromise.test_an_index_inside_the_breakdown_is_allowed)
----------------------------------------------------------------------
Traceback (most recent call last):
  File "C:\CodeB\Grade9v3.5\.codex-recovery\r4-suite\tests\test_library.py", line 869, in test_an_index_inside_the_breakdown_is_allowed
    self.assertTrue(check(package)["admitted"], check(package)["findings"])
AssertionError: False is not true : [{'point': 'STRUCTURE', 'detail': "['questions', 6, 'answer', 'verification_status']: 'VERIFIED_CANONICAL' is not one of ['NOT_RUN', 'CHECKED_BY_AUTHOR', 'INDEPENDENTLY_CHECKED', 'DISPUTED']"}, {'point': 'STRUCTURE', 'detail': "['questions', 6, 'status']: 'PUBLISHED' is not one of ['DISCOVERED', 'CANDIDATE', 'REVIEWED', 'CURATED', 'DISPUTED', 'STALE', 'RETIRED']"}, {'point': 'STRUCTURE', 'detail': "['questions', 7, 'answer', 'verification_status']: 'VERIFIED_CANONICAL' is not one of ['NOT_RUN', 'CHECKED_BY_AUTHOR', 'INDEPENDENTLY_CHECKED', 'DISPUTED']"}, {'point': 'STRUCTURE', 'detail': "['questions', 7, 'status']: 'PUBLISHED' is not one of ['DISCOVERED', 'CANDIDATE', 'REVIEWED', 'CURATED', 'DISPUTED', 'STALE', 'RETIRED']"}, {'point': 'STRUCTURE', 'detail': "['questions', 8, 'answer', 'verification_status']: 'VERIFIED_CANONICAL' is not one of ['NOT_RUN', 'CHECKED_BY_AUTHOR', 'INDEPENDENTLY_CHECKED', 'DISPUTED']"}, {'point': 'STRUCTURE', 'detail': "['questions', 8, 'status']: 'PUBLISHED' is not one of ['DISCOVERED', 'CANDIDATE', 'REVIEWED', 'CURATED', 'DISPUTED', 'STALE', 'RETIRED']"}, {'point': 'STRUCTURE', 'detail': "['questions', 11, 'answer', 'verification_status']: 'VERIFIED_CANONICAL' is not one of ['NOT_RUN', 'CHECKED_BY_AUTHOR', 'INDEPENDENTLY_CHECKED', 'DISPUTED']"}, {'point': 'STRUCTURE', 'detail': "['questions', 11, 'status']: 'PUBLISHED' is not one of ['DISCOVERED', 'CANDIDATE', 'REVIEWED', 'CURATED', 'DISPUTED', 'STALE', 'RETIRED']"}, {'point': 'STRUCTURE', 'detail': "['questions', 12, 'answer', 'verification_status']: 'VERIFIED_CANONICAL' is not one of ['NOT_RUN', 'CHECKED_BY_AUTHOR', 'INDEPENDENTLY_CHECKED', 'DISPUTED']"}, {'point': 'STRUCTURE', 'detail': "['questions', 12, 'status']: 'PUBLISHED' is not one of ['DISCOVERED', 'CANDIDATE', 'REVIEWED', 'CURATED', 'DISPUTED', 'STALE', 'RETIRED']"}, {'point': 'DUPLICATED', 'detail': 'REL-MAT-LEQ-03-REDUCED-OUTCOMES.extensions.grade9v3:academic_revision.basis: identical text on 5 records (REL-MAT-LEQ-03-REDUCED-OUTCOMES, REL-MAT-LEQ-03-REDUCTION, REL-MAT-LEQ-04-STRAIGHT-LINE, REL-MAT-LEQ-04-TWO-VARIABLE-FORM...)'}, {'point': 'DUPLICATED', 'detail': 'REL-MAT-LEQ-03-REDUCTION.extensions.grade9v3:academic_revision.basis: identical text on 5 records (REL-MAT-LEQ-03-REDUCED-OUTCOMES, REL-MAT-LEQ-03-REDUCTION, REL-MAT-LEQ-04-STRAIGHT-LINE, REL-MAT-LEQ-04-TWO-VARIABLE-FORM...)'}, {'point': 'DUPLICATED', 'detail': 'REL-MAT-LEQ-04-STRAIGHT-LINE.extensions.grade9v3:academic_revision.basis: identical text on 5 records (REL-MAT-LEQ-03-REDUCED-OUTCOMES, REL-MAT-LEQ-03-REDUCTION, REL-MAT-LEQ-04-STRAIGHT-LINE, REL-MAT-LEQ-04-TWO-VARIABLE-FORM...)'}, {'point': 'DUPLICATED', 'detail': 'REL-MAT-LEQ-04-TWO-VARIABLE-FORM.extensions.grade9v3:academic_revision.basis: identical text on 5 records (REL-MAT-LEQ-03-REDUCED-OUTCOMES, REL-MAT-LEQ-03-REDUCTION, REL-MAT-LEQ-04-STRAIGHT-LINE, REL-MAT-LEQ-04-TWO-VARIABLE-FORM...)'}, {'point': 'DUPLICATED', 'detail': 'REL-MATH-EXACTNESS.extensions.grade9v3:academic_revision.basis: identical text on 5 records (REL-MAT-LEQ-03-REDUCED-OUTCOMES, REL-MAT-LEQ-03-REDUCTION, REL-MAT-LEQ-04-STRAIGHT-LINE, REL-MAT-LEQ-04-TWO-VARIABLE-FORM...)'}]

======================================================================
FAIL: test_the_committed_packages_still_admit_with_none_of_the_new_fields_set (test_library.FieldsAddedMustCarryWhatTheyPromise.test_the_committed_packages_still_admit_with_none_of_the_new_fields_set) (package='linear-equations.v1.json')
----------------------------------------------------------------------
Traceback (most recent call last):
  File "C:\CodeB\Grade9v3.5\.codex-recovery\r4-suite\tests\test_library.py", line 836, in test_the_committed_packages_still_admit_with_none_of_the_new_fields_set
    self.assertTrue(check(json.loads(path.read_text(encoding="utf-8")))["admitted"])
AssertionError: False is not true

======================================================================
FAIL: test_the_same_hint_in_the_last_position_is_allowed (test_library.FieldsAddedMustCarryWhatTheyPromise.test_the_same_hint_in_the_last_position_is_allowed)
----------------------------------------------------------------------
Traceback (most recent call last):
  File "C:\CodeB\Grade9v3.5\.codex-recovery\r4-suite\tests\test_library.py", line 855, in test_the_same_hint_in_the_last_position_is_allowed
    self.assertTrue(check(package)["admitted"], check(package)["findings"])
AssertionError: False is not true : [{'point': 'STRUCTURE', 'detail': "['questions', 6, 'answer', 'verification_status']: 'VERIFIED_CANONICAL' is not one of ['NOT_RUN', 'CHECKED_BY_AUTHOR', 'INDEPENDENTLY_CHECKED', 'DISPUTED']"}, {'point': 'STRUCTURE', 'detail': "['questions', 6, 'status']: 'PUBLISHED' is not one of ['DISCOVERED', 'CANDIDATE', 'REVIEWED', 'CURATED', 'DISPUTED', 'STALE', 'RETIRED']"}, {'point': 'STRUCTURE', 'detail': "['questions', 7, 'answer', 'verification_status']: 'VERIFIED_CANONICAL' is not one of ['NOT_RUN', 'CHECKED_BY_AUTHOR', 'INDEPENDENTLY_CHECKED', 'DISPUTED']"}, {'point': 'STRUCTURE', 'detail': "['questions', 7, 'status']: 'PUBLISHED' is not one of ['DISCOVERED', 'CANDIDATE', 'REVIEWED', 'CURATED', 'DISPUTED', 'STALE', 'RETIRED']"}, {'point': 'STRUCTURE', 'detail': "['questions', 8, 'answer', 'verification_status']: 'VERIFIED_CANONICAL' is not one of ['NOT_RUN', 'CHECKED_BY_AUTHOR', 'INDEPENDENTLY_CHECKED', 'DISPUTED']"}, {'point': 'STRUCTURE', 'detail': "['questions', 8, 'status']: 'PUBLISHED' is not one of ['DISCOVERED', 'CANDIDATE', 'REVIEWED', 'CURATED', 'DISPUTED', 'STALE', 'RETIRED']"}, {'point': 'STRUCTURE', 'detail': "['questions', 11, 'answer', 'verification_status']: 'VERIFIED_CANONICAL' is not one of ['NOT_RUN', 'CHECKED_BY_AUTHOR', 'INDEPENDENTLY_CHECKED', 'DISPUTED']"}, {'point': 'STRUCTURE', 'detail': "['questions', 11, 'status']: 'PUBLISHED' is not one of ['DISCOVERED', 'CANDIDATE', 'REVIEWED', 'CURATED', 'DISPUTED', 'STALE', 'RETIRED']"}, {'point': 'STRUCTURE', 'detail': "['questions', 12, 'answer', 'verification_status']: 'VERIFIED_CANONICAL' is not one of ['NOT_RUN', 'CHECKED_BY_AUTHOR', 'INDEPENDENTLY_CHECKED', 'DISPUTED']"}, {'point': 'STRUCTURE', 'detail': "['questions', 12, 'status']: 'PUBLISHED' is not one of ['DISCOVERED', 'CANDIDATE', 'REVIEWED', 'CURATED', 'DISPUTED', 'STALE', 'RETIRED']"}, {'point': 'DUPLICATED', 'detail': 'REL-MAT-LEQ-03-REDUCED-OUTCOMES.extensions.grade9v3:academic_revision.basis: identical text on 5 records (REL-MAT-LEQ-03-REDUCED-OUTCOMES, REL-MAT-LEQ-03-REDUCTION, REL-MAT-LEQ-04-STRAIGHT-LINE, REL-MAT-LEQ-04-TWO-VARIABLE-FORM...)'}, {'point': 'DUPLICATED', 'detail': 'REL-MAT-LEQ-03-REDUCTION.extensions.grade9v3:academic_revision.basis: identical text on 5 records (REL-MAT-LEQ-03-REDUCED-OUTCOMES, REL-MAT-LEQ-03-REDUCTION, REL-MAT-LEQ-04-STRAIGHT-LINE, REL-MAT-LEQ-04-TWO-VARIABLE-FORM...)'}, {'point': 'DUPLICATED', 'detail': 'REL-MAT-LEQ-04-STRAIGHT-LINE.extensions.grade9v3:academic_revision.basis: identical text on 5 records (REL-MAT-LEQ-03-REDUCED-OUTCOMES, REL-MAT-LEQ-03-REDUCTION, REL-MAT-LEQ-04-STRAIGHT-LINE, REL-MAT-LEQ-04-TWO-VARIABLE-FORM...)'}, {'point': 'DUPLICATED', 'detail': 'REL-MAT-LEQ-04-TWO-VARIABLE-FORM.extensions.grade9v3:academic_revision.basis: identical text on 5 records (REL-MAT-LEQ-03-REDUCED-OUTCOMES, REL-MAT-LEQ-03-REDUCTION, REL-MAT-LEQ-04-STRAIGHT-LINE, REL-MAT-LEQ-04-TWO-VARIABLE-FORM...)'}, {'point': 'DUPLICATED', 'detail': 'REL-MATH-EXACTNESS.extensions.grade9v3:academic_revision.basis: identical text on 5 records (REL-MAT-LEQ-03-REDUCED-OUTCOMES, REL-MAT-LEQ-03-REDUCTION, REL-MAT-LEQ-04-STRAIGHT-LINE, REL-MAT-LEQ-04-TWO-VARIABLE-FORM...)'}]

======================================================================
FAIL: test_every_committed_package_agrees_with_the_gates (test_library.GateAuthorityOverSubjectTruth.test_every_committed_package_agrees_with_the_gates) (subject='Physics')
----------------------------------------------------------------------
Traceback (most recent call last):
  File "C:\CodeB\Grade9v3.5\.codex-recovery\r4-suite\tests\test_library.py", line 473, in test_every_committed_package_agrees_with_the_gates
    self.assertTrue(authority.audit(root)["passed"], authority.audit(root))
AssertionError: False is not true : {'subject': 'Physics', 'gate_relations': 58, 'packages': [{'package': 'phy-elec-current-ohm.v1.json', 'findings': [{'point': 'GATE_RELATION_UNKNOWN', 'record': 'REL-ELEC-CURRENT-CONSERVATION', 'detail': 'binds to REL-ELEC-CURRENT-CONSERVATION, which no gate registry for this subject declares'}, {'point': 'GATE_RELATION_UNKNOWN', 'record': 'REL-ELEC-OHMIC-MODEL', 'detail': 'binds to REL-ELEC-OHMIC-MODEL, which no gate registry for this subject declares'}]}, {'package': 'phy-fluid-bernoulli-equation.v1.json', 'findings': []}, {'package': 'phy-grav-universal-law.v1.json', 'findings': []}, {'package': 'phy-kin-1d-motion.v1.json', 'findings': []}, {'package': 'phy-kin-2d-motion.v1.json', 'findings': []}, {'package': 'phy-mag-field-lorentz.v1.json', 'findings': []}, {'package': 'phy-nlm-first-law.v1.json', 'findings': []}, {'package': 'phy-nlm-momentum-transfer.v1.json', 'findings': []}, {'package': 'phy-optics-reflection-mirrors.v1.json', 'findings': []}, {'package': 'phy-optics-refraction-lenses.v1.json', 'findings': []}, {'package': 'phy-osc-shm-waves.v1.json', 'findings': [{'point': 'GATE_RELATION_UNKNOWN', 'record': 'REL-OSC-STABLE-EQUILIBRIUM', 'detail': 'binds to REL-OSC-STABLE-EQUILIBRIUM, which no gate registry for this subject declares'}, {'point': 'GATE_RELATION_UNKNOWN', 'record': 'REL-OSC-ENERGY-EXCHANGE', 'detail': 'binds to REL-OSC-ENERGY-EXCHANGE, which no gate registry for this subject declares'}]}, {'package': 'phy-rot-rigid-body.v1.json', 'findings': []}, {'package': 'phy-simple-machines.v1.json', 'findings': []}, {'package': 'phy-sound.v1.json', 'findings': []}, {'package': 'phy-thermo-first-second-law.v1.json', 'findings': []}, {'package': 'phy-vec-add-sub.v1.json', 'findings': []}, {'package': 'phy-vector-direction-unit.v1.json', 'findings': []}, {'package': 'phy-work-energy-power.v1.json', 'findings': []}, {'package': 'relative-motion.v1.json', 'findings': []}, {'package': 'vector-representation.v1.json', 'findings': []}], 'passed': False}

======================================================================
FAIL: test_a_planted_collision_is_refused (test_library.NestedIdsAreAddressableAndUnambiguous.test_a_planted_collision_is_refused)
----------------------------------------------------------------------
Traceback (most recent call last):
  File "C:\CodeB\Grade9v3.5\.codex-recovery\r4-suite\tests\test_library.py", line 1201, in test_a_planted_collision_is_refused
    self.assertEqual(raised.exception.code, "LIBRARY_NESTED_ID_COLLISION")
AssertionError: 'LIBRARY_UNRESOLVED_REFERENCE' != 'LIBRARY_NESTED_ID_COLLISION'
- LIBRARY_UNRESOLVED_REFERENCE
+ LIBRARY_NESTED_ID_COLLISION


======================================================================
FAIL: test_the_committed_libraries_are_clean (test_library.SubstanceGate.test_the_committed_libraries_are_clean) (package='linear-equations.v1.json')
----------------------------------------------------------------------
Traceback (most recent call last):
  File "C:\CodeB\Grade9v3.5\.codex-recovery\r4-suite\tests\test_library.py", line 341, in test_the_committed_libraries_are_clean
    self.assertEqual(substance.findings(intake.corpus(package)), [])
AssertionError: Lists differ: [{'point': 'DUPLICATED', 'record': 'REL-MA[1401 chars].)'}] != []

First list contains 5 additional elements.
First extra element 0:
{'point': 'DUPLICATED', 'record': 'REL-MAT-LEQ-03-REDUCED-OUTCOMES', 'field': 'extensions.grade9v3:academic_revision.basis', 'detail': 'identical text on 5 records (REL-MAT-LEQ-03-REDUCED-OUTCOMES, REL-MAT-LEQ-03-REDUCTION, REL-MAT-LEQ-04-STRAIGHT-LINE, REL-MAT-LEQ-04-TWO-VARIABLE-FORM...)'}

Diff is 1698 characters long. Set self.maxDiff to None to see it.

======================================================================
FAIL: test_the_decimal_a_tolerance_would_accept_is_rejected (test_mathematics.EndToEnd.test_the_decimal_a_tolerance_would_accept_is_rejected)
----------------------------------------------------------------------
Traceback (most recent call last):
  File "C:\CodeB\Grade9v3.5\.codex-recovery\r4-suite\tests\test_mathematics.py", line 259, in test_the_decimal_a_tolerance_would_accept_is_rejected
    self.assertEqual(caught.exception.code, "PUBLISHED_ANSWER_MISMATCH")
AssertionError: 'EQUATION_SOURCE_MISMATCH' != 'PUBLISHED_ANSWER_MISMATCH'
- EQUATION_SOURCE_MISMATCH
+ PUBLISHED_ANSWER_MISMATCH


======================================================================
FAIL: test_a_figure_may_not_draw_a_value_it_did_not_declare (test_mathematics.NumberLineScene.test_a_figure_may_not_draw_a_value_it_did_not_declare)
----------------------------------------------------------------------
Traceback (most recent call last):
  File "C:\CodeB\Grade9v3.5\.codex-recovery\r4-suite\tests\test_mathematics.py", line 172, in test_a_figure_may_not_draw_a_value_it_did_not_declare
    self.assertEqual(caught.exception.code, "FIGURE_SOURCE_BINDING_MISSING")
AssertionError: 'EQUATION_SOURCE_MISMATCH' != 'FIGURE_SOURCE_BINDING_MISSING'
- EQUATION_SOURCE_MISMATCH
+ FIGURE_SOURCE_BINDING_MISSING


======================================================================
FAIL: test_a_mark_that_does_not_declare_inclusion_is_refused (test_mathematics.NumberLineScene.test_a_mark_that_does_not_declare_inclusion_is_refused)
----------------------------------------------------------------------
Traceback (most recent call last):
  File "C:\CodeB\Grade9v3.5\.codex-recovery\r4-suite\tests\test_mathematics.py", line 157, in test_a_mark_that_does_not_declare_inclusion_is_refused
    self.assertEqual(caught.exception.code, "NUMBER_LINE_ENDPOINT_UNDECLARED")
AssertionError: 'EQUATION_SOURCE_MISMATCH' != 'NUMBER_LINE_ENDPOINT_UNDECLARED'
- EQUATION_SOURCE_MISMATCH
+ NUMBER_LINE_ENDPOINT_UNDECLARED


======================================================================
FAIL: test_every_package_loads_against_the_schema (test_package_depth.Migration.test_every_package_loads_against_the_schema) (package='linear-equations.v1.json')
----------------------------------------------------------------------
Traceback (most recent call last):
  File "C:\CodeB\Grade9v3.5\.codex-recovery\r4-suite\tests\test_package_depth.py", line 39, in test_every_package_loads_against_the_schema
    self.assertEqual(errors, [])
AssertionError: Lists differ: ["questions/6/status: 'PUBLISHED' is not o[5023 chars]D']"] != []

First list contains 36 additional elements.
First extra element 0:
"questions/6/status: 'PUBLISHED' is not one of ['DISCOVERED', 'CANDIDATE', 'REVIEWED', 'CURATED', 'DISPUTED', 'STALE', 'RETIRED']"

Diff is 5399 characters long. Set self.maxDiff to None to see it.

======================================================================
FAIL: test_committed_pages_mirror_is_current (test_pages_site.PagesSiteTest.test_committed_pages_mirror_is_current)
----------------------------------------------------------------------
Traceback (most recent call last):
  File "C:\CodeB\Grade9v3.5\.codex-recovery\r4-suite\tests\test_pages_site.py", line 14, in test_committed_pages_mirror_is_current
    self.assertEqual(build_pages_site.check(REPO), [])
AssertionError: Lists differ: ['stale generated Pages file: docs/.pages-[826 chars]f5)'] != []

First list contains 4 additional elements.
First extra element 0:
'stale generated Pages file: docs/.pages-manifest.json (expected sha256:d18f43416d85317a9a3b75cb1fbd3e10045bcd8a1abdc944a56ff4b565c74266, got sha256:790374935ac64e228cad71e2f2178c57bcc5c1fbdc9cfc99c8d37bd3ecbac53c)'

Diff is 938 characters long. Set self.maxDiff to None to see it.

======================================================================
FAIL: test_attempt_prompts_are_complete_questions (test_physics_practice_content_quality.TestPracticeContentQuality.test_attempt_prompts_are_complete_questions)
----------------------------------------------------------------------
Traceback (most recent call last):
  File "C:\CodeB\Grade9v3.5\.codex-recovery\r4-suite\tests\test_physics_practice_content_quality.py", line 48, in test_attempt_prompts_are_complete_questions
    self.assertEqual(len(ps), count, f"{name}: expected {count} attempt prompts")
AssertionError: 0 != 14 : core2-motion-1d-straight-line-tablet.html: expected 14 attempt prompts

======================================================================
FAIL: test_reported_figure_label_contradictions_are_removed (test_physics_practice_content_quality.TestPracticeContentQuality.test_reported_figure_label_contradictions_are_removed)
----------------------------------------------------------------------
Traceback (most recent call last):
  File "C:\CodeB\Grade9v3.5\.codex-recovery\r4-suite\tests\test_physics_practice_content_quality.py", line 113, in test_reported_figure_label_contradictions_are_removed
    self.assertNotIn("Quadrant II", vectors)
AssertionError: 'Quadrant II' unexpectedly found in '<!DOCTYPE html>\n<html lang="en" data-theme="dark">\n<head>\n  <meta charset="UTF-8">\n  <meta name="viewport" content="width=device-width, initial-scale=1.0, maximum-scale=5.0">\n  <title>GRADE 9 PHYSICS - Vector Algebra &amp; Resolution Master Suite</title>\n  <meta name="description" content="Complete 12.7-inch tablet study suite for Vector Algebra: Scalars vs Vectors, Component Resolution, Triangle/Parallelogram Law, Dot & Cross Products, and 25+ Structured Vector Challenges.">\n  <style>\n/* ==========================================================================\n   Physics: Vectors Standalone Stylesheet\n   WCAG 2.5.5 >= 48px touch targets, >= 120px textareas, no micro-fonts (<13.5px)\n   100% Offline Standalone · Dark/Light Mode · Responsive Stage/Support Grid\n   ========================================================================== */\n\n:root {\n  --tab12-container-max: 1400px;\n  --tab12-touch-min: 48px;\n  --tab12-base-font: 16px;\n  --tab12-radius-sm: 8px;\n  --tab12-radius-md: 12px;\n  --tab12-radius-lg: 16px;\n\n  --bg-app: #080d1a;\n  --bg-surface: #0f172a;\n  --bg-card: #152238;\n  --bg-card-subtle: #1a2942;\n  --border: #263859;\n  --border-light: #334b75;\n  --text-primary: #f8fafc;\n  --text-secondary: #94a3b8;\n  --text-muted: #64748b;\n  --accent: #38bdf8;\n  --accent-glow: rgba(56, 189, 248, 0.25);\n  --success: #34d399;\n  --warning: #f59e0b;\n  --danger: #f87171;\n  --purple: #c084fc;\n}\n\n[data-theme="light"] {\n  --bg-app: #f1f5f9;\n  --bg-surface: #ffffff;\n  --bg-card: #ffffff;\n  --bg-card-subtle: #f8fafc;\n  --border: #cbd5e1;\n  --border-light: #e2e8f0;\n  --text-primary: #0f172a;\n  --text-secondary: #475569;\n  --text-muted: #64748b;\n  --accent: #0284c7;\n  --accent-glow: rgba(2, 132, 199, 0.15);\n  --success: #059669;\n  --warning: #d97706;\n  --danger: #dc2626;\n  --purple: #7e22ce;\n}\n\n*, *::before, *::after {\n  box-sizing: border-box;\n  margin: 0;\n  padding: 0;\n}\n\nhtml {\n  font-size: var(--tab12-base-font);\n  font-family: -apple-system, BlinkMacSystemFont, "Segoe UI", Roboto, Helvetica, Arial, sans-serif;\n  color: var(--text-primary);\n  background-color: var(--bg-app);\n  scroll-behavior: smooth;\n  -webkit-text-size-adjust: 100%;\n}\n\nbody {\n  line-height: 1.6;\n  min-height: 100vh;\n  display: flex;\n  flex-direction: column;\n}\n\nbutton, .btn, .tab-btn, summary {\n  min-height: var(--tab12-touch-min);\n  min-width: var(--tab12-touch-min);\n  padding: 10px 18px;\n  font-size: 15px;\n  font-weight: 600;\n  border-radius: var(--tab12-radius-sm);\n  display: inline-flex;\n  align-items: center;\n  justify-content: center;\n  cursor: pointer;\n  touch-action: manipulation;\n  transition: all 0.18s ease;\n  border: 1px solid transparent;\n}\n\nbutton:focus-visible, .btn:focus-visible, summary:focus-visible {\n  outline: 3px solid var(--accent);\n  outline-offset: 2px;\n}\n\ntextarea.tablet-safe-input {\n  min-height: 120px;\n  width: 100%;\n  padding: 14px;\n  font-family: monospace, inherit;\n  font-size: 14.5px;\n  line-height: 1.5;\n  background-color: var(--bg-surface);\n  color: var(--text-primary);\n  border: 1.5px solid var(--border);\n  border-radius: var(--tab12-radius-sm);\n  resize: vertical;\n  display: block;\n}\n\ntextarea.tablet-safe-input:focus {\n  border-color: var(--accent);\n  background-color: var(--bg-card);\n}\n\nheader.app-header {\n  background-color: var(--bg-surface);\n  border-bottom: 1.5px solid var(--border);\n  padding: 14px 24px;\n  position: sticky;\n  top: 0;\n  z-index: 100;\n  box-shadow: 0 4px 12px rgba(0,0,0,0.15);\n}\n\n.header-inner {\n  max-width: var(--tab12-container-max);\n  margin: 0 auto;\n  display: flex;\n  align-items: center;\n  justify-content: space-between;\n  gap: 16px;\n}\n\n.header-brand h1 {\n  font-size: 20px;\n  font-weight: 800;\n  letter-spacing: -0.02em;\n  color: var(--text-primary);\n  display: flex;\n  align-items: center;\n  gap: 10px;\n}\n\n.subject-badge {\n  font-size: 12px;\n  text-transform: uppercase;\n  letter-spacing: 0.06em;\n  padding: 4px 10px;\n  border-radius: 999px;\n  background-color: rgba(56, 189, 248, 0.15);\n  color: var(--accent);\n  border: 1px solid var(--accent);\n  font-weight: 700;\n}\n\n.theme-toggle-btn {\n  background-color: var(--bg-card);\n  color: var(--text-primary);\n  border: 1.5px solid var(--border);\n}\n\nnav.tab-nav {\n  background-color: var(--bg-surface);\n  border-bottom: 1px solid var(--border);\n  padding: 8px 24px 0 24px;\n  overflow-x: auto;\n}\n\n.tab-nav-inner {\n  max-width: var(--tab12-container-max);\n  margin: 0 auto;\n  display: flex;\n  gap: 8px;\n}\n\n.tab-btn {\n  background: transparent;\n  color: var(--text-secondary);\n  border: none;\n  border-bottom: 3px solid transparent;\n  border-radius: var(--tab12-radius-sm) var(--tab12-radius-sm) 0 0;\n  padding: 12px 18px;\n  white-space: nowrap;\n}\n\n.tab-btn.active {\n  color: var(--accent);\n  border-bottom-color: var(--accent);\n  background: var(--bg-app);\n}\n\nmain.layout-container {\n  max-width: var(--tab12-container-max);\n  margin: 20px auto;\n  padding: 0 20px;\n  width: 100%;\n  flex: 1;\n  display: grid;\n  grid-template-columns: 1fr 380px;\n  gap: 24px;\n}\n\n@media (max-width: 1040px) {\n  main.layout-container {\n    grid-template-columns: 1fr;\n  }\n}\n\n.stage-area {\n  display: flex;\n  flex-direction: column;\n  gap: 20px;\n}\n\n.tab-content {\n  display: none;\n}\n\n.tab-content.active {\n  display: block;\n}\n\n.content-card {\n  background-color: var(--bg-card);\n  border: 1.5px solid var(--border);\n  border-radius: var(--tab12-radius-md);\n  padding: 24px;\n  margin-bottom: 20px;\n}\n\n.content-card h2 {\n  font-size: 20px;\n  font-weight: 700;\n  margin-bottom: 12px;\n  color: var(--text-primary);\n  display: flex;\n  align-items: center;\n  gap: 10px;\n}\n\n.content-card h3 {\n  font-size: 17px;\n  font-weight: 600;\n  margin: 18px 0 10px 0;\n  color: var(--accent);\n}\n\n.formula-box {\n  background: var(--bg-card-subtle);\n  border-left: 4px solid var(--accent);\n  padding: 14px 18px;\n  border-radius: 0 var(--tab12-radius-sm) var(--tab12-radius-sm) 0;\n  margin: 14px 0;\n  font-family: monospace;\n  font-size: 15px;\n  color: var(--text-primary);\n}\n\n.callout-box {\n  background: rgba(56, 189, 248, 0.08);\n  border: 1.5px solid var(--accent);\n  border-radius: var(--tab12-radius-sm);\n  padding: 16px 20px;\n  margin: 16px 0;\n}\n\n.q-card {\n  background: var(--bg-card);\n  border: 1.5px solid var(--border);\n  border-radius: var(--tab12-radius-md);\n  padding: 20px;\n  margin-bottom: 18px;\n}\n\n.q-header {\n  display: flex;\n  align-items: center;\n  justify-content: space-between;\n  gap: 12px;\n  margin-bottom: 10px;\n}\n\n.q-badge {\n  background: rgba(192, 132, 252, 0.15);\n  border: 1px solid var(--purple);\n  color: var(--purple);\n  padding: 4px 10px;\n  border-radius: 999px;\n  font-size: 12px;\n  font-weight: 700;\n}\n\n.tag-pill {\n  display: inline-block;\n  padding: 3px 10px;\n  border-radius: 999px;\n  font-size: 12px;\n  font-weight: 600;\n  background: var(--bg-surface);\n  border: 1px solid var(--border);\n  color: var(--text-secondary);\n}\n\n.q-title {\n  font-size: 16px;\n  font-weight: 700;\n  color: var(--text-primary);\n  margin-bottom: 8px;\n}\n\n.q-prompt {\n  font-size: 15px;\n  color: var(--text-secondary);\n  margin-bottom: 14px;\n}\n\ndetails.solution-detail {\n  background: var(--bg-card-subtle);\n  border: 1px solid var(--border-light);\n  border-radius: var(--tab12-radius-sm);\n  overflow: hidden;\n  margin-top: 12px;\n}\n\ndetails.solution-detail summary {\n  padding: 12px 16px;\n  background: rgba(255,255,255,0.02);\n  color: var(--accent);\n  user-select: none;\n}\n\n.solution-content {\n  padding: 16px;\n  border-top: 1px solid var(--border);\n  font-size: 14.5px;\n  color: var(--text-primary);\n  line-height: 1.6;\n}\n\n.support-rail {\n  display: flex;\n  flex-direction: column;\n  gap: 20px;\n}\n\n.support-widget {\n  background-color: var(--bg-card);\n  border: 1.5px solid var(--border);\n  border-radius: var(--tab12-radius-md);\n  padding: 20px;\n}\n\n.support-widget h3 {\n  font-size: 16px;\n  font-weight: 700;\n  color: var(--text-primary);\n  margin-bottom: 12px;\n  display: flex;\n  align-items: center;\n  gap: 8px;\n}\n\n.calc-row {\n  display: grid;\n  grid-template-columns: 1fr 1fr;\n  gap: 10px;\n  margin-bottom: 10px;\n}\n\n.calc-input-group label {\n  display: block;\n  font-size: 13px;\n  font-weight: 600;\n  color: var(--text-secondary);\n  margin-bottom: 4px;\n}\n\n.calc-input-group input {\n  width: 100%;\n  min-height: 48px;\n  padding: 8px 12px;\n  background: var(--bg-surface);\n  border: 1px solid var(--border);\n  border-radius: var(--tab12-radius-sm);\n  color: var(--text-primary);\n  font-size: 14.5px;\n}\n\n.calc-result {\n  background: rgba(56, 189, 248, 0.1);\n  border: 1.5px solid var(--accent);\n  padding: 12px;\n  border-radius: var(--tab12-radius-sm);\n  font-weight: 700;\n  color: var(--accent);\n  text-align: center;\n  font-size: 15px;\n  margin-top: 12px;\n}\n  </style>\n<style id="pr375-u4-remediation">\n/* PR #375 U4 remediation: accessibility, reflow and alternate viewports. */\n*, *::before, *::after { box-sizing: border-box; }\n:where(a, button, input, select, textarea, summary, [tabindex]):focus-visible {\n  outline: 3px solid #38bdf8 !important;\n  outline-offset: 2px !important;\n}\nimg, svg, canvas { max-width: 100%; }\ninput, select, textarea { max-width: 100%; }\n::placeholder { color: #94a3b8 !important; opacity: 1 !important; }\n[data-theme="light"] ::placeholder { color: #475569 !important; }\n.u4-clear-button { color: #f8fafc !important; }\n[data-theme="light"] .u4-clear-button { color: #0f172a !important; }\n\n/* Never communicate correctness by colour alone. */\n.opt-btn.selected-correct::after {\n  content: " ✓ Correct";\n  margin-inline-start: .4rem;\n  font-weight: 800;\n}\n.opt-btn.selected-incorrect::after {\n  content: " ✕ Incorrect";\n  margin-inline-start: .4rem;\n  font-weight: 800;\n}\n\n/* Contrast repairs for the learner-visible light theme. */\n[data-theme="light"] .step-content-calc {\n  color: #7c2d12 !important;\n  background: #fff7ed !important;\n  border: 1px solid #c2410c !important;\n}\n[data-theme="light"] .answer-banner,\n[data-theme="light"] .badge-success,\n[data-theme="light"] .saved-pill {\n  color: #065f46 !important;\n}\n[data-theme="light"] .badge-warning,\n[data-theme="light"] .hint-tag,\n[data-theme="light"] .diag-header-another {\n  color: #7c2d12 !important;\n}\n[data-theme="light"] .step-label,\n[data-theme="light"] details > summary {\n  color: #075985 !important;\n}\n[data-theme="light"] .formula-box,\n[data-theme="light"] .math-banner {\n  color: #422006 !important;\n  background: #fef3c7 !important;\n  border-color: #92400e !important;\n}\n[data-theme="light"] footer { color: #475569 !important; }\n\n/* Default dark-theme contrast repairs from U4. */\nhtml[data-theme="dark"] .step-label { color: #7dd3fc !important; }\nhtml[data-theme="dark"] details > summary { color: #7dd3fc !important; }\n.q-count, .open-btn { color: #93c5fd !important; }\n.tag-2d, .tag-1d, .tag-vec, .tag-ncert, .tag-sba, .tag-proj, .tag-cons { color: #ffffff !important; }\nfooter { color: #94a3b8 !important; }\n\n/* The offline 1D master lost Tailwind preflight + custom theme utilities. */\nbody.u4-tailwind-offline {\n  margin: 0 !important;\n  background: #090d16 !important;\n  color: #f1f5f9 !important;\n  font-family: ui-sans-serif, system-ui, -apple-system, BlinkMacSystemFont, "Segoe UI", sans-serif !important;\n}\n.u4-tailwind-offline.bg-background, .u4-tailwind-offline .bg-background { background-color: #090d16 !important; }\n.u4-tailwind-offline .bg-card { background-color: #111827 !important; }\n.u4-tailwind-offline .border-border { border-color: #334155 !important; }\n.u4-tailwind-offline .bg-slate-950\\/90 { background-color: rgba(2, 6, 23, .94) !important; }\n.u4-tailwind-offline .bg-slate-900 { background-color: #0f172a !important; }\n.u4-tailwind-offline .bg-slate-800 { background-color: #1e293b !important; }\n.u4-tailwind-offline .max-w-7xl { max-width: 80rem !important; }\n.u4-tailwind-offline .overflow-x-auto { overflow-x: auto !important; }\n.u4-tailwind-offline .whitespace-nowrap { white-space: nowrap !important; }\n.u4-tailwind-offline .font-sans { font-family: ui-sans-serif, system-ui, sans-serif !important; }\n.u4-tailwind-offline .text-slate-500,\n.u4-tailwind-offline .text-slate-600 { color: #cbd5e1 !important; }\n.u4-tailwind-offline .text-slate-400 { color: #a8b5c7 !important; }\n.u4-tailwind-offline header { max-width: 100%; }\n\n/* Reflow at phone width and at a 200% zoom-equivalent viewport. */\n@media (max-width: 700px) {\n  header.sticky, .sticky-header, .top-nav.sticky { position: static !important; top: auto !important; }\n}\n@media (max-width: 480px) {\n  .header-actions,\n  .g9-nav-group,\n  .g9-header-actions,\n  .top-nav-header,\n  .course-badge-row,\n  .workspace-title-row {\n    max-width: 100% !important;\n    min-width: 0 !important;\n    flex-wrap: wrap !important;\n  }\n  .g9-block, nav, ol, ul, main, section, article, .app-container, .container {\n    max-width: 100% !important;\n    min-width: 0 !important;\n  }\n  ol, ul { padding-inline-start: 1.5rem !important; }\n  #jump-select { width: 100% !important; max-width: 100% !important; }\n  .tab-btn { white-space: normal !important; min-width: 0 !important; flex: 1 1 140px !important; }\n  .tabs, .tab-strip, .tab-nav, .tab-bar, .g9-tabs, [class*="tabs-row"] {\n    display: flex !important;\n    flex-wrap: wrap !important;\n    white-space: normal !important;\n    max-width: 100% !important;\n    min-width: 0 !important;\n  }\n  .g9-nav-group > *, .header-actions > * { max-width: 100% !important; }\n  pre { white-space: pre-wrap !important; overflow-wrap: anywhere !important; max-width: 100% !important; }\n  table { display: block; max-width: 100% !important; overflow-x: auto !important; }\n}\n\n@media (prefers-reduced-motion: reduce) {\n  *, *::before, *::after {\n    animation-duration: .001ms !important;\n    animation-iteration-count: 1 !important;\n    transition-duration: .001ms !important;\n    scroll-behavior: auto !important;\n  }\n}\n\n@media (forced-colors: active) {\n  svg text { fill: CanvasText !important; stroke: transparent !important; }\n  :where(a, button, input, select, textarea, summary, [tabindex]):focus-visible {\n    outline: 3px solid Highlight !important;\n  }\n}\n</style>\n<style id="pr375-u4-residual-remediation">\n@media (max-width: 480px) {\n  /* Generated CORE1A section-route pills used 24rem + padding, producing ~467px boxes. */\n  [data-g9-section-route] a,\n  [data-g9-concept-route] a,\n  article[data-g9-role="CORE1A"] > .slot-identity [data-g9-section-route] a {\n    width: 100% !important;\n    max-width: 100% !important;\n    min-width: 0 !important;\n    box-sizing: border-box !important;\n    white-space: normal !important;\n    line-height: 1.4 !important;\n    overflow: visible !important;\n    text-overflow: clip !important;\n    overflow-wrap: anywhere !important;\n  }\n\n  /* Consolidated and interactive headers must reflow as complete units, not just their children. */\n  .header-inner,\n  header.g9-shell {\n    width: 100% !important;\n    max-width: 100% !important;\n    min-width: 0 !important;\n    height: auto !important;\n    flex-wrap: wrap !important;\n    justify-content: flex-start !important;\n    align-items: flex-start !important;\n  }\n  .header-inner > *,\n  header.g9-shell > .g9-nav-group {\n    flex: 1 1 100% !important;\n    width: 100% !important;\n    max-width: 100% !important;\n    min-width: 0 !important;\n  }\n  .header-brand,\n  .header-brand h1,\n  .header-actions,\n  header.g9-shell .g9-nav-group,\n  header.g9-shell .g9-breadcrumb {\n    max-width: 100% !important;\n    min-width: 0 !important;\n    flex-wrap: wrap !important;\n    white-space: normal !important;\n  }\n  .header-brand h1 { align-items: flex-start !important; }\n  .header-actions { width: 100% !important; justify-content: flex-start !important; }\n  header.g9-shell { padding-block: 8px !important; }\n  header.g9-shell .g9-breadcrumb { flex: 1 1 100% !important; overflow-wrap: anywhere !important; }\n}\n</style>\n<style id="pr375-u1-remediation">\nhtml{-webkit-text-size-adjust:100%;text-size-adjust:100%} body{overflow-wrap:anywhere} p,li{line-height:1.4}\n:where(p,li,label,button,input,select,textarea,summary,td,th,figcaption,.btn,.q-badge,.tag-pill,.hint-badge,.hint-tag,.subject-badge,.step-label,.diag-header,.formula-box,#saveStatus,.save-status,.tag,.q-count,.open-btn,.stat .label,section.section-header h2,.study-kicker,.brand-badge,.hero-pill,.badge,.core-tag,.telemetry-title,.control-label,.card-action,.breadcrumb){font-size:max(14px,1em)!important}\n:where(a[href="index.html"],header a,nav a,.breadcrumb a,a.g9-bridge-link,[data-g9-block="entry_assumptions"] a){min-height:48px!important;min-width:48px!important;display:inline-flex!important;align-items:center!important;justify-content:center;padding-block:10px!important;box-sizing:border-box!important}\n@media(min-width:1100px){article[data-g9-role="CORE1A"] .g9-split{grid-template-columns:minmax(0,1fr)!important}article[data-g9-role="CORE1A"] .g9-col-support{position:static!important;top:auto!important}}\narticle[data-g9-role="CORE1A"]>.slot-identity [data-g9-section-route] a{white-space:normal!important;overflow:visible!important;text-overflow:clip!important;line-height:1.35!important;min-height:48px!important}\n\n.badge,.study-kicker{font-size:14px!important}\n</style>\n<style id="u2-practice-hub-target">\na[href="index.html"]{min-height:48px!important;min-width:48px!important;box-sizing:border-box;display:inline-flex;align-items:center;justify-content:center}\n</style>\n  <!-- KaTeX Typography (Khan Academy Standard) -->\n  <link rel="stylesheet" href="../../vendor/katex/0.16.8/katex.min.css">\n  <script src="../../vendor/katex/0.16.8/katex.min.js"></script>\n  <script src="../../vendor/katex/0.16.8/contrib/auto-render.min.js"></script>\n</head>\n<body>\n\n  <header class="app-header">\n    <div class="header-inner">\n      <div class="header-brand">\n        <h1>\n          <span>🧭</span> Vector Algebra &amp; Resolution Master Suite\n          <span class="subject-badge">Physics</span>\n        </h1>\n      </div>\n      <div class="header-actions" style="display:flex;align-items:center;gap:10px;">\n        <a href="index.html" class="nav-hub-btn" aria-label="Back to Practice Hub" title="Back to Practice Hub" style="display:inline-flex;align-items:center;justify-content:center;min-height:48px;padding:0 16px;border-radius:8px;background:var(--bg-card,#1e293b);color:var(--text-primary,#f8fafc);border:1.5px solid var(--border,#334155);font-size:14px;font-weight:600;text-decoration:none;cursor:pointer;white-space:nowrap;">← Practice Hub</a>\n        <button id="themeToggle" class="theme-toggle-btn" aria-label="Toggle Theme">🌓 Mode</button>\n      </div>\n    </div>\n  </header>\n\n    <nav class="tab-nav">\n    <div class="tab-nav-inner">\n      <button class="tab-btn active" onclick="switchTab(\'tab-core1\')">Core 1 Vector Concepts (11 Units)</button>\n      <button class="tab-btn" onclick="switchTab(\'tab-challenges\')">Core 2 Vector Challenges (29)</button>\n    </div>\n  </nav>\n\n  <main class="layout-container">\n    \n    <div class="stage-area">\n      <!-- Tab 1: Core 1 Vector Concepts (11 Units) -->\n      <div id="tab-core1" class="tab-content active">\n        <div class="content-card">\n          <h2><span>🧭</span> Vector Reasoning Foundations (Core 1)</h2>\n          <p>\n            Build vector reasoning as a reusable system before transfer: Physical Meaning &rarr; Geometric Diagram &rarr; Component Projections &rarr; Dot/Cross Interpretation &rarr; Sanity Check.\n          </p>\n          <div class="formula-box">\n            <div><strong>Vector Form:</strong> &nbsp;&nbsp;&nbsp;&nbsp;&nbsp;&nbsp;&nbsp;&nbsp;&nbsp; \\(\\vec{A} = A_x\\,\\hat{i} + A_y\\,\\hat{j} + A_z\\,\\hat{k}\\)</div>\n            <div><strong>Resultant:</strong> &nbsp;&nbsp;&nbsp;&nbsp;&nbsp;&nbsp;&nbsp;&nbsp;&nbsp;&nbsp;&nbsp; \\(|\\vec{A} + \\vec{B}| = \\sqrt{A^2 + B^2 + 2AB\\cos\\theta}\\)</div>\n            <div><strong>Relative Velocity:</strong> &nbsp;&nbsp;&nbsp; \\(\\vec{v}_{AB} = \\vec{v}_A - \\vec{v}_B\\) (observer vector is subtracted)</div>\n            <div><strong>Scalar Product:</strong> &nbsp;&nbsp;&nbsp;&nbsp;&nbsp;&nbsp; \\(\\vec{A} \\cdot \\vec{B} = AB\\cos\\theta = A_x B_x + A_y B_y\\)</div>\n          </div>\n        </div>\n\n<!-- Unit 01: VECTORS 01 - Scalars, vectors and sign -->\n        <article class="content-card" id="unit-01" style="margin-bottom: 28px; border: 1.5px solid var(--border); border-radius: var(--tab12-radius-md); padding: 24px; background: var(--bg-card);">\n          <div style="display:flex; justify-content:space-between; align-items:flex-start; flex-wrap:wrap; gap:10px; margin-bottom:14px; border-bottom:1px solid var(--border); padding-bottom:12px;">\n            <div>\n              <span class="q-badge" style="background:rgba(56,189,248,0.15); border:1px solid var(--accent); color:var(--accent); font-weight:800; font-size:12px; padding:4px 10px; border-radius:999px;">Concept Unit 01</span>\n              <h2 style="font-size:20px; font-weight:700; margin:8px 0 4px; color:var(--text-primary);">VECTORS 01 - Scalars, vectors and sign</h2>\n              <p style="font-size:14px; color:var(--accent); font-weight:600; margin:0;">Direction is information; sign belongs to a declared axis</p>\n            </div>\n            <span class="tag-pill" style="font-size:12px; font-weight:700; background:rgba(192,132,252,0.15); border:1px solid var(--purple); color:var(--purple);">VEC-01 · Core 1</span>\n          </div>\n\n          <!-- Publication-grade Diagram -->\n          <div style="background:var(--bg-surface); border:1px solid var(--border); border-radius:var(--tab12-radius-sm); padding:16px; margin-bottom:20px;">\n            <svg xmlns="http://www.w3.org/2000/svg" viewBox="0 0 540 220" role="img" aria-label="1D signed axis and displacement vectors" style="width:100%;max-width:540px;height:auto;display:block;margin:12px auto;">\n  <defs>\n    <marker id="arr-vx" viewBox="0 0 10 10" refX="9" refY="5" markerWidth="6" markerHeight="6" orient="auto-start-reverse"><path d="M0 0 L10 5 L0 10 Z" fill="currentColor"/></marker>\n    <marker id="arr-ve" viewBox="0 0 10 10" refX="9" refY="5" markerWidth="6" markerHeight="6" orient="auto-start-reverse"><path d="M0 0 L10 5 L0 10 Z" fill="#38bdf8"/></marker>\n    <marker id="arr-vw" viewBox="0 0 10 10" refX="9" refY="5" markerWidth="6" markerHeight="6" orient="auto-start-reverse"><path d="M0 0 L10 5 L0 10 Z" fill="#f43f5e"/></marker>\n  </defs>\n  <!-- Declared +x Axis -->\n  <line x1="50" y1="130" x2="480" y2="130" stroke="currentColor" stroke-width="2" marker-end="url(#arr-vx)"/>\n  <text x="495" y="135" font-size="14" font-weight="800" fill="currentColor">+x (East)</text>\n  <!-- Origin -->\n  <line x1="220" y1="120" x2="220" y2="140" stroke="currentColor" stroke-width="2"/>\n  <text x="220" y="155" text-anchor="middle" font-size="13" font-weight="700" fill="currentColor">0</text>\n  <!-- +8 m East displacement -->\n  <line x1="220" y1="90" x2="380" y2="90" stroke="#38bdf8" stroke-width="3.5" marker-end="url(#arr-ve)"/>\n  <text x="300" y="78" text-anchor="middle" font-size="13" font-weight="800" fill="#38bdf8">+8 m East (along +x)</text>\n  <!-- -5 m West displacement -->\n  <line x1="220" y1="50" x2="120" y2="50" stroke="#f43f5e" stroke-width="3.5" marker-end="url(#arr-vw)"/>\n  <text x="170" y="38" text-anchor="middle" font-size="13" font-weight="800" fill="#f43f5e">-5 m West (opposite +x)</text>\n  <!-- Rule banner -->\n  <rect x="110" y="175" width="320" height="28" rx="6" fill="rgba(56,189,248,0.12)" stroke="#38bdf8"/>\n  <text x="270" y="194" text-anchor="middle" font-size="12" font-weight="700" fill="#38bdf8">Sign has meaning ONLY after positive axis is declared</text>\n</svg>\n          </div>\n\n          <!-- Dual explanation grid -->\n          <div style="display:grid; grid-template-columns:repeat(auto-fit, minmax(280px, 1fr)); gap:18px; margin-bottom:20px;">\n            <div style="background:var(--bg-card-subtle); border-left:4px solid var(--accent); padding:14px 16px; border-radius:0 var(--tab12-radius-sm) var(--tab12-radius-sm) 0;">\n              <h4 style="font-size:14px; font-weight:800; text-transform:uppercase; letter-spacing:0.05em; color:var(--accent); margin-bottom:6px;">What is happening?</h4>\n              <p style="font-size:14.5px; line-height:1.6; margin:0; color:var(--text-primary);">A scalar is complete with magnitude alone. A vector needs magnitude and direction. In one dimension, direction can be encoded by sign only after you declare the positive axis.</p>\n            </div>\n            <div style="background:var(--bg-card-subtle); border-left:4px solid var(--success); padding:14px 16px; border-radius:0 var(--tab12-radius-sm) var(--tab12-radius-sm) 0;">\n              <h4 style="font-size:14px; font-weight:800; text-transform:uppercase; letter-spacing:0.05em; color:var(--success); margin-bottom:6px;">Key Idea</h4>\n              <p style="font-size:14.5px; line-height:1.6; margin:0; color:var(--text-primary);">Do not classify from the unit. Ask whether reversing direction changes the physical state. Then declare an axis before attaching + or - signs.</p>\n            </div>\n          </div>\n\n          <!-- How it works numbered sequence -->\n          <div style="background:rgba(255,255,255,0.02); border:1px solid var(--border-light); border-radius:var(--tab12-radius-sm); padding:16px 20px; margin-bottom:20px;">\n            <h4 style="font-size:14px; font-weight:800; text-transform:uppercase; letter-spacing:0.05em; color:var(--text-secondary); margin-bottom:10px;">How It Works</h4>\n            <ol style="margin:0; padding-left:22px; display:grid; gap:8px;">\n              <li style="font-size:14px; line-height:1.5; color:var(--text-primary);">Recognise: displacement, velocity, acceleration, force and momentum are vectors; distance, speed, time and mass are scalars.</li><li style="font-size:14px; line-height:1.5; color:var(--text-primary);">Represent: in 1D, choose +x first; then words such as east/west become signed components.</li><li style="font-size:14px; line-height:1.5; color:var(--text-primary);">Interpret: a negative answer is not a failed calculation. It points opposite the chosen positive axis.</li><li style="font-size:14px; line-height:1.5; color:var(--text-primary);">Validity: the sign changes if the axis convention changes; the physical motion does not.</li>\n            </ol>\n          </div>\n\n          <!-- Work the Idea: Worked Example -->\n          <div style="border:1px solid var(--border); border-radius:var(--tab12-radius-sm); overflow:hidden; margin-bottom:16px; background:var(--bg-card-subtle);">\n            <div style="background:rgba(56,189,248,0.08); padding:10px 16px; border-bottom:1px solid var(--border); display:flex; align-items:center; gap:8px;">\n              <span style="font-weight:800; font-size:13px; color:var(--accent);">⚡ WORKED EXAMPLE</span>\n            </div>\n            <div style="padding:14px 16px; font-size:14.5px; line-height:1.6;">\n              Example. Take east as +x. A trolley moves 5 m east then 9 m west. Displacement = +5 + (-9) = -4 m = 4 m west. Distance = 5 + 9 = 14 m.\n            </div>\n          </div>\n\n          <!-- Watch out & Quick Check -->\n          <div style="display:grid; grid-template-columns:repeat(auto-fit, minmax(280px, 1fr)); gap:16px;">\n            <div style="background:rgba(245,158,11,0.08); border:1px solid var(--warning); border-radius:var(--tab12-radius-sm); padding:14px 16px;">\n              <h4 style="font-size:13px; font-weight:800; text-transform:uppercase; letter-spacing:0.05em; color:var(--warning); margin-bottom:6px;">⚠️ Watch Out</h4>\n              <p style="font-size:14px; line-height:1.5; margin:0; color:var(--text-primary);">Do not use “negative = smaller” or “negative = wrong”. For a vector component, negative normally means opposite the declared positive axis.</p>\n            </div>\n            <div style="background:rgba(52,211,153,0.08); border:1px solid var(--success); border-radius:var(--tab12-radius-sm); padding:14px 16px;">\n              <h4 style="font-size:13px; font-weight:800; text-transform:uppercase; letter-spacing:0.05em; color:var(--success); margin-bottom:6px;">✅ Quick Check</h4>\n              <p style="font-size:14px; line-height:1.5; margin:0 0 6px; color:var(--text-primary);">Take north as +y. A displacement is 7 m south.</p>\n              <details style="margin-top:6px; cursor:pointer;">\n                <summary style="font-size:13px; font-weight:700; color:var(--success); padding:4px 0;">Reveal Answer</summary>\n                <div style="padding-top:6px; font-size:13.5px; font-weight:600; color:var(--text-primary);">-7 m.</div>\n              </details>\n            </div>\n          </div>\n        </article>\n    \n\n        <!-- Unit 02: VECTORS 02 - Draw, compare and reverse vectors -->\n        <article class="content-card" id="unit-02" style="margin-bottom: 28px; border: 1.5px solid var(--border); border-radius: var(--tab12-radius-md); padding: 24px; background: var(--bg-card);">\n          <div style="display:flex; justify-content:space-between; align-items:flex-start; flex-wrap:wrap; gap:10px; margin-bottom:14px; border-bottom:1px solid var(--border); padding-bottom:12px;">\n            <div>\n              <span class="q-badge" style="background:rgba(56,189,248,0.15); border:1px solid var(--accent); color:var(--accent); font-weight:800; font-size:12px; padding:4px 10px; border-radius:999px;">Concept Unit 02</span>\n              <h2 style="font-size:20px; font-weight:700; margin:8px 0 4px; color:var(--text-primary);">VECTORS 02 - Draw, compare and reverse vectors</h2>\n              <p style="font-size:14px; color:var(--accent); font-weight:600; margin:0;">Length represents magnitude; the arrowhead represents direction</p>\n            </div>\n            <span class="tag-pill" style="font-size:12px; font-weight:700; background:rgba(192,132,252,0.15); border:1px solid var(--purple); color:var(--purple);">VEC-02 · Core 1</span>\n          </div>\n\n          <!-- Publication-grade Diagram -->\n          <div style="background:var(--bg-surface); border:1px solid var(--border); border-radius:var(--tab12-radius-sm); padding:16px; margin-bottom:20px;">\n            <svg xmlns="http://www.w3.org/2000/svg" viewBox="0 0 540 220" role="img" aria-label="Equal, parallel and opposite vectors" style="width:100%;max-width:540px;height:auto;display:block;margin:12px auto;">\n  <defs>\n    <marker id="arr-va" viewBox="0 0 10 10" refX="9" refY="5" markerWidth="6" markerHeight="6" orient="auto-start-reverse"><path d="M0 0 L10 5 L0 10 Z" fill="#38bdf8"/></marker>\n    <marker id="arr-neg" viewBox="0 0 10 10" refX="9" refY="5" markerWidth="6" markerHeight="6" orient="auto-start-reverse"><path d="M0 0 L10 5 L0 10 Z" fill="#f43f5e"/></marker>\n  </defs>\n  <!-- Vector A -->\n  <line x1="70" y1="150" x2="180" y2="70" stroke="#38bdf8" stroke-width="3.5" marker-end="url(#arr-va)"/>\n  <text x="110" y="95" font-size="15" font-weight="800" fill="#38bdf8">Vector A</text>\n  <text x="110" y="170" text-anchor="middle" font-size="12" fill="var(--text-secondary,#94a3b8)">Length = Magnitude</text>\n  <!-- Equal Vector B = A -->\n  <line x1="220" y1="150" x2="330" y2="70" stroke="#38bdf8" stroke-width="3.5" marker-end="url(#arr-va)"/>\n  <text x="260" y="95" font-size="15" font-weight="800" fill="#38bdf8">Vector B = A</text>\n  <text x="275" y="170" text-anchor="middle" font-size="12" fill="#34d399">Same length &amp; direction</text>\n  <!-- Opposite Vector -A -->\n  <line x1="470" y1="70" x2="360" y2="150" stroke="#f43f5e" stroke-width="3.5" marker-end="url(#arr-neg)"/>\n  <text x="430" y="125" font-size="15" font-weight="800" fill="#f43f5e">-A (Opposite)</text>\n  <text x="420" y="170" text-anchor="middle" font-size="12" fill="#f43f5e">Same length, inverted arrow</text>\n</svg>\n          </div>\n\n          <!-- Dual explanation grid -->\n          <div style="display:grid; grid-template-columns:repeat(auto-fit, minmax(280px, 1fr)); gap:18px; margin-bottom:20px;">\n            <div style="background:var(--bg-card-subtle); border-left:4px solid var(--accent); padding:14px 16px; border-radius:0 var(--tab12-radius-sm) var(--tab12-radius-sm) 0;">\n              <h4 style="font-size:14px; font-weight:800; text-transform:uppercase; letter-spacing:0.05em; color:var(--accent); margin-bottom:6px;">What is happening?</h4>\n              <p style="font-size:14.5px; line-height:1.6; margin:0; color:var(--text-primary);">A vector diagram is a physical representation, not decoration. Translating a free vector without rotating or resizing it leaves the vector unchanged. Reversing it creates the opposite vector.</p>\n            </div>\n            <div style="background:var(--bg-card-subtle); border-left:4px solid var(--success); padding:14px 16px; border-radius:0 var(--tab12-radius-sm) var(--tab12-radius-sm) 0;">\n              <h4 style="font-size:14px; font-weight:800; text-transform:uppercase; letter-spacing:0.05em; color:var(--success); margin-bottom:6px;">Key Idea</h4>\n              <p style="font-size:14.5px; line-height:1.6; margin:0; color:var(--text-primary);">Equal vectors need both the same magnitude and the same direction. The opposite vector -A has the same magnitude as A but points exactly the other way.</p>\n            </div>\n          </div>\n\n          <!-- How it works numbered sequence -->\n          <div style="background:rgba(255,255,255,0.02); border:1px solid var(--border-light); border-radius:var(--tab12-radius-sm); padding:16px 20px; margin-bottom:20px;">\n            <h4 style="font-size:14px; font-weight:800; text-transform:uppercase; letter-spacing:0.05em; color:var(--text-secondary); margin-bottom:10px;">How It Works</h4>\n            <ol style="margin:0; padding-left:22px; display:grid; gap:8px;">\n              <li style="font-size:14px; line-height:1.5; color:var(--text-primary);">Read: direction runs from tail to head.</li><li style="font-size:14px; line-height:1.5; color:var(--text-primary);">Scale: relative arrow length should track relative magnitude.</li><li style="font-size:14px; line-height:1.5; color:var(--text-primary);">Translate: a free vector may slide without changing.</li><li style="font-size:14px; line-height:1.5; color:var(--text-primary);">Reverse: -A reverses direction, not magnitude.</li>\n            </ol>\n          </div>\n\n          <!-- Work the Idea: Worked Example -->\n          <div style="border:1px solid var(--border); border-radius:var(--tab12-radius-sm); overflow:hidden; margin-bottom:16px; background:var(--bg-card-subtle);">\n            <div style="background:rgba(56,189,248,0.08); padding:10px 16px; border-bottom:1px solid var(--border); display:flex; align-items:center; gap:8px;">\n              <span style="font-weight:800; font-size:13px; color:var(--accent);">⚡ WORKED EXAMPLE</span>\n            </div>\n            <div style="padding:14px 16px; font-size:14.5px; line-height:1.6;">\n              Example. A 6 N force east and a 6 N force west have equal magnitudes, but they are not equal vectors. They are opposites.\n            </div>\n          </div>\n\n          <!-- Watch out & Quick Check -->\n          <div style="display:grid; grid-template-columns:repeat(auto-fit, minmax(280px, 1fr)); gap:16px;">\n            <div style="background:rgba(245,158,11,0.08); border:1px solid var(--warning); border-radius:var(--tab12-radius-sm); padding:14px 16px;">\n              <h4 style="font-size:13px; font-weight:800; text-transform:uppercase; letter-spacing:0.05em; color:var(--warning); margin-bottom:6px;">⚠️ Watch Out</h4>\n              <p style="font-size:14px; line-height:1.5; margin:0; color:var(--text-primary);">Do not compare arrows only by length. Two arrows with the same length but different directions are different vectors.</p>\n            </div>\n            <div style="background:rgba(52,211,153,0.08); border:1px solid var(--success); border-radius:var(--tab12-radius-sm); padding:14px 16px;">\n              <h4 style="font-size:13px; font-weight:800; text-transform:uppercase; letter-spacing:0.05em; color:var(--success); margin-bottom:6px;">✅ Quick Check</h4>\n              <p style="font-size:14px; line-height:1.5; margin:0 0 6px; color:var(--text-primary);">If B is equal to A but drawn elsewhere on the</p>\n              <details style="margin-top:6px; cursor:pointer;">\n                <summary style="font-size:13px; font-weight:700; color:var(--success); padding:4px 0;">Reveal Answer</summary>\n                <div style="padding-top:6px; font-size:13.5px; font-weight:600; color:var(--text-primary);">No. Same magnitude and direction are</div>\n              </details>\n            </div>\n          </div>\n        </article>\n    \n\n        <!-- Unit 03: VECTORS 03 - Components, quadrants and angle reference -->\n        <article class="content-card" id="unit-03" style="margin-bottom: 28px; border: 1.5px solid var(--border); border-radius: var(--tab12-radius-md); padding: 24px; background: var(--bg-card);">\n          <div style="display:flex; justify-content:space-between; align-items:flex-start; flex-wrap:wrap; gap:10px; margin-bottom:14px; border-bottom:1px solid var(--border); padding-bottom:12px;">\n            <div>\n              <span class="q-badge" style="background:rgba(56,189,248,0.15); border:1px solid var(--accent); color:var(--accent); font-weight:800; font-size:12px; padding:4px 10px; border-radius:999px;">Concept Unit 03</span>\n              <h2 style="font-size:20px; font-weight:700; margin:8px 0 4px; color:var(--text-primary);">VECTORS 03 - Components, quadrants and angle reference</h2>\n              <p style="font-size:14px; color:var(--accent); font-weight:600; margin:0;">Choose the frame first; then project the arrow</p>\n            </div>\n            <span class="tag-pill" style="font-size:12px; font-weight:700; background:rgba(192,132,252,0.15); border:1px solid var(--purple); color:var(--purple);">VEC-03 · Core 1</span>\n          </div>\n\n          <!-- Publication-grade Diagram -->\n          <div style="background:var(--bg-surface); border:1px solid var(--border); border-radius:var(--tab12-radius-sm); padding:16px; margin-bottom:20px;">\n            <svg xmlns="http://www.w3.org/2000/svg" viewBox="0 0 540 220" role="img" aria-label="Vector components in Cartesian quadrants" style="width:100%;max-width:540px;height:auto;display:block;margin:12px auto;">\n  <defs>\n    <marker id="arr-v3" viewBox="0 0 10 10" refX="9" refY="5" markerWidth="6" markerHeight="6" orient="auto-start-reverse"><path d="M0 0 L10 5 L0 10 Z" fill="#34d399"/></marker>\n    <marker id="arr-cx" viewBox="0 0 10 10" refX="9" refY="5" markerWidth="6" markerHeight="6" orient="auto-start-reverse"><path d="M0 0 L10 5 L0 10 Z" fill="#38bdf8"/></marker>\n  </defs>\n  <!-- Axes -->\n  <line x1="60" y1="130" x2="480" y2="130" stroke="var(--border,#475569)" stroke-width="1.5"/>\n  <text x="490" y="135" font-size="12" font-weight="700" fill="currentColor">+x</text>\n  <line x1="270" y1="200" x2="270" y2="30" stroke="var(--border,#475569)" stroke-width="1.5"/>\n  <text x="275" y="30" font-size="12" font-weight="700" fill="currentColor">+y</text>\n  <!-- Vector in Quadrant II -->\n  <line x1="270" y1="130" x2="150" y2="50" stroke="#34d399" stroke-width="4" marker-end="url(#arr-v3)"/>\n  <text x="180" y="70" font-size="15" font-weight="800" fill="#34d399">v</text>\n  <!-- Component projections -->\n  <line x1="270" y1="130" x2="150" y2="130" stroke="#38bdf8" stroke-width="3" marker-end="url(#arr-cx)"/>\n  <text x="210" y="152" text-anchor="middle" font-size="12" font-weight="800" fill="#38bdf8">v_x = -v cos θ &lt; 0</text>\n  <line x1="150" y1="130" x2="150" y2="55" stroke="#38bdf8" stroke-width="3" marker-end="url(#arr-cx)"/>\n  <text x="95" y="95" text-anchor="middle" font-size="12" font-weight="800" fill="#38bdf8">v_y = +v sin θ &gt; 0</text>\n  <!-- Angle arc -->\n  <path d="M 230 130 A 40 40 0 0 1 245 113" fill="none" stroke="#fbbf24" stroke-width="2"/>\n  <text x="228" y="118" font-size="12" font-weight="800" fill="#fbbf24">θ</text>\n  <!-- Quadrant II pill -->\n  <rect x="330" y="50" width="160" height="50" rx="6" fill="rgba(56,189,248,0.1)" stroke="#38bdf8"/>\n  <text x="410" y="72" text-anchor="middle" font-size="12" font-weight="800" fill="#38bdf8">QUADRANT II</text>\n  <text x="410" y="90" text-anchor="middle" font-size="12" fill="currentColor">x &lt; 0,  y &gt; 0</text>\n</svg>\n          </div>\n\n          <!-- Dual explanation grid -->\n          <div style="display:grid; grid-template-columns:repeat(auto-fit, minmax(280px, 1fr)); gap:18px; margin-bottom:20px;">\n            <div style="background:var(--bg-card-subtle); border-left:4px solid var(--accent); padding:14px 16px; border-radius:0 var(--tab12-radius-sm) var(--tab12-radius-sm) 0;">\n              <h4 style="font-size:14px; font-weight:800; text-transform:uppercase; letter-spacing:0.05em; color:var(--accent); margin-bottom:6px;">What is happening?</h4>\n              <p style="font-size:14.5px; line-height:1.6; margin:0; color:var(--text-primary);">Components are the signed projections of one vector onto chosen axes. They are not extra physical vectors; they are another description of the same arrow.</p>\n            </div>\n            <div style="background:var(--bg-card-subtle); border-left:4px solid var(--success); padding:14px 16px; border-radius:0 var(--tab12-radius-sm) var(--tab12-radius-sm) 0;">\n              <h4 style="font-size:14px; font-weight:800; text-transform:uppercase; letter-spacing:0.05em; color:var(--success); margin-bottom:6px;">Key Idea</h4>\n              <p style="font-size:14.5px; line-height:1.6; margin:0; color:var(--text-primary);">Geometry decides sine/cosine. The component adjacent to the stated angle uses cosine; the opposite component uses sine. Signs come from the arrow direction.</p>\n            </div>\n          </div>\n\n          <!-- How it works numbered sequence -->\n          <div style="background:rgba(255,255,255,0.02); border:1px solid var(--border-light); border-radius:var(--tab12-radius-sm); padding:16px 20px; margin-bottom:20px;">\n            <h4 style="font-size:14px; font-weight:800; text-transform:uppercase; letter-spacing:0.05em; color:var(--text-secondary); margin-bottom:10px;">How It Works</h4>\n            <ol style="margin:0; padding-left:22px; display:grid; gap:8px;">\n              <li style="font-size:14px; line-height:1.5; color:var(--text-primary);">Frame: mark +x and +y before calculating.</li><li style="font-size:14px; line-height:1.5; color:var(--text-primary);">Project: identify adjacent and opposite sides relative to the stated angle.</li><li style="font-size:14px; line-height:1.5; color:var(--text-primary);">Sign: decide the quadrant before writing the final component values.</li><li style="font-size:14px; line-height:1.5; color:var(--text-primary);">Reconstruct: perpendicular components must satisfy A²=Aₓ²+Aᵧ².</li>\n            </ol>\n          </div>\n\n          <!-- Work the Idea: Worked Example -->\n          <div style="border:1px solid var(--border); border-radius:var(--tab12-radius-sm); overflow:hidden; margin-bottom:16px; background:var(--bg-card-subtle);">\n            <div style="background:rgba(56,189,248,0.08); padding:10px 16px; border-bottom:1px solid var(--border); display:flex; align-items:center; gap:8px;">\n              <span style="font-weight:800; font-size:13px; color:var(--accent);">⚡ WORKED EXAMPLE</span>\n            </div>\n            <div style="padding:14px 16px; font-size:14.5px; line-height:1.6;">\n              Example. A 10 N vector is 30° above the negative x-axis. Aₓ = -10 cos30° = -5√3 N Aᵧ = +10 sin30° = +5 N.\n            </div>\n          </div>\n\n          <!-- Watch out & Quick Check -->\n          <div style="display:grid; grid-template-columns:repeat(auto-fit, minmax(280px, 1fr)); gap:16px;">\n            <div style="background:rgba(245,158,11,0.08); border:1px solid var(--warning); border-radius:var(--tab12-radius-sm); padding:14px 16px;">\n              <h4 style="font-size:13px; font-weight:800; text-transform:uppercase; letter-spacing:0.05em; color:var(--warning); margin-bottom:6px;">⚠️ Watch Out</h4>\n              <p style="font-size:14px; line-height:1.5; margin:0; color:var(--text-primary);">Do not memorize “cosine means x”. If the angle is measured from the y-axis, the y-component may be the adjacent side instead.</p>\n            </div>\n            <div style="background:rgba(52,211,153,0.08); border:1px solid var(--success); border-radius:var(--tab12-radius-sm); padding:14px 16px;">\n              <h4 style="font-size:13px; font-weight:800; text-transform:uppercase; letter-spacing:0.05em; color:var(--success); margin-bottom:6px;">✅ Quick Check</h4>\n              <p style="font-size:14px; line-height:1.5; margin:0 0 6px; color:var(--text-primary);">A vector has Aₓ=-6 and Aᵧ=+8. Which quadrant?</p>\n              <details style="margin-top:6px; cursor:pointer;">\n                <summary style="font-size:13px; font-weight:700; color:var(--success); padding:4px 0;">Reveal Answer</summary>\n                <div style="padding-top:6px; font-size:13.5px; font-weight:600; color:var(--text-primary);">Quadrant II; magnitude 10.</div>\n              </details>\n            </div>\n          </div>\n        </article>\n    \n\n        <!-- Unit 04: VECTORS 04 - Add vectors and find a resultant -->\n        <article class="content-card" id="unit-04" style="margin-bottom: 28px; border: 1.5px solid var(--border); border-radius: var(--tab12-radius-md); padding: 24px; background: var(--bg-card);">\n          <div style="display:flex; justify-content:space-between; align-items:flex-start; flex-wrap:wrap; gap:10px; margin-bottom:14px; border-bottom:1px solid var(--border); padding-bottom:12px;">\n            <div>\n              <span class="q-badge" style="background:rgba(56,189,248,0.15); border:1px solid var(--accent); color:var(--accent); font-weight:800; font-size:12px; padding:4px 10px; border-radius:999px;">Concept Unit 04</span>\n              <h2 style="font-size:20px; font-weight:700; margin:8px 0 4px; color:var(--text-primary);">VECTORS 04 - Add vectors and find a resultant</h2>\n              <p style="font-size:14px; color:var(--accent); font-weight:600; margin:0;">Head-to-tail geometry and component addition must agree</p>\n            </div>\n            <span class="tag-pill" style="font-size:12px; font-weight:700; background:rgba(192,132,252,0.15); border:1px solid var(--purple); color:var(--purple);">VEC-04 · Core 1</span>\n          </div>\n\n          <!-- Publication-grade Diagram -->\n          <div style="background:var(--bg-surface); border:1px solid var(--border); border-radius:var(--tab12-radius-sm); padding:16px; margin-bottom:20px;">\n            <svg xmlns="http://www.w3.org/2000/svg" viewBox="0 0 540 220" role="img" aria-label="Head to tail vector addition" style="width:100%;max-width:540px;height:auto;display:block;margin:12px auto;">\n  <defs>\n    <marker id="arr-va4" viewBox="0 0 10 10" refX="9" refY="5" markerWidth="6" markerHeight="6" orient="auto-start-reverse"><path d="M0 0 L10 5 L0 10 Z" fill="#38bdf8"/></marker>\n    <marker id="arr-vb4" viewBox="0 0 10 10" refX="9" refY="5" markerWidth="6" markerHeight="6" orient="auto-start-reverse"><path d="M0 0 L10 5 L0 10 Z" fill="#c084fc"/></marker>\n    <marker id="arr-vr4" viewBox="0 0 10 10" refX="9" refY="5" markerWidth="6" markerHeight="6" orient="auto-start-reverse"><path d="M0 0 L10 5 L0 10 Z" fill="#34d399"/></marker>\n  </defs>\n  <!-- Vector A -->\n  <line x1="80" y1="160" x2="230" y2="160" stroke="#38bdf8" stroke-width="3.5" marker-end="url(#arr-va4)"/>\n  <text x="155" y="180" text-anchor="middle" font-size="14" font-weight="800" fill="#38bdf8">A</text>\n  <!-- Vector B from head of A -->\n  <line x1="230" y1="160" x2="350" y2="70" stroke="#c084fc" stroke-width="3.5" marker-end="url(#arr-vb4)"/>\n  <text x="310" y="125" font-size="14" font-weight="800" fill="#c084fc">B</text>\n  <!-- Resultant R from tail of A to head of B -->\n  <line x1="80" y1="160" x2="344" y2="75" stroke="#34d399" stroke-width="4" marker-end="url(#arr-vr4)"/>\n  <text x="190" y="95" font-size="15" font-weight="800" fill="#34d399">R = A + B</text>\n  <!-- Component pill right -->\n  <rect x="380" y="60" width="130" height="90" rx="8" fill="rgba(52,211,153,0.1)" stroke="#34d399"/>\n  <text x="445" y="85" text-anchor="middle" font-size="12" font-weight="800" fill="#34d399">COMPONENTS</text>\n  <text x="445" y="112" text-anchor="middle" font-size="12" fill="currentColor">R_x = A_x + B_x</text>\n  <text x="445" y="132" text-anchor="middle" font-size="12" fill="currentColor">R_y = A_y + B_y</text>\n</svg>\n          </div>\n\n          <!-- Dual explanation grid -->\n          <div style="display:grid; grid-template-columns:repeat(auto-fit, minmax(280px, 1fr)); gap:18px; margin-bottom:20px;">\n            <div style="background:var(--bg-card-subtle); border-left:4px solid var(--accent); padding:14px 16px; border-radius:0 var(--tab12-radius-sm) var(--tab12-radius-sm) 0;">\n              <h4 style="font-size:14px; font-weight:800; text-transform:uppercase; letter-spacing:0.05em; color:var(--accent); margin-bottom:6px;">What is happening?</h4>\n              <p style="font-size:14.5px; line-height:1.6; margin:0; color:var(--text-primary);">Vector addition combines directional changes. Place vectors head-to-tail; the resultant runs from the first tail to the final head. In components, add x with x and y with y.</p>\n            </div>\n            <div style="background:var(--bg-card-subtle); border-left:4px solid var(--success); padding:14px 16px; border-radius:0 var(--tab12-radius-sm) var(--tab12-radius-sm) 0;">\n              <h4 style="font-size:14px; font-weight:800; text-transform:uppercase; letter-spacing:0.05em; color:var(--success); margin-bottom:6px;">Key Idea</h4>\n              <p style="font-size:14.5px; line-height:1.6; margin:0; color:var(--text-primary);">The resultant is not the path length. Geometry and components are two views of the same addition.</p>\n            </div>\n          </div>\n\n          <!-- How it works numbered sequence -->\n          <div style="background:rgba(255,255,255,0.02); border:1px solid var(--border-light); border-radius:var(--tab12-radius-sm); padding:16px 20px; margin-bottom:20px;">\n            <h4 style="font-size:14px; font-weight:800; text-transform:uppercase; letter-spacing:0.05em; color:var(--text-secondary); margin-bottom:10px;">How It Works</h4>\n            <ol style="margin:0; padding-left:22px; display:grid; gap:8px;">\n              <li style="font-size:14px; line-height:1.5; color:var(--text-primary);">Diagram route: place vectors head-to-tail and draw the closing diagonal.</li><li style="font-size:14px; line-height:1.5; color:var(--text-primary);">Component route: Rₓ=ΣAₓ, Rᵧ=ΣAᵧ.</li><li style="font-size:14px; line-height:1.5; color:var(--text-primary);">Magnitude: for perpendicular components, |R|=√(Rₓ²+Rᵧ²).</li><li style="font-size:14px; line-height:1.5; color:var(--text-primary);">Direction: use signs to fix the quadrant before using an inverse tangent.</li>\n            </ol>\n          </div>\n\n          <!-- Work the Idea: Worked Example -->\n          <div style="border:1px solid var(--border); border-radius:var(--tab12-radius-sm); overflow:hidden; margin-bottom:16px; background:var(--bg-card-subtle);">\n            <div style="background:rgba(56,189,248,0.08); padding:10px 16px; border-bottom:1px solid var(--border); display:flex; align-items:center; gap:8px;">\n              <span style="font-weight:800; font-size:13px; color:var(--accent);">⚡ WORKED EXAMPLE</span>\n            </div>\n            <div style="padding:14px 16px; font-size:14.5px; line-height:1.6;">\n              Example. 9 m east then 12 m north gives R=(9,12) m. |R|=√(9²+12²)=15 m. θ=tan⁻¹(12/9)=53.1° north of east.\n            </div>\n          </div>\n\n          <!-- Watch out & Quick Check -->\n          <div style="display:grid; grid-template-columns:repeat(auto-fit, minmax(280px, 1fr)); gap:16px;">\n            <div style="background:rgba(245,158,11,0.08); border:1px solid var(--warning); border-radius:var(--tab12-radius-sm); padding:14px 16px;">\n              <h4 style="font-size:13px; font-weight:800; text-transform:uppercase; letter-spacing:0.05em; color:var(--warning); margin-bottom:6px;">⚠️ Watch Out</h4>\n              <p style="font-size:14px; line-height:1.5; margin:0; color:var(--text-primary);">Do not add magnitudes blindly when directions differ. 9+12=21 m is the path distance, not the resultant displacement.</p>\n            </div>\n            <div style="background:rgba(52,211,153,0.08); border:1px solid var(--success); border-radius:var(--tab12-radius-sm); padding:14px 16px;">\n              <h4 style="font-size:13px; font-weight:800; text-transform:uppercase; letter-spacing:0.05em; color:var(--success); margin-bottom:6px;">✅ Quick Check</h4>\n              <p style="font-size:14px; line-height:1.5; margin:0 0 6px; color:var(--text-primary);">A walker moves 3 m east then 4 m north.</p>\n              <details style="margin-top:6px; cursor:pointer;">\n                <summary style="font-size:13px; font-weight:700; color:var(--success); padding:4px 0;">Reveal Answer</summary>\n                <div style="padding-top:6px; font-size:13.5px; font-weight:600; color:var(--text-primary);">5 m.</div>\n              </details>\n            </div>\n          </div>\n        </article>\n    \n\n        <!-- Unit 05: VECTORS 05 - Subtract vectors and build change vectors -->\n        <article class="content-card" id="unit-05" style="margin-bottom: 28px; border: 1.5px solid var(--border); border-radius: var(--tab12-radius-md); padding: 24px; background: var(--bg-card);">\n          <div style="display:flex; justify-content:space-between; align-items:flex-start; flex-wrap:wrap; gap:10px; margin-bottom:14px; border-bottom:1px solid var(--border); padding-bottom:12px;">\n            <div>\n              <span class="q-badge" style="background:rgba(56,189,248,0.15); border:1px solid var(--accent); color:var(--accent); font-weight:800; font-size:12px; padding:4px 10px; border-radius:999px;">Concept Unit 05</span>\n              <h2 style="font-size:20px; font-weight:700; margin:8px 0 4px; color:var(--text-primary);">VECTORS 05 - Subtract vectors and build change vectors</h2>\n              <p style="font-size:14px; color:var(--accent); font-weight:600; margin:0;">Final minus initial is a geometric operation</p>\n            </div>\n            <span class="tag-pill" style="font-size:12px; font-weight:700; background:rgba(192,132,252,0.15); border:1px solid var(--purple); color:var(--purple);">VEC-05 · Core 1</span>\n          </div>\n\n          <!-- Publication-grade Diagram -->\n          <div style="background:var(--bg-surface); border:1px solid var(--border); border-radius:var(--tab12-radius-sm); padding:16px; margin-bottom:20px;">\n            <svg xmlns="http://www.w3.org/2000/svg" viewBox="0 0 540 220" role="img" aria-label="Vector subtraction and change vector" style="width:100%;max-width:540px;height:auto;display:block;margin:12px auto;">\n  <defs>\n    <marker id="arr-vi" viewBox="0 0 10 10" refX="9" refY="5" markerWidth="6" markerHeight="6" orient="auto-start-reverse"><path d="M0 0 L10 5 L0 10 Z" fill="#38bdf8"/></marker>\n    <marker id="arr-vf" viewBox="0 0 10 10" refX="9" refY="5" markerWidth="6" markerHeight="6" orient="auto-start-reverse"><path d="M0 0 L10 5 L0 10 Z" fill="#38bdf8"/></marker>\n    <marker id="arr-dv" viewBox="0 0 10 10" refX="9" refY="5" markerWidth="6" markerHeight="6" orient="auto-start-reverse"><path d="M0 0 L10 5 L0 10 Z" fill="#f43f5e"/></marker>\n  </defs>\n  <!-- Initial vector v_i -->\n  <line x1="120" y1="160" x2="260" y2="160" stroke="#38bdf8" stroke-width="3" marker-end="url(#arr-vi)"/>\n  <text x="190" y="180" text-anchor="middle" font-size="14" font-weight="800" fill="#38bdf8">v_initial</text>\n  <!-- Final vector v_f from common origin -->\n  <line x1="120" y1="160" x2="240" y2="60" stroke="#38bdf8" stroke-width="3" marker-end="url(#arr-vf)"/>\n  <text x="160" y="95" font-size="14" font-weight="800" fill="#38bdf8">v_final</text>\n  <!-- Change vector Delta v from head of v_i to head of v_f -->\n  <line x1="260" y1="160" x2="244" y2="68" stroke="#f43f5e" stroke-width="3.5" marker-end="url(#arr-dv)"/>\n  <text x="275" y="110" font-size="14" font-weight="800" fill="#f43f5e">Δv = v_f - v_i</text>\n  <!-- Rule banner -->\n  <rect x="330" y="70" width="170" height="70" rx="8" fill="rgba(244,63,94,0.1)" stroke="#f43f5e"/>\n  <text x="415" y="95" text-anchor="middle" font-size="12" font-weight="800" fill="#f43f5e">SUBTRACTION</text>\n  <text x="415" y="120" text-anchor="middle" font-size="12" fill="currentColor">Draw from TIP of v_i to TIP of v_f</text>\n</svg>\n          </div>\n\n          <!-- Dual explanation grid -->\n          <div style="display:grid; grid-template-columns:repeat(auto-fit, minmax(280px, 1fr)); gap:18px; margin-bottom:20px;">\n            <div style="background:var(--bg-card-subtle); border-left:4px solid var(--accent); padding:14px 16px; border-radius:0 var(--tab12-radius-sm) var(--tab12-radius-sm) 0;">\n              <h4 style="font-size:14px; font-weight:800; text-transform:uppercase; letter-spacing:0.05em; color:var(--accent); margin-bottom:6px;">What is happening?</h4>\n              <p style="font-size:14.5px; line-height:1.6; margin:0; color:var(--text-primary);">Vector subtraction means add the opposite: A-B=A+(-B). Changes use the same rule: Δv=v_f-v_i and Δp=p_f-p_i.</p>\n            </div>\n            <div style="background:var(--bg-card-subtle); border-left:4px solid var(--success); padding:14px 16px; border-radius:0 var(--tab12-radius-sm) var(--tab12-radius-sm) 0;">\n              <h4 style="font-size:14px; font-weight:800; text-transform:uppercase; letter-spacing:0.05em; color:var(--success); margin-bottom:6px;">Key Idea</h4>\n              <p style="font-size:14.5px; line-height:1.6; margin:0; color:var(--text-primary);">A change vector compares two states. Equal magnitudes do not imply zero change when directions differ.</p>\n            </div>\n          </div>\n\n          <!-- How it works numbered sequence -->\n          <div style="background:rgba(255,255,255,0.02); border:1px solid var(--border-light); border-radius:var(--tab12-radius-sm); padding:16px 20px; margin-bottom:20px;">\n            <h4 style="font-size:14px; font-weight:800; text-transform:uppercase; letter-spacing:0.05em; color:var(--text-secondary); margin-bottom:10px;">How It Works</h4>\n            <ol style="margin:0; padding-left:22px; display:grid; gap:8px;">\n              <li style="font-size:14px; line-height:1.5; color:var(--text-primary);">State: draw or write the initial and final vectors from a common origin.</li><li style="font-size:14px; line-height:1.5; color:var(--text-primary);">Reverse: subtracting a vector means reversing it before addition.</li><li style="font-size:14px; line-height:1.5; color:var(--text-primary);">Compute: subtract corresponding components.</li><li style="font-size:14px; line-height:1.5; color:var(--text-primary);">Interpret: the change vector has its own magnitude and direction.</li>\n            </ol>\n          </div>\n\n          <!-- Work the Idea: Worked Example -->\n          <div style="border:1px solid var(--border); border-radius:var(--tab12-radius-sm); overflow:hidden; margin-bottom:16px; background:var(--bg-card-subtle);">\n            <div style="background:rgba(56,189,248,0.08); padding:10px 16px; border-bottom:1px solid var(--border); display:flex; align-items:center; gap:8px;">\n              <span style="font-weight:800; font-size:13px; color:var(--accent);">⚡ WORKED EXAMPLE</span>\n            </div>\n            <div style="padding:14px 16px; font-size:14.5px; line-height:1.6;">\n              Example. vᵢ=(6,0) m/s and v_f=(0,6) m/s. Δv=(-6,6) m/s |Δv|=√72=6√2 m/s.\n            </div>\n          </div>\n\n          <!-- Watch out & Quick Check -->\n          <div style="display:grid; grid-template-columns:repeat(auto-fit, minmax(280px, 1fr)); gap:16px;">\n            <div style="background:rgba(245,158,11,0.08); border:1px solid var(--warning); border-radius:var(--tab12-radius-sm); padding:14px 16px;">\n              <h4 style="font-size:13px; font-weight:800; text-transform:uppercase; letter-spacing:0.05em; color:var(--warning); margin-bottom:6px;">⚠️ Watch Out</h4>\n              <p style="font-size:14px; line-height:1.5; margin:0; color:var(--text-primary);">Do not say “speed did not change, so velocity did not change”. Turning changes velocity even at constant speed.</p>\n            </div>\n            <div style="background:rgba(52,211,153,0.08); border:1px solid var(--success); border-radius:var(--tab12-radius-sm); padding:14px 16px;">\n              <h4 style="font-size:13px; font-weight:800; text-transform:uppercase; letter-spacing:0.05em; color:var(--success); margin-bottom:6px;">✅ Quick Check</h4>\n              <p style="font-size:14px; line-height:1.5; margin:0 0 6px; color:var(--text-primary);">Velocity changes from +5 m/s to -2 m/s. What is</p>\n              <details style="margin-top:6px; cursor:pointer;">\n                <summary style="font-size:13px; font-weight:700; color:var(--success); padding:4px 0;">Reveal Answer</summary>\n                <div style="padding-top:6px; font-size:13.5px; font-weight:600; color:var(--text-primary);">-7 m/s.</div>\n              </details>\n            </div>\n          </div>\n        </article>\n    \n\n        <!-- Unit 06: VECTORS 06 - Recover magnitude and direction -->\n        <article class="content-card" id="unit-06" style="margin-bottom: 28px; border: 1.5px solid var(--border); border-radius: var(--tab12-radius-md); padding: 24px; background: var(--bg-card);">\n          <div style="display:flex; justify-content:space-between; align-items:flex-start; flex-wrap:wrap; gap:10px; margin-bottom:14px; border-bottom:1px solid var(--border); padding-bottom:12px;">\n            <div>\n              <span class="q-badge" style="background:rgba(56,189,248,0.15); border:1px solid var(--accent); color:var(--accent); font-weight:800; font-size:12px; padding:4px 10px; border-radius:999px;">Concept Unit 06</span>\n              <h2 style="font-size:20px; font-weight:700; margin:8px 0 4px; color:var(--text-primary);">VECTORS 06 - Recover magnitude and direction</h2>\n              <p style="font-size:14px; color:var(--accent); font-weight:600; margin:0;">Components are coordinates of the vector state</p>\n            </div>\n            <span class="tag-pill" style="font-size:12px; font-weight:700; background:rgba(192,132,252,0.15); border:1px solid var(--purple); color:var(--purple);">VEC-06 · Core 1</span>\n          </div>\n\n          <!-- Publication-grade Diagram -->\n          <div style="background:var(--bg-surface); border:1px solid var(--border); border-radius:var(--tab12-radius-sm); padding:16px; margin-bottom:20px;">\n            <svg xmlns="http://www.w3.org/2000/svg" viewBox="0 0 540 220" role="img" aria-label="Recovering magnitude and direction from components" style="width:100%;max-width:540px;height:auto;display:block;margin:12px auto;">\n  <defs>\n    <marker id="arr-m6" viewBox="0 0 10 10" refX="9" refY="5" markerWidth="6" markerHeight="6" orient="auto-start-reverse"><path d="M0 0 L10 5 L0 10 Z" fill="#34d399"/></marker>\n  </defs>\n  <!-- Base component triangle -->\n  <line x1="100" y1="160" x2="260" y2="160" stroke="#38bdf8" stroke-width="3"/>\n  <text x="180" y="180" text-anchor="middle" font-size="13" font-weight="800" fill="#38bdf8">A_x = 3</text>\n  <line x1="260" y1="160" x2="260" y2="60" stroke="#38bdf8" stroke-width="3"/>\n  <text x="290" y="115" font-size="13" font-weight="800" fill="#38bdf8">A_y = 4</text>\n  <!-- Hypotenuse Vector -->\n  <line x1="100" y1="160" x2="255" y2="64" stroke="#34d399" stroke-width="4" marker-end="url(#arr-m6)"/>\n  <text x="150" y="95" font-size="15" font-weight="800" fill="#34d399">|A| = 5</text>\n  <!-- Angle -->\n  <path d="M 140 160 A 40 40 0 0 0 133 139" fill="none" stroke="#fbbf24" stroke-width="2"/>\n  <text x="150" y="148" font-size="12" font-weight="800" fill="#fbbf24">θ = 53°</text>\n  <!-- Formulas card -->\n  <rect x="330" y="55" width="170" height="95" rx="8" fill="rgba(56,189,248,0.08)" stroke="#38bdf8"/>\n  <text x="415" y="82" text-anchor="middle" font-size="13" font-weight="800" fill="#38bdf8">RECONSTRUCTION</text>\n  <text x="415" y="110" text-anchor="middle" font-size="12" fill="currentColor">|A| = √(Ax² + Ay²)</text>\n  <text x="415" y="132" text-anchor="middle" font-size="12" fill="currentColor">tan θ = |Ay| / |Ax|</text>\n</svg>\n          </div>\n\n          <!-- Dual explanation grid -->\n          <div style="display:grid; grid-template-columns:repeat(auto-fit, minmax(280px, 1fr)); gap:18px; margin-bottom:20px;">\n            <div style="background:var(--bg-card-subtle); border-left:4px solid var(--accent); padding:14px 16px; border-radius:0 var(--tab12-radius-sm) var(--tab12-radius-sm) 0;">\n              <h4 style="font-size:14px; font-weight:800; text-transform:uppercase; letter-spacing:0.05em; color:var(--accent); margin-bottom:6px;">What is happening?</h4>\n              <p style="font-size:14.5px; line-height:1.6; margin:0; color:var(--text-primary);">When Rₓ and Rᵧ are known, the magnitude follows from the component triangle. The direction needs both a reference axis and the correct quadrant.</p>\n            </div>\n            <div style="background:var(--bg-card-subtle); border-left:4px solid var(--success); padding:14px 16px; border-radius:0 var(--tab12-radius-sm) var(--tab12-radius-sm) 0;">\n              <h4 style="font-size:14px; font-weight:800; text-transform:uppercase; letter-spacing:0.05em; color:var(--success); margin-bottom:6px;">Key Idea</h4>\n              <p style="font-size:14.5px; line-height:1.6; margin:0; color:var(--text-primary);">Magnitude alone is not a complete vector answer. Report direction whenever the question asks for a vector.</p>\n            </div>\n          </div>\n\n          <!-- How it works numbered sequence -->\n          <div style="background:rgba(255,255,255,0.02); border:1px solid var(--border-light); border-radius:var(--tab12-radius-sm); padding:16px 20px; margin-bottom:20px;">\n            <h4 style="font-size:14px; font-weight:800; text-transform:uppercase; letter-spacing:0.05em; color:var(--text-secondary); margin-bottom:10px;">How It Works</h4>\n            <ol style="margin:0; padding-left:22px; display:grid; gap:8px;">\n              <li style="font-size:14px; line-height:1.5; color:var(--text-primary);">Magnitude: |R|=√(Rₓ²+Rᵧ²) for perpendicular Cartesian components.</li><li style="font-size:14px; line-height:1.5; color:var(--text-primary);">Reference angle: tan α=|Rᵧ/Rₓ|.</li><li style="font-size:14px; line-height:1.5; color:var(--text-primary);">Quadrant: use the signs of Rₓ and Rᵧ to convert α into a physical direction.</li><li style="font-size:14px; line-height:1.5; color:var(--text-primary);">Check: reconstruct the components from the final magnitude and direction.</li>\n            </ol>\n          </div>\n\n          <!-- Work the Idea: Worked Example -->\n          <div style="border:1px solid var(--border); border-radius:var(--tab12-radius-sm); overflow:hidden; margin-bottom:16px; background:var(--bg-card-subtle);">\n            <div style="background:rgba(56,189,248,0.08); padding:10px 16px; border-bottom:1px solid var(--border); display:flex; align-items:center; gap:8px;">\n              <span style="font-weight:800; font-size:13px; color:var(--accent);">⚡ WORKED EXAMPLE</span>\n            </div>\n            <div style="padding:14px 16px; font-size:14.5px; line-height:1.6;">\n              Example. F=(9,-12) N. |F|=15 N. Reference angle = tan⁻¹(12/9)=53.1°. Signs (+,-) place it in quadrant IV: 53.1° south of east.\n            </div>\n          </div>\n\n          <!-- Watch out & Quick Check -->\n          <div style="display:grid; grid-template-columns:repeat(auto-fit, minmax(280px, 1fr)); gap:16px;">\n            <div style="background:rgba(245,158,11,0.08); border:1px solid var(--warning); border-radius:var(--tab12-radius-sm); padding:14px 16px;">\n              <h4 style="font-size:13px; font-weight:800; text-transform:uppercase; letter-spacing:0.05em; color:var(--warning); margin-bottom:6px;">⚠️ Watch Out</h4>\n              <p style="font-size:14px; line-height:1.5; margin:0; color:var(--text-primary);">A calculator inverse tangent can return only a reference angle. It cannot choose the physical quadrant for you.</p>\n            </div>\n            <div style="background:rgba(52,211,153,0.08); border:1px solid var(--success); border-radius:var(--tab12-radius-sm); padding:14px 16px;">\n              <h4 style="font-size:13px; font-weight:800; text-transform:uppercase; letter-spacing:0.05em; color:var(--success); margin-bottom:6px;">✅ Quick Check</h4>\n              <p style="font-size:14px; line-height:1.5; margin:0 0 6px; color:var(--text-primary);">R=(-3,-4). Give magnitude and compass-style</p>\n              <details style="margin-top:6px; cursor:pointer;">\n                <summary style="font-size:13px; font-weight:700; color:var(--success); padding:4px 0;">Reveal Answer</summary>\n                <div style="padding-top:6px; font-size:13.5px; font-weight:600; color:var(--text-primary);">5 units; 53.1° south of west.</div>\n              </details>\n            </div>\n          </div>\n        </article>\n    \n\n        <!-- Unit 07: VECTORS 07 - Relative velocity -->\n        <article class="content-card" id="unit-07" style="margin-bottom: 28px; border: 1.5px solid var(--border); border-radius: var(--tab12-radius-md); padding: 24px; background: var(--bg-card);">\n          <div style="display:flex; justify-content:space-between; align-items:flex-start; flex-wrap:wrap; gap:10px; margin-bottom:14px; border-bottom:1px solid var(--border); padding-bottom:12px;">\n            <div>\n              <span class="q-badge" style="background:rgba(56,189,248,0.15); border:1px solid var(--accent); color:var(--accent); font-weight:800; font-size:12px; padding:4px 10px; border-radius:999px;">Concept Unit 07</span>\n              <h2 style="font-size:20px; font-weight:700; margin:8px 0 4px; color:var(--text-primary);">VECTORS 07 - Relative velocity</h2>\n              <p style="font-size:14px; color:var(--accent); font-weight:600; margin:0;">The observer is the vector you subtract</p>\n            </div>\n            <span class="tag-pill" style="font-size:12px; font-weight:700; background:rgba(192,132,252,0.15); border:1px solid var(--purple); color:var(--purple);">VEC-07 · Core 1</span>\n          </div>\n\n          <!-- Publication-grade Diagram -->\n          <div style="background:var(--bg-surface); border:1px solid var(--border); border-radius:var(--tab12-radius-sm); padding:16px; margin-bottom:20px;">\n            <svg xmlns="http://www.w3.org/2000/svg" viewBox="0 0 540 220" role="img" aria-label="Relative velocity subtraction" style="width:100%;max-width:540px;height:auto;display:block;margin:12px auto;">\n  <defs>\n    <marker id="arr-car" viewBox="0 0 10 10" refX="9" refY="5" markerWidth="6" markerHeight="6" orient="auto-start-reverse"><path d="M0 0 L10 5 L0 10 Z" fill="#38bdf8"/></marker>\n    <marker id="arr-rel" viewBox="0 0 10 10" refX="9" refY="5" markerWidth="6" markerHeight="6" orient="auto-start-reverse"><path d="M0 0 L10 5 L0 10 Z" fill="#34d399"/></marker>\n  </defs>\n  <!-- Car A -->\n  <rect x="70" y="50" width="80" height="40" rx="6" fill="rgba(56,189,248,0.2)" stroke="#38bdf8"/>\n  <text x="110" y="75" text-anchor="middle" font-size="13" font-weight="800" fill="currentColor">Car A</text>\n  <line x1="150" y1="70" x2="270" y2="70" stroke="#38bdf8" stroke-width="3" marker-end="url(#arr-car)"/>\n  <text x="210" y="60" text-anchor="middle" font-size="12" font-weight="800" fill="#38bdf8">v_A = 20 m/s</text>\n  <!-- Car B -->\n  <rect x="70" y="120" width="80" height="40" rx="6" fill="rgba(192,132,252,0.2)" stroke="#c084fc"/>\n  <text x="110" y="145" text-anchor="middle" font-size="13" font-weight="800" fill="currentColor">Car B</text>\n  <line x1="150" y1="140" x2="230" y2="140" stroke="#c084fc" stroke-width="3" marker-end="url(#arr-car)"/>\n  <text x="190" y="130" text-anchor="middle" font-size="12" font-weight="800" fill="#c084fc">v_B = 15 m/s</text>\n  <!-- Relative velocity vector -->\n  <rect x="310" y="60" width="190" height="90" rx="8" fill="rgba(52,211,153,0.1)" stroke="#34d399"/>\n  <text x="405" y="85" text-anchor="middle" font-size="13" font-weight="800" fill="#34d399">RELATIVE VELOCITY</text>\n  <line x1="340" y1="110" x2="400" y2="110" stroke="#34d399" stroke-width="3" marker-end="url(#arr-rel)"/>\n  <text x="440" y="115" font-size="12" font-weight="800" fill="#34d399">v_AB = v_A - v_B</text>\n  <text x="405" y="138" text-anchor="middle" font-size="12" fill="currentColor">= 20 - 15 = +5 m/s</text>\n</svg>\n          </div>\n\n          <!-- Dual explanation grid -->\n          <div style="display:grid; grid-template-columns:repeat(auto-fit, minmax(280px, 1fr)); gap:18px; margin-bottom:20px;">\n            <div style="background:var(--bg-card-subtle); border-left:4px solid var(--accent); padding:14px 16px; border-radius:0 var(--tab12-radius-sm) var(--tab12-radius-sm) 0;">\n              <h4 style="font-size:14px; font-weight:800; text-transform:uppercase; letter-spacing:0.05em; color:var(--accent); margin-bottom:6px;">What is happening?</h4>\n              <p style="font-size:14.5px; line-height:1.6; margin:0; color:var(--text-primary);">Relative velocity asks what one observer sees another object doing. “Velocity of A relative to B” means subtract the observer B from A.</p>\n            </div>\n            <div style="background:var(--bg-card-subtle); border-left:4px solid var(--success); padding:14px 16px; border-radius:0 var(--tab12-radius-sm) var(--tab12-radius-sm) 0;">\n              <h4 style="font-size:14px; font-weight:800; text-transform:uppercase; letter-spacing:0.05em; color:var(--success); margin-bottom:6px;">Key Idea</h4>\n              <p style="font-size:14.5px; line-height:1.6; margin:0; color:var(--text-primary);">Order follows the words: v_A/B = v_A - v_B. Express both velocities in the same axes before subtracting.</p>\n            </div>\n          </div>\n\n          <!-- How it works numbered sequence -->\n          <div style="background:rgba(255,255,255,0.02); border:1px solid var(--border-light); border-radius:var(--tab12-radius-sm); padding:16px 20px; margin-bottom:20px;">\n            <h4 style="font-size:14px; font-weight:800; text-transform:uppercase; letter-spacing:0.05em; color:var(--text-secondary); margin-bottom:10px;">How It Works</h4>\n            <ol style="margin:0; padding-left:22px; display:grid; gap:8px;">\n              <li style="font-size:14px; line-height:1.5; color:var(--text-primary);">Name roles: object A, observer B.</li><li style="font-size:14px; line-height:1.5; color:var(--text-primary);">Same frame: write both ground-frame velocity vectors using one coordinate system.</li><li style="font-size:14px; line-height:1.5; color:var(--text-primary);">Subtract: component-by-component.</li><li style="font-size:14px; line-height:1.5; color:var(--text-primary);">Special case: if A and B move together with identical velocity, v_A/B must be zero.</li>\n            </ol>\n          </div>\n\n          <!-- Work the Idea: Worked Example -->\n          <div style="border:1px solid var(--border); border-radius:var(--tab12-radius-sm); overflow:hidden; margin-bottom:16px; background:var(--bg-card-subtle);">\n            <div style="background:rgba(56,189,248,0.08); padding:10px 16px; border-bottom:1px solid var(--border); display:flex; align-items:center; gap:8px;">\n              <span style="font-weight:800; font-size:13px; color:var(--accent);">⚡ WORKED EXAMPLE</span>\n            </div>\n            <div style="padding:14px 16px; font-size:14.5px; line-height:1.6;">\n              Example. Cyclist A moves east at 8 m/s and B east at 5 m/s. v_A/B = +8-(+5)=+3 m/s: A moves 3 m/s east relative to B.\n            </div>\n          </div>\n\n          <!-- Watch out & Quick Check -->\n          <div style="display:grid; grid-template-columns:repeat(auto-fit, minmax(280px, 1fr)); gap:16px;">\n            <div style="background:rgba(245,158,11,0.08); border:1px solid var(--warning); border-radius:var(--tab12-radius-sm); padding:14px 16px;">\n              <h4 style="font-size:13px; font-weight:800; text-transform:uppercase; letter-spacing:0.05em; color:var(--warning); margin-bottom:6px;">⚠️ Watch Out</h4>\n              <p style="font-size:14px; line-height:1.5; margin:0; color:var(--text-primary);">Do not reverse the order. v_A/B and v_B/A are opposites.</p>\n            </div>\n            <div style="background:rgba(52,211,153,0.08); border:1px solid var(--success); border-radius:var(--tab12-radius-sm); padding:14px 16px;">\n              <h4 style="font-size:13px; font-weight:800; text-transform:uppercase; letter-spacing:0.05em; color:var(--success); margin-bottom:6px;">✅ Quick Check</h4>\n              <p style="font-size:14px; line-height:1.5; margin:0 0 6px; color:var(--text-primary);">If A and B have identical velocity vectors, what is</p>\n              <details style="margin-top:6px; cursor:pointer;">\n                <summary style="font-size:13px; font-weight:700; color:var(--success); padding:4px 0;">Reveal Answer</summary>\n                <div style="padding-top:6px; font-size:13.5px; font-weight:600; color:var(--text-primary);">0.</div>\n              </details>\n            </div>\n          </div>\n        </article>\n    \n\n        <!-- Unit 08: VECTORS 08 - Tangent and radial directions -->\n        <article class="content-card" id="unit-08" style="margin-bottom: 28px; border: 1.5px solid var(--border); border-radius: var(--tab12-radius-md); padding: 24px; background: var(--bg-card);">\n          <div style="display:flex; justify-content:space-between; align-items:flex-start; flex-wrap:wrap; gap:10px; margin-bottom:14px; border-bottom:1px solid var(--border); padding-bottom:12px;">\n            <div>\n              <span class="q-badge" style="background:rgba(56,189,248,0.15); border:1px solid var(--accent); color:var(--accent); font-weight:800; font-size:12px; padding:4px 10px; border-radius:999px;">Concept Unit 08</span>\n              <h2 style="font-size:20px; font-weight:700; margin:8px 0 4px; color:var(--text-primary);">VECTORS 08 - Tangent and radial directions</h2>\n              <p style="font-size:14px; color:var(--accent); font-weight:600; margin:0;">Circular motion separates velocity direction from acceleration direction</p>\n            </div>\n            <span class="tag-pill" style="font-size:12px; font-weight:700; background:rgba(192,132,252,0.15); border:1px solid var(--purple); color:var(--purple);">VEC-08 · Core 1</span>\n          </div>\n\n          <!-- Publication-grade Diagram -->\n          <div style="background:var(--bg-surface); border:1px solid var(--border); border-radius:var(--tab12-radius-sm); padding:16px; margin-bottom:20px;">\n            <svg xmlns="http://www.w3.org/2000/svg" viewBox="0 0 540 220" role="img" aria-label="Tangent velocity and radial acceleration" style="width:100%;max-width:540px;height:auto;display:block;margin:12px auto;">\n  <defs>\n    <marker id="arr-tan" viewBox="0 0 10 10" refX="9" refY="5" markerWidth="6" markerHeight="6" orient="auto-start-reverse"><path d="M0 0 L10 5 L0 10 Z" fill="#34d399"/></marker>\n    <marker id="arr-rad" viewBox="0 0 10 10" refX="9" refY="5" markerWidth="6" markerHeight="6" orient="auto-start-reverse"><path d="M0 0 L10 5 L0 10 Z" fill="#ef4444"/></marker>\n  </defs>\n  <!-- Circle path -->\n  <circle cx="270" cy="120" r="70" fill="none" stroke="var(--border,#475569)" stroke-width="2" stroke-dasharray="4 4"/>\n  <circle cx="270" cy="120" r="4" fill="currentColor"/>\n  <text x="270" y="140" text-anchor="middle" font-size="11" fill="var(--text-secondary,#94a3b8)">Center</text>\n  <!-- Particle at top -->\n  <circle cx="270" cy="50" r="7" fill="#38bdf8"/>\n  <!-- Tangent velocity -->\n  <line x1="270" y1="50" x2="360" y2="50" stroke="#34d399" stroke-width="3.5" marker-end="url(#arr-tan)"/>\n  <text x="320" y="40" font-size="13" font-weight="800" fill="#34d399">v_t (Tangent)</text>\n  <!-- Inward radial acceleration -->\n  <line x1="270" y1="50" x2="270" y2="95" stroke="#ef4444" stroke-width="3.5" marker-end="url(#arr-rad)"/>\n  <text x="280" y="80" font-size="13" font-weight="800" fill="#ef4444">a_c (Radial)</text>\n  <!-- 90 degree angle indicator -->\n  <rect x="270" y="50" width="10" height="10" fill="none" stroke="currentColor"/>\n  <!-- Callout left -->\n  <rect x="60" y="70" width="150" height="70" rx="8" fill="rgba(56,189,248,0.08)" stroke="#38bdf8"/>\n  <text x="135" y="95" text-anchor="middle" font-size="12" font-weight="800" fill="#38bdf8">ORTHOGONAL</text>\n  <text x="135" y="115" text-anchor="middle" font-size="12" fill="currentColor">v_t ⊥ a_c at all times</text>\n</svg>\n          </div>\n\n          <!-- Dual explanation grid -->\n          <div style="display:grid; grid-template-columns:repeat(auto-fit, minmax(280px, 1fr)); gap:18px; margin-bottom:20px;">\n            <div style="background:var(--bg-card-subtle); border-left:4px solid var(--accent); padding:14px 16px; border-radius:0 var(--tab12-radius-sm) var(--tab12-radius-sm) 0;">\n              <h4 style="font-size:14px; font-weight:800; text-transform:uppercase; letter-spacing:0.05em; color:var(--accent); margin-bottom:6px;">What is happening?</h4>\n              <p style="font-size:14.5px; line-height:1.6; margin:0; color:var(--text-primary);">At any point on a circular path, instantaneous velocity is tangent to the path. Centripetal acceleration points radially inward toward the centre.</p>\n            </div>\n            <div style="background:var(--bg-card-subtle); border-left:4px solid var(--success); padding:14px 16px; border-radius:0 var(--tab12-radius-sm) var(--tab12-radius-sm) 0;">\n              <h4 style="font-size:14px; font-weight:800; text-transform:uppercase; letter-spacing:0.05em; color:var(--success); margin-bottom:6px;">Key Idea</h4>\n              <p style="font-size:14.5px; line-height:1.6; margin:0; color:var(--text-primary);">Constant speed does not mean constant velocity. Direction changes continuously, so the velocity vector changes and acceleration is nonzero.</p>\n            </div>\n          </div>\n\n          <!-- How it works numbered sequence -->\n          <div style="background:rgba(255,255,255,0.02); border:1px solid var(--border-light); border-radius:var(--tab12-radius-sm); padding:16px 20px; margin-bottom:20px;">\n            <h4 style="font-size:14px; font-weight:800; text-transform:uppercase; letter-spacing:0.05em; color:var(--text-secondary); margin-bottom:10px;">How It Works</h4>\n            <ol style="margin:0; padding-left:22px; display:grid; gap:8px;">\n              <li style="font-size:14px; line-height:1.5; color:var(--text-primary);">Draw: mark the radius from the particle to the centre.</li><li style="font-size:14px; line-height:1.5; color:var(--text-primary);">Velocity: draw a tangent perpendicular to the radius.</li><li style="font-size:14px; line-height:1.5; color:var(--text-primary);">Acceleration: point inward along the radius.</li><li style="font-size:14px; line-height:1.5; color:var(--text-primary);">Release: if the inward constraint disappears, the object initially continues along the tangent.</li>\n            </ol>\n          </div>\n\n          <!-- Work the Idea: Worked Example -->\n          <div style="border:1px solid var(--border); border-radius:var(--tab12-radius-sm); overflow:hidden; margin-bottom:16px; background:var(--bg-card-subtle);">\n            <div style="background:rgba(56,189,248,0.08); padding:10px 16px; border-bottom:1px solid var(--border); display:flex; align-items:center; gap:8px;">\n              <span style="font-weight:800; font-size:13px; color:var(--accent);">⚡ WORKED EXAMPLE</span>\n            </div>\n            <div style="padding:14px 16px; font-size:14.5px; line-height:1.6;">\n              Example. At the rightmost point of a circle, acceleration points left toward the centre. Velocity is vertical along the tangent; up/down depends on the direction of travel.\n            </div>\n          </div>\n\n          <!-- Watch out & Quick Check -->\n          <div style="display:grid; grid-template-columns:repeat(auto-fit, minmax(280px, 1fr)); gap:16px;">\n            <div style="background:rgba(245,158,11,0.08); border:1px solid var(--warning); border-radius:var(--tab12-radius-sm); padding:14px 16px;">\n              <h4 style="font-size:13px; font-weight:800; text-transform:uppercase; letter-spacing:0.05em; color:var(--warning); margin-bottom:6px;">⚠️ Watch Out</h4>\n              <p style="font-size:14px; line-height:1.5; margin:0; color:var(--text-primary);">Do not draw the release direction radially outward. “Centrifugal” is not the instantaneous velocity direction in an inertial frame.</p>\n            </div>\n            <div style="background:rgba(52,211,153,0.08); border:1px solid var(--success); border-radius:var(--tab12-radius-sm); padding:14px 16px;">\n              <h4 style="font-size:13px; font-weight:800; text-transform:uppercase; letter-spacing:0.05em; color:var(--success); margin-bottom:6px;">✅ Quick Check</h4>\n              <p style="font-size:14px; line-height:1.5; margin:0 0 6px; color:var(--text-primary);">A stone moves clockwise. At the top of the circle</p>\n              <details style="margin-top:6px; cursor:pointer;">\n                <summary style="font-size:13px; font-weight:700; color:var(--success); padding:4px 0;">Reveal Answer</summary>\n                <div style="padding-top:6px; font-size:13.5px; font-weight:600; color:var(--text-primary);">Rightward along the tangent.</div>\n              </details>\n            </div>\n          </div>\n        </article>\n    \n\n        <!-- Unit 09: VECTORS 09 - Interaction pairs and body ownership -->\n        <article class="content-card" id="unit-09" style="margin-bottom: 28px; border: 1.5px solid var(--border); border-radius: var(--tab12-radius-md); padding: 24px; background: var(--bg-card);">\n          <div style="display:flex; justify-content:space-between; align-items:flex-start; flex-wrap:wrap; gap:10px; margin-bottom:14px; border-bottom:1px solid var(--border); padding-bottom:12px;">\n            <div>\n              <span class="q-badge" style="background:rgba(56,189,248,0.15); border:1px solid var(--accent); color:var(--accent); font-weight:800; font-size:12px; padding:4px 10px; border-radius:999px;">Concept Unit 09</span>\n              <h2 style="font-size:20px; font-weight:700; margin:8px 0 4px; color:var(--text-primary);">VECTORS 09 - Interaction pairs and body ownership</h2>\n              <p style="font-size:14px; color:var(--accent); font-weight:600; margin:0;">Equal-and-opposite forces can act on different bodies</p>\n            </div>\n            <span class="tag-pill" style="font-size:12px; font-weight:700; background:rgba(192,132,252,0.15); border:1px solid var(--purple); color:var(--purple);">VEC-09 · Core 1</span>\n          </div>\n\n          <!-- Publication-grade Diagram -->\n          <div style="background:var(--bg-surface); border:1px solid var(--border); border-radius:var(--tab12-radius-sm); padding:16px; margin-bottom:20px;">\n            <svg xmlns="http://www.w3.org/2000/svg" viewBox="0 0 540 220" role="img" aria-label="Interaction pairs and body ownership" style="width:100%;max-width:540px;height:auto;display:block;margin:12px auto;">\n  <defs>\n    <marker id="arr-fa" viewBox="0 0 10 10" refX="9" refY="5" markerWidth="6" markerHeight="6" orient="auto-start-reverse"><path d="M0 0 L10 5 L0 10 Z" fill="#38bdf8"/></marker>\n    <marker id="arr-fb" viewBox="0 0 10 10" refX="9" refY="5" markerWidth="6" markerHeight="6" orient="auto-start-reverse"><path d="M0 0 L10 5 L0 10 Z" fill="#c084fc"/></marker>\n  </defs>\n  <!-- Floor -->\n  <line x1="60" y1="160" x2="480" y2="160" stroke="var(--border,#334155)" stroke-width="2"/>\n  <!-- Block A -->\n  <rect x="140" y="80" width="80" height="80" rx="6" fill="rgba(56,189,248,0.15)" stroke="#38bdf8" stroke-width="2"/>\n  <text x="180" y="125" text-anchor="middle" font-size="18" font-weight="800" fill="#38bdf8">A</text>\n  <!-- Block B -->\n  <rect x="250" y="80" width="100" height="80" rx="6" fill="rgba(192,132,252,0.15)" stroke="#c084fc" stroke-width="2"/>\n  <text x="300" y="125" text-anchor="middle" font-size="18" font-weight="800" fill="#c084fc">B</text>\n  <!-- Contact force on B by A -->\n  <line x1="250" y1="120" x2="320" y2="120" stroke="#38bdf8" stroke-width="3.5" marker-end="url(#arr-fa)"/>\n  <text x="285" y="105" text-anchor="middle" font-size="11" font-weight="800" fill="#38bdf8">F_BA</text>\n  <!-- Contact force on A by B -->\n  <line x1="220" y1="120" x2="150" y2="120" stroke="#c084fc" stroke-width="3.5" marker-end="url(#arr-fb)"/>\n  <text x="185" y="105" text-anchor="middle" font-size="11" font-weight="800" fill="#c084fc">F_AB</text>\n  <!-- Bottom rule -->\n  <text x="270" y="195" text-anchor="middle" font-size="13" font-weight="800" fill="var(--accent,#38bdf8)">Different bodies: F_AB acts on A, F_BA acts on B</text>\n</svg>\n          </div>\n\n          <!-- Dual explanation grid -->\n          <div style="display:grid; grid-template-columns:repeat(auto-fit, minmax(280px, 1fr)); gap:18px; margin-bottom:20px;">\n            <div style="background:var(--bg-card-subtle); border-left:4px solid var(--accent); padding:14px 16px; border-radius:0 var(--tab12-radius-sm) var(--tab12-radius-sm) 0;">\n              <h4 style="font-size:14px; font-weight:800; text-transform:uppercase; letter-spacing:0.05em; color:var(--accent); margin-bottom:6px;">What is happening?</h4>\n              <p style="font-size:14.5px; line-height:1.6; margin:0; color:var(--text-primary);">Newton-III pairs are vector pairs with equal magnitude and opposite direction, but they act on different bodies. Net-force equations contain only forces acting on the chosen body.</p>\n            </div>\n            <div style="background:var(--bg-card-subtle); border-left:4px solid var(--success); padding:14px 16px; border-radius:0 var(--tab12-radius-sm) var(--tab12-radius-sm) 0;">\n              <h4 style="font-size:14px; font-weight:800; text-transform:uppercase; letter-spacing:0.05em; color:var(--success); margin-bottom:6px;">Key Idea</h4>\n              <p style="font-size:14.5px; line-height:1.6; margin:0; color:var(--text-primary);">Body ownership prevents false cancellation. Always label force as “A on B”.</p>\n            </div>\n          </div>\n\n          <!-- How it works numbered sequence -->\n          <div style="background:rgba(255,255,255,0.02); border:1px solid var(--border-light); border-radius:var(--tab12-radius-sm); padding:16px 20px; margin-bottom:20px;">\n            <h4 style="font-size:14px; font-weight:800; text-transform:uppercase; letter-spacing:0.05em; color:var(--text-secondary); margin-bottom:10px;">How It Works</h4>\n            <ol style="margin:0; padding-left:22px; display:grid; gap:8px;">\n              <li style="font-size:14px; line-height:1.5; color:var(--text-primary);">Choose body: decide whose force diagram you are drawing.</li><li style="font-size:14px; line-height:1.5; color:var(--text-primary);">Name interaction: table on book, book on table, Earth on book, etc.</li><li style="font-size:14px; line-height:1.5; color:var(--text-primary);">Pair: F_A on B = -F_B on A.</li><li style="font-size:14px; line-height:1.5; color:var(--text-primary);">Net force: only sum forces acting on the same chosen body.</li>\n            </ol>\n          </div>\n\n          <!-- Work the Idea: Worked Example -->\n          <div style="border:1px solid var(--border); border-radius:var(--tab12-radius-sm); overflow:hidden; margin-bottom:16px; background:var(--bg-card-subtle);">\n            <div style="background:rgba(56,189,248,0.08); padding:10px 16px; border-bottom:1px solid var(--border); display:flex; align-items:center; gap:8px;">\n              <span style="font-weight:800; font-size:13px; color:var(--accent);">⚡ WORKED EXAMPLE</span>\n            </div>\n            <div style="padding:14px 16px; font-size:14.5px; line-height:1.6;">\n              Example. The normal force of the table on the book and the normal force of the book on the table form a third-law pair. They do not cancel on the book because only one of them acts on the book.\n            </div>\n          </div>\n\n          <!-- Watch out & Quick Check -->\n          <div style="display:grid; grid-template-columns:repeat(auto-fit, minmax(280px, 1fr)); gap:16px;">\n            <div style="background:rgba(245,158,11,0.08); border:1px solid var(--warning); border-radius:var(--tab12-radius-sm); padding:14px 16px;">\n              <h4 style="font-size:13px; font-weight:800; text-transform:uppercase; letter-spacing:0.05em; color:var(--warning); margin-bottom:6px;">⚠️ Watch Out</h4>\n              <p style="font-size:14px; line-height:1.5; margin:0; color:var(--text-primary);">Weight and normal may balance on a resting book, but they are not a Newton-III pair because both act on the same body.</p>\n            </div>\n            <div style="background:rgba(52,211,153,0.08); border:1px solid var(--success); border-radius:var(--tab12-radius-sm); padding:14px 16px;">\n              <h4 style="font-size:13px; font-weight:800; text-transform:uppercase; letter-spacing:0.05em; color:var(--success); margin-bottom:6px;">✅ Quick Check</h4>\n              <p style="font-size:14px; line-height:1.5; margin:0 0 6px; color:var(--text-primary);">Can forces acting on different bodies cancel in</p>\n              <details style="margin-top:6px; cursor:pointer;">\n                <summary style="font-size:13px; font-weight:700; color:var(--success); padding:4px 0;">Reveal Answer</summary>\n                <div style="padding-top:6px; font-size:13.5px; font-weight:600; color:var(--text-primary);">No.</div>\n              </details>\n            </div>\n          </div>\n        </article>\n    \n\n        <!-- Unit 10: VECTORS 10 - Angle between vectors and work -->\n        <article class="content-card" id="unit-10" style="margin-bottom: 28px; border: 1.5px solid var(--border); border-radius: var(--tab12-radius-md); padding: 24px; background: var(--bg-card);">\n          <div style="display:flex; justify-content:space-between; align-items:flex-start; flex-wrap:wrap; gap:10px; margin-bottom:14px; border-bottom:1px solid var(--border); padding-bottom:12px;">\n            <div>\n              <span class="q-badge" style="background:rgba(56,189,248,0.15); border:1px solid var(--accent); color:var(--accent); font-weight:800; font-size:12px; padding:4px 10px; border-radius:999px;">Concept Unit 10</span>\n              <h2 style="font-size:20px; font-weight:700; margin:8px 0 4px; color:var(--text-primary);">VECTORS 10 - Angle between vectors and work</h2>\n              <p style="font-size:14px; color:var(--accent); font-weight:600; margin:0;">The angle between force and displacement controls the sign</p>\n            </div>\n            <span class="tag-pill" style="font-size:12px; font-weight:700; background:rgba(192,132,252,0.15); border:1px solid var(--purple); color:var(--purple);">VEC-10 · Core 1</span>\n          </div>\n\n          <!-- Publication-grade Diagram -->\n          <div style="background:var(--bg-surface); border:1px solid var(--border); border-radius:var(--tab12-radius-sm); padding:16px; margin-bottom:20px;">\n            <svg xmlns="http://www.w3.org/2000/svg" viewBox="0 0 540 220" role="img" aria-label="Angle between vectors controls work done" style="width:100%;max-width:540px;height:auto;display:block;margin:12px auto;">\n  <defs>\n    <marker id="arr-f10" viewBox="0 0 10 10" refX="9" refY="5" markerWidth="6" markerHeight="6" orient="auto-start-reverse"><path d="M0 0 L10 5 L0 10 Z" fill="#38bdf8"/></marker>\n    <marker id="arr-d10" viewBox="0 0 10 10" refX="9" refY="5" markerWidth="6" markerHeight="6" orient="auto-start-reverse"><path d="M0 0 L10 5 L0 10 Z" fill="#34d399"/></marker>\n  </defs>\n  <!-- Ground -->\n  <line x1="60" y1="160" x2="480" y2="160" stroke="var(--border,#334155)" stroke-width="2"/>\n  <!-- Crate -->\n  <rect x="120" y="110" width="70" height="50" rx="6" fill="rgba(56,189,248,0.12)" stroke="#38bdf8"/>\n  <!-- Displacement vector -->\n  <line x1="190" y1="135" x2="340" y2="135" stroke="#34d399" stroke-width="3.5" marker-end="url(#arr-d10)"/>\n  <text x="265" y="152" text-anchor="middle" font-size="13" font-weight="800" fill="#34d399">Δr (Displacement)</text>\n  <!-- Pulling force at angle theta -->\n  <line x1="190" y1="135" x2="290" y2="55" stroke="#38bdf8" stroke-width="3.5" marker-end="url(#arr-f10)"/>\n  <text x="260" y="70" font-size="14" font-weight="800" fill="#38bdf8">F</text>\n  <!-- Angle arc -->\n  <path d="M 230 135 A 40 40 0 0 0 220 111" fill="none" stroke="#fbbf24" stroke-width="2"/>\n  <text x="238" y="125" font-size="12" font-weight="800" fill="#fbbf24">θ</text>\n  <!-- Work formula -->\n  <rect x="360" y="65" width="140" height="70" rx="8" fill="rgba(52,211,153,0.1)" stroke="#34d399"/>\n  <text x="430" y="92" text-anchor="middle" font-size="12" font-weight="800" fill="#34d399">DOT PRODUCT</text>\n  <text x="430" y="118" text-anchor="middle" font-size="13" font-weight="700" fill="currentColor">W = F · Δr · cos θ</text>\n</svg>\n          </div>\n\n          <!-- Dual explanation grid -->\n          <div style="display:grid; grid-template-columns:repeat(auto-fit, minmax(280px, 1fr)); gap:18px; margin-bottom:20px;">\n            <div style="background:var(--bg-card-subtle); border-left:4px solid var(--accent); padding:14px 16px; border-radius:0 var(--tab12-radius-sm) var(--tab12-radius-sm) 0;">\n              <h4 style="font-size:14px; font-weight:800; text-transform:uppercase; letter-spacing:0.05em; color:var(--accent); margin-bottom:6px;">What is happening?</h4>\n              <p style="font-size:14.5px; line-height:1.6; margin:0; color:var(--text-primary);">Work is a scalar built from two vectors. Its sign depends on the angle between force and displacement: parallel gives positive work; opposite gives negative work.</p>\n            </div>\n            <div style="background:var(--bg-card-subtle); border-left:4px solid var(--success); padding:14px 16px; border-radius:0 var(--tab12-radius-sm) var(--tab12-radius-sm) 0;">\n              <h4 style="font-size:14px; font-weight:800; text-transform:uppercase; letter-spacing:0.05em; color:var(--success); margin-bottom:6px;">Key Idea</h4>\n              <p style="font-size:14.5px; line-height:1.6; margin:0; color:var(--text-primary);">Read the angle from the physical arrows before using the equation.</p>\n            </div>\n          </div>\n\n          <!-- How it works numbered sequence -->\n          <div style="background:rgba(255,255,255,0.02); border:1px solid var(--border-light); border-radius:var(--tab12-radius-sm); padding:16px 20px; margin-bottom:20px;">\n            <h4 style="font-size:14px; font-weight:800; text-transform:uppercase; letter-spacing:0.05em; color:var(--text-secondary); margin-bottom:10px;">How It Works</h4>\n            <ol style="margin:0; padding-left:22px; display:grid; gap:8px;">\n              <li style="font-size:14px; line-height:1.5; color:var(--text-primary);">Represent: draw F and s from a common reference.</li><li style="font-size:14px; line-height:1.5; color:var(--text-primary);">Angle: identify θ between the vectors.</li><li style="font-size:14px; line-height:1.5; color:var(--text-primary);">Relation: W=Fs cosθ.</li><li style="font-size:14px; line-height:1.5; color:var(--text-primary);">Checks: θ=0° gives +Fs, θ=90° gives 0, θ=180° gives -Fs.</li>\n            </ol>\n          </div>\n\n          <!-- Work the Idea: Worked Example -->\n          <div style="border:1px solid var(--border); border-radius:var(--tab12-radius-sm); overflow:hidden; margin-bottom:16px; background:var(--bg-card-subtle);">\n            <div style="background:rgba(56,189,248,0.08); padding:10px 16px; border-bottom:1px solid var(--border); display:flex; align-items:center; gap:8px;">\n              <span style="font-weight:800; font-size:13px; color:var(--accent);">⚡ WORKED EXAMPLE</span>\n            </div>\n            <div style="padding:14px 16px; font-size:14.5px; line-height:1.6;">\n              Example. A 200 N braking force acts opposite a 15 m displacement. θ=180° W=(200)(15)cos180°=-3000 J.\n            </div>\n          </div>\n\n          <!-- Watch out & Quick Check -->\n          <div style="display:grid; grid-template-columns:repeat(auto-fit, minmax(280px, 1fr)); gap:16px;">\n            <div style="background:rgba(245,158,11,0.08); border:1px solid var(--warning); border-radius:var(--tab12-radius-sm); padding:14px 16px;">\n              <h4 style="font-size:13px; font-weight:800; text-transform:uppercase; letter-spacing:0.05em; color:var(--warning); margin-bottom:6px;">⚠️ Watch Out</h4>\n              <p style="font-size:14px; line-height:1.5; margin:0; color:var(--text-primary);">Do not infer the work sign from the word “force” alone. Direction relative to displacement decides the sign.</p>\n            </div>\n            <div style="background:rgba(52,211,153,0.08); border:1px solid var(--success); border-radius:var(--tab12-radius-sm); padding:14px 16px;">\n              <h4 style="font-size:13px; font-weight:800; text-transform:uppercase; letter-spacing:0.05em; color:var(--success); margin-bottom:6px;">✅ Quick Check</h4>\n              <p style="font-size:14px; line-height:1.5; margin:0 0 6px; color:var(--text-primary);">If force is perpendicular to displacement, what</p>\n              <details style="margin-top:6px; cursor:pointer;">\n                <summary style="font-size:13px; font-weight:700; color:var(--success); padding:4px 0;">Reveal Answer</summary>\n                <div style="padding-top:6px; font-size:13.5px; font-weight:600; color:var(--text-primary);">0 J.</div>\n              </details>\n            </div>\n          </div>\n        </article>\n    \n\n        <!-- Unit 11: VECTORS 11 - Bridge to Motion in 2D -->\n        <article class="content-card" id="unit-11" style="margin-bottom: 28px; border: 1.5px solid var(--border); border-radius: var(--tab12-radius-md); padding: 24px; background: var(--bg-card);">\n          <div style="display:flex; justify-content:space-between; align-items:flex-start; flex-wrap:wrap; gap:10px; margin-bottom:14px; border-bottom:1px solid var(--border); padding-bottom:12px;">\n            <div>\n              <span class="q-badge" style="background:rgba(56,189,248,0.15); border:1px solid var(--accent); color:var(--accent); font-weight:800; font-size:12px; padding:4px 10px; border-radius:999px;">Concept Unit 11</span>\n              <h2 style="font-size:20px; font-weight:700; margin:8px 0 4px; color:var(--text-primary);">VECTORS 11 - Bridge to Motion in 2D</h2>\n              <p style="font-size:14px; color:var(--accent); font-weight:600; margin:0;">One vector state becomes two component equations</p>\n            </div>\n            <span class="tag-pill" style="font-size:12px; font-weight:700; background:rgba(192,132,252,0.15); border:1px solid var(--purple); color:var(--purple);">VEC-11 · Core 1</span>\n          </div>\n\n          <!-- Publication-grade Diagram -->\n          <div style="background:var(--bg-surface); border:1px solid var(--border); border-radius:var(--tab12-radius-sm); padding:16px; margin-bottom:20px;">\n            <svg xmlns="http://www.w3.org/2000/svg" viewBox="0 0 540 220" role="img" aria-label="Bridge to Motion in 2D orthogonal axes" style="width:100%;max-width:540px;height:auto;display:block;margin:12px auto;">\n  <defs>\n    <marker id="arr-pj" viewBox="0 0 10 10" refX="9" refY="5" markerWidth="6" markerHeight="6" orient="auto-start-reverse"><path d="M0 0 L10 5 L0 10 Z" fill="#38bdf8"/></marker>\n  </defs>\n  <!-- Ground -->\n  <line x1="50" y1="170" x2="480" y2="170" stroke="var(--border,#334155)" stroke-width="2"/>\n  <!-- Parabolic arc -->\n  <path d="M 80 170 Q 230 20 380 170" fill="none" stroke="#38bdf8" stroke-width="3" stroke-dasharray="6 4"/>\n  <!-- Launch vector -->\n  <line x1="80" y1="170" x2="160" y2="90" stroke="#34d399" stroke-width="3.5" marker-end="url(#arr-pj)"/>\n  <text x="110" y="110" font-size="13" font-weight="800" fill="#34d399">u</text>\n  <!-- Apex -->\n  <circle cx="230" cy="58" r="5" fill="#fbbf24"/>\n  <text x="230" y="45" text-anchor="middle" font-size="11" font-weight="700" fill="#fbbf24">Apex (v_y = 0)</text>\n  <!-- Orthogonal equation cards -->\n  <rect x="380" y="45" width="140" height="50" rx="6" fill="rgba(56,189,248,0.12)" stroke="#38bdf8"/>\n  <text x="450" y="66" text-anchor="middle" font-size="11" font-weight="800" fill="#38bdf8">X: a_x = 0</text>\n  <text x="450" y="84" text-anchor="middle" font-size="11" fill="currentColor">x(t) = (u cos θ) t</text>\n  <rect x="380" y="105" width="140" height="50" rx="6" fill="rgba(52,211,153,0.12)" stroke="#34d399"/>\n  <text x="450" y="126" text-anchor="middle" font-size="11" font-weight="800" fill="#34d399">Y: a_y = -g</text>\n  <text x="450" y="144" text-anchor="middle" font-size="11" fill="currentColor">y(t) = u_y t - ½gt²</text>\n</svg>\n          </div>\n\n          <!-- Dual explanation grid -->\n          <div style="display:grid; grid-template-columns:repeat(auto-fit, minmax(280px, 1fr)); gap:18px; margin-bottom:20px;">\n            <div style="background:var(--bg-card-subtle); border-left:4px solid var(--accent); padding:14px 16px; border-radius:0 var(--tab12-radius-sm) var(--tab12-radius-sm) 0;">\n              <h4 style="font-size:14px; font-weight:800; text-transform:uppercase; letter-spacing:0.05em; color:var(--accent); margin-bottom:6px;">What is happening?</h4>\n              <p style="font-size:14.5px; line-height:1.6; margin:0; color:var(--text-primary);">Motion in a plane becomes manageable when position, velocity and acceleration are split into x and y components. The components share the same time but may evolve differently.</p>\n            </div>\n            <div style="background:var(--bg-card-subtle); border-left:4px solid var(--success); padding:14px 16px; border-radius:0 var(--tab12-radius-sm) var(--tab12-radius-sm) 0;">\n              <h4 style="font-size:14px; font-weight:800; text-transform:uppercase; letter-spacing:0.05em; color:var(--success); margin-bottom:6px;">Key Idea</h4>\n              <p style="font-size:14.5px; line-height:1.6; margin:0; color:var(--text-primary);">The component method is the bridge: represent the vector state first, then solve each axis, then reconstruct the final vector if needed.</p>\n            </div>\n          </div>\n\n          <!-- How it works numbered sequence -->\n          <div style="background:rgba(255,255,255,0.02); border:1px solid var(--border-light); border-radius:var(--tab12-radius-sm); padding:16px 20px; margin-bottom:20px;">\n            <h4 style="font-size:14px; font-weight:800; text-transform:uppercase; letter-spacing:0.05em; color:var(--text-secondary); margin-bottom:10px;">How It Works</h4>\n            <ol style="margin:0; padding-left:22px; display:grid; gap:8px;">\n              <li style="font-size:14px; line-height:1.5; color:var(--text-primary);">State: v=vₓ i+vᵧ j.</li><li style="font-size:14px; line-height:1.5; color:var(--text-primary);">Separate: write one equation for x and one for y.</li><li style="font-size:14px; line-height:1.5; color:var(--text-primary);">Shared clock: the same time variable belongs to both component motions.</li><li style="font-size:14px; line-height:1.5; color:var(--text-primary);">Reconstruct: speed = √(vₓ²+vᵧ²); direction comes from the component ratio and quadrant.</li>\n            </ol>\n          </div>\n\n          <!-- Work the Idea: Worked Example -->\n          <div style="border:1px solid var(--border); border-radius:var(--tab12-radius-sm); overflow:hidden; margin-bottom:16px; background:var(--bg-card-subtle);">\n            <div style="background:rgba(56,189,248,0.08); padding:10px 16px; border-bottom:1px solid var(--border); display:flex; align-items:center; gap:8px;">\n              <span style="font-weight:800; font-size:13px; color:var(--accent);">⚡ WORKED EXAMPLE</span>\n            </div>\n            <div style="padding:14px 16px; font-size:14.5px; line-height:1.6;">\n              Example. vₓ=6 m/s, vᵧ=8 m/s. speed = √(6²+8²)=10 m/s. Direction = tan⁻¹(8/6)=53.1° above +x.\n            </div>\n          </div>\n\n          <!-- Watch out & Quick Check -->\n          <div style="display:grid; grid-template-columns:repeat(auto-fit, minmax(280px, 1fr)); gap:16px;">\n            <div style="background:rgba(245,158,11,0.08); border:1px solid var(--warning); border-radius:var(--tab12-radius-sm); padding:14px 16px;">\n              <h4 style="font-size:13px; font-weight:800; text-transform:uppercase; letter-spacing:0.05em; color:var(--warning); margin-bottom:6px;">⚠️ Watch Out</h4>\n              <p style="font-size:14px; line-height:1.5; margin:0; color:var(--text-primary);">Do not solve x and y with different times for the same physical instant.</p>\n            </div>\n            <div style="background:rgba(52,211,153,0.08); border:1px solid var(--success); border-radius:var(--tab12-radius-sm); padding:14px 16px;">\n              <h4 style="font-size:13px; font-weight:800; text-transform:uppercase; letter-spacing:0.05em; color:var(--success); margin-bottom:6px;">✅ Quick Check</h4>\n              <p style="font-size:14px; line-height:1.5; margin:0 0 6px; color:var(--text-primary);">If vₓ=0 and vᵧ<0, which way does the velocity</p>\n              <details style="margin-top:6px; cursor:pointer;">\n                <summary style="font-size:13px; font-weight:700; color:var(--success); padding:4px 0;">Reveal Answer</summary>\n                <div style="padding-top:6px; font-size:13.5px; font-weight:600; color:var(--text-primary);">Straight downward.</div>\n              </details>\n            </div>\n          </div>\n        </article>\n      </div>\n\n      <div id="tab-challenges" class="tab-content">\n        <div class="content-card" style="border: 2px solid var(--accent); background: linear-gradient(180deg, rgba(56, 189, 248, 0.08), var(--bg-card));">\n          <h2><span>🎯</span> Core 2 Vector Challenges (29 Questions)</h2>\n          <p style="font-size: 15px; color: var(--text-secondary); margin-bottom: 16px;">\n            Master campus routes, return trajectories, missing components, and multi-vector polygons. Fully integrated into the canonical Question Bank with multi-rung hint ladders and step-by-step methods.\n          </p>\n          <div style="display: flex; gap: 12px; flex-wrap: wrap; align-items: center;">\n            <a class="btn" href="../../question-bank/index.html?subject=Physics&topic=vectors&mode=study" style="background: var(--accent); color: #080d1a; font-weight: 800; text-decoration: none; padding: 12px 22px; border-radius: var(--tab12-radius-sm); display: inline-flex; align-items: center; gap: 8px;">\n              <span>🎯</span> Practice All Vector Challenges in Question Bank →\n            </a>\n            <a class="btn" href="../../question-bank/index.html?subject=Physics&topic=vectors" style="background: var(--bg-card-subtle); color: var(--text-primary); border: 1px solid var(--border); text-decoration: none; padding: 12px 18px; border-radius: var(--tab12-radius-sm); font-weight: 600;">\n              Browse Vector Question Bank\n            </a>\n          </div>\n        </div>\n      </div>\n\n    </div>\n\n    <!-- Support Rail -->\n    <aside class="support-rail">\n            <!-- Concept Navigation Widget -->\n      <div class="support-widget">\n        <h3><span>📑</span> Concept Units (01–11)</h3>\n        <div style="display:flex; flex-direction:column; gap:6px;">\n          <a href="#unit-01" class="btn" style="min-height:36px; padding:6px 10px; font-size:12px; text-decoration:none; background:var(--bg-surface); border:1px solid var(--border); color:var(--text-primary); text-align:left; border-radius:6px; display:flex; align-items:center; gap:6px;"><strong>01</strong> Scalars, Vectors &amp; Sign</a>\n          <a href="#unit-02" class="btn" style="min-height:36px; padding:6px 10px; font-size:12px; text-decoration:none; background:var(--bg-surface); border:1px solid var(--border); color:var(--text-primary); text-align:left; border-radius:6px; display:flex; align-items:center; gap:6px;"><strong>02</strong> Draw, Compare &amp; Reverse</a>\n          <a href="#unit-03" class="btn" style="min-height:36px; padding:6px 10px; font-size:12px; text-decoration:none; background:var(--bg-surface); border:1px solid var(--border); color:var(--text-primary); text-align:left; border-radius:6px; display:flex; align-items:center; gap:6px;"><strong>03</strong> Components &amp; Quadrants</a>\n          <a href="#unit-04" class="btn" style="min-height:36px; padding:6px 10px; font-size:12px; text-decoration:none; background:var(--bg-surface); border:1px solid var(--border); color:var(--text-primary); text-align:left; border-radius:6px; display:flex; align-items:center; gap:6px;"><strong>04</strong> Vector Addition &amp; Resultant</a>\n          <a href="#unit-05" class="btn" style="min-height:36px; padding:6px 10px; font-size:12px; text-decoration:none; background:var(--bg-surface); border:1px solid var(--border); color:var(--text-primary); text-align:left; border-radius:6px; display:flex; align-items:center; gap:6px;"><strong>05</strong> Vector Subtraction &amp; Change</a>\n          <a href="#unit-06" class="btn" style="min-height:36px; padding:6px 10px; font-size:12px; text-decoration:none; background:var(--bg-surface); border:1px solid var(--border); color:var(--text-primary); text-align:left; border-radius:6px; display:flex; align-items:center; gap:6px;"><strong>06</strong> Recover Mag &amp; Direction</a>\n          <a href="#unit-07" class="btn" style="min-height:36px; padding:6px 10px; font-size:12px; text-decoration:none; background:var(--bg-surface); border:1px solid var(--border); color:var(--text-primary); text-align:left; border-radius:6px; display:flex; align-items:center; gap:6px;"><strong>07</strong> Relative Velocity Frame</a>\n          <a href="#unit-08" class="btn" style="min-height:36px; padding:6px 10px; font-size:12px; text-decoration:none; background:var(--bg-surface); border:1px solid var(--border); color:var(--text-primary); text-align:left; border-radius:6px; display:flex; align-items:center; gap:6px;"><strong>08</strong> Tangent &amp; Radial Vectors</a>\n          <a href="#unit-09" class="btn" style="min-height:36px; padding:6px 10px; font-size:12px; text-decoration:none; background:var(--bg-surface); border:1px solid var(--border); color:var(--text-primary); text-align:left; border-radius:6px; display:flex; align-items:center; gap:6px;"><strong>09</strong> Interaction Pairs Ownership</a>\n          <a href="#unit-10" class="btn" style="min-height:36px; padding:6px 10px; font-size:12px; text-decoration:none; background:var(--bg-surface); border:1px solid var(--border); color:var(--text-primary); text-align:left; border-radius:6px; display:flex; align-items:center; gap:6px;"><strong>10</strong> Vector Angle &amp; Work Done</a>\n          <a href="#unit-11" class="btn" style="min-height:36px; padding:6px 10px; font-size:12px; text-decoration:none; background:var(--bg-surface); border:1px solid var(--border); color:var(--text-primary); text-align:left; border-radius:6px; display:flex; align-items:center; gap:6px;"><strong>11</strong> Bridge to 2D Planar Motion</a>\n        </div>\n      </div>\n\n      \n      <div class="support-widget">\n        <h3><span>⚡</span> Vector Formulas</h3>\n        <div class="formula-box" style="font-size: 13.5px; line-height: 1.6;">\n          <div>\\(R = \\sqrt{A^2 + B^2 + 2AB\\cos\\theta}\\)</div>\n          <div>\\(\\tan\\alpha = \\frac{B\\sin\\theta}{A + B\\cos\\theta}\\)</div>\n          <div>\\(\\vec{A} \\cdot \\vec{B} = A_x B_x + A_y B_y\\)</div>\n          <div>\\(\\cos^2\\alpha + \\cos^2\\beta + \\cos^2\\gamma = 1\\)</div>\n        </div>\n      </div>\n\n      <!-- Interactive 2-Vector Resultant Solver -->\n      <div class="support-widget">\n        <h3><span>🧮</span> 2-Vector Resultant Solver</h3>\n        <p style="font-size: 13px; color: var(--text-secondary); margin-bottom: 10px;">\n          Enter vector magnitudes and angle θ between them:\n        </p>\n        <div class="calc-row">\n          <div class="calc-input-group">\n            <label>Mag |A|:</label>\n            <input type="number" id="vecA" value="3.0" step="0.5" oninput="solveVectors()">\n          </div>\n          <div class="calc-input-group">\n            <label>Mag |B|:</label>\n            <input type="number" id="vecB" value="4.0" step="0.5" oninput="solveVectors()">\n          </div>\n        </div>\n        <div class="calc-row">\n          <div class="calc-input-group" style="grid-column: span 2;">\n            <label>Angle θ (degrees):</label>\n            <input type="number" id="vecTheta" value="90" step="5" oninput="solveVectors()">\n          </div>\n        </div>\n        <div class="calc-result" id="vecResult">\n          |R| = 5.00 | α = 53.13°\n        </div>\n      </div>\n\n      <!-- Virtual Keyboard Safe Scratchpad -->\n      <div class="support-widget">\n        <h3><span>📝</span> Study Scratchpad</h3>\n        <p style="font-size: 13.5px; color: var(--text-secondary); margin-bottom: 8px;">\n          Virtual keyboard safe (min-height: 120px) with auto-saving:\n        </p>\n        <textarea id="scratchpadNotes" class="tablet-safe-input" placeholder="Resolve components Ax, Ay, write closure equations, or compute cross products..."></textarea>\n        <div style="display: flex; justify-content: space-between; align-items: center; margin-top: 10px;">\n          <span id="saveStatus" style="font-size: 12.5px; color: var(--success);">✓ Auto-saved</span>\n          <button class="btn" style="min-height: 48px; padding: 6px 14px; font-size: 13px; background: var(--bg-surface); border: 1px solid var(--border);" onclick="clearNotes()">Clear</button>\n        </div>\n      </div>\n\n    </aside>\n\n  </main>\n\n  <script>\n    function switchTab(tabId) {\n      document.querySelectorAll(\'.tab-btn\').forEach(b => b.classList.remove(\'active\'));\n      document.querySelectorAll(\'.tab-content\').forEach(c => c.classList.remove(\'active\'));\n      const activeBtn = Array.from(document.querySelectorAll(\'.tab-btn\')).find(b => b.getAttribute(\'onclick\').includes(tabId));\n      if (activeBtn) activeBtn.classList.add(\'active\');\n      const targetContent = document.getElementById(tabId);\n      if (targetContent) targetContent.classList.add(\'active\');\n      window.scrollTo({ top: 0, behavior: \'smooth\' });\n    }\n\n    const themeBtn = document.getElementById(\'themeToggle\');\n    const htmlEl = document.documentElement;\n    const savedTheme = localStorage.getItem(\'tablet12_theme\') || \'dark\';\n    htmlEl.setAttribute(\'data-theme\', savedTheme);\n    themeBtn.addEventListener(\'click\', () => {\n      const current = htmlEl.getAttribute(\'data-theme\');\n      const next = current === \'dark\' ? \'light\' : \'dark\';\n      htmlEl.setAttribute(\'data-theme\', next);\n      localStorage.setItem(\'tablet12_theme\', next);\n    });\n\n    const pad = document.getElementById(\'scratchpadNotes\');\n    const status = document.getElementById(\'saveStatus\');\n    pad.value = localStorage.getItem(\'vectors_tablet_notes\') || \'\';\n    pad.addEventListener(\'input\', () => {\n      localStorage.setItem(\'vectors_tablet_notes\', pad.value);\n      status.textContent = \'✓ Saved \' + new Date().toLocaleTimeString([], { hour: \'2-digit\', minute: \'2-digit\', second: \'2-digit\' });\n    });\n\n    function clearNotes() {\n      if (confirm(\'Clear scratchpad notes?\')) {\n        pad.value = \'\';\n        localStorage.removeItem(\'vectors_tablet_notes\');\n        status.textContent = \'Notes cleared\';\n      }\n    }\n\n    function solveVectors() {\n      const A = parseFloat(document.getElementById(\'vecA\').value) || 0;\n      const B = parseFloat(document.getElementById(\'vecB\').value) || 0;\n      const deg = parseFloat(document.getElementById(\'vecTheta\').value) || 0;\n      const rad = deg * Math.PI / 180;\n      const R = Math.sqrt(A * A + B * B + 2 * A * B * Math.cos(rad));\n      const alphaRad = Math.atan2(B * Math.sin(rad), A + B * Math.cos(rad));\n      const alphaDeg = alphaRad * 180 / Math.PI;\n      document.getElementById(\'vecResult\').textContent = `|R| = ${R.toFixed(2)} | α = ${alphaDeg.toFixed(2)}°`;\n    }\n    solveVectors();\n  </script>\n<script id="pr375-u4-remediation-script">\n(() => {\n  const humanize = (value) => String(value || \'\')\n    .replace(/([a-z0-9])([A-Z])/g, \'$1 $2\')\n    .replace(/[_-]+/g, \' \')\n    .replace(/\\b(vec)([ab])\\b/gi, \'vector $2\')\n    .replace(/\\bproj\\b/gi, \'projectile\')\n    .replace(/\\s+/g, \' \')\n    .trim();\n\n  const explicitNames = {\n    mass1: \'Mass m1 in kilograms\', mass2: \'Mass m2 in kilograms\',\n    vecA: \'Vector A\', vecB: \'Vector B\',\n    projU: \'Projectile launch speed\', projAngle: \'Projectile launch angle\',\n    \'jump-select\': \'Jump to question\', search: \'Search questions\',\n    searchInput: \'Search questions\', questionSearch: \'Search questions\'\n  };\n\n  const hasLabel = (el) => {\n    if (el.getAttribute(\'aria-label\') || el.getAttribute(\'aria-labelledby\') || el.title) return true;\n    if (el.id && document.querySelector(`label[for="${CSS.escape(el.id)}"]`)) return true;\n    return !!el.closest(\'label\');\n  };\n\n  document.querySelectorAll(\'input, select, textarea\').forEach((el, index) => {\n    if (hasLabel(el)) return;\n    let name = explicitNames[el.id] || el.getAttribute(\'placeholder\') || el.getAttribute(\'name\') || el.id;\n    if (!name) {\n      const nearby = el.parentElement?.textContent?.trim();\n      if (nearby && nearby.length <= 100) name = nearby;\n    }\n    name = humanize(name) || `${el.tagName.toLowerCase()} ${index + 1}`;\n    el.setAttribute(\'aria-label\', name);\n  });\n\n  document.querySelectorAll(\'button\').forEach(btn => {\n    if (btn.textContent.trim().toLowerCase() === \'clear\') btn.classList.add(\'u4-clear-button\');\n  });\n\n  const syncOptions = () => {\n    document.querySelectorAll(\'.opt-btn\').forEach(btn => {\n      const correct = btn.classList.contains(\'selected-correct\');\n      const incorrect = btn.classList.contains(\'selected-incorrect\');\n      btn.setAttribute(\'aria-pressed\', correct || incorrect ? \'true\' : \'false\');\n      const base = btn.getAttribute(\'data-u4-base-label\') || btn.getAttribute(\'aria-label\') || btn.textContent.trim();\n      if (!btn.hasAttribute(\'data-u4-base-label\')) btn.setAttribute(\'data-u4-base-label\', base);\n      btn.setAttribute(\'aria-label\', `${base}${correct ? \' — Correct\' : incorrect ? \' — Incorrect\' : \'\'}`);\n    });\n  };\n  syncOptions();\n\n  const syncTabs = () => {\n    document.querySelectorAll(\'.tab-btn\').forEach(btn => {\n      btn.setAttribute(\'role\', \'tab\');\n      const active = btn.classList.contains(\'active\') || btn.classList.contains(\'tab-btn-active\') || btn.getAttribute(\'aria-current\') === \'page\';\n      btn.setAttribute(\'aria-selected\', active ? \'true\' : \'false\');\n      if (btn.parentElement && !btn.parentElement.hasAttribute(\'role\')) btn.parentElement.setAttribute(\'role\', \'tablist\');\n    });\n  };\n  syncTabs();\n\n  const figureName = (el, fallback) => {\n    const scope = el.closest(\'figure, section, article, .card, .panel, .simulator, .canvas-container\') || el.parentElement;\n    const caption = scope?.querySelector(\'figcaption, h1, h2, h3, h4, .title, [class*="title"]\');\n    const txt = caption?.textContent?.replace(/\\s+/g, \' \').trim();\n    return txt && txt.length <= 120 ? txt : fallback;\n  };\n\n  document.querySelectorAll(\'svg\').forEach(svg => {\n    if (svg.hasAttribute(\'aria-label\') || svg.hasAttribute(\'aria-labelledby\') || svg.hasAttribute(\'aria-hidden\') || svg.querySelector(\'title\')) return;\n    const control = svg.closest(\'a, button\');\n    if (control && control.textContent.trim()) {\n      svg.setAttribute(\'aria-hidden\', \'true\');\n      svg.setAttribute(\'focusable\', \'false\');\n    } else {\n      svg.setAttribute(\'role\', \'img\');\n      svg.setAttribute(\'aria-label\', figureName(svg, \'Physics diagram\'));\n    }\n  });\n\n  document.querySelectorAll(\'canvas\').forEach(canvas => {\n    if (canvas.hasAttribute(\'aria-label\') || canvas.hasAttribute(\'aria-labelledby\') || canvas.hasAttribute(\'aria-hidden\')) return;\n    canvas.setAttribute(\'role\', \'img\');\n    canvas.setAttribute(\'aria-label\', figureName(canvas, \'Interactive physics simulation\'));\n  });\n\n  if (!document.querySelector(\'main, [role="main"]\')) {\n    const mainCandidate = document.querySelector(\'.app-container, .container, .page-shell, #app\');\n    if (mainCandidate) mainCandidate.setAttribute(\'role\', \'main\');\n  }\n\n  const observer = new MutationObserver(() => { syncOptions(); syncTabs(); });\n  observer.observe(document.documentElement, { subtree: true, attributes: true, attributeFilter: [\'class\', \'aria-current\'] });\n})();\n</script>\n<script id="pr375-u4-dynamic-remediation">\n(() => {\n  const textName = (el, fallback) => {\n    const scope = el.closest(\'figure, section, article, .panel, .card, .simulator, .canvas-wrap, .canvas-container\') || el.parentElement;\n    const title = scope?.querySelector(\'figcaption, h1, h2, h3, h4, .title, [class*="title"]\');\n    const text = title?.textContent?.replace(/\\s+/g, \' \').trim();\n    return text && text.length <= 140 ? text : fallback;\n  };\n\n  const nameFigures = (root = document) => {\n    const nodes = [];\n    if (root.nodeType === 1 && root.matches?.(\'svg, canvas\')) nodes.push(root);\n    root.querySelectorAll?.(\'svg, canvas\').forEach(el => nodes.push(el));\n    nodes.forEach(el => {\n      if (el.getAttribute(\'aria-label\') || el.getAttribute(\'aria-labelledby\') || el.getAttribute(\'aria-hidden\') || el.querySelector?.(\'title\')) return;\n      const control = el.closest(\'a, button\');\n      if (control && control.textContent.trim()) {\n        el.setAttribute(\'aria-hidden\', \'true\');\n        el.setAttribute(\'focusable\', \'false\');\n        return;\n      }\n      el.setAttribute(\'role\', \'img\');\n      el.setAttribute(\'aria-label\', textName(el, el.tagName.toLowerCase() === \'canvas\' ? \'Interactive physics simulation\' : \'Physics diagram\'));\n    });\n  };\n\n  const nameControls = (root = document) => {\n    const nodes = [];\n    if (root.nodeType === 1 && root.matches?.(\'input, select, textarea\')) nodes.push(root);\n    root.querySelectorAll?.(\'input, select, textarea\').forEach(el => nodes.push(el));\n    nodes.forEach((el, index) => {\n      const has = el.getAttribute(\'aria-label\') || el.getAttribute(\'aria-labelledby\') || el.title || el.closest(\'label\') || (el.id && document.querySelector(`label[for="${CSS.escape(el.id)}"]`));\n      if (has) return;\n      const nearby = el.closest(\'.control-row, .form-group, .field, .panel, .card\')?.querySelector(\'.control-label, label, h3, h4\');\n      const raw = el.getAttribute(\'placeholder\') || el.getAttribute(\'name\') || el.id || nearby?.textContent || `${el.tagName.toLowerCase()} ${index + 1}`;\n      el.setAttribute(\'aria-label\', String(raw).replace(/[_-]+/g, \' \').replace(/\\s+/g, \' \').trim());\n    });\n  };\n\n  const sync = root => { nameFigures(root); nameControls(root); };\n  sync(document);\n  new MutationObserver(records => {\n    for (const record of records) for (const node of record.addedNodes) if (node.nodeType === 1) sync(node);\n  }).observe(document.documentElement, { childList: true, subtree: true });\n})();\n</script>\n  <script>\n    function renderAllMath() {\n      if (window.renderMathInElement) {\n        renderMathInElement(document.body, {\n          delimiters: [\n            {left: "$$", right: "$$", display: true},\n            {left: "$", right: "$", display: false},\n            {left: "\\\\(", right: "\\\\)", display: false},\n            {left: "\\\\[", right: "\\\\]", display: true}\n          ],\n          throwOnError: false\n        });\n      }\n    }\n    if (document.readyState === "loading") {\n      document.addEventListener("DOMContentLoaded", renderAllMath);\n    } else {\n      renderAllMath();\n    }\n  </script>\n</body>\n</html>\n'

======================================================================
FAIL: test_generated_outputs_are_current (test_portable_workbench.PortableWorkbenchPackageTests.test_generated_outputs_are_current) (path='public/portable-workbench/index.html')
----------------------------------------------------------------------
Traceback (most recent call last):
  File "C:\CodeB\Grade9v3.5\.codex-recovery\r4-suite\tests\test_portable_workbench.py", line 199, in test_generated_outputs_are_current
    self.assertEqual((REPO / relative).read_bytes(), expected)
AssertionError: b'<!doctype html>\r\n<html lang="en"><head>\r\n  <!-- KaTeX[2219 chars]tml>' != b'<!doctype html>\n<html lang="en"><head><meta charset="utf[1781 chars]tml>'

======================================================================
FAIL: test_browser_parity_syntax_and_generated_projection_checks (test_prompt_composer.PromptComposerTests.test_browser_parity_syntax_and_generated_projection_checks)
----------------------------------------------------------------------
Traceback (most recent call last):
  File "C:\CodeB\Grade9v3.5\.codex-recovery\r4-suite\tests\test_prompt_composer.py", line 214, in test_browser_parity_syntax_and_generated_projection_checks
    self.assertEqual(
AssertionError: 1 != 0 : node --test tests/prompt_composer.test.mjs failed:
TAP version 13
# Subtest: browser digest uses standard SHA-256 vectors
ok 1 - browser digest uses standard SHA-256 vectors
  ---
  duration_ms: 31.4528
  type: 'test'
  ...
# Subtest: browser composition preserves authority boundaries and researches ambiguous identity
ok 2 - browser composition preserves authority boundaries and researches ambiguous identity
  ---
  duration_ms: 24.1915
  type: 'test'
  ...
# Subtest: browser and Python agree on mapping semantics and deterministic prompt digests
not ok 3 - browser and Python agree on mapping semantics and deterministic prompt digests
  ---
  duration_ms: 740.4735
  type: 'test'
  location: 'C:\\CodeB\\Grade9v3.5\\.codex-recovery\\r4-suite\\tests\\prompt_composer.test.mjs:61:1'
  failureType: 'testCodeFailure'
  error: |-
    Expected values to be strictly deep-equal:
    + actual - expected
    ... Skipped lines
    
      [
        {
          blueprint_id: 'BP-CORE2-SOURCE-QUESTION',
    +     blueprint_ref: 'BP-CORE2-SOURCE-QUESTION@1.5.0',
    +     blueprint_version: '1.5.0',
    -     blueprint_ref: 'BP-CORE2-SOURCE-QUESTION@1.8.0',
    -     blueprint_version: '1.8.0',
          core: 'CORE2',
          forbidden: [
            'PAGE_LOCAL_ACADEMIC_TRUTH',
            'HOVER_ONLY_ESSENTIAL_INFORMATION',
            'AUTHORED_SCAFFOLD_PRESENTED_AS_SOURCE_HINT',
    ...
          blueprint_id: 'BP-CORE1A-CONSTRUCTION',
    +     blueprint_ref: 'BP-CORE1A-CONSTRUCTION@1.4.0',
    +     blueprint_version: '1.4.0',
    -     blueprint_ref: 'BP-CORE1A-CONSTRUCTION@1.6.0',
    -     blueprint_version: '1.6.0',
          core: 'CORE1A',
          forbidden: [
            'PAGE_LOCAL_ACADEMIC_TRUTH',
            'HOVER_ONLY_ESSENTIAL_INFORMATION',
            'ATTEMPT_FIRST_AS_PRIMARY_MODE'
    ...
            attempt_before_reveal: 'FROM_PROJECTION',
    +       progressive_support: false,
    -       progressive_support: true,
    -       secondary_reference_default: 'COLLAPSED',
            solution_policy: 'FROM_PROJECTION',
    -       worked_example_step_policy: 'SHOW_ALL'
          },
          layout_family: 'READING_CONSTRUCTION',
          packaging_modes: [
            'PUBLIC',
            'PAGES',
    ...
            'construction',
    +       'representation',
            'repair_closure'
          ],
          responsive_policy: {
            compact: 'SINGLE_PANE',
    +       expanded: 'STAGE_SUPPORT',
    -       expanded: 'SINGLE_PANE',
            expanded_min_px: 1100,
    +       medium: 'STACKED_SUPPORT',
    -       medium: 'SINGLE_PANE',
            primary_fraction: 0.6,
            support_fraction: 0.4,
    +       support_sticky: true,
    -       support_sticky: false,
            tablet_12_7: {
              figure_min_text_css_px: 14,
              identity_max_px: 190,
              reference_viewport: {
                height: 854,
                width: 1366
              },
    +         support_scrolls_inside: true
    -         support_scrolls_inside: false
            }
          },
          shell_ref: 'G9-TABLET-SHELL-V1',
          slot_order: [
            'identity',
            'construction',
    +       'representation',
            'repair_closure'
          ],
          touch_policy: {
            minimum_control_gap_css_px: 8,
            minimum_target_css_px: 48
    
  code: 'ERR_ASSERTION'
  name: 'AssertionError'
  expected:
    0:
      core: 'CORE2'
      blueprint_ref: 'BP-CORE2-SOURCE-QUESTION@1.8.0'
      blueprint_id: 'BP-CORE2-SOURCE-QUESTION'
      blueprint_version: '1.8.0'
      shell_ref: 'G9-TABLET-SHELL-V1'
      layout_family: 'QUESTION_READER'
      required_slots:
        0: 'identity'
        1: 'attempt'
        2: 'solution'
      slot_order:
        0: 'identity'
        1: 'attempt'
        2: 'representation'
        3: 'support'
        4: 'solution'
      interaction_policy:
        attempt_before_reveal: 'FROM_PROJECTION'
        progressive_support: true
        solution_policy: 'LEARNER_OPENABLE'
      representation_policy:
        legacy_iframe: 'MIGRATION_ONLY'
        preferred_mount_modes:
          0: 'PORTABLE_SCENE'
          1: 'COMPONENT'
          2: 'STATIC_FIGURE'
      responsive_policy:
        compact: 'SINGLE_PANE'
        expanded: 'STAGE_SUPPORT'
        expanded_min_px: 980
        medium: 'STACKED_SUPPORT'
        primary_fraction: 0.42
        support_fraction: 0.58
        support_sticky: false
        tablet_12_7:
          figure_min_text_css_px: 14
          identity_max_px: 190
          reference_viewport:
            height: 854
            width: 1366
      touch_policy:
        minimum_control_gap_css_px: 8
        minimum_target_css_px: 48
      packaging_modes:
        0: 'PUBLIC'
        1: 'PAGES'
        2: 'OFFLINE_DIRECTORY'
        3: 'SINGLE_FILE'
        4: 'EMBED'
      forbidden:
        0: 'PAGE_LOCAL_ACADEMIC_TRUTH'
        1: 'HOVER_ONLY_ESSENTIAL_INFORMATION'
        2: 'AUTHORED_SCAFFOLD_PRESENTED_AS_SOURCE_HINT'
        3: 'ANSWER_REVEALED_BY_PRE_SOLUTION_SUPPORT'
        4: 'GENERIC_FILLER_SUPPORT_TO_MEET_RUNG_COUNT'
        5: 'CORE2_COLLAPSED_INTO_QUESTION_CLINIC'
    1:
      core: 'CORE1'
      blueprint_ref: 'BP-CORE1-ORIENTATION@1.1.0'
      blueprint_id: 'BP-CORE1-ORIENTATION'
      blueprint_version: '1.1.0'
      shell_ref: 'G9-TABLET-SHELL-V1'
      layout_family: 'READING_ORIENTATION'
      required_slots:
        0: 'identity'
        1: 'orientation'
      slot_order:
        0: 'identity'
        1: 'orientation'
      interaction_policy:
        attempt_before_reveal: 'FROM_PROJECTION'
        progressive_support: false
        solution_policy: 'FROM_PROJECTION'
      representation_policy:
        legacy_iframe: 'MIGRATION_ONLY'
        preferred_mount_modes:
          0: 'PORTABLE_SCENE'
          1: 'COMPONENT'
          2: 'STATIC_FIGURE'
      responsive_policy:
        compact: 'SINGLE_PANE'
        expanded: 'SINGLE_PANE'
        medium: 'SINGLE_PANE'
        primary_fraction: 1
        support_fraction: 0
      touch_policy:
        minimum_control_gap_css_px: 8
        minimum_target_css_px: 48
      packaging_modes:
        0: 'PUBLIC'
        1: 'PAGES'
        2: 'OFFLINE_DIRECTORY'
        3: 'SINGLE_FILE'
        4: 'EMBED'
      forbidden:
        0: 'PAGE_LOCAL_ACADEMIC_TRUTH'
        1: 'HOVER_ONLY_ESSENTIAL_INFORMATION'
        2: 'FULL_INFERENTIAL_CONSTRUCTION'
    2:
      core: 'CORE1A'
      blueprint_ref: 'BP-CORE1A-CONSTRUCTION@1.6.0'
      blueprint_id: 'BP-CORE1A-CONSTRUCTION'
      blueprint_version: '1.6.0'
      shell_ref: 'G9-TABLET-SHELL-V1'
      layout_family: 'READING_CONSTRUCTION'
      required_slots:
        0: 'identity'
        1: 'construction'
        2: 'repair_closure'
      slot_order:
        0: 'identity'
        1: 'construction'
        2: 'repair_closure'
      interaction_policy:
        attempt_before_reveal: 'FROM_PROJECTION'
        progressive_support: true
        secondary_reference_default: 'COLLAPSED'
        solution_policy: 'FROM_PROJECTION'
        worked_example_step_policy: 'SHOW_ALL'
      representation_policy:
        legacy_iframe: 'MIGRATION_ONLY'
        preferred_mount_modes:
          0: 'PORTABLE_SCENE'
          1: 'COMPONENT'
          2: 'STATIC_FIGURE'
      responsive_policy:
        compact: 'SINGLE_PANE'
        expanded: 'SINGLE_PANE'
        expanded_min_px: 1100
        medium: 'SINGLE_PANE'
        primary_fraction: 0.6
        support_fraction: 0.4
        support_sticky: false
        tablet_12_7:
          figure_min_text_css_px: 14
          identity_max_px: 190
          reference_viewport:
            height: 854
            width: 1366
          support_scrolls_inside: false
      touch_policy:
        minimum_control_gap_css_px: 8
        minimum_target_css_px: 48
      packaging_modes:
        0: 'PUBLIC'
        1: 'PAGES'
        2: 'OFFLINE_DIRECTORY'
        3: 'SINGLE_FILE'
        4: 'EMBED'
      forbidden:
        0: 'PAGE_LOCAL_ACADEMIC_TRUTH'
        1: 'HOVER_ONLY_ESSENTIAL_INFORMATION'
        2: 'ATTEMPT_FIRST_AS_PRIMARY_MODE'
    3:
      core: 'CORE1B'
      blueprint_ref: 'BP-CORE1B-RECONSTRUCTION@1.1.0'
      blueprint_id: 'BP-CORE1B-RECONSTRUCTION'
      blueprint_version: '1.1.0'
      shell_ref: 'G9-TABLET-SHELL-V1'
      layout_family: 'GUIDED_RECONSTRUCTION'
      required_slots:
        0: 'identity'
        1: 'attempt'
        2: 'reconstruction'
      slot_order:
        0: 'identity'
        1: 'attempt'
        2: 'reconstruction'
      interaction_policy:
        attempt_before_reveal: 'FROM_PROJECTION'
        progressive_support: true
        solution_policy: 'POST_ATTEMPT'
      representation_policy:
        legacy_iframe: 'MIGRATION_ONLY'
        preferred_mount_modes:
          0: 'PORTABLE_SCENE'
          1: 'COMPONENT'
          2: 'STATIC_FIGURE'
      responsive_policy:
        compact: 'SINGLE_PANE'
        expanded: 'STAGE_SUPPORT'
        medium: 'STACKED_SUPPORT'
        primary_fraction: 0.68
        support_fraction: 0.32
      touch_policy:
        minimum_control_gap_css_px: 8
        minimum_target_css_px: 48
      packaging_modes:
        0: 'PUBLIC'
        1: 'PAGES'
        2: 'OFFLINE_DIRECTORY'
        3: 'SINGLE_FILE'
        4: 'EMBED'
      forbidden:
        0: 'PAGE_LOCAL_ACADEMIC_TRUTH'
        1: 'HOVER_ONLY_ESSENTIAL_INFORMATION'
        2: 'ANSWER_BEFORE_ATTEMPT'
    4:
      core: 'CORE2A'
      blueprint_ref: 'BP-CORE2A-SUPPORTED-APPLICATION@1.1.0'
      blueprint_id: 'BP-CORE2A-SUPPORTED-APPLICATION'
      blueprint_version: '1.1.0'
      shell_ref: 'G9-TABLET-SHELL-V1'
      layout_family: 'QUESTION_STUDY'
      required_slots:
        0: 'identity'
        1: 'attempt'
        2: 'reasoning'
      slot_order:
        0: 'identity'
        1: 'attempt'
        2: 'support'
        3: 'reasoning'
      interaction_policy:
        attempt_before_reveal: 'FROM_PROJECTION'
        progressive_support: true
        solution_policy: 'LEARNER_OPENABLE'
      representation_policy:
        legacy_iframe: 'MIGRATION_ONLY'
        preferred_mount_modes:
          0: 'PORTABLE_SCENE'
          1: 'COMPONENT'
          2: 'STATIC_FIGURE'
      responsive_policy:
        compact: 'SINGLE_PANE'
        expanded: 'STAGE_SUPPORT'
        medium: 'STACKED_SUPPORT'
        primary_fraction: 0.68
        support_fraction: 0.32
      touch_policy:
        minimum_control_gap_css_px: 8
        minimum_target_css_px: 48
      packaging_modes:
        0: 'PUBLIC'
        1: 'PAGES'
        2: 'OFFLINE_DIRECTORY'
        3: 'SINGLE_FILE'
        4: 'EMBED'
      forbidden:
        0: 'PAGE_LOCAL_ACADEMIC_TRUTH'
        1: 'HOVER_ONLY_ESSENTIAL_INFORMATION'
        2: 'SOURCE_HINT_AND_AUTHORED_SCAFFOLD_COLLAPSE'
    5:
      core: 'CORE2B'
      blueprint_ref: 'BP-CORE2B-TRANSFER@1.1.0'
      blueprint_id: 'BP-CORE2B-TRANSFER'
      blueprint_version: '1.1.0'
      shell_ref: 'G9-TABLET-SHELL-V1'
      layout_family: 'TRANSFER_ATTEMPT'
      required_slots:
        0: 'identity'
        1: 'attempt'
        2: 'post_attempt'
      slot_order:
        0: 'identity'
        1: 'attempt'
        2: 'post_attempt'
      interaction_policy:
        attempt_before_reveal: 'FROM_PROJECTION'
        progressive_support: true
        solution_policy: 'POST_ATTEMPT'
      representation_policy:
        legacy_iframe: 'MIGRATION_ONLY'
        preferred_mount_modes:
          0: 'PORTABLE_SCENE'
          1: 'COMPONENT'
          2: 'STATIC_FIGURE'
      responsive_policy:
        compact: 'SINGLE_PANE'
        expanded: 'STAGE_SUPPORT'
        medium: 'STACKED_SUPPORT'
        primary_fraction: 0.68
        support_fraction: 0.32
      touch_policy:
        minimum_control_gap_css_px: 8
        minimum_target_css_px: 48
      packaging_modes:
        0: 'PUBLIC'
        1: 'PAGES'
        2: 'OFFLINE_DIRECTORY'
        3: 'SINGLE_FILE'
        4: 'EMBED'
      forbidden:
        0: 'PAGE_LOCAL_ACADEMIC_TRUTH'
        1: 'HOVER_ONLY_ESSENTIAL_INFORMATION'
        2: 'PROTECTED_MOVE_DISCLOSED_PRE_ATTEMPT'
  actual:
    0:
      core: 'CORE2'
      blueprint_ref: 'BP-CORE2-SOURCE-QUESTION@1.5.0'
      blueprint_id: 'BP-CORE2-SOURCE-QUESTION'
      blueprint_version: '1.5.0'
      shell_ref: 'G9-TABLET-SHELL-V1'
      layout_family: 'QUESTION_READER'
      required_slots:
        0: 'identity'
        1: 'attempt'
        2: 'solution'
      slot_order:
        0: 'identity'
        1: 'attempt'
        2: 'representation'
        3: 'support'
        4: 'solution'
      interaction_policy:
        attempt_before_reveal: 'FROM_PROJECTION'
        progressive_support: true
        solution_policy: 'LEARNER_OPENABLE'
      representation_policy:
        preferred_mount_modes:
          0: 'PORTABLE_SCENE'
          1: 'COMPONENT'
          2: 'STATIC_FIGURE'
        legacy_iframe: 'MIGRATION_ONLY'
      responsive_policy:
        compact: 'SINGLE_PANE'
        medium: 'STACKED_SUPPORT'
        expanded: 'STAGE_SUPPORT'
        primary_fraction: 0.42
        support_fraction: 0.58
        expanded_min_px: 980
        support_sticky: false
        tablet_12_7:
          reference_viewport:
            width: 1366
            height: 854
          identity_max_px: 190
          figure_min_text_css_px: 14
      touch_policy:
        minimum_target_css_px: 48
        minimum_control_gap_css_px: 8
      packaging_modes:
        0: 'PUBLIC'
        1: 'PAGES'
        2: 'OFFLINE_DIRECTORY'
        3: 'SINGLE_FILE'
        4: 'EMBED'
      forbidden:
        0: 'PAGE_LOCAL_ACADEMIC_TRUTH'
        1: 'HOVER_ONLY_ESSENTIAL_INFORMATION'
        2: 'AUTHORED_SCAFFOLD_PRESENTED_AS_SOURCE_HINT'
        3: 'ANSWER_REVEALED_BY_PRE_SOLUTION_SUPPORT'
        4: 'GENERIC_FILLER_SUPPORT_TO_MEET_RUNG_COUNT'
        5: 'CORE2_COLLAPSED_INTO_QUESTION_CLINIC'
    1:
      core: 'CORE1'
      blueprint_ref: 'BP-CORE1-ORIENTATION@1.1.0'
      blueprint_id: 'BP-CORE1-ORIENTATION'
      blueprint_version: '1.1.0'
      shell_ref: 'G9-TABLET-SHELL-V1'
      layout_family: 'READING_ORIENTATION'
      required_slots:
        0: 'identity'
        1: 'orientation'
      slot_order:
        0: 'identity'
        1: 'orientation'
      interaction_policy:
        attempt_before_reveal: 'FROM_PROJECTION'
        progressive_support: false
        solution_policy: 'FROM_PROJECTION'
      representation_policy:
        preferred_mount_modes:
          0: 'PORTABLE_SCENE'
          1: 'COMPONENT'
          2: 'STATIC_FIGURE'
        legacy_iframe: 'MIGRATION_ONLY'
      responsive_policy:
        compact: 'SINGLE_PANE'
        medium: 'SINGLE_PANE'
        expanded: 'SINGLE_PANE'
        primary_fraction: 1
        support_fraction: 0
      touch_policy:
        minimum_target_css_px: 48
        minimum_control_gap_css_px: 8
      packaging_modes:
        0: 'PUBLIC'
        1: 'PAGES'
        2: 'OFFLINE_DIRECTORY'
        3: 'SINGLE_FILE'
        4: 'EMBED'
      forbidden:
        0: 'PAGE_LOCAL_ACADEMIC_TRUTH'
        1: 'HOVER_ONLY_ESSENTIAL_INFORMATION'
        2: 'FULL_INFERENTIAL_CONSTRUCTION'
    2:
      core: 'CORE1A'
      blueprint_ref: 'BP-CORE1A-CONSTRUCTION@1.4.0'
      blueprint_id: 'BP-CORE1A-CONSTRUCTION'
      blueprint_version: '1.4.0'
      shell_ref: 'G9-TABLET-SHELL-V1'
      layout_family: 'READING_CONSTRUCTION'
      required_slots:
        0: 'identity'
        1: 'construction'
        2: 'representation'
        3: 'repair_closure'
      slot_order:
        0: 'identity'
        1: 'construction'
        2: 'representation'
        3: 'repair_closure'
      interaction_policy:
        attempt_before_reveal: 'FROM_PROJECTION'
        progressive_support: false
        solution_policy: 'FROM_PROJECTION'
      representation_policy:
        preferred_mount_modes:
          0: 'PORTABLE_SCENE'
          1: 'COMPONENT'
          2: 'STATIC_FIGURE'
        legacy_iframe: 'MIGRATION_ONLY'
      responsive_policy:
        compact: 'SINGLE_PANE'
        medium: 'STACKED_SUPPORT'
        expanded: 'STAGE_SUPPORT'
        primary_fraction: 0.6
        support_fraction: 0.4
        expanded_min_px: 1100
        support_sticky: true
        tablet_12_7:
          reference_viewport:
            width: 1366
            height: 854
          identity_max_px: 190
          figure_min_text_css_px: 14
          support_scrolls_inside: true
      touch_policy:
        minimum_target_css_px: 48
        minimum_control_gap_css_px: 8
      packaging_modes:
        0: 'PUBLIC'
        1: 'PAGES'
        2: 'OFFLINE_DIRECTORY'
        3: 'SINGLE_FILE'
        4: 'EMBED'
      forbidden:
        0: 'PAGE_LOCAL_ACADEMIC_TRUTH'
        1: 'HOVER_ONLY_ESSENTIAL_INFORMATION'
        2: 'ATTEMPT_FIRST_AS_PRIMARY_MODE'
    3:
      core: 'CORE1B'
      blueprint_ref: 'BP-CORE1B-RECONSTRUCTION@1.1.0'
      blueprint_id: 'BP-CORE1B-RECONSTRUCTION'
      blueprint_version: '1.1.0'
      shell_ref: 'G9-TABLET-SHELL-V1'
      layout_family: 'GUIDED_RECONSTRUCTION'
      required_slots:
        0: 'identity'
        1: 'attempt'
        2: 'reconstruction'
      slot_order:
        0: 'identity'
        1: 'attempt'
        2: 'reconstruction'
      interaction_policy:
        attempt_before_reveal: 'FROM_PROJECTION'
        progressive_support: true
        solution_policy: 'POST_ATTEMPT'
      representation_policy:
        preferred_mount_modes:
          0: 'PORTABLE_SCENE'
          1: 'COMPONENT'
          2: 'STATIC_FIGURE'
        legacy_iframe: 'MIGRATION_ONLY'
      responsive_policy:
        compact: 'SINGLE_PANE'
        medium: 'STACKED_SUPPORT'
        expanded: 'STAGE_SUPPORT'
        primary_fraction: 0.68
        support_fraction: 0.32
      touch_policy:
        minimum_target_css_px: 48
        minimum_control_gap_css_px: 8
      packaging_modes:
        0: 'PUBLIC'
        1: 'PAGES'
        2: 'OFFLINE_DIRECTORY'
        3: 'SINGLE_FILE'
        4: 'EMBED'
      forbidden:
        0: 'PAGE_LOCAL_ACADEMIC_TRUTH'
        1: 'HOVER_ONLY_ESSENTIAL_INFORMATION'
        2: 'ANSWER_BEFORE_ATTEMPT'
    4:
      core: 'CORE2A'
      blueprint_ref: 'BP-CORE2A-SUPPORTED-APPLICATION@1.1.0'
      blueprint_id: 'BP-CORE2A-SUPPORTED-APPLICATION'
      blueprint_version: '1.1.0'
      shell_ref: 'G9-TABLET-SHELL-V1'
      layout_family: 'QUESTION_STUDY'
      required_slots:
        0: 'identity'
        1: 'attempt'
        2: 'reasoning'
      slot_order:
        0: 'identity'
        1: 'attempt'
        2: 'support'
        3: 'reasoning'
      interaction_policy:
        attempt_before_reveal: 'FROM_PROJECTION'
        progressive_support: true
        solution_policy: 'LEARNER_OPENABLE'
      representation_policy:
        preferred_mount_modes:
          0: 'PORTABLE_SCENE'
          1: 'COMPONENT'
          2: 'STATIC_FIGURE'
        legacy_iframe: 'MIGRATION_ONLY'
      responsive_policy:
        compact: 'SINGLE_PANE'
        medium: 'STACKED_SUPPORT'
        expanded: 'STAGE_SUPPORT'
        primary_fraction: 0.68
        support_fraction: 0.32
      touch_policy:
        minimum_target_css_px: 48
        minimum_control_gap_css_px: 8
      packaging_modes:
        0: 'PUBLIC'
        1: 'PAGES'
        2: 'OFFLINE_DIRECTORY'
        3: 'SINGLE_FILE'
        4: 'EMBED'
      forbidden:
        0: 'PAGE_LOCAL_ACADEMIC_TRUTH'
        1: 'HOVER_ONLY_ESSENTIAL_INFORMATION'
        2: 'SOURCE_HINT_AND_AUTHORED_SCAFFOLD_COLLAPSE'
    5:
      core: 'CORE2B'
      blueprint_ref: 'BP-CORE2B-TRANSFER@1.1.0'
      blueprint_id: 'BP-CORE2B-TRANSFER'
      blueprint_version: '1.1.0'
      shell_ref: 'G9-TABLET-SHELL-V1'
      layout_family: 'TRANSFER_ATTEMPT'
      required_slots:
        0: 'identity'
        1: 'attempt'
        2: 'post_attempt'
      slot_order:
        0: 'identity'
        1: 'attempt'
        2: 'post_attempt'
      interaction_policy:
        attempt_before_reveal: 'FROM_PROJECTION'
        progressive_support: true
        solution_policy: 'POST_ATTEMPT'
      representation_policy:
        preferred_mount_modes:
          0: 'PORTABLE_SCENE'
          1: 'COMPONENT'
          2: 'STATIC_FIGURE'
        legacy_iframe: 'MIGRATION_ONLY'
      responsive_policy:
        compact: 'SINGLE_PANE'
        medium: 'STACKED_SUPPORT'
        expanded: 'STAGE_SUPPORT'
        primary_fraction: 0.68
        support_fraction: 0.32
      touch_policy:
        minimum_target_css_px: 48
        minimum_control_gap_css_px: 8
      packaging_modes:
        0: 'PUBLIC'
        1: 'PAGES'
        2: 'OFFLINE_DIRECTORY'
        3: 'SINGLE_FILE'
        4: 'EMBED'
      forbidden:
        0: 'PAGE_LOCAL_ACADEMIC_TRUTH'
        1: 'HOVER_ONLY_ESSENTIAL_INFORMATION'
        2: 'PROTECTED_MOVE_DISCLOSED_PRE_ATTEMPT'
  operator: 'deepStrictEqual'
  stack: |-
    TestContext.<anonymous> (file:///C:/CodeB/Grade9v3.5/.codex-recovery/r4-suite/tests/prompt_composer.test.mjs:68:10)
    Test.runInAsyncScope (node:async_hooks:214:14)
    Test.run (node:internal/test_runner/test:1047:25)
    Test.processPendingSubtests (node:internal/test_runner/test:744:18)
    Test.postRun (node:internal/test_runner/test:1173:19)
    Test.run (node:internal/test_runner/test:1101:12)
    async Test.processPendingSubtests (node:internal/test_runner/test:744:7)
  ...
# Subtest: browser prompt emits the blueprint authority graph explicitly
ok 4 - browser prompt emits the blueprint authority graph explicitly
  ---
  duration_ms: 20.6216
  type: 'test'
  ...
# Subtest: pasted hostile markup stays plain parsed data and exact 0 is not blank
ok 5 - pasted hostile markup stays plain parsed data and exact 0 is not blank
  ---
  duration_ms: 13.9758
  type: 'test'
  ...
1..5
# tests 5
# suites 0
# pass 4
# fail 1
# cancelled 0
# skipped 0
# todo 0
# duration_ms 1001.6548


======================================================================
FAIL: test_prompt_contains_clause_ids_role_refs_and_downstream_pdf_intent_without_rendering_pdf (test_prompt_composer.PromptComposerTests.test_prompt_contains_clause_ids_role_refs_and_downstream_pdf_intent_without_rendering_pdf)
----------------------------------------------------------------------
Traceback (most recent call last):
  File "C:\CodeB\Grade9v3.5\.codex-recovery\r4-suite\tests\test_prompt_composer.py", line 93, in test_prompt_contains_clause_ids_role_refs_and_downstream_pdf_intent_without_rendering_pdf
    self.assertFalse(any(path.suffix == ".pdf" for path in (REPO / "public").rglob("*.pdf")))
AssertionError: True is not false

======================================================================
FAIL: test_regeneration_refuses_to_change_what_a_learner_reads (test_publication_engine.CommittedPublications.test_regeneration_refuses_to_change_what_a_learner_reads)
----------------------------------------------------------------------
Traceback (most recent call last):
  File "C:\CodeB\Grade9v3.5\.codex-recovery\r4-suite\tests\test_publication_engine.py", line 101, in test_regeneration_refuses_to_change_what_a_learner_reads
    self.assertEqual(caught.exception.code, "PUBLISHED_OUTPUT_WOULD_CHANGE")
AssertionError: 'MANIFEST_ARTIFACT_MISSING' != 'PUBLISHED_OUTPUT_WOULD_CHANGE'
- MANIFEST_ARTIFACT_MISSING
+ PUBLISHED_OUTPUT_WOULD_CHANGE


======================================================================
FAIL: test_the_runtime_snapshot_covers_everything_the_engine_imports (test_publication_engine.CommittedPublications.test_the_runtime_snapshot_covers_everything_the_engine_imports)
----------------------------------------------------------------------
Traceback (most recent call last):
  File "C:\CodeB\Grade9v3.5\.codex-recovery\r4-suite\tests\test_publication_engine.py", line 129, in test_the_runtime_snapshot_covers_everything_the_engine_imports
    self.assertIn(relative, snapshot,
AssertionError: 'Shared/publication_host/__init__.py' not found in {'Physics\\adapter\\validator.py', 'Shared\\publication_host\\drawing.py', 'Shared\\publication_host\\__init__.py', 'Physics\\adapter\\scenes.py', 'Shared\\publication_host\\inputs.py', 'Shared\\publication_host\\audit.py', 'Shared\\contracts.py', 'Shared\\publication_host\\compose.py', 'Shared\\publication_host\\storage.py', 'Physics\\adapter\\__init__.py', 'Physics\\run.py', 'Shared\\publication_host\\science.py', 'Shared\\publication_host\\cli.py', 'Shared\\__init__.py', 'Shared\\publication_host\\adapter.py', 'Shared\\publication_host\\host.py', 'Physics\\adapter\\CoreContracts.json'} : Shared/publication_host/__init__.py is imported by the engine but absent from the snapshot

======================================================================
FAIL: test_every_committed_library_is_admitted_by_intake (test_question_admission.Library.test_every_committed_library_is_admitted_by_intake) (package='linear-equations.v1.json')
The gate of record: the one that runs in CI over every committed library, not one a registration brings with it.
----------------------------------------------------------------------
Traceback (most recent call last):
  File "C:\CodeB\Grade9v3.5\.codex-recovery\r4-suite\tests\test_question_admission.py", line 140, in test_every_committed_library_is_admitted_by_intake
    self.assertEqual([f"{f['point']}: {f['detail']}" for f in report["findings"]][:3], [])
AssertionError: Lists differ: ["STRUCTURE: ['questions', 6, 'answer', 'v[444 chars]D']"] != []

First list contains 3 additional elements.
First extra element 0:
"STRUCTURE: ['questions', 6, 'answer', 'verification_status']: 'VERIFIED_CANONICAL' is not one of ['NOT_RUN', 'CHECKED_BY_AUTHOR', 'INDEPENDENTLY_CHECKED', 'DISPUTED']"

+ []
- ["STRUCTURE: ['questions', 6, 'answer', 'verification_status']: "
-  "'VERIFIED_CANONICAL' is not one of ['NOT_RUN', 'CHECKED_BY_AUTHOR', "
-  "'INDEPENDENTLY_CHECKED', 'DISPUTED']",
-  "STRUCTURE: ['questions', 6, 'status']: 'PUBLISHED' is not one of "
-  "['DISCOVERED', 'CANDIDATE', 'REVIEWED', 'CURATED', 'DISPUTED', 'STALE', "
-  "'RETIRED']",
-  "STRUCTURE: ['questions', 7, 'answer', 'verification_status']: "
-  "'VERIFIED_CANONICAL' is not one of ['NOT_RUN', 'CHECKED_BY_AUTHOR', "
-  "'INDEPENDENTLY_CHECKED', 'DISPUTED']"]

======================================================================
FAIL: test_chemistry_witness_traces_from_bank_to_deployment (test_question_bank_lineage_witnesses.LiveWitnesses.test_chemistry_witness_traces_from_bank_to_deployment)
----------------------------------------------------------------------
Traceback (most recent call last):
  File "C:\CodeB\Grade9v3.5\.codex-recovery\r4-suite\tests\test_question_bank_lineage_witnesses.py", line 75, in test_chemistry_witness_traces_from_bank_to_deployment
    self.assertTrue(result["deployment"]["deployed"], result["deployment"])
AssertionError: False is not true : {'checked_against': 'r4-suite', 'artifacts': [{'artifact': 'public/data/question-bank-search.js', 'public_matches_build': False, 'docs_matches_build': False}, {'artifact': 'public/data/question-bank-questions.js', 'public_matches_build': False, 'docs_matches_build': False}, {'artifact': 'public/data/question-bank-catalog.js', 'public_matches_build': False, 'docs_matches_build': False}, {'artifact': 'public/data/question-bank-manifest.js', 'public_matches_build': False, 'docs_matches_build': False}, {'artifact': 'public/data/question-bank-details/subject-chemistry-97462a79cb.js', 'public_matches_build': False, 'docs_matches_build': False}], 'deployed': False}

======================================================================
FAIL: test_physics_witness_traces_from_bank_to_deployment (test_question_bank_lineage_witnesses.LiveWitnesses.test_physics_witness_traces_from_bank_to_deployment)
----------------------------------------------------------------------
Traceback (most recent call last):
  File "C:\CodeB\Grade9v3.5\.codex-recovery\r4-suite\tests\test_question_bank_lineage_witnesses.py", line 81, in test_physics_witness_traces_from_bank_to_deployment
    self.assertTrue(result["deployment"]["deployed"], result["deployment"])
AssertionError: False is not true : {'checked_against': 'r4-suite', 'artifacts': [{'artifact': 'public/data/question-bank-search.js', 'public_matches_build': False, 'docs_matches_build': False}, {'artifact': 'public/data/question-bank-questions.js', 'public_matches_build': False, 'docs_matches_build': False}, {'artifact': 'public/data/question-bank-catalog.js', 'public_matches_build': False, 'docs_matches_build': False}, {'artifact': 'public/data/question-bank-manifest.js', 'public_matches_build': False, 'docs_matches_build': False}, {'artifact': 'public/data/question-bank-details/subject-physics-fc07b0f63d.js', 'public_matches_build': False, 'docs_matches_build': False}], 'deployed': False}

======================================================================
FAIL: test_the_command_line_explains_with_the_same_trace (test_question_bank_lineage_witnesses.LiveWitnesses.test_the_command_line_explains_with_the_same_trace)
----------------------------------------------------------------------
Traceback (most recent call last):
  File "C:\CodeB\Grade9v3.5\.codex-recovery\r4-suite\tests\test_question_bank_lineage_witnesses.py", line 99, in test_the_command_line_explains_with_the_same_trace
    self.assertTrue(payload["trace"]["deployment"]["deployed"])
AssertionError: False is not true

======================================================================
FAIL: test_browser_projection_is_current (test_question_bank_web.QuestionBankWebTest.test_browser_projection_is_current)
----------------------------------------------------------------------
Traceback (most recent call last):
  File "C:\CodeB\Grade9v3.5\.codex-recovery\r4-suite\tests\test_question_bank_web.py", line 40, in test_browser_projection_is_current
    self.assertEqual((ROOT / "public/data/question-bank-data.js").read_text(encoding="utf-8"), intended)
AssertionError: 'wind[617 chars]":"0.1.0"}],"view_config":"Shared/tools/questi[1082572 chars]};\n' != 'wind[617 chars]":"0.2.0"}],"view_config":"Shared/tools/questi[1082572 chars]};\n'

======================================================================
FAIL: test_pr3_math_pilot_exercises_five_real_source_question_cells (test_question_review_matrix.QuestionReviewMatrixTests.test_pr3_math_pilot_exercises_five_real_source_question_cells)
----------------------------------------------------------------------
Traceback (most recent call last):
  File "C:\CodeB\Grade9v3.5\.codex-recovery\r4-suite\tests\test_question_review_matrix.py", line 327, in test_pr3_math_pilot_exercises_five_real_source_question_cells
    self.assertEqual(tuple(item["review"]), qrt.ASKS)
AssertionError: Tuples differ: ('H1', 'H2', 'H3', 'P2', 'P3', 'M1', 'M2', 'M3', 'P1', 'S1', 'S2', 'S3') != ('H1', 'H2', 'H3', 'S1', 'S2', 'S3', 'P1', 'P2', 'P3', 'M1', 'M2', 'M3')

First differing element 3:
'P2'
'S1'

- ('H1', 'H2', 'H3', 'P2', 'P3', 'M1', 'M2', 'M3', 'P1', 'S1', 'S2', 'S3')
+ ('H1', 'H2', 'H3', 'S1', 'S2', 'S3', 'P1', 'P2', 'P3', 'M1', 'M2', 'M3')

======================================================================
FAIL: test_an_amendment_moves_the_ledger_to_a_deliberate_change_and_keeps_the_old_digest (test_render_core.Migration.test_an_amendment_moves_the_ledger_to_a_deliberate_change_and_keeps_the_old_digest)
----------------------------------------------------------------------
Traceback (most recent call last):
  File "C:\CodeB\Grade9v3.5\.codex-recovery\r4-suite\tests\test_render_core.py", line 730, in test_an_amendment_moves_the_ledger_to_a_deliberate_change_and_keeps_the_old_digest
    self.assertEqual(migrate_math_linear.verify_ledger(package, amended), [])
AssertionError: Lists differ: ['microtopics:MIC-MAT-LEQ-04-TWO-VARIABLES[1535 chars]ces'] != []

First list contains 22 additional elements.
First extra element 0:
'microtopics:MIC-MAT-LEQ-04-TWO-VARIABLES-LINE-OF-SOLUTIONS changed fields or references'

Diff is 1659 characters long. Set self.maxDiff to None to see it.

======================================================================
FAIL: test_math_staged_ids_and_references_remain_in_canonical_package (test_render_core.Migration.test_math_staged_ids_and_references_remain_in_canonical_package)
----------------------------------------------------------------------
Traceback (most recent call last):
  File "C:\CodeB\Grade9v3.5\.codex-recovery\r4-suite\tests\test_render_core.py", line 708, in test_math_staged_ids_and_references_remain_in_canonical_package
    self.assertEqual(migrate_math_linear.verify_ledger(package, ledger), [])
AssertionError: Lists differ: ['microtopics:MIC-MAT-LEQ-04-TWO-VARIABLES[1607 chars]ces'] != []

First list contains 23 additional elements.
First extra element 0:
'microtopics:MIC-MAT-LEQ-04-TWO-VARIABLES-LINE-OF-SOLUTIONS changed fields or references'

Diff is 1734 characters long. Set self.maxDiff to None to see it.

======================================================================
FAIL: test_core1a_structural_forms_compose_without_machine_archetype_classification (test_render_core.Renderer.test_core1a_structural_forms_compose_without_machine_archetype_classification)
----------------------------------------------------------------------
Traceback (most recent call last):
  File "C:\CodeB\Grade9v3.5\.codex-recovery\r4-suite\tests\test_render_core.py", line 220, in test_core1a_structural_forms_compose_without_machine_archetype_classification
    self.assertIn('data-g9-stage-sequence="true"', motion_html)
AssertionError: 'data-g9-stage-sequence="true"' not found in '<!doctype html>\n<html lang="en" data-theme="light" data-g9-shell data-g9-role="CORE1A" data-g9-mode="PAGES" data-g9-product="PRODUCT-PHY-KIN-2D-MOTION" data-g9-render-digest="67f60886b4ce8294"><head><meta charset="utf-8"><meta name="viewport" content="width=device-width,initial-scale=1"><meta name="g9-render" content="render_core/2 67f60886b4ce8294"><link rel="stylesheet" href="../../../css/modern-learner.css"><link rel="stylesheet" href="../../../css/tablet-12-7.css"><title>Construction · Two-dimensional kinematics and projectile model</title><style>\n[hidden]{display:none!important}\n:root{--g9-zoom:1;--g9-content-max:1380px;--g9-touch-min:48px;--g9-space:clamp(16px,2vw,28px);--g9-type-body:17px;--bg:#f6f7fb;--fg:#172033;--card:#fff;--line:#d5dce6;--accent:#1f5fae;--muted:#52627a;\n--soft:#fbfdff;--pill-bg:#eef2ff;--pill-fg:#4338ca;--src-bg:#ecfdf5;--src-fg:#047857;--info-bg:#f8fbff;--info-line:#93c5fd;--info-fg:#455d72;--warn-bg:#fff7f8;--warn-line:#ffc9d3;--warn-fg:#8a2942;--ok-bg:#f0fdf7;--ok-line:#bbf7d0;--ok-fg:#14532d}\n:root[data-theme=dark]{--bg:#0f1520;--fg:#e8edf5;--card:#18212f;--line:#2c394d;--accent:#8ab4f8;--muted:#a3b1c6;\n--soft:#141c29;--pill-bg:#262f5a;--pill-fg:#c3c9ff;--src-bg:#12301f;--src-fg:#6ee7b7;--info-bg:#14263d;--info-line:#3b6db3;--info-fg:#b8c9de;--warn-bg:#2b1620;--warn-line:#6b3045;--warn-fg:#f3b6c4;--ok-bg:#10281d;--ok-line:#1f6b44;--ok-fg:#b7efcf}\nhtml{font-size:calc(var(--g9-type-body) * var(--g9-zoom))}body{margin:0;background:var(--bg);color:var(--fg);font:1rem/1.6 system-ui,sans-serif;overflow-wrap:break-word}\nheader[data-g9-shell-header]{position:sticky;top:0;z-index:5;display:flex;flex-wrap:wrap;gap:8px;align-items:center;padding:8px var(--g9-space);background:var(--card);border-bottom:1px solid var(--line)}\na{color:var(--accent)}\nheader a,header button,button,summary,nav a{min-height:var(--g9-touch-min);min-width:var(--g9-touch-min);padding:10px 14px;box-sizing:border-box;border:1px solid var(--line);border-radius:10px;background:var(--card);color:var(--fg);font:inherit;text-decoration:none;display:inline-flex;align-items:center;justify-content:center;cursor:pointer;touch-action:manipulation}\nnav[data-g9-breadcrumb]{display:flex;gap:8px;flex-wrap:wrap;padding:8px var(--g9-space)}\n.g9-breadcrumb-bar{display:none!important}\n.g9-triad-context{font-size:max(.85rem,14px);opacity:.7;margin-bottom:4px;display:block}\n.g9-triad-context a{color:inherit;text-decoration:none;min-height:var(--g9-touch-min);min-width:var(--g9-touch-min);padding:0 8px;box-sizing:border-box;display:inline-flex;align-items:center;justify-content:center;touch-action:manipulation}\n.g9-triad-context a:hover{text-decoration:underline}\n.g9-triad-actions a{min-height:var(--g9-touch-min);min-width:var(--g9-touch-min);padding:10px 14px;box-sizing:border-box;display:inline-flex;align-items:center;justify-content:center;touch-action:manipulation}\nmain{width:100%;min-width:0;max-width:var(--g9-content-max);margin:0 auto;padding:var(--g9-space);box-sizing:border-box;overflow-wrap:anywhere}\nmain>*{min-width:0}article[data-g9-unit]{background:var(--card);border:1px solid var(--line);border-radius:16px;padding:var(--g9-space);margin:18px 0;min-width:0}\narticle[data-g9-unit]>*{min-width:0}\narticle[id],section[id]{scroll-margin-top:var(--g9-header-offset,96px)}\n.g9-core1a-book{background:var(--card);border:1px solid var(--line);border-radius:16px;padding:clamp(16px,2vw,24px);margin:0 0 18px;min-width:0}\n.g9-core1a-book>h2{margin:.15em 0 .6em}\n.g9-bucket-orientation-grid{display:block;min-width:0}.g9-bucket-orientation-grid>*{min-width:0}\n[data-g9-concept-route] ol,[data-g9-section-route] ol{padding-left:1.4rem;margin:.5rem 0;box-sizing:border-box;max-width:100%;min-width:0}\n[data-g9-concept-route] li,[data-g9-section-route] li{margin:.35rem 0;max-width:100%;min-width:0}\n[data-g9-concept-route] a,[data-g9-section-route] a{display:flex;width:100%;max-width:100%;min-width:0;justify-content:flex-start;text-align:left;white-space:normal;overflow-wrap:anywhere}\n.g9-cu{padding-top:8px;border-top:1px solid var(--line)}\n.g9-cu:first-child{border-top:0}\n.g9-path-bridge[data-g9-derivation-bridge] [data-g9-block=construction] ol{list-style:none;padding-left:0;counter-reset:g9-derive}\n.g9-path-bridge[data-g9-derivation-bridge] [data-g9-block=construction] li{counter-increment:g9-derive;margin:0 0 12px;padding:12px 14px;border-left:3px solid var(--accent);background:var(--bg)}\n.g9-path-bridge[data-g9-derivation-bridge] [data-g9-block=construction] li::before{content:"Step " counter(g9-derive);display:block;color:var(--muted);font-size:max(.85rem,14px);font-weight:700;text-transform:uppercase;letter-spacing:.03em}\n.g9-cu-nav{display:flex;align-items:center;justify-content:space-between;gap:8px;flex-wrap:wrap;margin:.35rem 0 .8rem}\n.g9-cu-nav-links{display:flex;gap:8px;flex-wrap:wrap}\n.g9-stage-controls{display:grid;gap:8px;max-width:100%}\n.g9-stage-chips{display:flex;flex-wrap:wrap;gap:8px}\n.g9-stage-chip{border-radius:999px;padding:6px 14px;font-size:.9rem}.g9-stage-chip[aria-pressed=true]{background:var(--accent);color:var(--card);border-color:var(--accent);font-weight:700}\n.g9-stage-desc{margin:0;color:var(--muted);font-size:.92rem;min-height:1.4em}\n.g9-stage-stepper{display:flex;align-items:center;gap:8px;flex-wrap:wrap}\n.g9-stage-stepper>[data-g9-stage-label]{color:var(--muted);flex:0 1 auto}\n.g9-table-scroll{max-width:100%;overflow-x:auto;-webkit-overflow-scrolling:touch}\n.g9-table-scroll table{width:100%;min-width:680px;border-collapse:collapse}\n.g9-table-scroll th,.g9-table-scroll td{border:1px solid var(--line);padding:10px 12px;text-align:left;vertical-align:top}\n.g9-table-scroll th{background:var(--bg)}\n.g9-table-scroll td>.g9-math,.g9-table-scroll td>.g9-expr{margin:.15rem 0}\n[data-g9-block=worked_anchor]{border-left:4px solid var(--accent);padding-left:14px}\n.g9-watch-steps>li{margin:.8rem 0}.g9-watch-steps p{margin:.2rem 0}\n[data-g9-block=wrong_path],[data-g9-block=repair]{border-left:3px solid var(--line);padding-left:12px}\n[data-g9-block=scope_boundary]{color:var(--muted);font-size:.92rem}\n[data-g9-block=scope_boundary] ul{margin:.35rem 0;padding-left:1.2rem}\n.g9-availability-note{color:var(--muted);font-size:.9rem}\n.g9-cu-support{padding:0 0 16px;margin:0 0 16px;border-bottom:1px solid var(--line)}\n.g9-cu-support:last-of-type{border-bottom:0}.g9-cu-support>h3{font-size:1rem;line-height:1.35;margin:.3rem 0 .7rem;color:var(--muted)}\n@media (min-width:1100px){.g9-bucket-orientation-grid{display:grid;grid-template-columns:.68fr .32fr;gap:20px}}\ntextarea{width:100%;min-height:120px;font:inherit;border:1px solid var(--line);border-radius:10px;padding:14px 16px;box-sizing:border-box;background:var(--card);color:var(--fg)}\ndetails{border:1px solid var(--line);border-radius:10px;margin:12px 0;padding:0 12px}details[data-locked] summary{opacity:.55;cursor:not-allowed}\nfigure{margin:14px 0;max-width:100%;overflow-x:auto}figure svg{width:100%;height:auto;max-width:720px}figcaption{color:var(--muted)}\n.g9-prov{color:var(--muted);font-size:.95rem}.g9-expr{font-family:ui-monospace,monospace;font-size:1.05rem}\n[data-g9-meta-strip]{display:flex;flex-wrap:wrap;gap:8px;margin:10px 0 4px}\n[data-g9-meta-item]{display:inline-flex;flex-wrap:wrap;gap:4px;align-items:baseline;padding:5px 9px;border:1px solid var(--line);border-radius:999px;background:var(--bg);font-size:.9rem;max-width:100%;min-width:0;box-sizing:border-box}\n[data-g9-meta-item] strong{font-weight:700;flex:0 0 auto}\n[data-g9-meta-label]{min-width:0;overflow-wrap:anywhere}\nh4{margin:.8em 0 .3em}:focus-visible{outline:3px solid var(--accent);outline-offset:2px}\ninput:focus-visible,textarea:focus-visible,select:focus-visible{outline:3px solid var(--accent);outline-offset:2px}\n.g9-shell-header .g9-header-btn:focus-visible{outline:3px solid var(--accent);outline-offset:2px}\n@media(prefers-reduced-motion:reduce){*,*::before,*::after{animation:none!important;transition:none!important;scroll-behavior:auto!important}}\nfooter{padding:24px 16px;color:var(--muted)}\n@media print{:root,:root[data-theme=dark]{--bg:#fff;--fg:#000;--card:#fff;--line:#bbb;--accent:#1f5fae;--muted:#333;--soft:#fff;--pill-bg:#eee;--pill-fg:#222;--src-bg:#eee;--src-fg:#222;--info-bg:#fff;--info-line:#888;--info-fg:#222;--warn-bg:#fff;--warn-line:#888;--warn-fg:#222;--ok-bg:#fff;--ok-line:#888;--ok-fg:#222}\nheader[data-g9-shell-header],nav[data-g9-breadcrumb],.g9-attempt,button,[data-g9-display-panel],[data-g9-source-pdf]{display:none!important}\n.g9-attempt:has(.g9-answer-options){display:block!important}\n.g9-attempt>:not(.g9-answer-options),.g9-answer-option input{display:none!important}\ndetails[data-requires-attempt]:not([open]){display:none!important}\ndetails{border:none}article[data-g9-unit]{break-inside:auto;border:none}\nh1,h2,h3,h4{break-after:avoid-page}footer{padding:0;break-before:avoid-page}\nbody{background:#fff;color:#000}}\n.g9-attempt input[type=text],.g9-attempt select,.g9-attempt textarea{min-height:48px;box-sizing:border-box}\n.g9-answer-option,.g9-paper,.g9-match{display:flex;align-items:center;gap:.5rem;min-height:48px}\n.g9-answer-option input,.g9-paper input{min-width:48px;min-height:48px}\n.g9-attempt fieldset{min-height:48px}\n.g9-math,pre,table{max-width:100%;overflow-x:auto}\ninput,select{font-size:max(16px,1rem)}\n@media (max-width:899px){header[data-g9-shell-header]{position:relative}article[data-g9-unit]{padding:16px}nav[data-g9-breadcrumb]{font-size:.95rem}}\n\n.g9-split{display:block;min-width:0}.g9-col{min-width:0}\n.g9-component{min-width:0;margin:14px 0}.g9-component:first-child{margin-top:0}\n.g9-eyebrow{font-size:max(.85rem,14px);font-weight:800;text-transform:uppercase;letter-spacing:.06em;color:var(--muted);margin:0 0 6px}\n.g9-pill{display:inline-flex;align-items:center;font-size:max(.85rem,14px);font-weight:800;line-height:1.2;padding:3px 10px;border-radius:999px;background:var(--pill-bg);color:var(--pill-fg);white-space:nowrap}\n.g9-pill-source{background:var(--src-bg);color:var(--src-fg)}\n.g9-purpose-extension{margin:18px 0;padding:16px;border:2px solid var(--accent);border-radius:16px;background:var(--soft)}\n.g9-purpose-extension h3{margin:.1rem 0 .35rem}.g9-purpose-source{margin:.15rem 0 .7rem;color:var(--muted);font-size:.9rem}\n.g9-purpose-prompt p{font-size:1.05rem;line-height:1.55;white-space:pre-line}\n.g9-secondary-disclosure{border:1px solid var(--line);border-radius:12px;background:var(--card);overflow:hidden}\n.g9-secondary-disclosure{min-width:0;max-width:100%}\n.g9-secondary-disclosure>summary{min-height:var(--g9-touch-min);min-width:0;display:flex;align-items:center;flex-wrap:wrap;overflow-wrap:anywhere;padding:10px 12px;font-weight:800;cursor:pointer}\n.g9-secondary-disclosure>summary::after{content:"+";margin-left:auto;font-size:1.2em}.g9-secondary-disclosure[open]>summary::after{content:"−"}\n.g9-secondary-body{padding:0 12px 12px}\n.g9-worked-instruction{margin:.35rem 0 .6rem;color:var(--muted);font-weight:650}\n.g9-watch-steps{padding-left:1.35rem}.g9-watch-steps>li{margin:.65rem 0}\n.g9-worked-step{border:1px solid var(--line);border-radius:10px;background:var(--card);overflow:hidden}\n.g9-worked-step>summary{min-height:var(--g9-touch-min);display:flex;align-items:center;padding:9px 11px;font-weight:750;cursor:pointer}\n.g9-worked-step-body{padding:0 11px 11px}.g9-worked-step-body p{margin:.3rem 0}\narticle[data-g9-unit]>.slot-identity{padding:0 0 12px;margin-bottom:16px;border-bottom:1px solid var(--line)}\n.g9-c-header h2,.g9-c-concept-header h2{font-size:1.2rem;line-height:1.3;margin:0;letter-spacing:-.01em}\n.g9-c-header .g9-prov{margin:2px 0 0}\n.g9-c-disclosure-grid{margin-top:0}\n.g9-c-unit-header{margin-top:0}\n.g9-why-toggle{margin-top:10px;gap:4px 10px;flex-wrap:wrap;max-width:100%;text-align:left;justify-content:flex-start;border:0;background:transparent;padding:6px 0;font-weight:700;color:var(--muted)}\n.g9-pill-band{background:#fff7ed;color:#9a3412}.g9-pill-band[data-g9-band=D1]{background:#ecfdf5;color:#047857}.g9-pill-band[data-g9-band=D2]{background:#eff6ff;color:#1d4ed8}.g9-pill-band[data-g9-band=D4]{background:#fdf2f8;color:#be185d}\n:root[data-theme=dark] .g9-pill-band{background:#3a2a14;color:#fdba74}:root[data-theme=dark] .g9-pill-band[data-g9-band=D1]{background:#12301f;color:#6ee7b7}:root[data-theme=dark] .g9-pill-band[data-g9-band=D2]{background:#172a4d;color:#9ec5ff}:root[data-theme=dark] .g9-pill-band[data-g9-band=D4]{background:#3a1830;color:#f9a8d4}\n.g9-why{margin-top:6px}.g9-why p{margin:.2rem 0 .6rem;color:var(--muted)}\n.g9-dgrid{display:grid;grid-template-columns:repeat(5,minmax(0,1fr));gap:8px}\n.g9-dcell{background:var(--soft);border:1px solid var(--line);border-radius:10px;padding:8px 10px;font-size:max(.85rem,14px);color:var(--muted)}.g9-dcell b{display:block;color:var(--fg);font-size:1rem}\n.g9-c-stem [data-g9-block=stem] p{margin:.1rem 0;font-size:1.12rem;line-height:1.58;font-weight:560;white-space:pre-line}\n.g9-c-callout-info{border-left:4px solid var(--info-line);background:var(--info-bg);padding:10px 14px;border-radius:0 12px 12px 0;color:var(--info-fg)}\n.g9-c-callout-warn{background:var(--warn-bg);border:1px solid var(--warn-line);border-radius:12px;padding:10px 14px;color:var(--warn-fg)}\n.g9-c-callout-info h4,.g9-c-callout-warn h4{margin:0 0 .2rem;font-size:1rem}.g9-c-callout-warn h4{color:var(--warn-fg)}\n.g9-c-callout-info ul{margin:.2rem 0;padding-left:1.2rem}.g9-c-callout-info p,.g9-c-callout-warn p{margin:.1rem 0}\n.g9-bridge-link{color:var(--accent);font-weight:700;text-decoration:underline;text-underline-offset:3px;white-space:nowrap}\n.g9-crux-tag{display:inline-block;margin:0 0 4px;padding:1px 10px;border-radius:999px;background:var(--pill-bg);color:var(--pill-fg);font-size:max(.85rem,14px);font-weight:800}\n.g9-c-step-cards [data-g9-block=construction] ol>li[data-g9-crux-step]{border-color:var(--accent);box-shadow:0 0 0 1px var(--accent)}\n.g9-lines{white-space:pre-line}\n.g9-cu-support>h3{position:absolute;width:1px;height:1px;margin:-1px;padding:0;overflow:hidden;clip:rect(0 0 0 0);white-space:nowrap}\n.g9-c-attempt .g9-attempt{border:1px solid var(--line);border-radius:14px;padding:12px 14px;background:var(--soft)}\n.g9-answer-options{display:grid;gap:8px;counter-reset:g9opt}\n.g9-answer-option{border:1px solid var(--line);background:var(--card);border-radius:12px;padding:6px 12px}\n.g9-answer-option::before{counter-increment:g9opt;content:"(" counter(g9opt,upper-alpha) ")";font-weight:850;color:var(--accent);order:1;min-width:2.2rem}\n.g9-answer-option input{order:0}.g9-answer-option>span{order:2}\n.g9-c-visual-card,.g9-c-staged-visual{border:1px solid var(--line);border-radius:16px;background:var(--soft);padding:10px 12px 12px}\n.g9-card-head{display:flex;justify-content:space-between;gap:10px;align-items:center;margin-bottom:6px}.g9-card-head strong{font-size:.9rem}\n.g9-c-visual-card figure,.g9-c-staged-visual figure{margin:0}\n.g9-c-visual-card figure svg,.g9-c-staged-visual figure svg{display:block;width:100%;height:auto;max-width:100%}\n.g9-c-visual-card figure svg{max-height:min(48vh,440px)}.g9-c-staged-visual figure svg{max-height:min(42vh,360px)}\n.g9-diagram-scroll{width:100%;max-width:100%;min-width:0;min-height:48px;box-sizing:border-box;overflow-x:auto}\n.g9-diagram-scroll svg{display:block;max-height:none!important;max-width:none!important}\n.g9-c-ladder .g9-block>h4{margin:.9rem 0 .2rem;font-size:max(.85rem,14px);color:var(--muted)}\n.g9-rung-map,.g9-c-ladder [data-g9-ladder]{list-style:none;margin:8px 0 0;padding:0;display:grid;gap:8px}\n.g9-rung-map>li{border:1px dashed var(--line);border-radius:12px;padding:9px 13px;color:var(--muted)}\n.g9-c-ladder [data-g9-ladder]>li{border:1px solid var(--line);border-radius:12px;background:var(--card);padding:10px 13px}\n.g9-rung-head{display:flex;gap:10px;align-items:center;flex-wrap:wrap;font-weight:800}\n.g9-rung-no{display:inline-grid;place-items:center;min-width:2.3em;height:2.1em;border-radius:8px;background:var(--pill-bg);color:var(--pill-fg);font-size:max(.85rem,14px)}\n.g9-c-ladder details[data-g9-support-reveal]{border:0;padding:0;margin:.5rem 0}\n.g9-c-ladder details[data-g9-support-reveal]>summary{width:100%;justify-content:space-between;font-weight:700}\n.g9-c-ladder [data-g9-support-prompt]{margin:.5rem 0}.g9-c-ladder .g9-ladder>button{margin-top:10px}\n.g9-pdf-link{gap:6px;font-weight:700}.g9-pdf-icon{flex:none;width:24px;height:24px}.g9-pdf-link span{white-space:nowrap}header .g9-pdf-link{color:var(--accent)}.g9-c-link-list .g9-source-pdf{border-radius:12px}\n.g9-c-link-list h4{margin:.9rem 0 .3rem;font-size:max(.85rem,14px);color:var(--muted)}\n.g9-c-link-list ul{display:flex;flex-wrap:wrap;gap:8px;list-style:none;margin:.2rem 0;padding:0}\n.g9-c-link-list li{margin:0}.g9-c-link-list a{display:inline-flex;align-items:center;min-height:48px;padding:6px 14px;border:1px solid var(--line);border-radius:999px;background:var(--card);color:var(--fg);text-decoration:none}\n.g9-c-disclosure>details{border:1px solid var(--line);border-radius:14px;background:var(--soft);padding:0;overflow:hidden;margin:0}\n.g9-c-disclosure>details>summary{list-style:none;display:flex;width:100%;justify-content:space-between;border:0;border-radius:0;background:transparent;padding:13px 15px;font-weight:850;min-height:48px}\n.g9-c-disclosure>details>summary::-webkit-details-marker{display:none}\n.g9-c-disclosure>details>summary::after{content:"Show";font-size:max(.85rem,14px);background:var(--pill-bg);color:var(--pill-fg);padding:4px 10px;border-radius:999px}\n.g9-c-disclosure>details[open]>summary::after{content:"Hide"}.g9-c-disclosure>details[data-locked]>summary::after{content:"After you attempt"}\n.g9-c-disclosure>details[open]>summary{border-bottom:1px solid var(--line);background:var(--card)}\n.g9-c-disclosure [data-g9-payload-slot]{padding:6px 16px 16px}\n.g9-solution-move{display:grid;grid-template-columns:42px minmax(0,1fr);gap:12px;padding:10px 0;border-bottom:1px solid var(--line)}\n.g9-solution-move:last-child{border-bottom:0}\n.g9-step-no{font-weight:850;font-size:.9rem;color:var(--pill-fg);background:var(--pill-bg);border-radius:8px;padding:5px 6px;text-align:center;height:max-content}\n.g9-step-body [data-g9-block=solution_inputs]{display:flex;flex-wrap:wrap;gap:.4rem;align-items:baseline;color:var(--muted)}\n.g9-step-body [data-g9-block=solution_inputs] h4{margin:0}\n.g9-step-body [data-g9-block=solution_inputs] ul{display:flex;flex-wrap:wrap;gap:.4rem;list-style:none;margin:0;padding:0}\n.g9-step-body [data-g9-block=solution_inputs] li{border:1px solid var(--line);border-radius:999px;padding:1px 10px;font-size:max(.85rem,14px)}\n.g9-step-body p{margin:.25rem 0}.g9-step-body h4{margin:0;font-size:max(.85rem,14px);color:var(--muted)}\n.g9-solution-move[data-g9-solution-crux=true]{background:var(--info-bg);border-radius:10px;padding-left:8px;padding-right:8px}\n.g9-c-step-list [data-g9-block=working] ol{list-style:none;padding:0;margin:0;counter-reset:g9s}\n.g9-c-step-list [data-g9-block=working] ol>li{counter-increment:g9s;display:grid;grid-template-columns:42px minmax(0,1fr);gap:12px;padding:10px 0;border-bottom:1px solid var(--line)}\n.g9-c-step-list [data-g9-block=working] ol>li::before{content:counter(g9s);font-weight:850;font-size:.9rem;color:var(--pill-fg);background:var(--pill-bg);border-radius:8px;padding:5px 6px;text-align:center;height:max-content}\n.g9-c-answer-box{background:var(--ok-bg);border:1px solid var(--ok-line);border-radius:12px;padding:10px 14px;color:var(--ok-fg)}\n.g9-c-answer-box p{margin:.15rem 0}.g9-c-answer-box h4{margin:0 0 .2rem;font-size:max(.85rem,14px)}\n.g9-c-check-box{border-left:4px solid var(--ok-line);padding:4px 14px;color:var(--ok-fg)}.g9-c-check-box h4{margin:0;font-size:max(.85rem,14px)}.g9-c-check-box p{margin:.15rem 0}\n.g9-c-tile,.g9-c-recall-card{border:1px solid var(--line);border-radius:14px;background:var(--soft);padding:12px 16px}\n.g9-c-tile h4,.g9-c-recall-card h4{margin:0 0 .3rem}.g9-c-tile ul{margin:.2rem 0;padding-left:1.2rem}\n.g9-c-banner{border-left:5px solid var(--accent);background:var(--info-bg);padding:12px 16px;border-radius:0 14px 14px 0}.g9-c-banner h4{margin:0 0 .2rem;color:var(--accent)}.g9-c-banner p{margin:.1rem 0}\n.g9-unit-head{display:flex;gap:12px;align-items:center;flex-wrap:wrap}\n.g9-unit-no{display:inline-grid;place-items:center;width:2.3em;height:2.3em;border-radius:50%;background:var(--accent);color:var(--card);font-weight:850}\n.g9-unit-head h3{margin:0;flex:1 1 12rem;font-size:1.12rem;line-height:1.35}.g9-pill-concept{background:var(--info-bg);color:var(--info-fg);border:1px solid var(--info-line)}\n.g9-c-step-cards [data-g9-block=construction] ol{list-style:none;margin:0;padding:0;counter-reset:g9c;display:grid;grid-template-columns:minmax(0,1fr);gap:10px}\n.g9-c-step-cards [data-g9-block=construction] ol>li{counter-increment:g9c;position:relative;border:1px solid var(--line);border-radius:14px;background:var(--card);padding:12px 14px 12px 54px;min-width:0;overflow-wrap:anywhere}\n.g9-c-step-cards [data-g9-block=construction] ol>li::before{content:counter(g9c);position:absolute;left:14px;top:12px;display:grid;place-items:center;width:1.9em;height:1.9em;border-radius:50%;background:var(--pill-bg);color:var(--pill-fg);font-weight:850;font-size:.9rem}\n.g9-c-step-cards li em{display:inline-block;min-width:5.6rem;color:var(--muted);font-style:normal;font-weight:700}\n.g9-c-step-cards li br{display:block;content:"";margin-top:.3rem}\n.g9-c-equation-card,.g9-c-worked-card{border:1px solid var(--line);border-radius:14px;background:var(--soft);padding:10px 14px}\n.g9-c-worked-card{border-left:4px solid var(--accent)}.g9-c-worked-card [data-g9-block=worked_anchor]{border-left:0;padding-left:0}\n.g9-c-trap-card{background:var(--warn-bg);border:1px solid var(--warn-line);border-radius:14px;padding:10px 14px;color:var(--warn-fg)}\n.g9-c-trap-card [data-g9-block]{border-left:0;padding-left:0}.g9-c-trap-card h4{margin:.5rem 0 .1rem;font-size:max(.85rem,14px)}\n.g9-c-trap-card ul{margin:.1rem 0;padding-left:1.2rem}\n.g9-c-triad{border:1px solid var(--line);border-radius:14px;background:var(--soft);padding:10px 14px}\n.g9-c-triad h4{margin:0 0 .4rem;font-size:max(.85rem,14px);text-transform:uppercase;letter-spacing:.05em;color:var(--muted)}\n.g9-triad{list-style:none;margin:0;padding:0;display:grid;gap:8px}\n.g9-triad>li{display:grid;gap:2px;border-left:4px solid var(--line);padding:2px 0 2px 10px}\n.g9-triad>li[data-g9-triad-role=CHECK]{border-color:var(--info-line)}.g9-triad>li[data-g9-triad-role=APPLY]{border-color:var(--ok-line)}.g9-triad>li[data-g9-triad-role=CONNECT]{border-color:var(--pill-fg)}\n.g9-triad-head{font-size:max(.85rem,14px);font-weight:800;letter-spacing:.04em;text-transform:uppercase;color:var(--muted)}\n.g9-c-chips ul,.g9-c-chips ol{display:flex;flex-wrap:wrap;gap:8px;list-style:none;margin:.3rem 0;padding:0}\n.g9-c-chips li{margin:0}\n.g9-c-chips a{border:1px solid var(--line);border-radius:999px;background:var(--card);padding:6px 14px;min-height:48px;display:inline-flex;align-items:center;text-decoration:none;color:var(--fg)}\n/* 12.7-inch tablet: the identity block is a title row and a chip row, so the first screen shows the work and not the labels */\narticle[data-g9-role=CORE2]>.slot-identity,article[data-g9-role=CORE1A]>.slot-identity{display:flex;flex-wrap:wrap;align-items:center;gap:4px 16px;padding:0 0 8px;margin-bottom:12px}\narticle[data-g9-role=CORE2]>.slot-identity>.g9-component,article[data-g9-role=CORE1A]>.slot-identity>.g9-component{display:contents}\narticle[data-g9-role=CORE2]>.slot-identity [data-g9-block=source_identity]{order:1;flex:1 1 16rem;display:flex;align-items:baseline;flex-wrap:wrap;gap:0 14px;min-width:0}\narticle[data-g9-role=CORE2]>.slot-identity [data-g9-block=source_identity] h2,article[data-g9-role=CORE1A]>.slot-identity h2{margin:0}\narticle[data-g9-role=CORE2]>.slot-identity [data-g9-block=source_identity] .g9-prov{margin:0}\narticle[data-g9-role=CORE2]>.slot-identity .g9-why-toggle{order:2;margin:0;padding:2px 0;min-height:var(--g9-touch-min)}\narticle[data-g9-role=CORE2]>.slot-identity [data-g9-meta-strip],article[data-g9-role=CORE1A]>.slot-identity [data-g9-meta-strip]{order:3;flex:1 0 100%;margin:0;gap:6px}\narticle[data-g9-role=CORE2]>.slot-identity .g9-why{order:4;flex:1 0 100%}\narticle[data-g9-role=CORE1A]>.slot-identity h2{order:1;flex:1 1 auto}\narticle[data-g9-role=CORE1A]>.slot-identity [data-g9-block=section_route]{order:4;flex:1 0 100%;display:flex;align-items:center;gap:6px 12px;flex-wrap:wrap}\narticle[data-g9-role=CORE1A]>.slot-identity [data-g9-block=section_route] h4{margin:0;white-space:nowrap}\narticle[data-g9-role=CORE1A]>.slot-identity [data-g9-section-route] ol{display:flex;flex-wrap:wrap;gap:6px;margin:0;padding:0;list-style:none}\narticle[data-g9-role=CORE1A]>.slot-identity [data-g9-section-route] li{margin:0}\narticle[data-g9-role=CORE1A]>.slot-identity [data-g9-section-route] a{display:inline-block;width:auto;max-width:24rem;padding:4px 14px;border-radius:999px;line-height:38px;white-space:nowrap;overflow:hidden;text-overflow:ellipsis}\narticle[data-g9-role=CORE1A]>.slot-identity [data-g9-component=SECTION_ROUTE]{flex:1 1 100%;width:100%;min-width:0}\narticle[data-g9-role=CORE1A]>.slot-identity [data-g9-section-route] a{max-width:100%;white-space:normal;overflow-wrap:anywhere}\narticle[data-g9-role=CORE2]>.slot-identity [data-g9-meta-item],article[data-g9-role=CORE1A]>.slot-identity [data-g9-meta-item]{padding:2px 10px;line-height:1.35}\n.g9-interactive-bridge{border:2px solid var(--accent);border-radius:16px;background:var(--card);padding:16px 20px;margin:18px 0}\n.g9-interactive-bridge h3{margin:8px 0 4px;font-size:1.15rem;color:var(--fg)}\n.g9-interactive-desc{color:var(--muted);font-size:.92rem;margin:0 0 12px}\n.g9-action-interactive{display:inline-flex;align-items:center;min-height:var(--g9-touch-min);padding:8px 16px;border-radius:10px;background:var(--accent);color:#fff;text-decoration:none;font-weight:700}\n.g9-action-interactive:hover{opacity:.95}\n.g9-transitions-row{display:flex;flex-wrap:wrap;gap:12px;margin:10px 0}\n.g9-transition-chip{display:inline-flex;align-items:center;min-height:var(--g9-touch-min);padding:8px 16px;border:1px solid var(--line);border-radius:12px;background:var(--card);color:var(--accent);font-weight:700;text-decoration:none}\n.g9-transition-chip:hover{background:var(--soft);border-color:var(--accent)}\n\narticle[id],section[id]{scroll-margin-top:var(--g9-header-offset,160px)}\n.g9-repair-probe{padding:12px;border:1px solid var(--line);border-radius:12px;margin:12px 0}\n.g9-repair-probe label,.g9-repair-probe textarea{display:block;width:100%;box-sizing:border-box}\n.g9-repair-probe textarea{min-height:88px;font:inherit;margin:8px 0}\n.g9-repair-probe button,.g9-repair-probe a{min-height:48px;display:inline-flex;align-items:center}\n.g9-repair-probe [hidden]{display:none!important}\n[data-g9-alignment-probe] input{display:block;min-height:48px;width:100%;box-sizing:border-box}\n[data-g9-alignment-probe] label{display:block}\n[data-g9-alignment-probe] svg{max-width:100%;height:auto}\nsection[id]:focus{outline:3px solid var(--accent);outline-offset:3px}\n@media (min-width:980px){article[data-g9-role="CORE2"] .g9-split{display:grid;grid-template-columns:minmax(0,42fr) minmax(0,58fr);gap:22px;align-items:start}article[data-g9-role="CORE2"] .g9-split-primary-only,article[data-g9-role="CORE2"] .g9-split-support-only{grid-template-columns:minmax(0,1fr)}}@media (max-width:979px){article[data-g9-role="CORE2"] .g9-split{display:flex;flex-direction:column}article[data-g9-role="CORE2"] .g9-split .g9-col,article[data-g9-role="CORE2"] .g9-split .blueprint-slot,article[data-g9-role="CORE2"] .g9-split .g9-cu,article[data-g9-role="CORE2"] .g9-split .g9-cu-support{display:contents}article[data-g9-role="CORE2"] [data-g9-component="IDENTITY"]{order:10}article[data-g9-role="CORE2"] [data-g9-component="SOURCE_PDF"]{order:15}article[data-g9-role="CORE2"] [data-g9-component="DIFFICULTY_WHY"]{order:20}article[data-g9-role="CORE2"] [data-g9-component="STEM"]{order:30}article[data-g9-role="CORE2"] [data-g9-component="CONDITIONS"]{order:50}article[data-g9-role="CORE2"] [data-g9-component="TRAP"]{order:60}article[data-g9-role="CORE2"] [data-g9-component="ATTEMPT"]{order:70}article[data-g9-role="CORE2"] [data-g9-component="REPRESENTATION"]{order:40}article[data-g9-role="CORE2"] [data-g9-component="HINT_LADDER"]{order:80}article[data-g9-role="CORE2"] [data-g9-component="CONCEPT_NAV"]{order:90}article[data-g9-role="CORE2"] [data-g9-component="SOLUTION"]{order:100}}@media print{article[data-g9-role="CORE2"] .g9-split{display:grid;grid-template-columns:minmax(0,42fr) minmax(0,58fr);gap:12px}}@media (min-width:1100px){article[data-g9-role="CORE1B"] .g9-split{display:grid;grid-template-columns:minmax(0,68fr) minmax(0,32fr);gap:22px;align-items:start}article[data-g9-role="CORE1B"] .g9-split-primary-only,article[data-g9-role="CORE1B"] .g9-split-support-only{grid-template-columns:minmax(0,1fr)}}@media print{article[data-g9-role="CORE1B"] .g9-split{display:grid;grid-template-columns:minmax(0,68fr) minmax(0,32fr);gap:12px}}@media (min-width:1100px){article[data-g9-role="CORE2A"] .g9-split{display:grid;grid-template-columns:minmax(0,68fr) minmax(0,32fr);gap:22px;align-items:start}article[data-g9-role="CORE2A"] .g9-split-primary-only,article[data-g9-role="CORE2A"] .g9-split-support-only{grid-template-columns:minmax(0,1fr)}}@media print{article[data-g9-role="CORE2A"] .g9-split{display:grid;grid-template-columns:minmax(0,68fr) minmax(0,32fr);gap:12px}}@media (min-width:1100px){article[data-g9-role="CORE2B"] .g9-split{display:grid;grid-template-columns:minmax(0,68fr) minmax(0,32fr);gap:22px;align-items:start}article[data-g9-role="CORE2B"] .g9-split-primary-only,article[data-g9-role="CORE2B"] .g9-split-support-only{grid-template-columns:minmax(0,1fr)}}@media print{article[data-g9-role="CORE2B"] .g9-split{display:grid;grid-template-columns:minmax(0,68fr) minmax(0,32fr);gap:12px}}</style></head><body data-core="CORE1A" data-blueprint-ref="BP-CORE1A-CONSTRUCTION@1.6.0"><header class="g9-shell-header" data-g9-shell-header><div class="g9-header-inner"><a href="../../../index.html" class="g9-brand"><span class="logo-icon">⚡</span><span class="brand-title">Grade9V3.5</span><span class="g9-brand-badge">Learner Platform</span></a><nav class="g9-header-nav" aria-label="Portal Navigation"><a data-g9-home href="../../../index.html">Home</a><a href="physics/index.html">Physics</a><a href="chemistry/index.html">Chemistry</a><a href="mathematics/index.html">Mathematics</a><a href="../../../question-bank/index.html">Question Bank</a></nav><div class="g9-header-actions"><button type="button" class="g9-header-btn g9-search-btn" data-g9-action="search" title="Search Grade9V3 (Ctrl/⌘ K)" aria-label="Search"><span class="g9-btn-icon">🔍</span><span class="g9-btn-text">Search</span></button><button type="button" class="g9-header-btn g9-display-btn" data-g9-action="display" title="Display & Theme Settings" aria-label="Display & Theme"><span class="g9-btn-icon">🌙 / ☀️</span><span class="g9-btn-text">Display</span></button><a class="g9-header-btn g9-pdf-link" data-g9-action="pdf" data-g9-pdf-link aria-label="Open the PDF of this page to print it" href="core1a.pdf" title="Open the PDF of this page to print it">PDF</a></div></div><div data-g9-search-panel hidden><input data-g9-search-input type="search" aria-label="Search this page"></div><div data-g9-display-panel hidden><button type="button" data-g9-font="dec">A-</button><button type="button" data-g9-font="reset">A</button><button type="button" data-g9-font="inc">A+</button><button type="button" data-g9-theme="light">Light</button><button type="button" data-g9-theme="dark">Dark</button><button type="button" data-g9-zoom="dec">Zoom -</button><button type="button" data-g9-zoom="reset">100%</button><button type="button" data-g9-zoom="inc">Zoom +</button></div></header><div class="g9-concept-triad-bar"><div class="g9-triad-inner"><div class="g9-triad-context"><a href="physics/index.html">Physics</a> / <a href="topics/nlm/index.html">Two-dimensional kinematics and projectile model</a> / <span aria-current="page">Learn</span></div><span class="g9-triad-concept-title">Concept: Two-dimensional kinematics and projectile model</span><div class="g9-triad-actions"><a class="g9-triad-btn" href="core1.html">Orientation</a><a class="g9-triad-btn active" href="core1a.html">📖 Learn</a><a class="g9-triad-btn" href="core1b.html">Recall</a><a class="g9-triad-btn" href="core2.html">✍️ Practice</a><a class="g9-triad-btn" href="core2a.html">Apply</a><a class="g9-triad-btn" href="core2b.html">Transfer</a><a class="g9-triad-btn g9-btn-qb" href="../../../question-bank/index.html">All questions in QB &rarr;</a></div></div></div><noscript>Answers open after you attempt; this page needs JavaScript.</noscript><main><h1>Two-dimensional kinematics and projectile model: Construction</h1><details class="g9-secondary-disclosure" data-g9-secondary="core1a-contents"><summary>Contents and concept route</summary><div class="g9-secondary-body"><section class="g9-core1a-book" data-g9-bucket-orientation data-g9-bucket-ref="BUCKET-PHY-KIN-2D-MOTION"><p class="g9-prov">Concept Book</p><h2>Two-dimensional kinematics and projectile model</h2><div class="g9-bucket-orientation-grid"><div><div class="g9-block" data-g9-block="learning_promise"><h4>Learning promise</h4><p>Independent perpendicular component motion in one frame, constant-acceleration component equations with common time, and the ideal near-Earth projectile specialization for horizontal and oblique launch questions.</p></div><nav class="g9-block" data-g9-block="concept_route" data-g9-concept-route aria-label="Concept Book route"><h4>Concept route</h4><ol><li data-g9-concept-ref="MIC-PHY-KIN-2D-INDEPENDENT-COMPONENTS"><a href="#MIC-PHY-KIN-2D-INDEPENDENT-COMPONENTS">Split one plane-motion event into independent x/y components with one clock</a><ol><li><a href="#CU-PHY-KIN-2D-INDEPENDENT-COMPONENTS-1">Solve each axis on its own, but read both coordinates at one shared instant before calling the pair a position.</a></li></ol></li><li data-g9-concept-ref="MIC-PHY-KIN-2D-CONSTANT-ACCELERATION"><a href="#MIC-PHY-KIN-2D-CONSTANT-ACCELERATION">Apply constant-acceleration kinematics component by component</a><ol><li><a href="#CU-PHY-KIN-2D-CONSTANT-ACCELERATION-1">Check on each axis that its acceleration component is constant, then run the one-dimensional equations once per axis with one shared time.</a></li></ol></li><li data-g9-concept-ref="MIC-PHY-KIN-PROJECTILE-MODEL"><a href="#MIC-PHY-KIN-PROJECTILE-MODEL">Select the gravity-only projectile model before using projectile consequences</a><ol><li><a href="#CU-PHY-KIN-PROJECTILE-MODEL-1">Decide from what acts after release whether the gravity-only model applies, and only then put a_x = 0 and a_y = −g into the component equations.</a></li><li><a href="#CU-PHY-KIN-PROJECTILE-MODEL-2">Name the requested event as a component condition before solving for its time: v_y = 0 at the apex, Δy = 0 at a return to launch height.</a></li><li><a href="#CU-PHY-KIN-PROJECTILE-MODEL-3">Write the landing event from the actual drop while keeping the actual u_y, then read every requested quantity at that one event time.</a></li></ol></li></ol></nav></div><aside><div class="g9-block" data-g9-block="foundation_route"><h4>Foundation route</h4><ul><li data-g9-foundation-ref="BUCKET-PHY-VEC-ADD-SUB" data-g9-availability="unlinked">Vector addition, subtraction and orientation <span class="g9-availability-note">— direct route unavailable in this product</span></li><li data-g9-foundation-ref="BUCKET-PHY-KIN-1D-MOTION" data-g9-availability="unlinked">One-dimensional motion <span class="g9-availability-note">— direct route unavailable in this product</span></li></ul></div><div class="g9-block" data-g9-block="model_contract"><h4>Model contract</h4><ul><li>Use one declared non-rotating x-y frame for the whole event; both component equations use the same elapsed time.</li><li>When +y is chosen upward, the ideal projectile model uses a_x=0 and a_y=-g after release.</li></ul></div><div class="g9-block" data-g9-block="scope_boundary"><h4>Outside this book</h4><ul><li>Calculus-based differentiation of a time-dependent position vector.</li><li>Derivation or memorization of a large catalogue of range/height/time-of-flight formulas as separate capabilities.</li><li>Trajectory-equation derivation as a first-slice requirement.</li><li>Air drag, Coriolis effects, variable gravity, target-on-incline projectile geometry and other advanced variants.</li></ul></div></aside></div></section></div></details><article id="MIC-PHY-KIN-2D-INDEPENDENT-COMPONENTS" data-g9-unit="MIC-PHY-KIN-2D-INDEPENDENT-COMPONENTS" data-g9-kind="CONCEPT" data-g9-role="CORE1A" data-g9-search-text="Physics Motion in 2 D Split one plane-motion event into independent x/y components with one clock Medium concept Split one plane-motion event into independent x/y components with one clock"><section class="blueprint-slot slot-identity" data-blueprint-slot="identity" data-required="true"><div class="g9-component g9-c-concept-header" data-g9-component="CONCEPT_HEADER" data-g9-level="REQUIRED" data-g9-presentation="CONCEPT_HEADER"><h2>Split one plane-motion event into independent x/y components with one clock</h2><div data-g9-meta-strip data-g9-meta-role="CORE1A" data-g9-meta-record="MIC-PHY-KIN-2D-INDEPENDENT-COMPONENTS" data-g9-search-safe><span data-g9-meta-item data-g9-meta-kind="subject" data-g9-meta-ref="Physics" data-g9-meta-value="Physics"><strong>Subject:</strong> <span data-g9-meta-label>Physics</span></span><span data-g9-meta-item data-g9-meta-kind="topic" data-g9-meta-ref="BUCKET-PHY-KIN-2D-MOTION" data-g9-meta-value="Motion in 2 D"><strong>Topic:</strong> <span data-g9-meta-label>Motion in 2 D</span></span><span data-g9-meta-item data-g9-meta-kind="concept" data-g9-meta-ref="MIC-PHY-KIN-2D-INDEPENDENT-COMPONENTS" data-g9-meta-value="Split one plane-motion event into independent x/y components with one clock"><strong>Concept:</strong> <span data-g9-meta-label>Split one plane-motion event into independent x/y components with one clock</span></span><span data-g9-meta-item data-g9-meta-kind="concept-difficulty" data-g9-meta-ref="MIC-PHY-KIN-2D-INDEPENDENT-COMPONENTS" data-g9-meta-value="MEDIUM"><strong>Concept difficulty:</strong> <span data-g9-meta-label>Medium concept</span></span></div></div></section><section class="blueprint-slot slot-construction" data-blueprint-slot="construction" data-required="true"><section id="CU-PHY-KIN-2D-INDEPENDENT-COMPONENTS-1" class="g9-cu" data-g9-cu="CU-PHY-KIN-2D-INDEPENDENT-COMPONENTS-1"><div class="g9-component g9-c-unit-header" data-g9-component="UNIT_HEADER" data-g9-level="REQUIRED" data-g9-presentation="UNIT_HEADER" data-g9-component-unit="CU-PHY-KIN-2D-INDEPENDENT-COMPONENTS-1"><div class="g9-unit-head"><span class="g9-unit-no" aria-hidden="true">1</span><h3>Solve each axis on its own, but read both coordinates at one shared instant before calling the pair a position.</h3><span class="g9-pill g9-pill-concept">Medium concept</span></div><nav class="g9-cu-nav" data-g9-unit-navigation aria-label="Concept Book section navigation"><span data-g9-route-position>Section 1 of 5</span><span class="g9-cu-nav-links"><a data-g9-next-section href="#CU-PHY-KIN-2D-CONSTANT-ACCELERATION-1" aria-label="Next section: Check on each axis that its acceleration component is constant, then run the one-dimensional equations once per axis with one shared time.">Next →</a></span></nav></div><div class="g9-component g9-c-disclosure-tile" data-g9-component="MODEL_CONTRACT" data-g9-level="EXPECTED" data-g9-presentation="DISCLOSURE_TILE"><div class="g9-block" data-g9-block="entry_assumptions"><h4>Conditions for this construction</h4><ul><li>Can read signed vector components in a declared x-y frame.</li></ul></div><details class="g9-secondary-disclosure" data-g9-secondary="core1a-prerequisites"><summary>Prerequisite reference</summary><div class="g9-secondary-body"><ul><li data-g9-prereq="CAP-VECTOR-SIGNED-COMPONENT" data-bridged="true">Choosing axes and keeping components signed (Physics)</li></ul></div></details></div><div class="g9-component g9-c-step-cards" data-g9-component="CONSTRUCTION_STEPS" data-g9-level="REQUIRED" data-g9-presentation="STEP_CARDS" data-g9-component-items="4" data-g9-component-unit="CU-PHY-KIN-2D-INDEPENDENT-COMPONENTS-1"><div class="g9-block" data-g9-block="construction"><ol><li data-g9-step="K2D1-1"><strong>Choose one fixed x-y frame, one origin and one time origin for the whole plane-motion event.</strong><br><em>Why valid:</em> A component value is meaningful only after its frame and sign convention are fixed.<br><em>Result:</em> one declared frame, origin, axis orientation and t=0</li><li data-g9-step="K2D1-2"><strong>Represent position, velocity and acceleration as signed x and y components in that same frame.</strong><br><em>Why valid:</em> A plane vector is completely represented by its perpendicular Cartesian components once the frame is declared.<br><em>Result:</em> For x = 3t and y = 5t − t² at t = 1 s: (x, y) = (3, 4) m, (v_x, v_y) = (3, 3) m/s, (a_x, a_y) = (0, −2) m/s²</li><li data-g9-step="K2D1-3"><strong>Keep x-quantities in the x description and y-quantities in the y description while using one shared elapsed time.</strong><br><em>Why valid:</em> The perpendicular component equations are independent in Cartesian kinematics, but both describe the same object during the same physical interval.<br><em>Result:</em> x(1) = 3 × 1 = 3 m uses only x-quantities; y(1) = 5 × 1 − 1² = 4 m uses only y-quantities; both use t = 1 s</li><li data-g9-step="K2D1-4"><strong>Recombine only component values that refer to the same frame and the same instant.</strong><br><em>Why valid:</em> Mixing x at one time with y at another does not describe any single physical state of the object.<br><em>Result:</em> one physically valid plane state reconstructed from simultaneous components</li></ol></div></div><div class="g9-component g9-c-staged-visual" data-g9-component="STAGED_VISUAL" data-g9-level="EXPECTED" data-g9-presentation="STAGED_VISUAL" data-g9-component-items="4" data-g9-component-unit="CU-PHY-KIN-2D-INDEPENDENT-COMPONENTS-1"><figure data-g9-figure data-g9-fig="CU-PHY-KIN-2D-INDEPENDENT-COMPONENTS-1-REP-KIN-2D-DRONE-SHARED-CLOCK" data-g9-stage="TEACHING" data-g9-representation="REP-KIN-2D-DRONE-SHARED-CLOCK" data-g9-kind="VECTOR" data-g9-min-figure-text="14" data-reveal-stages="4" data-g9-stages-total="4" data-g9-stages="VIS-KIN-2D-DRONE-V0 VIS-KIN-2D-DRONE-V1 VIS-KIN-2D-DRONE-V2 VIS-KIN-2D-DRONE-V3" data-g9-stage-mode="cumulative"><div class="g9-diagram-scroll" tabindex="0" role="region" aria-label="Diagram; scroll horizontally when enlarged"><svg xmlns="http://www.w3.org/2000/svg" viewBox="0 0 720 510" role="img" aria-labelledby="g9fig-CORE1A-CU-PHY-KIN-2D-INDEPENDENT-COMPONENTS-1-REP-KIN-2D-DRONE-SHARED-CLOCK-1--rep-kin-drone-title g9fig-CORE1A-CU-PHY-KIN-2D-INDEPENDENT-COMPONENTS-1-REP-KIN-2D-DRONE-SHARED-CLOCK-1--rep-kin-drone-desc">\n  <title id="g9fig-CORE1A-CU-PHY-KIN-2D-INDEPENDENT-COMPONENTS-1-REP-KIN-2D-DRONE-SHARED-CLOCK-1--rep-kin-drone-title">Drone x(t) = 6t, y(t) = 8t − t²: both coordinates read at one shared instant</title>\n  <desc id="g9fig-CORE1A-CU-PHY-KIN-2D-INDEPENDENT-COMPONENTS-1-REP-KIN-2D-DRONE-SHARED-CLOCK-1--rep-kin-drone-desc">Stage 1: a drone lifts off from its launch pad and flies along a curved path. Stage 2: one declared frame with origin O at the pad, +x east, +y up, and one shared clock with t = 0 at launch; the axes are marked at x = 12 and 24 m and y = 12 and 16 m. Stage 3: the two component descriptions kept apart: the x-description x(t) = 6t gives x(2) = 12 m and x(4) = 24 m; the y-description y(t) = 8t − t² gives y(2) = 12 m and y(4) = 16 m. Stage 4: reading both at t = 2 s gives the position (12, 12) m, marked on the path; at t = 4 s the drone is at (24, 16) m, also on the path; the mixed pair x(2 s), y(4 s) = (12, 16) m is marked off the path and rejected, because at x = 12 m the drone is at y = 12 m, so it never occupies (12, 16) m.</desc>\n  <defs>\n    <marker id="g9fig-CORE1A-CU-PHY-KIN-2D-INDEPENDENT-COMPONENTS-1-REP-KIN-2D-DRONE-SHARED-CLOCK-1--rep-kin-drone-arrow" viewBox="0 0 10 10" refX="9" refY="5" markerWidth="7" markerHeight="7" orient="auto-start-reverse"><path d="M0 0 L10 5 L0 10 Z" fill="currentColor"/></marker>\n    <marker id="g9fig-CORE1A-CU-PHY-KIN-2D-INDEPENDENT-COMPONENTS-1-REP-KIN-2D-DRONE-SHARED-CLOCK-1--rep-kin-drone-arrow-acc" viewBox="0 0 10 10" refX="9" refY="5" markerWidth="7" markerHeight="7" orient="auto-start-reverse"><path d="M0 0 L10 5 L0 10 Z" fill="#1f6fb2"/></marker>\n  </defs>\n  <g data-g9-stage-id="VIS-KIN-2D-DRONE-V0" font-family="system-ui,sans-serif" font-size="15" fill="currentColor">\n    <text x="20" y="26" font-weight="600">A drone flies from its launch pad</text>\n    <line x1="30" y1="300" x2="470" y2="300" stroke="currentColor" stroke-width="2"/>\n    <rect x="62" y="300" width="36" height="8" fill="currentColor"/>\n    <text x="104" y="322">launch pad</text>\n    <path d="M80 300 Q260 -84 440 300" fill="none" stroke="currentColor" stroke-width="1.5" stroke-dasharray="5 4"/>\n    <g transform="translate(80 290)"><rect x="-12" y="-4" width="24" height="8" rx="2" fill="currentColor"/><line x1="-20" y1="-8" x2="-6" y2="-8" stroke="currentColor" stroke-width="2"/><line x1="6" y1="-8" x2="20" y2="-8" stroke="currentColor" stroke-width="2"/></g>\n    <text x="100" y="278">drone</text>\n  </g>\n  <g data-g9-stage-id="VIS-KIN-2D-DRONE-V1" font-family="system-ui,sans-serif" font-size="15" fill="currentColor">\n    <line x1="80" y1="300" x2="470" y2="300" stroke="currentColor" stroke-width="1.5" marker-end="url(#g9fig-CORE1A-CU-PHY-KIN-2D-INDEPENDENT-COMPONENTS-1-REP-KIN-2D-DRONE-SHARED-CLOCK-1--rep-kin-drone-arrow)"/>\n    <line x1="80" y1="300" x2="80" y2="60" stroke="currentColor" stroke-width="1.5" marker-end="url(#g9fig-CORE1A-CU-PHY-KIN-2D-INDEPENDENT-COMPONENTS-1-REP-KIN-2D-DRONE-SHARED-CLOCK-1--rep-kin-drone-arrow)"/>\n    <text x="476" y="305">+x (east), m</text>\n    <text x="88" y="60">+y (up), m</text>\n    <text x="58" y="320" text-anchor="middle">O</text>\n    <line x1="170" y1="295" x2="170" y2="305" stroke="currentColor"/>\n    <text x="170" y="344" text-anchor="middle" font-size="14">12</text>\n    <line x1="260" y1="295" x2="260" y2="305" stroke="currentColor"/>\n    <text x="260" y="344" text-anchor="middle" font-size="14">24</text>\n    <line x1="75" y1="156" x2="85" y2="156" stroke="currentColor"/>\n    <text x="70" y="161" text-anchor="end" font-size="14">12</text>\n    <line x1="75" y1="108" x2="85" y2="108" stroke="currentColor"/>\n    <text x="70" y="113" text-anchor="end" font-size="14">16</text>\n    <circle cx="514" cy="70" r="14" fill="none" stroke="currentColor" stroke-width="2"/>\n    <path d="M514 70 V60 M514 70 H522" stroke="currentColor" stroke-width="2"/>\n    <text x="492" y="104" font-weight="600">one shared clock t</text>\n    <text x="492" y="126">t = 0 at launch</text>\n  </g>\n  <g data-g9-stage-id="VIS-KIN-2D-DRONE-V2" font-family="system-ui,sans-serif" font-size="15" fill="currentColor">\n    <text x="20" y="372" font-weight="600">x-description (x only)</text>\n    <text x="20" y="394">x(t) = 6t</text>\n    <text x="20" y="416">x(2) = 6 × 2 = 12 m</text>\n    <text x="20" y="438">x(4) = 6 × 4 = 24 m</text>\n    <text x="300" y="372" font-weight="600">y-description (y only)</text>\n    <text x="300" y="394">y(t) = 8t − t²</text>\n    <text x="300" y="416">y(2) = 8 × 2 − 2² = 12 m</text>\n    <text x="300" y="438">y(4) = 8 × 4 − 4² = 16 m</text>\n  </g>\n  <g data-g9-stage-id="VIS-KIN-2D-DRONE-V3" font-family="system-ui,sans-serif" font-size="15" fill="currentColor">\n    <line x1="170" y1="300" x2="170" y2="88" stroke="currentColor" stroke-width="1" stroke-dasharray="3 4"/>\n    <circle cx="170" cy="156" r="7" fill="#1f6fb2"/>\n    <text x="182" y="182" font-weight="600" fill="#1f6fb2">t = 2 s: (12, 12) m ✓</text>\n    <circle cx="260" cy="108" r="6" fill="currentColor"/>\n    <text x="260" y="94" text-anchor="middle">t = 4 s: (24, 16) m</text>\n    <circle cx="170" cy="108" r="7" fill="none" stroke="currentColor" stroke-width="2"/>\n    <text x="184" y="70">x(2 s), y(4 s) = (12, 16) m ✗</text>\n    <text x="20" y="470">(12, 16) m mixes two instants: at x = 12 m the drone is at y = 12 m,</text>\n    <text x="20" y="492">so it never occupies (12, 16) m.</text>\n  </g>\n</svg>\n</div><div class="g9-stage-controls"><div class="g9-stage-chips" role="group" aria-label="Stages"><button type="button" class="g9-stage-chip" data-g9-stage-goto="0" data-g9-stage-desc="Show the drone&#x27;s flight from the pad without the component description.">1: Problem only</button><button type="button" class="g9-stage-chip" data-g9-stage-goto="1" data-g9-stage-desc="Declare the origin, axes and one clock for the whole flight.">2: Frame and clock</button><button type="button" class="g9-stage-chip" data-g9-stage-goto="2" data-g9-stage-desc="Evaluate x and y separately at 2 s and 4 s, each from its own function.">3: Component descriptions</button><button type="button" class="g9-stage-chip" data-g9-stage-goto="3" data-g9-stage-desc="Pair only same-time values into positions and reject the mixed pair.">4: Same-time pairing</button></div><p class="g9-stage-desc" data-g9-stage-desc-text></p><div class="g9-stage-stepper"><button type="button" data-g9-stage-step="prev">Previous stage</button><span data-g9-stage-label></span><button type="button" data-g9-stage-step="next">Next stage</button></div></div><figcaption data-g9-block="representation_bridge" data-g9-caption="purpose">Show the drone of x(t) = 6t, y(t) = 8t − t² in one frame with one clock, so each axis is evaluated on its own and only same-time values are paired into a position.</figcaption></figure></div><div class="g9-component g9-c-banner" data-g9-component="KEY_STEP" data-g9-level="REQUIRED" data-g9-presentation="BANNER"><div class="g9-block" data-g9-block="inferential_jump"><h4>The key step</h4><p>Perpendicular components may be solved separately because each axis equation contains only that axis&#x27;s quantities, but they still describe one object at one physical time.</p></div></div><div class="g9-component g9-c-disclosure-equation-card" data-g9-component="EQUATIONS" data-g9-level="EXPECTED" data-g9-presentation="DISCLOSURE_EQUATION_CARD" data-g9-component-unit="CU-PHY-KIN-2D-INDEPENDENT-COMPONENTS-1"><details class="g9-secondary-disclosure" data-g9-secondary="core1a-equations"><summary>Formula reference · meaning and conditions</summary><div class="g9-secondary-body"><div class="g9-block" data-g9-block="equation_matrix"><h4>Equations and validity</h4><div class="g9-table-scroll" data-g9-equation-matrix><table><thead><tr><th scope="col">Equation</th><th scope="col">What it tells you</th><th scope="col">When you can use it</th></tr></thead><tbody><tr data-g9-relation-ref="REL-KIN-2D-DISPLACEMENT"><td><div class="g9-math" data-g9-math="mathml"><math xmlns="http://www.w3.org/1998/Math/MathML" display="block"><mrow><mi>Δ</mi><mi>x</mi><mo>=</mo><msub><mi>u</mi><mi>x</mi></msub><mi>t</mi><mo>+</mo><mn>0.5</mn><msub><mi>a</mi><mi>x</mi></msub><msup><mi>t</mi><mn>2</mn></msup><mo>;</mo><mi>Δ</mi><mi>y</mi><mo>=</mo><msub><mi>u</mi><mi>y</mi></msub><mi>t</mi><mo>+</mo><mn>0.5</mn><msub><mi>a</mi><mi>y</mi></msub><msup><mi>t</mi><mn>2</mn></msup></mrow></math></div></td><td><p>Each perpendicular displacement component follows the 1D constant-acceleration displacement relation over one common interval.</p></td><td><ul><li>a_x and a_y are constant over the interval.</li><li>Both component equations use the same elapsed time and frame.</li></ul></td></tr></tbody></table></div></div></div></details></div><div class="g9-component g9-c-worked-card" data-g9-component="WORKED_EXAMPLE" data-g9-level="REQUIRED" data-g9-presentation="WORKED_CARD" data-g9-component-unit="CU-PHY-KIN-2D-INDEPENDENT-COMPONENTS-1"><div class="g9-block" data-g9-block="worked_anchor"><h4>Worked explanation</h4><p>A drone flies in a frame with origin at its launch pad, +x east, +y up and t = 0 at launch. Its position is x(t) = 6t m and y(t) = (8t − t²) m. Find its position at t = 2 s, and decide whether the pair x(2 s), y(4 s) is a position the drone ever occupies.</p><p class="g9-worked-instruction">Follow the operation, its justification and its result.</p><ol class="g9-watch-steps"><li data-g9-watch-step><div class="g9-worked-step-body"><p>The frame, origin and clock are declared once for the whole flight, so both functions share one t.</p></div></li><li data-g9-watch-step><div class="g9-worked-step-body"><p>At t = 2 s: x(2) = 6 × 2 = 12 m and y(2) = 8 × 2 − 2² = 12 m, so the drone is at (12, 12) m.</p></div></li><li data-g9-watch-step><div class="g9-worked-step-body"><p>y(4) = 8 × 4 − 4² = 16 m, so the pair x(2 s), y(4 s) is (12, 16) m.</p></div></li><li data-g9-watch-step><div class="g9-worked-step-body"><p>x = 12 m happens only at t = 2 s, when y is 12 m rather than 16 m, so (12, 16) m is never a position of the drone.</p></div></li></ol><div class="g9-block" data-g9-block="worked_result"><h4>Result</h4><p>At t = 2 s the drone is at (12, 12) m. The pair (12, 16) m mixes two instants and is not a position the drone ever occupies.</p></div><div class="g9-block" data-g9-block="worked_check"><h4>Check</h4><p>At t = 4 s the drone is really at (24, 16) m: substituting t = 4 into both functions gives a genuine position, and its x differs from the mixed pair&#x27;s.</p></div></div></div></section></section><section class="blueprint-slot slot-repair_closure" data-blueprint-slot="repair_closure" data-required="true"><section class="g9-cu-support" data-g9-support-for="CU-PHY-KIN-2D-INDEPENDENT-COMPONENTS-1"><h3>Solve each axis on its own, but read both coordinates at one shared instant before calling the pair a position.</h3><div class="g9-component g9-c-disclosure-trap-card" data-g9-component="TRAP_REPAIR" data-g9-level="REQUIRED" data-g9-presentation="DISCLOSURE_TRAP_CARD" data-g9-component-items="2" data-g9-component-unit="CU-PHY-KIN-2D-INDEPENDENT-COMPONENTS-1"><details class="g9-secondary-disclosure" data-g9-secondary="core1a-trap-repair"><summary>Mistake clinic · diagnose and repair</summary><div class="g9-secondary-body"><div class="g9-block" data-g9-block="wrong_path"><h4>A tempting wrong path</h4><ul><li>Independent x and y motions may use different elapsed times.</li><li>The x-motion and y-motion are two different objects that can be paired arbitrarily later.</li></ul></div><div class="g9-block" data-g9-block="diagnose"><h4>Diagnose</h4><ul><li>At one instant 2 s after launch, may the x equation use t=2 s while the y equation uses another time?</li><li>May x(2 s) be combined with y(3 s) to describe the particle&#x27;s position?</li></ul></div><div class="g9-block" data-g9-block="repair"><h4>Repair</h4><ul><li>No. Independence separates the axis equations; it does not give the same object two clocks.</li><li>No. A plane state is a simultaneous pair. Recombine x(t) and y(t) only at the same t in the same frame.</li></ul></div></div></details></div><div class="g9-component g9-c-triad" data-g9-component="QUICK_CHECK" data-g9-level="REQUIRED" data-g9-presentation="TRIAD" data-g9-component-items="2" data-g9-component-unit="CU-PHY-KIN-2D-INDEPENDENT-COMPONENTS-1"><div class="g9-block" data-g9-block="independent_check"><h4>1-2-3 quick check</h4><ol class="g9-triad"><li data-g9-triad-role=""><span class="g9-triad-head">1 · Check</span><span class="g9-triad-text">Substitute the reported t back into both component functions: each must return its reported coordinate. If one coordinate only matches at a different t, the pair is not a position.</span></li><li data-g9-triad-role=""><span class="g9-triad-head">2 · Check</span><span class="g9-triad-text">Reverse the declared +y direction: every y-quantity must change sign together while no x-quantity changes, and the physical position stays the same.</span></li></ol></div></div></section></section><section class="blueprint-slot slot-repair_closure" data-blueprint-slot="repair_closure" data-required="true"><div class="g9-component g9-c-recall-card" data-g9-component="EXIT_RECALL" data-g9-level="REQUIRED" data-g9-presentation="RECALL_CARD"><div class="g9-block" data-g9-block="exit_task"><h4>Now you do one</h4><p>A particle has x-velocity 6 m/s and y-velocity -8 m/s at t=3 s. Explain what &#x27;independent components&#x27; means and what must remain shared between the x and y descriptions.</p></div><div class="g9-attempt" data-g9-attempt-box data-g9-response-type="free_response"><label>Your answer<textarea data-g9-attempt rows="4"></textarea></label><label class="g9-paper"><input data-g9-paper type="checkbox">I worked this on paper</label><button type="button" data-g9-commit>I have attempted this</button></div><details data-g9-reveal data-requires-attempt data-g9-payload-ref="CORE1A-MIC-PHY-KIN-2D-INDEPENDENT-COMPONENTS-exit"><summary>Model answer</summary><div data-g9-payload-slot></div></details><template data-g9-payload="CORE1A-MIC-PHY-KIN-2D-INDEPENDENT-COMPONENTS-exit"><div class="g9-block" data-g9-block="exit_answer"><p>The x and y component equations are solved separately in the same frame, but both describe the same particle at the same t=3 s.</p><ol><li>Keep x quantities in the x equation and y quantities in the y equation.</li><li>Use one common elapsed time for the same physical instant.</li><li>Recombine components only after each axis is handled consistently.</li></ol></div></template></div><div class="g9-component g9-c-chips" data-g9-component="PRACTICE_LINKS" data-g9-level="OPTIONAL" data-g9-presentation="CHIPS"><div class="g9-block" data-g9-block="practice_navigation"><h4>Practice this concept in Core2</h4><ul><li><a data-g9-practice-link data-g9-question-ref="PYQ-PHY-IITJEE-2011-P2-Q33" data-g9-concept-ref="MIC-PHY-KIN-2D-INDEPENDENT-COMPONENTS" href="core2.html#PYQ-PHY-IITJEE-2011-P2-Q33">IIT-JEE · 2011 · Paper II · Q33</a></li><li><a data-g9-practice-link data-g9-question-ref="PYQ-PHY-JEEADV-2018-P2-Q08" data-g9-concept-ref="MIC-PHY-KIN-2D-INDEPENDENT-COMPONENTS" href="core2.html#PYQ-PHY-JEEADV-2018-P2-Q08">JEE (Advanced) · 2018 · Paper 2 · Q8</a></li><li><a data-g9-practice-link data-g9-question-ref="PYQ-PHY-JEEADV-2019-P2-Q09" data-g9-concept-ref="MIC-PHY-KIN-2D-INDEPENDENT-COMPONENTS" href="core2.html#PYQ-PHY-JEEADV-2019-P2-Q09">JEE (Advanced) · 2019 · Paper 2 · Q9</a></li><li><a data-g9-practice-link data-g9-question-ref="PYQ-PHY-JEEADV-2021-P1-Q05" data-g9-concept-ref="MIC-PHY-KIN-2D-INDEPENDENT-COMPONENTS" href="core2.html#PYQ-PHY-JEEADV-2021-P1-Q05">JEE (Advanced) · 2021 · Paper 1 · Q5</a></li><li><a data-g9-practice-link data-g9-question-ref="PYQ-PHY-JEEADV-2021-P1-Q06" data-g9-concept-ref="MIC-PHY-KIN-2D-INDEPENDENT-COMPONENTS" href="core2.html#PYQ-PHY-JEEADV-2021-P1-Q06">JEE (Advanced) · 2021 · Paper 1 · Q6</a></li><li><a data-g9-practice-link data-g9-question-ref="PYQ-PHY-JEEADV-2024-P2-Q09" data-g9-concept-ref="MIC-PHY-KIN-2D-INDEPENDENT-COMPONENTS" href="core2.html#PYQ-PHY-JEEADV-2024-P2-Q09">JEE (Advanced) · 2024 · Paper 2 · Q9</a></li><li><a data-g9-practice-link data-g9-question-ref="PYQ-PHY-IITJEE-2012-P1-Q05" data-g9-concept-ref="MIC-PHY-KIN-2D-INDEPENDENT-COMPONENTS" href="core2.html#PYQ-PHY-IITJEE-2012-P1-Q05">IIT-JEE · 2012 · Paper I · Q5</a></li><li><a data-g9-practice-link data-g9-question-ref="PYQ-PHY-JEEADV-2022-P1-Q08" data-g9-concept-ref="MIC-PHY-KIN-2D-INDEPENDENT-COMPONENTS" href="core2.html#PYQ-PHY-JEEADV-2022-P1-Q08">JEE (Advanced) · 2022 · Paper 1 · Q8</a></li><li><a data-g9-practice-link data-g9-question-ref="PYQ-PHY-JEEADV-2023-P1-Q01" data-g9-concept-ref="MIC-PHY-KIN-2D-INDEPENDENT-COMPONENTS" href="core2.html#PYQ-PHY-JEEADV-2023-P1-Q01">JEE (Advanced) · 2023 · Paper 1 · Q1</a></li><li><a data-g9-practice-link data-g9-question-ref="PYQ-PHY-JEEADV-2025-P2-Q15" data-g9-concept-ref="MIC-PHY-KIN-2D-INDEPENDENT-COMPONENTS" href="core2.html#PYQ-PHY-JEEADV-2025-P2-Q15">JEE (Advanced) · 2025 · Paper 2 · Q15</a></li><li><a data-g9-practice-link data-g9-question-ref="PYQ-PHY-IITJEE-2011-P2-Q26" data-g9-concept-ref="MIC-PHY-KIN-2D-INDEPENDENT-COMPONENTS" href="core2.html#PYQ-PHY-IITJEE-2011-P2-Q26">IIT-JEE · 2011 · Paper II · Q26</a></li><li><a data-g9-practice-link data-g9-question-ref="PYQ-PHY-JEEADV-2014-P1-Q11" data-g9-concept-ref="MIC-PHY-KIN-2D-INDEPENDENT-COMPONENTS" href="core2.html#PYQ-PHY-JEEADV-2014-P1-Q11">JEE (Advanced) · 2014 · Paper 1 · Q11</a></li><li><a data-g9-practice-link data-g9-question-ref="PYQ-PHY-JEEADV-2026-P1-Q06" data-g9-concept-ref="MIC-PHY-KIN-2D-INDEPENDENT-COMPONENTS" href="core2.html#PYQ-PHY-JEEADV-2026-P1-Q06">JEE (Advanced) · 2026 · Paper 1 · Q6</a></li><li><a data-g9-practice-link data-g9-question-ref="PYQ-PHY-JEEADV-2013-P1-Q07" data-g9-concept-ref="MIC-PHY-KIN-2D-INDEPENDENT-COMPONENTS" href="core2.html#PYQ-PHY-JEEADV-2013-P1-Q07">JEE (Advanced) · 2013 · Paper 1 · Q7</a></li><li><a data-g9-practice-link data-g9-question-ref="PYQ-PHY-JEEMAIN-2026-04APR-S2-Q29" data-g9-concept-ref="MIC-PHY-KIN-2D-INDEPENDENT-COMPONENTS" href="core2.html#PYQ-PHY-JEEMAIN-2026-04APR-S2-Q29">JEE Main · 2026 · Session 2 · 04 Apr 2026 · Shift 2 · Q29</a></li></ul></div></div><div class="g9-component g9-c-visual-card" data-g9-component="INTERACTIVE_BRIDGE" data-g9-level="OPTIONAL" data-g9-presentation="VISUAL_CARD"><aside class="g9-interactive-bridge" data-g9-interactive-bridge><span class="g9-pill g9-pill-interactive">Try Visually</span><h3 class="g9-interactive-title">Motion in a Plane Research Suite</h3><p class="g9-interactive-desc">Explore this concept with interactive controls and real-time visual response.</p><a class="g9-bridge-link g9-action-interactive" data-g9-interactive-link href="physics/motion-2d/explorers/motion-in-a-plane/index.html" target="_blank" rel="noopener">Try it visually &rarr;</a></aside><aside class="g9-interactive-bridge" data-g9-interactive-bridge><span class="g9-pill g9-pill-interactive">Try Visually</span><h3 class="g9-interactive-title">2D Motion Master Suite</h3><p class="g9-interactive-desc">Explore this concept with interactive controls and real-time visual response.</p><a class="g9-bridge-link g9-action-interactive" data-g9-interactive-link href="physics/motion-in-2d/explorers/motions_in_2d/index.html" target="_blank" rel="noopener">Try it visually &rarr;</a></aside></div><div class="g9-component g9-c-chips" data-g9-component="LEARNING_TRANSITIONS" data-g9-level="OPTIONAL" data-g9-presentation="CHIPS"><div class="g9-block" data-g9-block="learning_transitions"><h4>Next steps</h4><div class="g9-transitions-row" data-g9-transitions><a class="g9-transition-chip g9-chip-practice" data-g9-transition="PRACTICE" href="core2.html">Practice this concept &rarr;</a><a class="g9-transition-chip g9-chip-qb" data-g9-transition="QUESTION_BANK" href="../../../question-bank/index.html?capability=MIC-PHY-KIN-2D-INDEPENDENT-COMPONENTS">All questions in Question Bank &rarr;</a></div></div></div></section></article><article id="MIC-PHY-KIN-2D-CONSTANT-ACCELERATION" data-g9-unit="MIC-PHY-KIN-2D-CONSTANT-ACCELERATION" data-g9-kind="CONCEPT" data-g9-role="CORE1A" data-g9-search-text="Physics Motion in 2 D Apply constant-acceleration kinematics component by component Medium concept Apply constant-acceleration kinematics component by component"><section class="blueprint-slot slot-identity" data-blueprint-slot="identity" data-required="true"><div class="g9-component g9-c-concept-header" data-g9-component="CONCEPT_HEADER" data-g9-level="REQUIRED" data-g9-presentation="CONCEPT_HEADER"><h2>Apply constant-acceleration kinematics component by component</h2><div data-g9-meta-strip data-g9-meta-role="CORE1A" data-g9-meta-record="MIC-PHY-KIN-2D-CONSTANT-ACCELERATION" data-g9-search-safe><span data-g9-meta-item data-g9-meta-kind="subject" data-g9-meta-ref="Physics" data-g9-meta-value="Physics"><strong>Subject:</strong> <span data-g9-meta-label>Physics</span></span><span data-g9-meta-item data-g9-meta-kind="topic" data-g9-meta-ref="BUCKET-PHY-KIN-2D-MOTION" data-g9-meta-value="Motion in 2 D"><strong>Topic:</strong> <span data-g9-meta-label>Motion in 2 D</span></span><span data-g9-meta-item data-g9-meta-kind="concept" data-g9-meta-ref="MIC-PHY-KIN-2D-CONSTANT-ACCELERATION" data-g9-meta-value="Apply constant-acceleration kinematics component by component"><strong>Concept:</strong> <span data-g9-meta-label>Apply constant-acceleration kinematics component by component</span></span><span data-g9-meta-item data-g9-meta-kind="concept-difficulty" data-g9-meta-ref="MIC-PHY-KIN-2D-CONSTANT-ACCELERATION" data-g9-meta-value="MEDIUM"><strong>Concept difficulty:</strong> <span data-g9-meta-label>Medium concept</span></span></div></div></section><section class="blueprint-slot slot-construction" data-blueprint-slot="construction" data-required="true"><section id="CU-PHY-KIN-2D-CONSTANT-ACCELERATION-1" class="g9-cu" data-g9-cu="CU-PHY-KIN-2D-CONSTANT-ACCELERATION-1"><div class="g9-component g9-c-unit-header" data-g9-component="UNIT_HEADER" data-g9-level="REQUIRED" data-g9-presentation="UNIT_HEADER" data-g9-component-unit="CU-PHY-KIN-2D-CONSTANT-ACCELERATION-1"><div class="g9-unit-head"><span class="g9-unit-no" aria-hidden="true">1</span><h3>Check on each axis that its acceleration component is constant, then run the one-dimensional equations once per axis with one shared time.</h3><span class="g9-pill g9-pill-concept">Medium concept</span></div><nav class="g9-cu-nav" data-g9-unit-navigation aria-label="Concept Book section navigation"><span data-g9-route-position>Section 2 of 5</span><span class="g9-cu-nav-links"><a data-g9-prev-section href="#CU-PHY-KIN-2D-INDEPENDENT-COMPONENTS-1" aria-label="Previous section: Solve each axis on its own, but read both coordinates at one shared instant before calling the pair a position.">← Previous</a><a data-g9-next-section href="#CU-PHY-KIN-PROJECTILE-MODEL-1" aria-label="Next section: Decide from what acts after release whether the gravity-only model applies, and only then put a_x = 0 and a_y = −g into the component equations.">Next →</a></span></nav></div><div class="g9-component g9-c-disclosure-tile" data-g9-component="MODEL_CONTRACT" data-g9-level="EXPECTED" data-g9-presentation="DISCLOSURE_TILE"><div class="g9-block" data-g9-block="entry_assumptions"><h4>Conditions for this construction</h4><ul><li>Can use the existing one-dimensional constant-acceleration model.</li><li>Can keep x/y components separate with one common time.</li></ul></div><details class="g9-secondary-disclosure" data-g9-secondary="core1a-prerequisites"><summary>Prerequisite reference</summary><div class="g9-secondary-body"><ul><li data-g9-prereq="CAP-KIN-2D-INDEPENDENT-COMPONENTS" data-bridged="true"><a href="core1a.html#MIC-PHY-KIN-2D-INDEPENDENT-COMPONENTS">Represent one plane-motion event as independent signed x/y component histories that share one elapsed time.</a></li><li data-g9-prereq="CAP-KIN-CONSTANT-ACCELERATION" data-bridged="true">Derive the constant-acceleration equations from one velocity-time graph (Physics)</li></ul></div></details></div><div class="g9-component g9-c-step-cards" data-g9-component="CONSTRUCTION_STEPS" data-g9-level="REQUIRED" data-g9-presentation="STEP_CARDS" data-g9-component-items="3" data-g9-component-unit="CU-PHY-KIN-2D-CONSTANT-ACCELERATION-1"><div class="g9-block" data-g9-block="construction"><ol><li data-g9-step="K2D2-1"><strong>Check separately whether a_x and a_y are constant over the interval before choosing constant-acceleration equations on either axis.</strong><br><em>Why valid:</em> The familiar one-dimensional kinematic relations are exact only on an axis whose acceleration component is constant over the interval.<br><em>Result:</em> per-axis model-validity decision</li><li data-g9-step="K2D2-2"><strong>Apply the one-dimensional constant-acceleration relations independently to x and y using only that axis&#x27;s signed values and the same t.</strong><br><em>Why valid:</em> Each Cartesian component obeys the same one-dimensional relation when its acceleration component is constant.<br><em>Result:</em> v_x=u_x+a_x t; v_y=u_y+a_y t; Delta x=u_x t+0.5a_x t^2; Delta y=u_y t+0.5a_y t^2</li><li data-g9-step="K2D2-3"><strong>If one axis determines an event time, reuse that same time on the other axis before recombining and checking the plane state.</strong><br><em>Why valid:</em> The event occurs once for the object; a time obtained from one component is the clock value for every component at that same event.<br><em>Result:</em> event time transferred across axes, then one checked plane state</li></ol></div></div><div class="g9-component g9-c-staged-visual" data-g9-component="STAGED_VISUAL" data-g9-level="EXPECTED" data-g9-presentation="STAGED_VISUAL" data-g9-component-items="4" data-g9-component-unit="CU-PHY-KIN-2D-CONSTANT-ACCELERATION-1"><figure data-g9-figure data-g9-fig="CU-PHY-KIN-2D-CONSTANT-ACCELERATION-1-REP-KIN-2D-PUCK-AXIS-CHECK" data-g9-stage="TEACHING" data-g9-representation="REP-KIN-2D-PUCK-AXIS-CHECK" data-g9-kind="VECTOR" data-g9-min-figure-text="14" data-reveal-stages="4" data-g9-stages-total="4" data-g9-stages="VIS-KIN-2D-PUCK-V0 VIS-KIN-2D-PUCK-V1 VIS-KIN-2D-PUCK-V2 VIS-KIN-2D-PUCK-V3" data-g9-stage-mode="cumulative"><div class="g9-diagram-scroll" tabindex="0" role="region" aria-label="Diagram; scroll horizontally when enlarged"><svg xmlns="http://www.w3.org/2000/svg" viewBox="0 0 760 390" role="img" aria-labelledby="g9fig-CORE1A-CU-PHY-KIN-2D-CONSTANT-ACCELERATION-1-REP-KIN-2D-PUCK-AXIS-CHECK-1--rep-kin-puck-title g9fig-CORE1A-CU-PHY-KIN-2D-CONSTANT-ACCELERATION-1-REP-KIN-2D-PUCK-AXIS-CHECK-1--rep-kin-puck-desc">\n  <title id="g9fig-CORE1A-CU-PHY-KIN-2D-CONSTANT-ACCELERATION-1-REP-KIN-2D-PUCK-AXIS-CHECK-1--rep-kin-puck-title">Puck with u = (4 i + 6 j) m/s and a = (0 i − 2 j) m/s²: check each axis, then one shared time</title>\n  <desc id="g9fig-CORE1A-CU-PHY-KIN-2D-CONSTANT-ACCELERATION-1-REP-KIN-2D-PUCK-AXIS-CHECK-1--rep-kin-puck-desc">Stage 1: a puck on a tilted air table starts at the origin with velocity u = (4 i + 6 j) m/s and constant acceleration a = (0 i − 2 j) m/s², and follows a curved path back to its starting line. Stage 2: the table\'s frame, +x and +y, and a per-axis check: a_x = 0 is constant and a_y = −2 m/s² is constant, so the constant-acceleration equations are exact on x and on y. Stage 3: the equations run once per axis with one shared t: Δx = 4t and v_x = 4 on x; Δy = 6t − t² and v_y = 6 − 2t on y; the puck is next at y = 0 when t(6 − t) = 0, at the later root t = 6 s. Stage 4: the same t = 6 s is used on both axes: the puck is at x = 24 m, marked on the starting line, moving with v = (4 i − 6 j) m/s, drawn as an arrow. The drawing\'s vertical scale is stretched relative to its horizontal scale.</desc>\n  <defs>\n    <marker id="g9fig-CORE1A-CU-PHY-KIN-2D-CONSTANT-ACCELERATION-1-REP-KIN-2D-PUCK-AXIS-CHECK-1--rep-kin-puck-arrow" viewBox="0 0 10 10" refX="9" refY="5" markerWidth="7" markerHeight="7" orient="auto-start-reverse"><path d="M0 0 L10 5 L0 10 Z" fill="currentColor"/></marker>\n    <marker id="g9fig-CORE1A-CU-PHY-KIN-2D-CONSTANT-ACCELERATION-1-REP-KIN-2D-PUCK-AXIS-CHECK-1--rep-kin-puck-arrow-acc" viewBox="0 0 10 10" refX="9" refY="5" markerWidth="7" markerHeight="7" orient="auto-start-reverse"><path d="M0 0 L10 5 L0 10 Z" fill="#1f6fb2"/></marker>\n  </defs>\n  <g data-g9-stage-id="VIS-KIN-2D-PUCK-V0" font-family="system-ui,sans-serif" font-size="15" fill="currentColor">\n    <text x="20" y="26" font-weight="600">A puck on a tilted air table</text>\n    <rect x="30" y="50" width="400" height="300" rx="4" fill="none" stroke="currentColor" stroke-width="1.5"/>\n    <path d="M80 290 Q212 -34 344 290" fill="none" stroke="currentColor" stroke-width="1.5" stroke-dasharray="5 4"/>\n    <circle cx="80" cy="290" r="8" fill="currentColor"/>\n    <line x1="80" y1="290" x2="119.6" y2="192.8" stroke="currentColor" stroke-width="2.5" marker-end="url(#g9fig-CORE1A-CU-PHY-KIN-2D-CONSTANT-ACCELERATION-1-REP-KIN-2D-PUCK-AXIS-CHECK-1--rep-kin-puck-arrow)"/>\n    <text x="112" y="262">u = (4 i + 6 j) m/s</text>\n    <line x1="405" y1="64" x2="405" y2="114" stroke="currentColor" stroke-width="2.5" marker-end="url(#g9fig-CORE1A-CU-PHY-KIN-2D-CONSTANT-ACCELERATION-1-REP-KIN-2D-PUCK-AXIS-CHECK-1--rep-kin-puck-arrow)"/>\n    <text x="392" y="80" text-anchor="end">a = (0 i − 2 j) m/s²</text>\n    <text x="392" y="100" text-anchor="end">throughout</text>\n  </g>\n  <g data-g9-stage-id="VIS-KIN-2D-PUCK-V1" font-family="system-ui,sans-serif" font-size="15" fill="currentColor">\n    <line x1="80" y1="290" x2="420" y2="290" stroke="currentColor" stroke-width="1.5" marker-end="url(#g9fig-CORE1A-CU-PHY-KIN-2D-CONSTANT-ACCELERATION-1-REP-KIN-2D-PUCK-AXIS-CHECK-1--rep-kin-puck-arrow)"/>\n    <line x1="80" y1="290" x2="80" y2="64" stroke="currentColor" stroke-width="1.5" marker-end="url(#g9fig-CORE1A-CU-PHY-KIN-2D-CONSTANT-ACCELERATION-1-REP-KIN-2D-PUCK-AXIS-CHECK-1--rep-kin-puck-arrow)"/>\n    <text x="410" y="312">+x</text>\n    <text x="88" y="74">+y</text>\n    <text x="64" y="310">O</text>\n    <text x="460" y="60" font-weight="600">Check each axis first</text>\n    <text x="460" y="84">x: a_x = 0, constant ✓</text>\n    <text x="460" y="106">y: a_y = −2 m/s², constant ✓</text>\n    <text x="460" y="128">→ constant-a equations</text>\n    <text x="460" y="148">exact on x and on y</text>\n  </g>\n  <g data-g9-stage-id="VIS-KIN-2D-PUCK-V2" font-family="system-ui,sans-serif" font-size="15" fill="currentColor">\n    <text x="460" y="186" font-weight="600">One shared t on both axes</text>\n    <text x="460" y="208">x: Δx = 4t,  v_x = 4</text>\n    <text x="460" y="230">y: Δy = 6t − t²,  v_y = 6 − 2t</text>\n    <text x="460" y="252">next y = 0: t(6 − t) = 0</text>\n    <text x="460" y="274" font-weight="600">later root t = 6 s</text>\n  </g>\n  <g data-g9-stage-id="VIS-KIN-2D-PUCK-V3" font-family="system-ui,sans-serif" font-size="15" fill="currentColor">\n    <circle cx="344" cy="290" r="7" fill="#1f6fb2"/>\n    <line x1="344" y1="290" x2="366" y2="344" stroke="#1f6fb2" stroke-width="2.5" marker-end="url(#g9fig-CORE1A-CU-PHY-KIN-2D-CONSTANT-ACCELERATION-1-REP-KIN-2D-PUCK-AXIS-CHECK-1--rep-kin-puck-arrow-acc)"/>\n    <text x="318" y="280" text-anchor="end" font-weight="600" fill="#1f6fb2">t = 6 s: x = 24 m</text>\n    <text x="460" y="316" font-weight="600" fill="#1f6fb2">same t = 6 s on x and y:</text>\n    <text x="460" y="338">Δx = 4 × 6 = 24 m</text>\n    <text x="460" y="360">v = (4 i − 6 j) m/s</text>\n  </g>\n</svg>\n</div><div class="g9-stage-controls"><div class="g9-stage-chips" role="group" aria-label="Stages"><button type="button" class="g9-stage-chip" data-g9-stage-goto="0" data-g9-stage-desc="Show the puck with its stated initial velocity and constant acceleration.">1: The puck&#x27;s launch</button><button type="button" class="g9-stage-chip" data-g9-stage-goto="1" data-g9-stage-desc="Declare the frame and check that a_x and a_y are each constant.">2: Per-axis check</button><button type="button" class="g9-stage-chip" data-g9-stage-goto="2" data-g9-stage-desc="Write each axis&#x27;s equations and solve the event on y.">3: One time on both axes</button><button type="button" class="g9-stage-chip" data-g9-stage-goto="3" data-g9-stage-desc="Read x and the velocity at the same t = 6 s.">4: State at the event</button></div><p class="g9-stage-desc" data-g9-stage-desc-text></p><div class="g9-stage-stepper"><button type="button" data-g9-stage-step="prev">Previous stage</button><span data-g9-stage-label></span><button type="button" data-g9-stage-step="next">Next stage</button></div></div><figcaption data-g9-block="representation_bridge" data-g9-caption="purpose">Show the air-table puck with u = (4, 6) m/s and a = (0, −2) m/s²: check that each axis&#x27;s acceleration is constant, run the one-dimensional equations once per axis, and carry the one event time t = 6 s across both axes.</figcaption></figure></div><div class="g9-component g9-c-banner" data-g9-component="KEY_STEP" data-g9-level="REQUIRED" data-g9-presentation="BANNER"><div class="g9-block" data-g9-block="inferential_jump"><h4>The key step</h4><p>The one-dimensional constant-acceleration equations can be applied to each perpendicular component independently when a_x and a_y are each constant over the same interval.</p></div></div><div class="g9-component g9-c-disclosure-equation-card" data-g9-component="EQUATIONS" data-g9-level="EXPECTED" data-g9-presentation="DISCLOSURE_EQUATION_CARD" data-g9-component-unit="CU-PHY-KIN-2D-CONSTANT-ACCELERATION-1"><details class="g9-secondary-disclosure" data-g9-secondary="core1a-equations"><summary>Formula reference · meaning and conditions</summary><div class="g9-secondary-body"><div class="g9-block" data-g9-block="equation_matrix"><h4>Equations and validity</h4><div class="g9-table-scroll" data-g9-equation-matrix><table><thead><tr><th scope="col">Equation</th><th scope="col">What it tells you</th><th scope="col">When you can use it</th></tr></thead><tbody><tr data-g9-relation-ref="REL-KIN-2D-VELOCITY"><td><div class="g9-math" data-g9-math="mathml"><math xmlns="http://www.w3.org/1998/Math/MathML" display="block"><mrow><msub><mi>v</mi><mi>x</mi></msub><mo>=</mo><msub><mi>u</mi><mi>x</mi></msub><mo>+</mo><msub><mi>a</mi><mi>x</mi></msub><mi>t</mi><mo>;</mo><msub><mi>v</mi><mi>y</mi></msub><mo>=</mo><msub><mi>u</mi><mi>y</mi></msub><mo>+</mo><msub><mi>a</mi><mi>y</mi></msub><mi>t</mi></mrow></math></div></td><td><p>Each perpendicular velocity component follows the 1D constant-acceleration relation over one common interval.</p></td><td><ul><li>a_x and a_y are constant over the interval.</li><li>Both component equations use the same elapsed time and frame.</li></ul></td></tr><tr data-g9-relation-ref="REL-KIN-2D-DISPLACEMENT"><td><div class="g9-math" data-g9-math="mathml"><math xmlns="http://www.w3.org/1998/Math/MathML" display="block"><mrow><mi>Δ</mi><mi>x</mi><mo>=</mo><msub><mi>u</mi><mi>x</mi></msub><mi>t</mi><mo>+</mo><mn>0.5</mn><msub><mi>a</mi><mi>x</mi></msub><msup><mi>t</mi><mn>2</mn></msup><mo>;</mo><mi>Δ</mi><mi>y</mi><mo>=</mo><msub><mi>u</mi><mi>y</mi></msub><mi>t</mi><mo>+</mo><mn>0.5</mn><msub><mi>a</mi><mi>y</mi></msub><msup><mi>t</mi><mn>2</mn></msup></mrow></math></div></td><td><p>Each perpendicular displacement component follows the 1D constant-acceleration displacement relation over one common interval.</p></td><td><ul><li>a_x and a_y are constant over the interval.</li><li>Both component equations use the same elapsed time and frame.</li></ul></td></tr></tbody></table></div></div></div></details></div><div class="g9-component g9-c-worked-card" data-g9-component="WORKED_EXAMPLE" data-g9-level="REQUIRED" data-g9-presentation="WORKED_CARD" data-g9-component-unit="CU-PHY-KIN-2D-CONSTANT-ACCELERATION-1"><div class="g9-block" data-g9-block="worked_anchor"><h4>Worked explanation</h4><p>A puck on a tilted air table starts at the origin with velocity (4 i + 6 j) m/s, and its acceleration is (0 i − 2 j) m/s² throughout. Using the table&#x27;s x-y frame, decide which constant-acceleration equations apply on each axis, find when the puck is next at y = 0, and find its x-position and velocity at that instant.</p><p class="g9-worked-instruction">Follow the operation, its justification and its result.</p><ol class="g9-watch-steps"><li data-g9-watch-step><div class="g9-worked-step-body"><p>a_x = 0 and a_y = −2 m/s² are both constant, so the constant-acceleration relations are exact on both axes.</p></div></li><li data-g9-watch-step><div class="g9-worked-step-body"><p>On y: Δy = 6t − 0.5 × 2 × t² = 6t − t². Setting Δy = 0 gives t(6 − t) = 0, and the later root is t = 6 s.</p></div></li><li data-g9-watch-step><div class="g9-worked-step-body"><p>On x, at the same t = 6 s: Δx = 4 × 6 = 24 m.</p></div></li><li data-g9-watch-step><div class="g9-worked-step-body"><p>Velocity at t = 6 s: v_x = 4 m/s and v_y = 6 − 2 × 6 = −6 m/s, so v = (4 i − 6 j) m/s.</p></div></li></ol><div class="g9-block" data-g9-block="worked_result"><h4>Result</h4><p>The puck is next at y = 0 at t = 6 s, at x = 24 m, moving with v = (4 i − 6 j) m/s.</p></div><div class="g9-block" data-g9-block="worked_check"><h4>Check</h4><p>v_y comes back with its starting size, 6 m/s, and the opposite sign, as v_y² = u_y² + 2a_y Δy requires when Δy = 0; v_x is unchanged because a_x = 0.</p></div></div></div></section></section><section class="blueprint-slot slot-repair_closure" data-blueprint-slot="repair_closure" data-required="true"><section class="g9-cu-support" data-g9-support-for="CU-PHY-KIN-2D-CONSTANT-ACCELERATION-1"><h3>Check on each axis that its acceleration component is constant, then run the one-dimensional equations once per axis with one shared time.</h3><div class="g9-component g9-c-disclosure-trap-card" data-g9-component="TRAP_REPAIR" data-g9-level="REQUIRED" data-g9-presentation="DISCLOSURE_TRAP_CARD" data-g9-component-items="3" data-g9-component-unit="CU-PHY-KIN-2D-CONSTANT-ACCELERATION-1"><details class="g9-secondary-disclosure" data-g9-secondary="core1a-trap-repair"><summary>Mistake clinic · diagnose and repair</summary><div class="g9-secondary-body"><div class="g9-block" data-g9-block="wrong_path"><h4>A tempting wrong path</h4><ul><li>The magnitude of acceleration should be inserted unchanged into both x and y equations.</li><li>If one acceleration component is constant, the constant-acceleration equations are automatically valid on both axes.</li><li>A time found from the x equation may be replaced by a different convenient time in the y equation.</li></ul></div><div class="g9-block" data-g9-block="diagnose"><h4>Diagnose</h4><ul><li>If a=(10 i + 4 j) m/s², should both component equations use a=√116?</li><li>If a_x is constant but a_y changes with time, may the same constant-acceleration displacement formula be used exactly on y over the whole interval?</li><li>If x-motion says an event occurs at t=3 s, what time belongs in the y equation for that same event?</li></ul></div><div class="g9-block" data-g9-block="repair"><h4>Repair</h4><ul><li>No. Use a_x=10 only in the x equation and a_y=4 only in the y equation; the magnitude is not either component.</li><li>No. Model validity is checked per axis. A constant a_x does not make a_y constant.</li><li>Use t=3 s. Both components describe the same event and therefore share one clock.</li></ul></div></div></details></div><div class="g9-component g9-c-triad" data-g9-component="QUICK_CHECK" data-g9-level="REQUIRED" data-g9-presentation="TRIAD" data-g9-component-items="2" data-g9-component-unit="CU-PHY-KIN-2D-CONSTANT-ACCELERATION-1"><div class="g9-block" data-g9-block="independent_check"><h4>1-2-3 quick check</h4><ol class="g9-triad"><li data-g9-triad-role=""><span class="g9-triad-head">1 · Check</span><span class="g9-triad-text">Every term of Δy = u_y t + 0.5 a_y t² must come out in metres: (m/s)(s) and (m/s²)(s²). A velocity term in m/s beside them means a t is missing.</span></li><li data-g9-triad-role=""><span class="g9-triad-head">2 · Check</span><span class="g9-triad-text">Set a_x = 0: the x equations must reduce to uniform motion, v_x = u_x and Δx = u_x t, whatever happens on y.</span></li></ol></div></div></section></section><section class="blueprint-slot slot-repair_closure" data-blueprint-slot="repair_closure" data-required="true"><div class="g9-component g9-c-recall-card" data-g9-component="EXIT_RECALL" data-g9-level="REQUIRED" data-g9-presentation="RECALL_CARD"><div class="g9-block" data-g9-block="exit_task"><h4>Now you do one</h4><p>A particle starts with u=(0,5) m/s and constant a=(10,4) m/s². Set up the x and y position equations at common time t without solving a particular numerical t.</p></div><div class="g9-attempt" data-g9-attempt-box data-g9-response-type="free_response"><label>Your answer<textarea data-g9-attempt rows="4"></textarea></label><label class="g9-paper"><input data-g9-paper type="checkbox">I worked this on paper</label><button type="button" data-g9-commit>I have attempted this</button></div><details data-g9-reveal data-requires-attempt data-g9-payload-ref="CORE1A-MIC-PHY-KIN-2D-CONSTANT-ACCELERATION-exit"><summary>Model answer</summary><div data-g9-payload-slot></div></details><template data-g9-payload="CORE1A-MIC-PHY-KIN-2D-CONSTANT-ACCELERATION-exit"><div class="g9-block" data-g9-block="exit_answer"><p>Use Delta x=0*t+0.5(10)t² and Delta y=5t+0.5(4)t² with the same t.</p><ol><li>Read signed component initial velocities and accelerations.</li><li>Apply the 1D constant-acceleration displacement relation separately.</li><li>Keep one common elapsed time.</li></ol></div></template></div><div class="g9-component g9-c-chips" data-g9-component="PRACTICE_LINKS" data-g9-level="OPTIONAL" data-g9-presentation="CHIPS"><div class="g9-block" data-g9-block="practice_navigation"><h4>Practice this concept in Core2</h4><ul><li><a data-g9-practice-link data-g9-question-ref="PYQ-PHY-IITJEE-2011-P2-Q33" data-g9-concept-ref="MIC-PHY-KIN-2D-CONSTANT-ACCELERATION" href="core2.html#PYQ-PHY-IITJEE-2011-P2-Q33">IIT-JEE · 2011 · Paper II · Q33</a></li><li><a data-g9-practice-link data-g9-question-ref="PYQ-PHY-JEEADV-2025-P2-Q15" data-g9-concept-ref="MIC-PHY-KIN-2D-CONSTANT-ACCELERATION" href="core2.html#PYQ-PHY-JEEADV-2025-P2-Q15">JEE (Advanced) · 2025 · Paper 2 · Q15</a></li></ul></div></div><div class="g9-component g9-c-chips" data-g9-component="LEARNING_TRANSITIONS" data-g9-level="OPTIONAL" data-g9-presentation="CHIPS"><div class="g9-block" data-g9-block="learning_transitions"><h4>Next steps</h4><div class="g9-transitions-row" data-g9-transitions><a class="g9-transition-chip g9-chip-practice" data-g9-transition="PRACTICE" href="core2.html">Practice this concept &rarr;</a><a class="g9-transition-chip g9-chip-qb" data-g9-transition="QUESTION_BANK" href="../../../question-bank/index.html?capability=MIC-PHY-KIN-2D-CONSTANT-ACCELERATION">All questions in Question Bank &rarr;</a></div></div></div></section></article><article id="MIC-PHY-KIN-PROJECTILE-MODEL" data-g9-unit="MIC-PHY-KIN-PROJECTILE-MODEL" data-g9-kind="CONCEPT" data-g9-role="CORE1A" data-g9-search-text="Physics Motion in 2 D Select the gravity-only projectile model before using projectile consequences Medium concept Select the gravity-only projectile model before using projectile consequences"><section class="blueprint-slot slot-identity" data-blueprint-slot="identity" data-required="true"><div class="g9-component g9-c-concept-header" data-g9-component="CONCEPT_HEADER" data-g9-level="REQUIRED" data-g9-presentation="CONCEPT_HEADER"><h2>Select the gravity-only projectile model before using projectile consequences</h2><div data-g9-meta-strip data-g9-meta-role="CORE1A" data-g9-meta-record="MIC-PHY-KIN-PROJECTILE-MODEL" data-g9-search-safe><span data-g9-meta-item data-g9-meta-kind="subject" data-g9-meta-ref="Physics" data-g9-meta-value="Physics"><strong>Subject:</strong> <span data-g9-meta-label>Physics</span></span><span data-g9-meta-item data-g9-meta-kind="topic" data-g9-meta-ref="BUCKET-PHY-KIN-2D-MOTION" data-g9-meta-value="Motion in 2 D"><strong>Topic:</strong> <span data-g9-meta-label>Motion in 2 D</span></span><span data-g9-meta-item data-g9-meta-kind="concept" data-g9-meta-ref="MIC-PHY-KIN-PROJECTILE-MODEL" data-g9-meta-value="Select the gravity-only projectile model before using projectile consequences"><strong>Concept:</strong> <span data-g9-meta-label>Select the gravity-only projectile model before using projectile consequences</span></span><span data-g9-meta-item data-g9-meta-kind="concept-difficulty" data-g9-meta-ref="MIC-PHY-KIN-PROJECTILE-MODEL" data-g9-meta-value="MEDIUM"><strong>Concept difficulty:</strong> <span data-g9-meta-label>Medium concept</span></span></div></div><div class="g9-component g9-c-chips" data-g9-component="SECTION_ROUTE" data-g9-level="OPTIONAL" data-g9-presentation="CHIPS"><details class="g9-secondary-disclosure" data-g9-secondary="core1a-section-route"><summary>Sections</summary><div class="g9-secondary-body"><nav data-g9-section-route aria-label="Sections in this concept"><ol><li><a href="#CU-PHY-KIN-PROJECTILE-MODEL-1">Decide from what acts after release whether the gravity-only model applies, and only then put a_x = 0 and a_y = −g into the component equations.</a></li><li><a href="#CU-PHY-KIN-PROJECTILE-MODEL-2">Name the requested event as a component condition before solving for its time: v_y = 0 at the apex, Δy = 0 at a return to launch height.</a></li><li><a href="#CU-PHY-KIN-PROJECTILE-MODEL-3">Write the landing event from the actual drop while keeping the actual u_y, then read every requested quantity at that one event time.</a></li></ol></nav></div></details></div></section><section class="blueprint-slot slot-construction" data-blueprint-slot="construction" data-required="true"><section id="CU-PHY-KIN-PROJECTILE-MODEL-1" class="g9-cu" data-g9-cu="CU-PHY-KIN-PROJECTILE-MODEL-1"><div class="g9-component g9-c-unit-header" data-g9-component="UNIT_HEADER" data-g9-level="REQUIRED" data-g9-presentation="UNIT_HEADER" data-g9-component-unit="CU-PHY-KIN-PROJECTILE-MODEL-1"><div class="g9-unit-head"><span class="g9-unit-no" aria-hidden="true">1</span><h3>Decide from what acts after release whether the gravity-only model applies, and only then put a_x = 0 and a_y = −g into the component equations.</h3><span class="g9-pill g9-pill-concept">Medium concept</span></div><nav class="g9-cu-nav" data-g9-unit-navigation aria-label="Concept Book section navigation"><span data-g9-route-position>Section 3 of 5</span><span class="g9-cu-nav-links"><a data-g9-prev-section href="#CU-PHY-KIN-2D-CONSTANT-ACCELERATION-1" aria-label="Previous section: Check on each axis that its acceleration component is constant, then run the one-dimensional equations once per axis with one shared time.">← Previous</a><a data-g9-next-section href="#CU-PHY-KIN-PROJECTILE-MODEL-2" aria-label="Next section: Name the requested event as a component condition before solving for its time: v_y = 0 at the apex, Δy = 0 at a return to launch height.">Next →</a></span></nav></div><div class="g9-component g9-c-disclosure-tile" data-g9-component="MODEL_CONTRACT" data-g9-level="EXPECTED" data-g9-presentation="DISCLOSURE_TILE"><div class="g9-block" data-g9-block="entry_assumptions"><h4>Conditions for this construction</h4><ul><li>Can solve 2D constant-acceleration component equations.</li><li>If an oblique launch angle is given, angle-based vector decomposition is available as a separate prerequisite for that question.</li></ul></div><details class="g9-secondary-disclosure" data-g9-secondary="core1a-prerequisites"><summary>Prerequisite reference</summary><div class="g9-secondary-body"><ul><li data-g9-prereq="CAP-KIN-2D-CONSTANT-ACCELERATION" data-bridged="true"><a href="core1a.html#MIC-PHY-KIN-2D-CONSTANT-ACCELERATION">Apply constant-acceleration kinematics independently to x and y components of one plane-motion event.</a></li></ul></div></details></div><div class="g9-component g9-c-step-cards" data-g9-component="CONSTRUCTION_STEPS" data-g9-level="REQUIRED" data-g9-presentation="STEP_CARDS" data-g9-component-items="2" data-g9-component-unit="CU-PHY-KIN-PROJECTILE-MODEL-1"><div class="g9-block" data-g9-block="construction"><ol><li data-g9-step="K2D3-1"><strong>Decide whether the object is in ideal near-Earth free flight after release; neglect air resistance, declare +y, then set a_x=0 and a_y=-g.</strong><br><em>Why valid:</em> The standard projectile equations are a conditional specialization of 2D constant acceleration, not an automatic label for every launched object.<br><em>Result:</em> gravity-only projectile acceleration state</li><li data-g9-step="K2D3-2"><strong>Use supplied or separately resolved u_x and u_y with one common t in the horizontal and vertical component equations.</strong><br><em>Why valid:</em> Horizontal, oblique and downward/upward initial components change the initial state, not the gravity-only model.<br><em>Result:</em> v_x=u_x; v_y=u_y-g t; Delta x=u_x t; Delta y=u_y t-0.5g t^2</li></ol></div></div><div class="g9-component g9-c-staged-visual" data-g9-component="STAGED_VISUAL" data-g9-level="EXPECTED" data-g9-presentation="STAGED_VISUAL" data-g9-component-items="4" data-g9-component-unit="CU-PHY-KIN-PROJECTILE-MODEL-1"><figure data-g9-figure data-g9-fig="CU-PHY-KIN-PROJECTILE-MODEL-1-REP-KIN-2D-BALCONY-8-6" data-g9-stage="TEACHING" data-g9-representation="REP-KIN-2D-BALCONY-8-6" data-g9-kind="GRAPH" data-g9-min-figure-text="14" data-reveal-stages="4" data-g9-stages-total="4" data-g9-stages="VIS-KIN-2D-BALCONY-V0 VIS-KIN-2D-BALCONY-V1 VIS-KIN-2D-BALCONY-V2 VIS-KIN-2D-BALCONY-V3" data-g9-stage-mode="cumulative"><div class="g9-diagram-scroll" tabindex="0" role="region" aria-label="Diagram; scroll horizontally when enlarged"><svg xmlns="http://www.w3.org/2000/svg" viewBox="0 0 840 380" role="img" aria-labelledby="g9fig-CORE1A-CU-PHY-KIN-PROJECTILE-MODEL-1-REP-KIN-2D-BALCONY-8-6-1--rep-kin-balcony-title g9fig-CORE1A-CU-PHY-KIN-PROJECTILE-MODEL-1-REP-KIN-2D-BALCONY-8-6-1--rep-kin-balcony-desc">\n  <title id="g9fig-CORE1A-CU-PHY-KIN-PROJECTILE-MODEL-1-REP-KIN-2D-BALCONY-8-6-1--rep-kin-balcony-title">A ball thrown from a balcony with u_x = 8 m/s and u_y = 6 m/s</title>\n  <desc id="g9fig-CORE1A-CU-PHY-KIN-PROJECTILE-MODEL-1-REP-KIN-2D-BALCONY-8-6-1--rep-kin-balcony-desc">Stage 1: a ball is thrown from a balcony with u_x = 8 m/s and u_y = 6 m/s; +y is upward and g = 10 m/s². Stage 2: after release only gravity acts and air resistance is negligible, so the ideal model applies with a = (0, −10) m/s². Stage 3: the component relations are v_x = 8, v_y = 6 − 10t, Δx = 8t and Δy = 6t − 5t². Stage 4: at t = 1 s the displacement is (8 i + 1 j) m and the velocity is (8 i − 4 j) m/s.</desc>\n  <defs>\n    <marker id="g9fig-CORE1A-CU-PHY-KIN-PROJECTILE-MODEL-1-REP-KIN-2D-BALCONY-8-6-1--rep-kin-balcony-arrow" viewBox="0 0 10 10" refX="9" refY="5" markerWidth="7" markerHeight="7" orient="auto-start-reverse"><path d="M0 0 L10 5 L0 10 Z" fill="currentColor"/></marker>\n    <marker id="g9fig-CORE1A-CU-PHY-KIN-PROJECTILE-MODEL-1-REP-KIN-2D-BALCONY-8-6-1--rep-kin-balcony-arrow-acc" viewBox="0 0 10 10" refX="9" refY="5" markerWidth="7" markerHeight="7" orient="auto-start-reverse"><path d="M0 0 L10 5 L0 10 Z" fill="#1f6fb2"/></marker>\n  </defs>\n  <g data-g9-stage-id="VIS-KIN-2D-BALCONY-V0" font-family="system-ui,sans-serif" font-size="15" fill="currentColor">\n    <text x="20" y="26" font-weight="600">A ball thrown from a balcony</text>\n    <rect x="30" y="200" width="100" height="170" fill="none" stroke="currentColor" stroke-width="2"/>\n    <line x1="100" y1="200" x2="140" y2="200" stroke="currentColor" stroke-width="3"/>\n    <circle cx="140" cy="200" r="7" fill="none" stroke="currentColor" stroke-width="2"/>\n    <line x1="147" y1="200" x2="207" y2="200" stroke="currentColor" stroke-width="2.5" marker-end="url(#g9fig-CORE1A-CU-PHY-KIN-PROJECTILE-MODEL-1-REP-KIN-2D-BALCONY-8-6-1--rep-kin-balcony-arrow)"/>\n    <text x="212" y="205">u_x = 8 m/s</text>\n    <line x1="140" y1="193" x2="140" y2="133" stroke="currentColor" stroke-width="2.5" marker-end="url(#g9fig-CORE1A-CU-PHY-KIN-PROJECTILE-MODEL-1-REP-KIN-2D-BALCONY-8-6-1--rep-kin-balcony-arrow)"/>\n    <text x="148" y="140">u_y = 6 m/s</text>\n    <text x="470" y="60">+y upward; g = 10 m/s²</text>\n    <text x="470" y="82">Find the displacement and velocity</text>\n    <text x="470" y="104">1 s after release.</text>\n  </g>\n  <g data-g9-stage-id="VIS-KIN-2D-BALCONY-V1" font-family="system-ui,sans-serif" font-size="15" fill="currentColor">\n    <line x1="140" y1="215" x2="140" y2="265" stroke="currentColor" stroke-width="2" marker-end="url(#g9fig-CORE1A-CU-PHY-KIN-PROJECTILE-MODEL-1-REP-KIN-2D-BALCONY-8-6-1--rep-kin-balcony-arrow)"/>\n    <text x="148" y="262">gravity only</text>\n    <text x="470" y="140" font-weight="600">Model gate</text>\n    <text x="470" y="162">after release only gravity acts;</text>\n    <text x="470" y="184">air resistance negligible:</text>\n    <text x="470" y="206">a = (0, −10) m/s²</text>\n  </g>\n  <g data-g9-stage-id="VIS-KIN-2D-BALCONY-V2" font-family="system-ui,sans-serif" font-size="15" fill="currentColor">\n    <text x="470" y="240" font-weight="600">Component relations</text>\n    <text x="470" y="262">v_x = 8, v_y = 6 − 10t</text>\n    <text x="470" y="284">Δx = 8t, Δy = 6t − 5t²</text>\n  </g>\n  <g data-g9-stage-id="VIS-KIN-2D-BALCONY-V3" font-family="system-ui,sans-serif" font-size="15" fill="currentColor">\n    <path d="M140 200 L164 183.5 L188 170 L212 159.5 L236 152 L260 147.5 L284 146 L308 147.5 L332 152 L356 159.5 L380 170" fill="none" stroke="#1f6fb2" stroke-width="2" stroke-dasharray="6 4"/>\n    <circle cx="380" cy="170" r="7" fill="#1f6fb2" stroke="#1f6fb2" stroke-width="2"/>\n    <line x1="380" y1="170" x2="440" y2="200" stroke="#1f6fb2" stroke-width="2.5" marker-end="url(#g9fig-CORE1A-CU-PHY-KIN-PROJECTILE-MODEL-1-REP-KIN-2D-BALCONY-8-6-1--rep-kin-balcony-arrow-acc)"/>\n    <text x="160" y="320" fill="#1f6fb2">at t = 1 s: Δr = (8 i + 1 j) m</text>\n    <text x="160" y="342" fill="#1f6fb2">v = (8 i − 4 j) m/s</text>\n  </g>\n</svg>\n</div><div class="g9-stage-controls"><div class="g9-stage-chips" role="group" aria-label="Stages"><button type="button" class="g9-stage-chip" data-g9-stage-goto="0" data-g9-stage-desc="Show the release point and the launch components.">1: The throw</button><button type="button" class="g9-stage-chip" data-g9-stage-goto="1" data-g9-stage-desc="Decide the model from the post-release interactions.">2: Model gate</button><button type="button" class="g9-stage-chip" data-g9-stage-goto="2" data-g9-stage-desc="Write the component relations on one clock.">3: Component relations</button><button type="button" class="g9-stage-chip" data-g9-stage-goto="3" data-g9-stage-desc="Draw the path from the balcony for 1 s and read Δr and v.">4: At t = 1 s</button></div><p class="g9-stage-desc" data-g9-stage-desc-text></p><div class="g9-stage-stepper"><button type="button" data-g9-stage-step="prev">Previous stage</button><span data-g9-stage-label></span><button type="button" data-g9-stage-step="next">Next stage</button></div></div><figcaption data-g9-block="representation_bridge" data-g9-caption="purpose">Show the ball thrown from the balcony with u_x = 8 m/s and u_y = 6 m/s, with the model decided from what acts after release.</figcaption></figure></div><div class="g9-component g9-c-banner" data-g9-component="KEY_STEP" data-g9-level="REQUIRED" data-g9-presentation="BANNER"><div class="g9-block" data-g9-block="inferential_jump"><h4>The key step</h4><p>After release in the ideal near-Earth model, projectile motion is not a new set of laws: it is the same component kinematics with a_x=0 and a_y=-g (for +y upward).</p></div></div><div class="g9-component g9-c-disclosure-equation-card" data-g9-component="EQUATIONS" data-g9-level="EXPECTED" data-g9-presentation="DISCLOSURE_EQUATION_CARD" data-g9-component-unit="CU-PHY-KIN-PROJECTILE-MODEL-1"><details class="g9-secondary-disclosure" data-g9-secondary="core1a-equations"><summary>Formula reference · meaning and conditions</summary><div class="g9-secondary-body"><div class="g9-block" data-g9-block="equation_matrix"><h4>Equations and validity</h4><div class="g9-table-scroll" data-g9-equation-matrix><table><thead><tr><th scope="col">Equation</th><th scope="col">What it tells you</th><th scope="col">When you can use it</th></tr></thead><tbody><tr data-g9-relation-ref="REL-PROJECTILE-COMPONENT-MODEL"><td><div class="g9-math" data-g9-math="mathml"><math xmlns="http://www.w3.org/1998/Math/MathML" display="block"><mrow><msub><mi>a</mi><mi>x</mi></msub><mo>=</mo><mn>0</mn><mo>;</mo><msub><mi>a</mi><mi>y</mi></msub><mo>=</mo><mo>−</mo><mi>g</mi><mo>;</mo><msub><mi>v</mi><mi>x</mi></msub><mo>=</mo><msub><mi>u</mi><mi>x</mi></msub><mo>;</mo><msub><mi>v</mi><mi>y</mi></msub><mo>=</mo><msub><mi>u</mi><mi>y</mi></msub><mo>−</mo><mi>g</mi><mi>t</mi><mo>;</mo><mi>Δ</mi><mi>x</mi><mo>=</mo><msub><mi>u</mi><mi>x</mi></msub><mi>t</mi><mo>;</mo><mi>Δ</mi><mi>y</mi><mo>=</mo><msub><mi>u</mi><mi>y</mi></msub><mi>t</mi><mo>−</mo><mn>0.5</mn><mi>g</mi><msup><mi>t</mi><mn>2</mn></msup></mrow></math></div></td><td><p>With +y upward, air resistance neglected and near-Earth constant g, projectile motion is 2D constant acceleration specialized to zero horizontal and downward vertical acceleration.</p></td><td><ul><li>Near-Earth region with approximately constant g.</li><li>Air resistance neglected.</li><li>+y is declared upward for the displayed signs.</li><li>The object is in free flight after release.</li></ul></td></tr></tbody></table></div></div></div></details></div><div class="g9-component g9-c-worked-card" data-g9-component="WORKED_EXAMPLE" data-g9-level="REQUIRED" data-g9-presentation="WORKED_CARD" data-g9-component-unit="CU-PHY-KIN-PROJECTILE-MODEL-1"><div class="g9-block" data-g9-block="worked_anchor"><h4>Worked explanation</h4><p>A ball is thrown from a balcony with u_x = 8 m/s and u_y = 6 m/s. After release only gravity acts, and air resistance is negligible. Take +y upward and g = 10 m/s². Decide whether the ideal projectile model applies, write its component relations, and find the ball&#x27;s displacement and velocity 1 s after release.</p><p class="g9-worked-instruction">Follow the operation, its justification and its result.</p><ol class="g9-watch-steps"><li data-g9-watch-step><div class="g9-worked-step-body"><p>After release the only retained interaction is gravity, so the ideal model applies: a_x = 0 and a_y = −10 m/s².</p></div></li><li data-g9-watch-step><div class="g9-worked-step-body"><p>Component relations: v_x = 8, v_y = 6 − 10t, Δx = 8t and Δy = 6t − 5t², in metres and seconds.</p></div></li><li data-g9-watch-step><div class="g9-worked-step-body"><p>At t = 1 s: Δx = 8 m and Δy = 6 − 5 = 1 m, so the displacement is (8 i + 1 j) m.</p></div></li><li data-g9-watch-step><div class="g9-worked-step-body"><p>At t = 1 s: v_x = 8 m/s and v_y = 6 − 10 = −4 m/s, so v = (8 i − 4 j) m/s.</p></div></li></ol><div class="g9-block" data-g9-block="worked_result"><h4>Result</h4><p>The model applies with a = (0, −10) m/s². After 1 s the displacement is (8 i + 1 j) m and the velocity is (8 i − 4 j) m/s.</p></div><div class="g9-block" data-g9-block="worked_check"><h4>Check</h4><p>v_y is negative at 1 s, so the ball is already falling; its apex was at t = 6/10 = 0.6 s. Its speed squared, 8² + 4² = 80, equals u² − 2gΔy = 100 − 20.</p></div></div></div></section></section><section class="blueprint-slot slot-repair_closure" data-blueprint-slot="repair_closure" data-required="true"><section class="g9-cu-support" data-g9-support-for="CU-PHY-KIN-PROJECTILE-MODEL-1"><h3>Decide from what acts after release whether the gravity-only model applies, and only then put a_x = 0 and a_y = −g into the component equations.</h3><div class="g9-component g9-c-disclosure-trap-card" data-g9-component="TRAP_REPAIR" data-g9-level="REQUIRED" data-g9-presentation="DISCLOSURE_TRAP_CARD" data-g9-component-items="2" data-g9-component-unit="CU-PHY-KIN-PROJECTILE-MODEL-1"><details class="g9-secondary-disclosure" data-g9-secondary="core1a-trap-repair"><summary>Mistake clinic · diagnose and repair</summary><div class="g9-secondary-body"><div class="g9-block" data-g9-block="wrong_path"><h4>A tempting wrong path</h4><ul><li>A projectile needs a horizontal force to keep moving horizontally.</li><li>A horizontal launch has no vertical velocity throughout the flight.</li></ul></div><div class="g9-block" data-g9-block="diagnose"><h4>Diagnose</h4><ul><li>If a_x=0 after release, can v_x still be nonzero?</li><li>One second after a horizontal launch, is v_y still zero under gravity?</li></ul></div><div class="g9-block" data-g9-block="repair"><h4>Repair</h4><ul><li>Yes. Zero horizontal acceleration means horizontal velocity stays constant, not that it becomes zero.</li><li>No. u_y=0 only at release; a_y=-g makes v_y=-gt afterward.</li></ul></div></div></details></div><div class="g9-component g9-c-triad" data-g9-component="QUICK_CHECK" data-g9-level="REQUIRED" data-g9-presentation="TRIAD" data-g9-component-items="2" data-g9-component-unit="CU-PHY-KIN-PROJECTILE-MODEL-1"><div class="g9-block" data-g9-block="independent_check"><h4>1-2-3 quick check</h4><ol class="g9-triad"><li data-g9-triad-role=""><span class="g9-triad-head">1 · Check</span><span class="g9-triad-text">Set g = 0: the equations must reduce to straight-line uniform motion with the launch velocity (u_x, u_y).</span></li><li data-g9-triad-role=""><span class="g9-triad-head">2 · Check</span><span class="g9-triad-text">With +y up, v_y must fall by g every second whatever the launch direction; a v_y that grows while the object rises means the sign of g is wrong.</span></li></ol></div></div></section></section><section class="blueprint-slot slot-construction" data-blueprint-slot="construction" data-required="true"><section id="CU-PHY-KIN-PROJECTILE-MODEL-2" class="g9-cu" data-g9-cu="CU-PHY-KIN-PROJECTILE-MODEL-2"><div class="g9-component g9-c-unit-header" data-g9-component="UNIT_HEADER" data-g9-level="REQUIRED" data-g9-presentation="UNIT_HEADER" data-g9-component-unit="CU-PHY-KIN-PROJECTILE-MODEL-2"><div class="g9-unit-head"><span class="g9-unit-no" aria-hidden="true">2</span><h3>Name the requested event as a component condition before solving for its time: v_y = 0 at the apex, Δy = 0 at a return to launch height.</h3><span class="g9-pill g9-pill-concept">Medium concept</span></div><nav class="g9-cu-nav" data-g9-unit-navigation aria-label="Concept Book section navigation"><span data-g9-route-position>Section 4 of 5</span><span class="g9-cu-nav-links"><a data-g9-prev-section href="#CU-PHY-KIN-PROJECTILE-MODEL-1" aria-label="Previous section: Decide from what acts after release whether the gravity-only model applies, and only then put a_x = 0 and a_y = −g into the component equations.">← Previous</a><a data-g9-next-section href="#CU-PHY-KIN-PROJECTILE-MODEL-3" aria-label="Next section: Write the landing event from the actual drop while keeping the actual u_y, then read every requested quantity at that one event time.">Next →</a></span></nav></div><div class="g9-component g9-c-step-cards" data-g9-component="CONSTRUCTION_STEPS" data-g9-level="REQUIRED" data-g9-presentation="STEP_CARDS" data-g9-component-items="3" data-g9-component-unit="CU-PHY-KIN-PROJECTILE-MODEL-2"><div class="g9-block" data-g9-block="construction"><ol><li data-g9-step="K2D3-3"><strong>Translate the requested event into the component condition that defines it before solving for time.</strong><br><em>Why valid:</em> Apex, same-height return, ground impact and a specified later instant are different events; each is identified by a different component condition.<br><em>Result:</em> event condition chosen before calculation</li><li data-g9-step="K2D3-4"><strong>For an apex event, set v_y=0 while keeping v_x=u_x and a_y=-g.</strong><br><em>Why valid:</em> At the highest point only the vertical velocity component is momentarily zero; gravity still accelerates downward and horizontal motion continues.<br><em>Result:</em> apex condition v_y=0 with nonzero horizontal velocity and nonzero downward acceleration</li><li data-g9-step="K2D3-5"><strong>For a return to the launch height, set Delta y=0 and treat any same-height flight-time/range shortcut as conditional on that equality.</strong><br><em>Why valid:</em> The shortcut follows from the vertical displacement returning to its initial value; it is not valid when the landing height differs.<br><em>Result:</em> same-height event condition and its validity boundary</li></ol></div></div><div class="g9-component g9-c-staged-visual" data-g9-component="STAGED_VISUAL" data-g9-level="EXPECTED" data-g9-presentation="STAGED_VISUAL" data-g9-component-items="4" data-g9-component-unit="CU-PHY-KIN-PROJECTILE-MODEL-2"><figure data-g9-figure data-g9-fig="CU-PHY-KIN-PROJECTILE-MODEL-2-REP-KIN-2D-LEVEL-APEX-RETURN" data-g9-stage="TEACHING" data-g9-representation="REP-KIN-2D-LEVEL-APEX-RETURN" data-g9-kind="GRAPH" data-g9-min-figure-text="14" data-reveal-stages="4" data-g9-stages-total="4" data-g9-stages="VIS-KIN-2D-LEVEL-V0 VIS-KIN-2D-LEVEL-V1 VIS-KIN-2D-LEVEL-V2 VIS-KIN-2D-LEVEL-V3" data-g9-stage-mode="cumulative"><div class="g9-diagram-scroll" tabindex="0" role="region" aria-label="Diagram; scroll horizontally when enlarged"><svg xmlns="http://www.w3.org/2000/svg" viewBox="0 0 840 500" role="img" aria-labelledby="g9fig-CORE1A-CU-PHY-KIN-PROJECTILE-MODEL-2-REP-KIN-2D-LEVEL-APEX-RETURN-1--rep-kin-level-title g9fig-CORE1A-CU-PHY-KIN-PROJECTILE-MODEL-2-REP-KIN-2D-LEVEL-APEX-RETURN-1--rep-kin-level-desc">\n  <title id="g9fig-CORE1A-CU-PHY-KIN-PROJECTILE-MODEL-2-REP-KIN-2D-LEVEL-APEX-RETURN-1--rep-kin-level-title">Level-ground launch with u = (6, 15) m/s: apex where v_y = 0, landing where Δy = 0</title>\n  <desc id="g9fig-CORE1A-CU-PHY-KIN-PROJECTILE-MODEL-2-REP-KIN-2D-LEVEL-APEX-RETURN-1--rep-kin-level-desc">Stage 1: a projectile launched from level ground with components u_x = 6 m/s and u_y = 15 m/s follows an arch back to the ground; two events are asked for, the highest point and the return to launch height. Stage 2: with +y up and g = 10 m/s², each event is named as a component condition: at the apex v_y = 0 while v_x stays 6 m/s and a_y stays −10 m/s², drawn as arrows at the top; at the return to launch height Δy = 0. One clock runs from t = 0 with open markers for t_apex and t_land. Stage 3: the markers are solved: 15 − 10t = 0 gives t = 1.5 s; 15t − 5t² = 0 gives t = 0 or 3 s, so the landing is at 3 s. Stage 4: the apex is 11.25 m above launch with v = (6 i + 0 j) m/s, and the range at t = 3 s is 18 m; the landing time is twice the apex time, and u_y²/(2g) = 225/20 = 11.25 m.</desc>\n  <defs>\n    <marker id="g9fig-CORE1A-CU-PHY-KIN-PROJECTILE-MODEL-2-REP-KIN-2D-LEVEL-APEX-RETURN-1--rep-kin-level-arrow" viewBox="0 0 10 10" refX="9" refY="5" markerWidth="7" markerHeight="7" orient="auto-start-reverse"><path d="M0 0 L10 5 L0 10 Z" fill="currentColor"/></marker>\n    <marker id="g9fig-CORE1A-CU-PHY-KIN-PROJECTILE-MODEL-2-REP-KIN-2D-LEVEL-APEX-RETURN-1--rep-kin-level-arrow-acc" viewBox="0 0 10 10" refX="9" refY="5" markerWidth="7" markerHeight="7" orient="auto-start-reverse"><path d="M0 0 L10 5 L0 10 Z" fill="#1f6fb2"/></marker>\n  </defs>\n  <g data-g9-stage-id="VIS-KIN-2D-LEVEL-V0" font-family="system-ui,sans-serif" font-size="15" fill="currentColor">\n    <text x="20" y="26" font-weight="600">Launch from level ground: two events</text>\n    <line x1="40" y1="300" x2="540" y2="300" stroke="currentColor" stroke-width="2"/>\n    <path d="M150 300 Q330 -150 510 300" fill="none" stroke="currentColor" stroke-width="1.5" stroke-dasharray="5 4"/>\n    <circle cx="150" cy="300" r="7" fill="currentColor"/>\n    <line x1="150" y1="300" x2="174" y2="300" stroke="currentColor" stroke-width="2.5" marker-end="url(#g9fig-CORE1A-CU-PHY-KIN-PROJECTILE-MODEL-2-REP-KIN-2D-LEVEL-APEX-RETURN-1--rep-kin-level-arrow)"/>\n    <text x="156" y="322">u_x = 6 m/s</text>\n    <line x1="150" y1="300" x2="150" y2="240" stroke="currentColor" stroke-width="2.5" marker-end="url(#g9fig-CORE1A-CU-PHY-KIN-PROJECTILE-MODEL-2-REP-KIN-2D-LEVEL-APEX-RETURN-1--rep-kin-level-arrow)"/>\n    <text x="142" y="238" text-anchor="end">u_y = 15 m/s</text>\n    <text x="330" y="59" text-anchor="middle">highest point (apex)</text>\n    <text x="510" y="322" text-anchor="middle">back at launch height</text>\n  </g>\n  <g data-g9-stage-id="VIS-KIN-2D-LEVEL-V1" font-family="system-ui,sans-serif" font-size="15" fill="currentColor">\n    <text x="580" y="60">+y up, g = 10 m/s²</text>\n    <circle cx="330" cy="75" r="5" fill="currentColor"/>\n    <line x1="330" y1="75" x2="360" y2="75" stroke="currentColor" stroke-width="2.5" marker-end="url(#g9fig-CORE1A-CU-PHY-KIN-PROJECTILE-MODEL-2-REP-KIN-2D-LEVEL-APEX-RETURN-1--rep-kin-level-arrow)"/>\n    <text x="366" y="80">v_x = 6 m/s</text>\n    <line x1="330" y1="81" x2="330" y2="121" stroke="currentColor" stroke-width="2.5" marker-end="url(#g9fig-CORE1A-CU-PHY-KIN-PROJECTILE-MODEL-2-REP-KIN-2D-LEVEL-APEX-RETURN-1--rep-kin-level-arrow)"/>\n    <text x="330" y="141" text-anchor="middle">a_y = −10 m/s²</text>\n    <text x="580" y="100" font-weight="600">apex:</text>\n    <text x="580" y="122">v_y = 0, v_x stays 6 m/s</text>\n    <text x="580" y="160" font-weight="600">return to launch height:</text>\n    <text x="580" y="182">Δy = 0</text>\n    <text x="40" y="404" font-weight="600">one clock for both events</text>\n    <line x1="90" y1="440" x2="486" y2="440" stroke="currentColor" stroke-width="2" marker-end="url(#g9fig-CORE1A-CU-PHY-KIN-PROJECTILE-MODEL-2-REP-KIN-2D-LEVEL-APEX-RETURN-1--rep-kin-level-arrow)"/>\n    <text x="494" y="445">t</text>\n    <line x1="90" y1="432" x2="90" y2="448" stroke="currentColor" stroke-width="2"/>\n    <text x="90" y="466" text-anchor="middle">t = 0</text>\n    <circle cx="255" cy="440" r="7" fill="none" stroke="currentColor" stroke-width="2"/>\n    <text x="255" y="426" text-anchor="middle">t_apex</text>\n    <circle cx="420" cy="440" r="7" fill="none" stroke="currentColor" stroke-width="2"/>\n    <text x="420" y="426" text-anchor="middle">t_land</text>\n  </g>\n  <g data-g9-stage-id="VIS-KIN-2D-LEVEL-V2" font-family="system-ui,sans-serif" font-size="15" fill="currentColor">\n    <circle cx="255" cy="440" r="7" fill="#1f6fb2"/>\n    <circle cx="420" cy="440" r="7" fill="#1f6fb2"/>\n    <text x="255" y="466" text-anchor="middle" fill="#1f6fb2">15 − 10t = 0: t = 1.5 s</text>\n    <text x="420" y="488" text-anchor="middle" fill="#1f6fb2">15t − 5t² = 0: t = 0 or 3 s</text>\n  </g>\n  <g data-g9-stage-id="VIS-KIN-2D-LEVEL-V3" font-family="system-ui,sans-serif" font-size="15" fill="currentColor">\n    <circle cx="330" cy="75" r="7" fill="#1f6fb2"/>\n    <line x1="330" y1="151" x2="330" y2="300" stroke="currentColor" stroke-width="1.5" stroke-dasharray="3 4"/>\n    <text x="338" y="225.5" font-weight="600" fill="#1f6fb2">11.25 m</text>\n    <circle cx="510" cy="300" r="7" fill="#1f6fb2"/>\n    <path d="M150 332 V340 H510 V332" fill="none" stroke="currentColor" stroke-width="1.5"/>\n    <text x="330" y="360" text-anchor="middle" font-weight="600" fill="#1f6fb2">range 18 m at t = 3 s</text>\n    <text x="580" y="222" fill="#1f6fb2">apex at 1.5 s: 11.25 m up,</text>\n    <text x="580" y="244" fill="#1f6fb2">v = (6 i + 0 j) m/s</text>\n    <text x="580" y="282">check: 3 s = 2 × 1.5 s</text>\n    <text x="580" y="304">u_y²/(2g) = 225/20 = 11.25 m</text>\n  </g>\n</svg>\n</div><div class="g9-stage-controls"><div class="g9-stage-chips" role="group" aria-label="Stages"><button type="button" class="g9-stage-chip" data-g9-stage-goto="0" data-g9-stage-desc="Show the launch and the two events asked for.">1: Launch and events</button><button type="button" class="g9-stage-chip" data-g9-stage-goto="1" data-g9-stage-desc="Name each event as a component condition on one timeline.">2: Event conditions</button><button type="button" class="g9-stage-chip" data-g9-stage-goto="2" data-g9-stage-desc="Solve each condition for its time.">3: Event times</button><button type="button" class="g9-stage-chip" data-g9-stage-goto="3" data-g9-stage-desc="Read the apex height and the range at the solved times.">4: Values at the events</button></div><p class="g9-stage-desc" data-g9-stage-desc-text></p><div class="g9-stage-stepper"><button type="button" data-g9-stage-step="prev">Previous stage</button><span data-g9-stage-label></span><button type="button" data-g9-stage-step="next">Next stage</button></div></div><figcaption data-g9-block="representation_bridge" data-g9-caption="purpose">Show the level-ground launch with u = (6, 15) m/s and name each requested event as a component condition before its time is solved: v_y = 0 at the apex, Δy = 0 at the return to launch height.</figcaption></figure></div><div class="g9-component g9-c-worked-card" data-g9-component="WORKED_EXAMPLE" data-g9-level="REQUIRED" data-g9-presentation="WORKED_CARD" data-g9-component-unit="CU-PHY-KIN-PROJECTILE-MODEL-2"><div class="g9-block" data-g9-block="worked_anchor"><h4>Worked explanation</h4><p>An ideal projectile is launched from level ground with u_x = 6 m/s and u_y = 15 m/s. Take +y upward and g = 10 m/s². Name the component condition for each event, then find the time and height of the apex, and the time and range when it lands back at launch height.</p><p class="g9-worked-instruction">Follow the operation, its justification and its result.</p><ol class="g9-watch-steps"><li data-g9-watch-step><div class="g9-worked-step-body"><p>Apex: the condition is v_y = 0, while v_x stays 6 m/s and a_y stays −10 m/s². 15 − 10t = 0 gives t = 1.5 s.</p></div></li><li data-g9-watch-step><div class="g9-worked-step-body"><p>Apex height: Δy = 15 × 1.5 − 5 × 1.5² = 22.5 − 11.25 = 11.25 m.</p></div></li><li data-g9-watch-step><div class="g9-worked-step-body"><p>Landing at launch height: the condition is Δy = 0. 15t − 5t² = 0 gives t = 0 (the launch) or t = 3 s, so the landing is at t = 3 s.</p></div></li><li data-g9-watch-step><div class="g9-worked-step-body"><p>Range at the same t = 3 s: Δx = 6 × 3 = 18 m.</p></div></li></ol><div class="g9-block" data-g9-block="worked_result"><h4>Result</h4><p>Apex at t = 1.5 s, 11.25 m above launch, with velocity (6 i + 0 j) m/s; landing at t = 3 s, 18 m from launch.</p></div><div class="g9-block" data-g9-block="worked_check"><h4>Check</h4><p>The landing time is twice the apex time, 3 s = 2 × 1.5 s, and the apex height agrees with u_y²/(2g) = 225/20 = 11.25 m, found without any time.</p></div></div></div></section></section><section class="blueprint-slot slot-repair_closure" data-blueprint-slot="repair_closure" data-required="true"><section class="g9-cu-support" data-g9-support-for="CU-PHY-KIN-PROJECTILE-MODEL-2"><h3>Name the requested event as a component condition before solving for its time: v_y = 0 at the apex, Δy = 0 at a return to launch height.</h3><div class="g9-component g9-c-disclosure-trap-card" data-g9-component="TRAP_REPAIR" data-g9-level="REQUIRED" data-g9-presentation="DISCLOSURE_TRAP_CARD" data-g9-component-items="2" data-g9-component-unit="CU-PHY-KIN-PROJECTILE-MODEL-2"><details class="g9-secondary-disclosure" data-g9-secondary="core1a-trap-repair"><summary>Mistake clinic · diagnose and repair</summary><div class="g9-secondary-body"><div class="g9-block" data-g9-block="wrong_path"><h4>A tempting wrong path</h4><ul><li>At the highest point the whole velocity and the acceleration are both zero.</li><li>At two points of the same height on an ideal trajectory, the velocity vectors are identical.</li></ul></div><div class="g9-block" data-g9-block="diagnose"><h4>Diagnose</h4><ul><li>At the apex of an oblique projectile, which of v_x, v_y and a_y is zero?</li><li>On ascent and descent at the same height, how do the horizontal and vertical velocity components compare?</li></ul></div><div class="g9-block" data-g9-block="repair"><h4>Repair</h4><ul><li>Only v_y is zero at that instant. v_x remains u_x and a_y remains -g.</li><li>v_x is the same, while v_y has equal magnitude and opposite sign; the speed matches but the velocity vector does not.</li></ul></div></div></details></div><div class="g9-component g9-c-triad" data-g9-component="QUICK_CHECK" data-g9-level="REQUIRED" data-g9-presentation="TRIAD" data-g9-component-items="2" data-g9-component-unit="CU-PHY-KIN-PROJECTILE-MODEL-2"><div class="g9-block" data-g9-block="independent_check"><h4>1-2-3 quick check</h4><ol class="g9-triad"><li data-g9-triad-role=""><span class="g9-triad-head">1 · Check</span><span class="g9-triad-text">For a return to launch height the flight time must be exactly twice the apex time, 2u_y/g against u_y/g, because the rise and the fall mirror each other.</span></li><li data-g9-triad-role=""><span class="g9-triad-head">2 · Check</span><span class="g9-triad-text">Set u_y = 0 in the apex condition: the apex must fall at t = 0, as it does for a launch that starts level.</span></li></ol></div></div></section></section><section class="blueprint-slot slot-construction" data-blueprint-slot="construction" data-required="true"><section id="CU-PHY-KIN-PROJECTILE-MODEL-3" class="g9-cu" data-g9-cu="CU-PHY-KIN-PROJECTILE-MODEL-3"><div class="g9-component g9-c-unit-header" data-g9-component="UNIT_HEADER" data-g9-level="REQUIRED" data-g9-presentation="UNIT_HEADER" data-g9-component-unit="CU-PHY-KIN-PROJECTILE-MODEL-3"><div class="g9-unit-head"><span class="g9-unit-no" aria-hidden="true">3</span><h3>Write the landing event from the actual drop while keeping the actual u_y, then read every requested quantity at that one event time.</h3><span class="g9-pill g9-pill-concept">Medium concept</span></div><nav class="g9-cu-nav" data-g9-unit-navigation aria-label="Concept Book section navigation"><span data-g9-route-position>Section 5 of 5</span><span class="g9-cu-nav-links"><a data-g9-prev-section href="#CU-PHY-KIN-PROJECTILE-MODEL-2" aria-label="Previous section: Name the requested event as a component condition before solving for its time: v_y = 0 at the apex, Δy = 0 at a return to launch height.">← Previous</a></span></nav></div><div class="g9-component g9-c-step-cards" data-g9-component="CONSTRUCTION_STEPS" data-g9-level="REQUIRED" data-g9-presentation="STEP_CARDS" data-g9-component-items="2" data-g9-component-unit="CU-PHY-KIN-PROJECTILE-MODEL-3"><div class="g9-block" data-g9-block="construction"><ol><li data-g9-step="K2D3-6"><strong>For any unequal-height landing, use the actual Delta y=y_f-y_i in the vertical position equation and retain the actual u_y; for a horizontal launch specifically, set u_y=0, then obtain the event time vertically and share it with x.</strong><br><em>Why valid:</em> Initial vertical velocity and landing displacement describe different facts. The landing event is fixed by the actual vertical geometry, while u_y=0 is only the horizontal-launch initial condition.<br><em>Result:</em> Delta y=y_f-y_i=u_y t_event-0.5g t_event^2; for horizontal launch u_y=0; reuse the solved t_event on x</li><li data-g9-step="K2D3-7"><strong>At the selected event time, reconstruct the requested velocity, speed, direction, displacement or range from simultaneous components and check qualitative limits.</strong><br><em>Why valid:</em> The reported projectile result is a consequence of one component model and one event, so its components must refer to the same instant and satisfy a_x=0, a_y=-g.<br><em>Result:</em> checked projectile consequence at one physical event</li></ol></div></div><div class="g9-component g9-c-staged-visual" data-g9-component="STAGED_VISUAL" data-g9-level="EXPECTED" data-g9-presentation="STAGED_VISUAL" data-g9-component-items="4" data-g9-component-unit="CU-PHY-KIN-PROJECTILE-MODEL-3"><figure data-g9-figure data-g9-fig="CU-PHY-KIN-PROJECTILE-MODEL-3-REP-KIN-2D-ROOF-UNEQUAL-LANDING" data-g9-stage="TEACHING" data-g9-representation="REP-KIN-2D-ROOF-UNEQUAL-LANDING" data-g9-kind="GRAPH" data-g9-min-figure-text="14" data-reveal-stages="4" data-g9-stages-total="4" data-g9-stages="VIS-KIN-2D-ROOF-V0 VIS-KIN-2D-ROOF-V1 VIS-KIN-2D-ROOF-V2 VIS-KIN-2D-ROOF-V3" data-g9-stage-mode="cumulative"><div class="g9-diagram-scroll" tabindex="0" role="region" aria-label="Diagram; scroll horizontally when enlarged"><svg xmlns="http://www.w3.org/2000/svg" viewBox="0 0 880 520" role="img" aria-labelledby="g9fig-CORE1A-CU-PHY-KIN-PROJECTILE-MODEL-3-REP-KIN-2D-ROOF-UNEQUAL-LANDING-1--rep-kin-roof-title g9fig-CORE1A-CU-PHY-KIN-PROJECTILE-MODEL-3-REP-KIN-2D-ROOF-UNEQUAL-LANDING-1--rep-kin-roof-desc">\n  <title id="g9fig-CORE1A-CU-PHY-KIN-PROJECTILE-MODEL-3-REP-KIN-2D-ROOF-UNEQUAL-LANDING-1--rep-kin-roof-title">Roof launch 25 m up with u = (5, 20) m/s: landing where Δy = −25 m, keeping u_y</title>\n  <desc id="g9fig-CORE1A-CU-PHY-KIN-PROJECTILE-MODEL-3-REP-KIN-2D-ROOF-UNEQUAL-LANDING-1--rep-kin-roof-desc">Stage 1: a ball leaves the edge of a roof 25 m above level ground with components u_x = 5 m/s and u_y = 20 m/s upward; it rises, then falls past the roof level to the ground. Stage 2: with +y up, the origin at the launch point and g = 10 m/s², the landing event is Δy = −25 m because the ground is below the launch, and the actual u_y = 20 m/s is kept; a dashed line at launch height marks the point where Δy = 0, which is not the ground. Stage 3: −25 = 20t − 5t² factorises as (t − 5)(t + 1) = 0, so t = 5 s and the root −1 s is rejected. Stage 4: at the same t = 5 s the ball lands Δx = 5 × 5 = 25 m from the building with v = (5 i − 30 j) m/s, speed √925 ≈ 30.4 m/s; without time, v² = 425 + 500 = 925 agrees.</desc>\n  <defs>\n    <marker id="g9fig-CORE1A-CU-PHY-KIN-PROJECTILE-MODEL-3-REP-KIN-2D-ROOF-UNEQUAL-LANDING-1--rep-kin-roof-arrow" viewBox="0 0 10 10" refX="9" refY="5" markerWidth="7" markerHeight="7" orient="auto-start-reverse"><path d="M0 0 L10 5 L0 10 Z" fill="currentColor"/></marker>\n    <marker id="g9fig-CORE1A-CU-PHY-KIN-PROJECTILE-MODEL-3-REP-KIN-2D-ROOF-UNEQUAL-LANDING-1--rep-kin-roof-arrow-acc" viewBox="0 0 10 10" refX="9" refY="5" markerWidth="7" markerHeight="7" orient="auto-start-reverse"><path d="M0 0 L10 5 L0 10 Z" fill="#1f6fb2"/></marker>\n  </defs>\n  <g data-g9-stage-id="VIS-KIN-2D-ROOF-V0" font-family="system-ui,sans-serif" font-size="15" fill="currentColor">\n    <text x="20" y="26" font-weight="600">Thrown from a roof 25 m above level ground</text>\n    <rect x="100" y="250" width="70" height="200" fill="none" stroke="currentColor" stroke-width="2"/>\n    <line x1="40" y1="450" x2="480" y2="450" stroke="currentColor" stroke-width="2"/>\n    <path d="M88 250 H80 V450 H88" fill="none" stroke="currentColor" stroke-width="1.5"/>\n    <text x="74" y="355" text-anchor="end">25 m</text>\n    <path d="M170 250 Q270 -150 370 450" fill="none" stroke="currentColor" stroke-width="1.5" stroke-dasharray="5 4"/>\n    <circle cx="170" cy="250" r="7" fill="currentColor"/>\n    <line x1="170" y1="250" x2="190" y2="250" stroke="currentColor" stroke-width="2.5" marker-end="url(#g9fig-CORE1A-CU-PHY-KIN-PROJECTILE-MODEL-3-REP-KIN-2D-ROOF-UNEQUAL-LANDING-1--rep-kin-roof-arrow)"/>\n    <text x="174" y="272">u_x = 5 m/s</text>\n    <line x1="170" y1="250" x2="170" y2="190" stroke="currentColor" stroke-width="2.5" marker-end="url(#g9fig-CORE1A-CU-PHY-KIN-PROJECTILE-MODEL-3-REP-KIN-2D-ROOF-UNEQUAL-LANDING-1--rep-kin-roof-arrow)"/>\n    <text x="164" y="200" text-anchor="end">u_y = 20 m/s</text>\n  </g>\n  <g data-g9-stage-id="VIS-KIN-2D-ROOF-V1" font-family="system-ui,sans-serif" font-size="15" fill="currentColor">\n    <line x1="170" y1="250" x2="470" y2="250" stroke="currentColor" stroke-width="1" stroke-dasharray="3 4"/>\n    <circle cx="330" cy="250" r="6" fill="none" stroke="currentColor" stroke-width="2"/>\n    <text x="342" y="272">Δy = 0 here:</text>\n    <text x="342" y="292">not the ground</text>\n    <text x="530" y="60">+y up, origin at launch, g = 10 m/s²</text>\n    <text x="530" y="100" font-weight="600">landing event:</text>\n    <text x="530" y="122">Δy = −25 m (ground below launch)</text>\n    <text x="530" y="144">keep the actual u_y = 20 m/s</text>\n    <text x="530" y="166">dotted line: launch height</text>\n  </g>\n  <g data-g9-stage-id="VIS-KIN-2D-ROOF-V2" font-family="system-ui,sans-serif" font-size="15" fill="currentColor">\n    <text x="530" y="206" fill="#1f6fb2">−25 = 20t − 5t²</text>\n    <text x="530" y="228" fill="#1f6fb2">(t − 5)(t + 1) = 0</text>\n    <text x="530" y="250" font-weight="600" fill="#1f6fb2">t = 5 s  (t = −1 s rejected)</text>\n  </g>\n  <g data-g9-stage-id="VIS-KIN-2D-ROOF-V3" font-family="system-ui,sans-serif" font-size="15" fill="currentColor">\n    <circle cx="370" cy="450" r="7" fill="#1f6fb2"/>\n    <path d="M170 472 V480 H370 V472" fill="none" stroke="currentColor" stroke-width="1.5"/>\n    <text x="270" y="500" text-anchor="middle" font-weight="600" fill="#1f6fb2">Δx = 5 × 5 = 25 m</text>\n    <line x1="400" y1="360" x2="415" y2="450" stroke="#1f6fb2" stroke-width="2.5" marker-end="url(#g9fig-CORE1A-CU-PHY-KIN-PROJECTILE-MODEL-3-REP-KIN-2D-ROOF-UNEQUAL-LANDING-1--rep-kin-roof-arrow-acc)"/>\n    <text x="424" y="400" fill="#1f6fb2">v = (5 i − 30 j) m/s</text>\n    <text x="530" y="290" font-weight="600">at the same t = 5 s:</text>\n    <text x="530" y="312">v_x = 5 m/s, v_y = 20 − 10 × 5 = −30 m/s</text>\n    <text x="530" y="334">speed = √925 ≈ 30.4 m/s</text>\n    <text x="530" y="370">check without t: v² = 425 + 500 = 925</text>\n  </g>\n</svg>\n</div><div class="g9-stage-controls"><div class="g9-stage-chips" role="group" aria-label="Stages"><button type="button" class="g9-stage-chip" data-g9-stage-goto="0" data-g9-stage-desc="Show the roof, the drop and the launch components.">1: The throw</button><button type="button" class="g9-stage-chip" data-g9-stage-goto="1" data-g9-stage-desc="Write the landing event from the actual drop and keep u_y.">2: Landing condition</button><button type="button" class="g9-stage-chip" data-g9-stage-goto="2" data-g9-stage-desc="Solve the vertical event for its physical root.">3: Landing time</button><button type="button" class="g9-stage-chip" data-g9-stage-goto="3" data-g9-stage-desc="Read distance and velocity at the same t = 5 s.">4: Values at landing</button></div><p class="g9-stage-desc" data-g9-stage-desc-text></p><div class="g9-stage-stepper"><button type="button" data-g9-stage-step="prev">Previous stage</button><span data-g9-stage-label></span><button type="button" data-g9-stage-step="next">Next stage</button></div></div><figcaption data-g9-block="representation_bridge" data-g9-caption="purpose">Show the roof launch 25 m above the ground with u = (5, 20) m/s: the landing event is written from the actual drop, Δy = −25 m, with the actual u_y kept, and every requested quantity is read at that one time.</figcaption></figure></div><div class="g9-component g9-c-worked-card" data-g9-component="WORKED_EXAMPLE" data-g9-level="REQUIRED" data-g9-presentation="WORKED_CARD" data-g9-component-unit="CU-PHY-KIN-PROJECTILE-MODEL-3"><div class="g9-block" data-g9-block="worked_anchor"><h4>Worked explanation</h4><p>A ball is thrown from the edge of a roof 25 m above level ground with u_x = 5 m/s and u_y = 20 m/s. Take +y upward and g = 10 m/s², and neglect air resistance. Find when it hits the ground, how far from the building it lands, and its impact velocity and speed.</p><p class="g9-worked-instruction">Follow the operation, its justification and its result.</p><ol class="g9-watch-steps"><li data-g9-watch-step><div class="g9-worked-step-body"><p>The landing event is Δy = −25 m, because the ground is below the launch point, and u_y = 20 m/s is kept: −25 = 20t − 5t².</p></div></li><li data-g9-watch-step><div class="g9-worked-step-body"><p>Rearranged, 5t² − 20t − 25 = 0, so t² − 4t − 5 = 0 and (t − 5)(t + 1) = 0. The physical root is t = 5 s.</p></div></li><li data-g9-watch-step><div class="g9-worked-step-body"><p>Reuse t = 5 s horizontally: Δx = 5 × 5 = 25 m.</p></div></li><li data-g9-watch-step><div class="g9-worked-step-body"><p>At t = 5 s: v_x = 5 m/s and v_y = 20 − 10 × 5 = −30 m/s, so v = (5 i − 30 j) m/s and the speed is √(5² + 30²) = √925 ≈ 30.4 m/s.</p></div></li></ol><div class="g9-block" data-g9-block="worked_result"><h4>Result</h4><p>Impact at t = 5 s, 25 m from the building, with v = (5 i − 30 j) m/s and a speed of about 30.4 m/s.</p></div><div class="g9-block" data-g9-block="worked_check"><h4>Check</h4><p>Without time: v² = u² + 2gh = (5² + 20²) + 2 × 10 × 25 = 425 + 500 = 925 m²/s², the same speed squared as from the components.</p></div></div></div></section></section><section class="blueprint-slot slot-repair_closure" data-blueprint-slot="repair_closure" data-required="true"><section class="g9-cu-support" data-g9-support-for="CU-PHY-KIN-PROJECTILE-MODEL-3"><h3>Write the landing event from the actual drop while keeping the actual u_y, then read every requested quantity at that one event time.</h3><div class="g9-component g9-c-disclosure-trap-card" data-g9-component="TRAP_REPAIR" data-g9-level="REQUIRED" data-g9-presentation="DISCLOSURE_TRAP_CARD" data-g9-component-items="3" data-g9-component-unit="CU-PHY-KIN-PROJECTILE-MODEL-3"><details class="g9-secondary-disclosure" data-g9-secondary="core1a-trap-repair"><summary>Mistake clinic · diagnose and repair</summary><div class="g9-secondary-body"><div class="g9-block" data-g9-block="wrong_path"><h4>A tempting wrong path</h4><ul><li>A horizontal launch has no vertical velocity throughout the flight.</li><li>Same-height flight formulas may be used whenever the question is about a projectile range or flight time.</li><li>Horizontal speed determines how long a horizontally launched object takes to fall.</li></ul></div><div class="g9-block" data-g9-block="diagnose"><h4>Diagnose</h4><ul><li>One second after a horizontal launch, is v_y still zero under gravity?</li><li>A ball launched from a roof lands on the ground below. May the same-height time-of-flight shortcut be used without checking the vertical displacement?</li><li>If the horizontal launch speed doubles from the same height, does the ideal fall time change?</li></ul></div><div class="g9-block" data-g9-block="repair"><h4>Repair</h4><ul><li>No. u_y=0 only at release; a_y=-g makes v_y=-gt afterward.</li><li>No. Same-height shortcuts require Delta y=0 between launch and landing. For unequal heights, solve the vertical position condition.</li><li>No. The vertical position equation determines the fall time; horizontal speed changes the range, not the fall time.</li></ul></div></div></details></div><div class="g9-component g9-c-triad" data-g9-component="QUICK_CHECK" data-g9-level="REQUIRED" data-g9-presentation="TRIAD" data-g9-component-items="2" data-g9-component-unit="CU-PHY-KIN-PROJECTILE-MODEL-3"><div class="g9-block" data-g9-block="independent_check"><h4>1-2-3 quick check</h4><ol class="g9-triad"><li data-g9-triad-role=""><span class="g9-triad-head">1 · Check</span><span class="g9-triad-text">The impact speed from the components must match v² = u² + 2gh for a drop h, a route that uses no time at all.</span></li><li data-g9-triad-role=""><span class="g9-triad-head">2 · Check</span><span class="g9-triad-text">Let the drop shrink to zero: the landing time must reduce to the same-height value 2u_y/g.</span></li></ol></div></div></section></section><section class="blueprint-slot slot-repair_closure" data-blueprint-slot="repair_closure" data-required="true"><div class="g9-component g9-c-recall-card" data-g9-component="EXIT_RECALL" data-g9-level="REQUIRED" data-g9-presentation="RECALL_CARD"><div class="g9-block" data-g9-block="exit_task"><h4>Now you do one</h4><p>A stone is launched horizontally from a cliff with speed u. With +y upward and air resistance neglected, write its component acceleration, velocity and displacement relations after release and explain why one common t is used.</p></div><div class="g9-attempt" data-g9-attempt-box data-g9-response-type="free_response"><label>Your answer<textarea data-g9-attempt rows="4"></textarea></label><label class="g9-paper"><input data-g9-paper type="checkbox">I worked this on paper</label><button type="button" data-g9-commit>I have attempted this</button></div><details data-g9-reveal data-requires-attempt data-g9-payload-ref="CORE1A-MIC-PHY-KIN-PROJECTILE-MODEL-exit"><summary>Model answer</summary><div data-g9-payload-slot></div></details><template data-g9-payload="CORE1A-MIC-PHY-KIN-PROJECTILE-MODEL-exit"><div class="g9-block" data-g9-block="exit_answer"><p>a_x=0, a_y=-g; v_x=u, v_y=-gt; Delta x=ut, Delta y=-0.5gt², all at the same elapsed time t.</p><ol><li>After release only gravity acts in the ideal model.</li><li>Gravity has no horizontal component in the chosen frame.</li><li>Both component coordinates describe the same stone at the same instant.</li></ol></div></template></div><div class="g9-component g9-c-chips" data-g9-component="PRACTICE_LINKS" data-g9-level="OPTIONAL" data-g9-presentation="CHIPS"><div class="g9-block" data-g9-block="practice_navigation"><h4>Practice this concept in Core2</h4><ul><li><a data-g9-practice-link data-g9-question-ref="PYQ-PHY-IITJEE-2011-P2-Q33" data-g9-concept-ref="MIC-PHY-KIN-PROJECTILE-MODEL" href="core2.html#PYQ-PHY-IITJEE-2011-P2-Q33">IIT-JEE · 2011 · Paper II · Q33</a></li><li><a data-g9-practice-link data-g9-question-ref="PYQ-PHY-JEEADV-2018-P2-Q08" data-g9-concept-ref="MIC-PHY-KIN-PROJECTILE-MODEL" href="core2.html#PYQ-PHY-JEEADV-2018-P2-Q08">JEE (Advanced) · 2018 · Paper 2 · Q8</a></li><li><a data-g9-practice-link data-g9-question-ref="PYQ-PHY-JEEADV-2019-P2-Q09" data-g9-concept-ref="MIC-PHY-KIN-PROJECTILE-MODEL" href="core2.html#PYQ-PHY-JEEADV-2019-P2-Q09">JEE (Advanced) · 2019 · Paper 2 · Q9</a></li><li><a data-g9-practice-link data-g9-question-ref="PYQ-PHY-JEEADV-2021-P1-Q05" data-g9-concept-ref="MIC-PHY-KIN-PROJECTILE-MODEL" href="core2.html#PYQ-PHY-JEEADV-2021-P1-Q05">JEE (Advanced) · 2021 · Paper 1 · Q5</a></li><li><a data-g9-practice-link data-g9-question-ref="PYQ-PHY-JEEADV-2021-P1-Q06" data-g9-concept-ref="MIC-PHY-KIN-PROJECTILE-MODEL" href="core2.html#PYQ-PHY-JEEADV-2021-P1-Q06">JEE (Advanced) · 2021 · Paper 1 · Q6</a></li><li><a data-g9-practice-link data-g9-question-ref="PYQ-PHY-JEEADV-2024-P2-Q09" data-g9-concept-ref="MIC-PHY-KIN-PROJECTILE-MODEL" href="core2.html#PYQ-PHY-JEEADV-2024-P2-Q09">JEE (Advanced) · 2024 · Paper 2 · Q9</a></li><li><a data-g9-practice-link data-g9-question-ref="PYQ-PHY-IITJEE-2012-P1-Q05" data-g9-concept-ref="MIC-PHY-KIN-PROJECTILE-MODEL" href="core2.html#PYQ-PHY-IITJEE-2012-P1-Q05">IIT-JEE · 2012 · Paper I · Q5</a></li><li><a data-g9-practice-link data-g9-question-ref="PYQ-PHY-JEEADV-2022-P1-Q08" data-g9-concept-ref="MIC-PHY-KIN-PROJECTILE-MODEL" href="core2.html#PYQ-PHY-JEEADV-2022-P1-Q08">JEE (Advanced) · 2022 · Paper 1 · Q8</a></li><li><a data-g9-practice-link data-g9-question-ref="PYQ-PHY-JEEADV-2023-P1-Q01" data-g9-concept-ref="MIC-PHY-KIN-PROJECTILE-MODEL" href="core2.html#PYQ-PHY-JEEADV-2023-P1-Q01">JEE (Advanced) · 2023 · Paper 1 · Q1</a></li><li><a data-g9-practice-link data-g9-question-ref="PYQ-PHY-IITJEE-2011-P2-Q26" data-g9-concept-ref="MIC-PHY-KIN-PROJECTILE-MODEL" href="core2.html#PYQ-PHY-IITJEE-2011-P2-Q26">IIT-JEE · 2011 · Paper II · Q26</a></li><li><a data-g9-practice-link data-g9-question-ref="PYQ-PHY-JEEADV-2026-P1-Q06" data-g9-concept-ref="MIC-PHY-KIN-PROJECTILE-MODEL" href="core2.html#PYQ-PHY-JEEADV-2026-P1-Q06">JEE (Advanced) · 2026 · Paper 1 · Q6</a></li><li><a data-g9-practice-link data-g9-question-ref="PYQ-PHY-JEEADV-2013-P1-Q07" data-g9-concept-ref="MIC-PHY-KIN-PROJECTILE-MODEL" href="core2.html#PYQ-PHY-JEEADV-2013-P1-Q07">JEE (Advanced) · 2013 · Paper 1 · Q7</a></li><li><a data-g9-practice-link data-g9-question-ref="PYQ-PHY-JEEMAIN-2026-04APR-S2-Q29" data-g9-concept-ref="MIC-PHY-KIN-PROJECTILE-MODEL" href="core2.html#PYQ-PHY-JEEMAIN-2026-04APR-S2-Q29">JEE Main · 2026 · Session 2 · 04 Apr 2026 · Shift 2 · Q29</a></li></ul></div></div><div class="g9-component g9-c-chips" data-g9-component="LEARNING_TRANSITIONS" data-g9-level="OPTIONAL" data-g9-presentation="CHIPS"><div class="g9-block" data-g9-block="learning_transitions"><h4>Next steps</h4><div class="g9-transitions-row" data-g9-transitions><a class="g9-transition-chip g9-chip-practice" data-g9-transition="PRACTICE" href="core2.html">Practice this concept &rarr;</a><a class="g9-transition-chip g9-chip-qb" data-g9-transition="QUESTION_BANK" href="../../../question-bank/index.html?capability=MIC-PHY-KIN-PROJECTILE-MODEL">All questions in Question Bank &rarr;</a></div></div></div></section></article></main><footer data-g9-footer>Physics · Two-dimensional kinematics and projectile model</footer><script>\n(()=>{const q=(s,r=document)=>[...r.querySelectorAll(s)];\nconst store={get:k=>{try{return localStorage.getItem(\'g9-\'+k)}catch(e){return null}},set:(k,v)=>{try{localStorage.setItem(\'g9-\'+k,v);return true}catch(e){return false}},remove:k=>{try{localStorage.removeItem(\'g9-\'+k);return true}catch(e){return false}}};\nconst root=document.documentElement;const scope=root.dataset.g9Product&&root.dataset.g9RenderDigest?root.dataset.g9Product+\':\'+root.dataset.g9RenderDigest:\'\';\nconst shell=document.querySelector(\'.g9-shell-header\');if(shell){const offset=()=>root.style.setProperty(\'--g9-header-offset\',(shell.getBoundingClientRect().height+16)+\'px\');new ResizeObserver(offset).observe(shell);offset();}\nconst apply=()=>{root.dataset.theme=store.get(\'theme\')||root.dataset.theme||\'light\';root.style.setProperty(\'--g9-zoom\',store.get(\'zoom\')||\'1\');};apply();\nq(\'[data-g9-theme]\').forEach(b=>b.onclick=()=>{store.set(\'theme\',b.dataset.g9Theme);apply()});\nq(\'[data-g9-zoom]\').forEach(b=>b.onclick=()=>{let z=parseFloat(store.get(\'zoom\')||\'1\');z=b.dataset.g9Zoom===\'inc\'?Math.min(1.6,z+0.1):b.dataset.g9Zoom===\'dec\'?Math.max(0.8,z-0.1):1;store.set(\'zoom\',z.toFixed(1));apply()});\nq(\'[data-g9-font]\').forEach(b=>b.onclick=()=>q(\'[data-g9-zoom="\'+b.dataset.g9Font+\'"]\')[0]?.click());\nfunction fitFigure(f){const svg=q(\'svg\',f)[0];if(!svg||!svg.isConnected)return;const groups=q(\'[data-g9-stage-id]\',svg).filter(g=>getComputedStyle(g).display!==\'none\');if(groups.length){const boxes=groups.map(g=>g.getBBox()).filter(b=>b.width>0&&b.height>0);if(boxes.length){const x=Math.min(...boxes.map(b=>b.x))-12,y=Math.min(...boxes.map(b=>b.y))-12,r=Math.max(...boxes.map(b=>b.x+b.width))+12,b=Math.max(...boxes.map(b=>b.y+b.height))+12;svg.setAttribute(\'viewBox\',[x,y,r-x,b-y].join(\' \'));}}\nconst host=svg.parentElement;const labels=q(\'text\',svg).filter(t=>t.checkVisibility({visibilityProperty:true}));const min=labels.reduce((v,t)=>Math.min(v,parseFloat(getComputedStyle(t).fontSize)||Infinity),Infinity);const box=svg.viewBox.baseVal;const floor=Number(f.dataset.g9MinFigureText)||14;const needed=Number.isFinite(min)&&min>0?Math.ceil(box.width*floor/min):0;svg.style.width=Math.max(host.clientWidth,needed)+\'px\';}\nfunction initFigure(f){if(f.dataset.g9Init)return;f.dataset.g9Init=\'1\';const ids=(f.dataset.g9Stages||\'\').split(\' \').filter(Boolean);fitFigure(f);const host=q(\'.g9-diagram-scroll\',f)[0];if(host){let width=host.clientWidth;new ResizeObserver(()=>{const next=host.clientWidth;if(next!==width){width=next;fitFigure(f)}}).observe(host)}if(ids.length<2)return;let i=0;\nconst chips=q(\'[data-g9-stage-goto]\',f);const desc=q(\'[data-g9-stage-desc-text]\',f)[0];\nconst stageMode=f.dataset.g9StageMode||\'cumulative\';const cumulative=stageMode!==\'replace\';\nids.forEach(id=>q(\'[data-g9-stage-id="\'+id+\'"]\',f).forEach(g=>g.style.display=\'none\'));\nconst show=()=>{ids.forEach((id,n)=>q(\'[data-g9-stage-id="\'+id+\'"]\',f).forEach(g=>g.style.display=(cumulative?n<=i:n===i)?\'\':\'none\'));fitFigure(f);const l=q(\'[data-g9-stage-label]\',f)[0];if(l)l.textContent=\'Stage \'+(i+1)+\' of \'+ids.length;chips.forEach((c,n)=>c.setAttribute(\'aria-pressed\',String(n===i)));if(desc)desc.textContent=(chips[i]&&chips[i].dataset.g9StageDesc)||\'\'};show();chips.forEach((c,n)=>c.onclick=()=>{i=n;show()});\nq(\'[data-g9-stage-step]\',f).forEach(b=>b.onclick=()=>{i=Math.max(0,Math.min(ids.length-1,i+(b.dataset.g9StageStep===\'next\'?1:-1)));show()})}\nfunction nextRung(l){const t=q(\'template[data-g9-rung-payload]\',l)[0];if(!t)return false;const payload=t.content.cloneNode(true);q(\'[data-g9-rung-ghost]\',l)[0]?.remove();q(\'[data-g9-ladder]\',l)[0].append(payload);q(\'figure[data-g9-figure]\',l).forEach(initFigure);t.remove();const b=q(\'[data-g9-next-rung]\',l)[0];if(b){if(!q(\'template[data-g9-rung-payload]\',l).length)b.disabled=true;else b.textContent=\'Show next support\'}return true}\nfunction materialise(a){q(\'details[data-g9-payload-ref]\',a).forEach(d=>{const slot=q(\'[data-g9-payload-slot]\',d)[0];if(!slot||slot.dataset.g9Filled)return;const t=q(\'template[data-g9-payload]\',a).find(x=>x.dataset.g9Payload===d.dataset.g9PayloadRef);if(!t)return;slot.replaceChildren(t.content.cloneNode(true));slot.dataset.g9Filled=\'1\';q(\'figure[data-g9-figure]\',slot).forEach(initFigure)})}\nconst number=t=>{const v=t.trim();if(!/^[+-]?(?:\\d+(?:\\.\\d*)?|\\.\\d+)(?:e[+-]?\\d+)?(?:\\s*\\/\\s*[+-]?(?:\\d+(?:\\.\\d*)?|\\.\\d+)(?:e[+-]?\\d+)?)?$/i.test(v))return false;const p=v.split(\'/\').map(x=>Number(x.trim()));return p.every(Number.isFinite)&&(p.length===1||p[1]!==0)};\nfunction validAttempt(box){const type=box.dataset.g9ResponseType;if(type===\'single_choice\'||type===\'multiple_choice\'||type===\'true_false\')return q(\'[data-g9-choice]:checked\',box).length>0;\nif(type===\'numeric\')return number(q(\'[data-g9-number]\',box)[0]?.value||\'\');if(type===\'short_text\')return !!q(\'[data-g9-attempt]\',box)[0]?.value.trim();\nif(type===\'match\'){const fields=q(\'[data-g9-match]\',box);return fields.length>0&&fields.every(x=>x.value!==\'\')}\nif(q(\'[data-g9-paper]:checked\',box).length)return true;if(type===\'multipart\'){const fields=q(\'[data-g9-part-input]\',box);return fields.length>0&&fields.every(x=>x.value.trim()&&(!x.dataset.g9PartType||x.dataset.g9PartType!==\'numeric\'||number(x.value)))}\nreturn !!q(\'[data-g9-attempt]\',box)[0]?.value.trim()}\nconst stateKey=a=>scope&&a?.dataset.g9Unit?\'state:\'+scope+\':\'+a.dataset.g9Unit:null;const returnKey=concept=>scope&&concept?\'return:\'+scope+\':\'+concept:null;\nfunction readState(key){if(!key)return null;const raw=store.get(key);if(!raw)return null;try{const state=JSON.parse(raw);return state&&typeof state===\'object\'?state:null}catch(e){return null}}\nconst attemptFields=a=>q(\'[data-g9-attempt-box] input,[data-g9-attempt-box] textarea,[data-g9-attempt-box] select\',a);const rungCount=l=>{const list=q(\'[data-g9-ladder]\',l)[0];return list?q(\'[data-g9-rung]\',list).length:0};\nfunction saveCore2State(a){if(a.dataset.g9Role!==\'CORE2\')return;const key=stateKey(a);if(!key)return;const fields=attemptFields(a).map(el=>({value:el.value,checked:!!el.checked}));const ladders={};q(\'.g9-ladder[data-g9-ladder-ref]\',a).forEach(l=>ladders[l.dataset.g9LadderRef]=rungCount(l));const reveals=q(\'details[data-g9-support-reveal]\',a).map(d=>!!d.open);store.set(key,JSON.stringify({attempted:!!a.dataset.attempted,fields,ladders,reveals}))}\nfunction bindSupportRevealState(a){q(\'details[data-g9-support-reveal]\',a).forEach(d=>{if(d.dataset.g9StateBound)return;d.dataset.g9StateBound=\'1\';d.addEventListener(\'toggle\',()=>saveCore2State(a))})}\nfunction restoreCore2State(a,lock){if(a.dataset.g9Role!==\'CORE2\')return;const state=readState(stateKey(a));if(!state)return;const fields=attemptFields(a);(state.fields||[]).forEach((saved,i)=>{const el=fields[i];if(!el||!saved||typeof saved!==\'object\')return;if(Object.prototype.hasOwnProperty.call(saved,\'value\'))el.value=saved.value??\'\';if(el.type===\'checkbox\'||el.type===\'radio\')el.checked=!!saved.checked});Object.entries(state.ladders||{}).forEach(([ref,count])=>{const l=q(\'.g9-ladder[data-g9-ladder-ref]\',a).find(x=>x.dataset.g9LadderRef===ref);if(!l||!Number.isInteger(count)||count<0)return;while(rungCount(l)<count&&nextRung(l)){};});bindSupportRevealState(a);q(\'details[data-g9-support-reveal]\',a).forEach((d,i)=>d.open=!!(state.reveals||[])[i]);if(state.attempted){a.dataset.attempted=\'1\';materialise(a)}lock()}\nconst articles=q(\'article[data-g9-unit],article[data-g9-diagnostic],[data-g9-purpose-item]\');\narticles.forEach(a=>{const lock=()=>q(\'details[data-requires-attempt]\',a).forEach(d=>{if(!a.dataset.attempted){d.dataset.locked=\'\';d.open=false}else delete d.dataset.locked});lock();restoreCore2State(a,lock);\nq(\'details[data-requires-attempt] summary\',a).forEach(s=>s.addEventListener(\'click\',e=>{if(!a.dataset.attempted){e.preventDefault();q(\'[data-g9-attempt-box] input,[data-g9-attempt-box] textarea,[data-g9-attempt-box] select\',a)[0]?.focus()}}));\nq(\'[data-g9-commit]\',a).forEach(b=>b.onclick=()=>{const box=b.closest(\'[data-g9-attempt-box]\');if(!box||!validAttempt(box)){q(\'input,textarea,select\',box||a)[0]?.focus();return}a.dataset.attempted=\'1\';lock();materialise(a);saveCore2State(a)});\na.addEventListener(\'click\',e=>{const b=e.target.closest(\'[data-g9-next-rung]\');if(b&&a.contains(b)){nextRung(b.closest(\'.g9-ladder\'));bindSupportRevealState(a);saveCore2State(a)}});attemptFields(a).forEach(el=>{el.addEventListener(\'input\',()=>saveCore2State(a));el.addEventListener(\'change\',()=>saveCore2State(a))});\nq(\'[data-g9-concept-link]\',a).forEach(link=>link.addEventListener(\'click\',()=>{saveCore2State(a);const key=returnKey(link.dataset.g9ConceptRef);if(key)store.set(key,link.dataset.g9QuestionRef||a.dataset.g9Unit);refreshReturnLinks()}))});\nconst practiceLinks=q(\'[data-g9-practice-link]\');const practiceLabels=new Map(practiceLinks.map(link=>[link,link.textContent]));\nfunction refreshReturnLinks(){practiceLinks.forEach(link=>{const key=returnKey(link.dataset.g9ConceptRef);const active=!!key&&store.get(key)===link.dataset.g9QuestionRef;if(active){link.dataset.g9ReturnLink=\'\';link.textContent=\'Return to question · \'+practiceLabels.get(link)}else{delete link.dataset.g9ReturnLink;link.textContent=practiceLabels.get(link)}})}\npracticeLinks.forEach(link=>link.addEventListener(\'click\',()=>{const key=returnKey(link.dataset.g9ConceptRef);if(key&&store.get(key)===link.dataset.g9QuestionRef){store.remove(key);refreshReturnLinks()}}));refreshReturnLinks();\nwindow.g9MaterialiseAll=()=>articles.forEach(a=>{a.dataset.attempted=\'1\';q(\'details[data-requires-attempt]\',a).forEach(d=>delete d.dataset.locked);materialise(a);q(\'.g9-ladder\',a).forEach(l=>{while(nextRung(l)){};});q(\'details[data-g9-support-reveal]\',a).forEach(d=>d.open=true)});\nq(\'figure[data-g9-figure]\').forEach(initFigure);\nq(\'[data-g9-toggle]\').forEach(b=>b.onclick=()=>{const t=document.getElementById(b.getAttribute(\'aria-controls\'));if(!t)return;const open=b.getAttribute(\'aria-expanded\')===\'true\';b.setAttribute(\'aria-expanded\',String(!open));t.hidden=open});\nconst input=q(\'[data-g9-search-input]\')[0];if(input)input.oninput=()=>{const v=input.value.trim().toLowerCase();articles.forEach(a=>{a.hidden=!!v&&!(a.dataset.g9SearchText||\'\').toLowerCase().includes(v)})};\nq(\'[data-g9-action="search"]\').forEach(b=>b.onclick=()=>{const p=q(\'[data-g9-search-panel]\')[0];p.hidden=!p.hidden;if(!p.hidden)input.focus()});\nq(\'[data-g9-action="display"]\').forEach(b=>b.onclick=()=>{const p=q(\'[data-g9-display-panel]\')[0];p.hidden=!p.hidden});\n})();\ndocument.addEventListener(\'click\',event=>{\n const button=event.target.closest(\'[data-g9-probe-compare]\');if(!button)return;\n const root=button.closest(\'[data-g9-learning-repair]\');if(!root)return;\n const response=root.querySelector(\'[data-g9-probe-response]\');\n const message=root.querySelector(\'[data-g9-probe-message]\');\n if(!response.value.trim()){message.textContent=\'Write your prediction and reason first.\';response.focus();return;}\n root.dataset.g9ProbeCommitted=\'true\';root.querySelector(\'[data-g9-probe-feedback]\').hidden=false;\n message.textContent=\'Compare your reasoning with the pattern below. Your response is not automatically graded.\';\n});\ndocument.addEventListener(\'input\',event=>{\n const root=event.target.closest(\'[data-g9-alignment-probe]\');if(!root)return;\n const theta=Number(root.querySelector(\'[data-g9-theta]\').value);\n const other=Number(root.querySelector(\'[data-g9-other]\').value);\n const factor=Math.abs(theta-90)<1e-10?0:Math.cos(theta*Math.PI/180);\n root.querySelector(\'[data-g9-donor]\').setAttribute(\'transform\',`rotate(${theta} 180 180)`);\n root.querySelector(\'[data-g9-alignment-output]\').textContent=`θ = ${theta}°; given factor = ${factor.toFixed(3)}; toy E = ${(-factor*factor+other).toFixed(3)}; c = ${other.toFixed(1)}.`;\n});\nconst g9RepairHeader=document.querySelector(\'[data-g9-shell-header]\');\nif(g9RepairHeader&&window.ResizeObserver){new ResizeObserver(()=>{\n document.documentElement.style.setProperty(\'--g9-header-offset\',Math.ceil(g9RepairHeader.getBoundingClientRect().height+16)+\'px\');\n}).observe(g9RepairHeader);}\nif(g9RepairHeader)document.documentElement.style.setProperty(\'--g9-header-offset\',Math.ceil(g9RepairHeader.getBoundingClientRect().height+16)+\'px\');\nfunction g9OpenRepairTarget(){\n let id;try{id=decodeURIComponent(location.hash.slice(1));}catch(_){return;}if(!id.startsWith(\'repair-\'))return;\n const target=document.getElementById(id);if(!target)return;\n let parent=target.parentElement;while(parent){if(parent.tagName===\'DETAILS\')parent.open=true;parent=parent.parentElement;}\n target.focus({preventScroll:true});target.scrollIntoView({block:\'start\'});\n}\nwindow.addEventListener(\'hashchange\',g9OpenRepairTarget);g9OpenRepairTarget();\n</script><script src="../../../js/display-controls.js"></script><script src="../../../js/site-header.js"></script></body></html>\n'

======================================================================
FAIL: test_reveals_are_gated_and_no_record_id_or_placeholder_reaches_the_learner (test_render_core.Renderer.test_reveals_are_gated_and_no_record_id_or_placeholder_reaches_the_learner) (page='core1a.html')
----------------------------------------------------------------------
Traceback (most recent call last):
  File "C:\CodeB\Grade9v3.5\.codex-recovery\r4-suite\tests\test_render_core.py", line 58, in test_reveals_are_gated_and_no_record_id_or_placeholder_reaches_the_learner
    self.assertIn("data-requires-attempt", details)
AssertionError: 'data-requires-attempt' not found in '<details class="g9-secondary-disclosure" data-g9-secondary="core1a-contents">'

======================================================================
FAIL: test_reveals_are_gated_and_no_record_id_or_placeholder_reaches_the_learner (test_render_core.Renderer.test_reveals_are_gated_and_no_record_id_or_placeholder_reaches_the_learner) (page='core2.html')
----------------------------------------------------------------------
Traceback (most recent call last):
  File "C:\CodeB\Grade9v3.5\.codex-recovery\r4-suite\tests\test_render_core.py", line 58, in test_reveals_are_gated_and_no_record_id_or_placeholder_reaches_the_learner
    self.assertIn("data-requires-attempt", details)
AssertionError: 'data-requires-attempt' not found in '<details class="g9-secondary-disclosure" data-g9-secondary="core2-wrong-route">'

======================================================================
FAIL: test_build_pipeline_exercises_zero_gap_scoped_browser_and_pdf_path_without_turning_quality_into_a_gate (test_renderer_inventory.OutputRoleScope.test_build_pipeline_exercises_zero_gap_scoped_browser_and_pdf_path_without_turning_quality_into_a_gate)
----------------------------------------------------------------------
Traceback (most recent call last):
  File "C:\CodeB\Grade9v3.5\.codex-recovery\r4-suite\tests\test_renderer_inventory.py", line 226, in test_build_pipeline_exercises_zero_gap_scoped_browser_and_pdf_path_without_turning_quality_into_a_gate
    self.assertIn("Governing relation", pdf_text[0], "the title must not consume an otherwise empty page")
AssertionError: 'Governing relation' not found in 'Concept: Momentum-transfer force rate\nOrientationAll questions in QB →\nMomentum-transfer force rate: Orientation map\nForce from a steady stream of discrete momentum changes\nSubject:Physics Topic:Force and Laws of Motion Concept:Force from a steady stream of discrete momentum changes\nConcept difficulty:Hard concept\nHard transition\nA repeated stream converts a momentum change per item into a momentum change per unit time: if each fixed-mass\nitem receives signed Delta p_item and R such items are ejected per second, the average force on the ejecta is R Delta\nP h y s i c s  /  M om e n t u m - t r a n s f e r  f or c e  r a t e  /  C O RE 1' : the title must not consume an otherwise empty page

======================================================================
FAIL: test_browser_entry_matches_python_intake (test_research_first_workflow.EntryAndCliTests.test_browser_entry_matches_python_intake)
----------------------------------------------------------------------
Traceback (most recent call last):
  File "C:\CodeB\Grade9v3.5\.codex-recovery\r4-suite\tests\test_research_first_workflow.py", line 172, in test_browser_entry_matches_python_intake
    self.assertEqual(done.returncode, 0, done.stdout[-3000:])
AssertionError: 1 != 0 : TAP version 13
# Subtest: browser intake equals Python intake for every subject fixture
ok 1 - browser intake equals Python intake for every subject fixture
  ---
  duration_ms: 920.5368
  type: 'test'
  ...
# Subtest: pasted blocks keep owner labels and source hints as data, not identity
ok 2 - pasted blocks keep owner labels and source hints as data, not identity
  ---
  duration_ms: 8.2083
  type: 'test'
  ...
# Subtest: a question keeps the lines the Owner wrote, in the browser as in Python, and its identity ignores the layout
ok 3 - a question keeps the lines the Owner wrote, in the browser as in Python, and its identity ignores the layout
  ---
  duration_ms: 291.5045
  type: 'test'
  ...
# Subtest: entry page wires the research-first path and keeps the mapped composer secondary
not ok 4 - entry page wires the research-first path and keeps the mapped composer secondary
  ---
  duration_ms: 2.2418
  type: 'test'
  location: 'C:\\CodeB\\Grade9v3.5\\.codex-recovery\\r4-suite\\tests\\raw_intake.test.mjs:75:1'
  failureType: 'testCodeFailure'
  error: |-
    Expected values to be strictly equal:
    + actual - expected
    
    + null
    - 'raw-intake/index.html'
    
  code: 'ERR_ASSERTION'
  name: 'AssertionError'
  expected: 'raw-intake/index.html'
  actual: ~
  operator: 'strictEqual'
  stack: |-
    TestContext.<anonymous> (file:///C:/CodeB/Grade9v3.5/.codex-recovery/r4-suite/tests/raw_intake.test.mjs:82:10)
    Test.runInAsyncScope (node:async_hooks:214:14)
    Test.run (node:internal/test_runner/test:1047:25)
    Test.processPendingSubtests (node:internal/test_runner/test:744:18)
    Test.postRun (node:internal/test_runner/test:1173:19)
    Test.run (node:internal/test_runner/test:1101:12)
    async Test.processPendingSubtests (node:internal/test_runner/test:744:7)
  ...
# Subtest: browser first-stage route equals Python for requested, supplied and syllabus-only jobs
ok 5 - browser first-stage route equals Python for requested, supplied and syllabus-only jobs
  ---
  duration_ms: 1807.3823
  type: 'test'
  ...
# Subtest: the copy-paste agent prompt follows the first-stage route and not the old six-Core script
ok 6 - the copy-paste agent prompt follows the first-stage route and not the old six-Core script
  ---
  duration_ms: 14.6016
  type: 'test'
  ...
# Subtest: the entry form offers a first-Core choice and sends it with the request
ok 7 - the entry form offers a first-Core choice and sends it with the request
  ---
  duration_ms: 0.8709
  type: 'test'
  ...
1..7
# tests 7
# suites 0
# pass 6
# fail 1
# cancelled 0
# skipped 0
# todo 0
# duration_ms 3281.2192


======================================================================
FAIL: test_no_new_navigation_findings_beyond_the_baseline (test_site_nav_audit.SiteNavAudit.test_no_new_navigation_findings_beyond_the_baseline)
----------------------------------------------------------------------
Traceback (most recent call last):
  File "C:\CodeB\Grade9v3.5\.codex-recovery\r4-suite\tests\test_site_nav_audit.py", line 21, in test_no_new_navigation_findings_beyond_the_baseline
    self.assertEqual(sorted(new), [], "fix these or, if intended, they must not exist; the baseline only shrinks")
AssertionError: Lists differ: [('NO_SHELL', 'mathematics/linear-equation[3259 chars]re')] != []

First list contains 38 additional elements.
First extra element 0:
('NO_SHELL', 'mathematics/linear-equations/atlas.html', 'shared tablet shell not loaded')

Diff is 3553 characters long. Set self.maxDiff to None to see it. : fix these or, if intended, they must not exist; the baseline only shrinks

======================================================================
FAIL: test_the_reference_product_keeps_the_blueprints_tablet_promises (test_tablet_audit.TabletAudit.test_the_reference_product_keeps_the_blueprints_tablet_promises)
----------------------------------------------------------------------
Traceback (most recent call last):
  File "C:\CodeB\Grade9v3.5\.codex-recovery\r4-suite\tests\test_tablet_audit.py", line 35, in test_the_reference_product_keeps_the_blueprints_tablet_promises
    self.assertEqual(gaps, [])
AssertionError: Lists differ: [{'duty': 'MOUNT_REPRESENTATION', 'record'[395 chars]ON'}] != []

First list contains 2 additional elements.
First extra element 0:
{'duty': 'MOUNT_REPRESENTATION', 'record': 'PYQ-PHY-JEEADV-2021-P1-Q06', 'detail': "REP-PYQ-JEEADV-2021-P1-Q06 is not a representation in the product's packages", 'core': 'CORE2', 'product': 'PRODUCT-PHY-KIN-2D-MOTION'}

+ []
- [{'core': 'CORE2',
-   'detail': 'REP-PYQ-JEEADV-2021-P1-Q06 is not a representation in the '
-             "product's packages",
-   'duty': 'MOUNT_REPRESENTATION',
-   'product': 'PRODUCT-PHY-KIN-2D-MOTION',
-   'record': 'PYQ-PHY-JEEADV-2021-P1-Q06'},
-  {'core': 'CORE2',
-   'detail': 'REP-PYQ-JEEADV-2013-P1-Q07 is not a representation in the '
-             "product's packages",
-   'duty': 'MOUNT_REPRESENTATION',
-   'product': 'PRODUCT-PHY-KIN-2D-MOTION',
-   'record': 'PYQ-PHY-JEEADV-2013-P1-Q07'}]

======================================================================
FAIL: test_a_question_with_no_hint_ladder_or_route_is_refused_and_says_why (test_test_area.TestOwnerBankFromIntake.test_a_question_with_no_hint_ladder_or_route_is_refused_and_says_why)
----------------------------------------------------------------------
Traceback (most recent call last):
  File "C:\CodeB\Grade9v3.5\.codex-recovery\r4-suite\tests\test_test_area.py", line 670, in test_a_question_with_no_hint_ladder_or_route_is_refused_and_says_why
    self.assertIn("scaffolds[]", problems, "the message carries the blueprint's own instruction for the author")
AssertionError: 'scaffolds[]' not found in "bank: questions[0] OWN-VEC-01: HINT_LADDER needs 3, the record supplies 0. Author question-specific scaffolds for the semantic jobs the resolved QRT requires: clarify the learner-relative obstacle, connect to demonstrated knowledge, and open the route toward the crux while preserving the learner-owned move. Add further rungs only when they do useful work. The 3-rung D1/D2 and 5-rung D3/D4 values are reference depth, not semantic pass counts; never create filler merely to reach a number. Each rung keeps typed support_kind/reveals/learner_stage and a supports_move_ref, and pre-solution support must not reveal the answer. bank: questions[0] OWN-VEC-01: SOLUTION_STEPS needs 3, the record supplies 0. Write answer.reasoning_route[]: 3 moves for a D1 or D2 question, 4 for a D3 or D4. Each move has id, kind (DECIDE, REPRESENT, CONNECT, TRANSFORM or VERIFY), action (what is done), why_valid (the physical or logical reason this step is allowed; not 'this follows from the model'), inputs and output. Set crux_move_ref to the id of the move a learner is most likely to miss. Delete the move the band does not need. D1 repair: Keep neighbour/domain, bond-component and orbital-basis inventories distinct. A pi component is not axial density; VSEPR is qualitative. Each action needs its actual local warrant and output, rather than a generic assertion that the source/model permits it. D2 repair: Close the valence-basis ledger: hybrid outputs plus residual functions equal the independent inputs, with no double use. Nuclear shape excludes lone-pair vertices. A geometry drawing does not uniquely measure an orbital basis. D3 repair: Contributors are bookkeeping alternatives, not switching structures. Count the occupied delocalised pi space, not only a drawn double bond. Orthogonal p directions constrain allene terminal planes; Pauli is not a blanket one-bond-per-orbital ban. D4 repair: Separate local counts, occupancy, adjacency, alignment and empirical evidence. A supplied overlap factor is not total energy. Preserve formal electron inventory under torsion; strength, barrier and unique basis require specified further evidence." : the message carries the blueprint's own instruction for the author

======================================================================
FAIL: test_test_is_not_a_question_bank_subject (test_test_area.TestPages.test_test_is_not_a_question_bank_subject)
----------------------------------------------------------------------
Traceback (most recent call last):
  File "C:\CodeB\Grade9v3.5\.codex-recovery\r4-suite\tests\test_test_area.py", line 200, in test_test_is_not_a_question_bank_subject
    self.assertEqual(len(projection["questions"]), 81)
AssertionError: 310 != 81

======================================================================
FAIL: test_the_tab_is_in_the_shared_header_and_on_the_hubs_and_the_site_can_reach_test (test_test_area.TestPages.test_the_tab_is_in_the_shared_header_and_on_the_hubs_and_the_site_can_reach_test)
----------------------------------------------------------------------
Traceback (most recent call last):
  File "C:\CodeB\Grade9v3.5\.codex-recovery\r4-suite\tests\test_test_area.py", line 191, in test_the_tab_is_in_the_shared_header_and_on_the_hubs_and_the_site_can_reach_test
    self.assertIn("root+'test/index.html'", header)
AssertionError: "root+'test/index.html'" not found in '(function() {\n  \'use strict\';\n\n  const script = document.currentScript;\n  const root = (script && script.dataset.siteRoot) || \'\';\n  const parent = (script && script.dataset.siteParent) || root + \'index.html\';\n\n  // 1. Legacy header enhancement (for question-bank or older pages)\n  function initLegacyHeader() {\n    const header = document.querySelector(\'header.site-nav\');\n    if (!header || header.dataset.g9Enhanced) return;\n    header.dataset.g9Enhanced = \'true\';\n\n    document.body.classList.add(\'g9-fixed-header\');\n    header.classList.add(\'site-nav-enhanced\');\n\n    const brand = header.querySelector(\'.brand-link\');\n    const nav = header.querySelector(\'.nav-links\');\n\n    if (brand && nav) {\n      if (!header.querySelector(\'.site-leading\')) {\n        const leading = document.createElement(\'div\');\n        leading.className = \'site-leading\';\n        const back = document.createElement(\'button\');\n        back.type = \'button\';\n        back.className = \'site-icon-btn\';\n        back.title = \'Back\';\n        back.setAttribute(\'aria-label\', \'Go back\');\n        back.textContent = \'←\';\n        back.addEventListener(\'click\', () => { history.back(); });\n        leading.appendChild(back);\n        header.insertBefore(leading, brand);\n        leading.appendChild(brand);\n      }\n\n      if (!header.querySelector(\'.site-actions\')) {\n        const actions = document.createElement(\'div\');\n        actions.className = \'site-actions\';\n\n        const searchBtn = document.createElement(\'button\');\n        searchBtn.type = \'button\';\n        searchBtn.className = \'site-icon-btn g9-search-btn\';\n        searchBtn.title = \'Search Grade9V3 (Ctrl/⌘ K)\';\n        searchBtn.setAttribute(\'aria-label\', \'Search Grade9V3\');\n        searchBtn.textContent = \'🔍\';\n        searchBtn.addEventListener(\'click\', openSearch);\n\n        const themeBtn = document.createElement(\'button\');\n        themeBtn.type = \'button\';\n        themeBtn.className = \'site-icon-btn g9-theme-btn\';\n        themeBtn.title = \'Toggle Dark / Light Theme\';\n        themeBtn.setAttribute(\'aria-label\', \'Toggle theme\');\n        themeBtn.textContent = \'🌓\';\n        themeBtn.addEventListener(\'click\', () => {\n          if (window.Grade9Display && window.Grade9Display.toggleTheme) {\n            window.Grade9Display.toggleTheme();\n          } else {\n            const current = document.documentElement.dataset.theme;\n            const next = current === \'dark\' ? \'light\' : \'dark\';\n            document.documentElement.dataset.theme = next;\n            try { localStorage.setItem(\'g9-theme\', next); } catch (e) {}\n          }\n        });\n\n        actions.append(searchBtn, themeBtn);\n\n        const displayBtn = nav.querySelector(\'.g9-display-trigger-btn\');\n        if (displayBtn) {\n          actions.appendChild(displayBtn);\n        }\n\n        header.appendChild(actions);\n      }\n    }\n  }\n\n  // 2. Global search dialog\n  const dialog = document.createElement(\'dialog\');\n  dialog.className = \'g9-search-dialog\';\n  dialog.setAttribute(\'aria-labelledby\', \'g9SearchTitle\');\n\n  const wrap = document.createElement(\'div\');\n  wrap.className = \'g9-search-wrap\';\n\n  const top=document.createElement(\'div\');\n  top.className = \'g9-search-top\';\n\n  const title = document.createElement(\'strong\');\n  title.id = \'g9SearchTitle\';\n  title.textContent = \'Search Grade9V3.5\';\n\n  const close = document.createElement(\'button\');\n  close.type = \'button\';\n  close.className = \'site-icon-btn\';\n  close.textContent = \'×\';\n  close.setAttribute(\'aria-label\', \'Close search\');\n  close.addEventListener(\'click\', () => dialog.close());\n\n  top.append(title, close);\n\n  const input = document.createElement(\'input\');\n  input.type = \'search\';\n  input.placeholder = \'Search pages, concepts, questions, or topics…\';\n  input.autocomplete = \'off\';\n  input.setAttribute(\'aria-label\', \'Search Grade9V3\');\n\n  const hint = document.createElement(\'div\');\n  hint.className = \'g9-search-hint\';\n  hint.textContent = \'Tip: press Ctrl/⌘ K from anywhere to search.\';\n\n  const tabsContainer = document.createElement(\'div\');\n  tabsContainer.className = \'g9-search-tabs\';\n  tabsContainer.setAttribute(\'role\', \'tablist\');\n  tabsContainer.hidden = true;\n\n  const results = document.createElement(\'div\');\n  results.className = \'g9-search-results\';\n  results.setAttribute(\'aria-live\', \'polite\');\n\n  wrap.append(top, input, hint, tabsContainer, results);\n  dialog.appendChild(wrap);\n\n  if (document.body) {\n    document.body.appendChild(dialog);\n  } else {\n    document.addEventListener(\'DOMContentLoaded\', () => document.body.appendChild(dialog));\n  }\n\n  // 3. Search Data Loader with robust multi-depth path resolution\n  let searchDataPromise = null;\n  function getCandidateSearchUrls() {\n    let scriptRoot = (script && script.dataset.siteRoot);\n    if (!scriptRoot && script && script.src) {\n      try {\n        const u = new URL(script.src, window.location.href);\n        const idx = u.pathname.lastIndexOf(\'/js/\');\n        if (idx !== -1) {\n          scriptRoot = u.pathname.slice(0, idx + 1);\n        }\n      } catch (e) {}\n    }\n    const prefix = scriptRoot || \'\';\n    const candidates = [\n      prefix + \'data/learner-search-index.v1.json\',\n      \'/data/learner-search-index.v1.json\',\n      \'../data/learner-search-index.v1.json\',\n      \'../../data/learner-search-index.v1.json\',\n      \'data/learner-search-index.v1.json\'\n    ];\n    return Array.from(new Set(candidates));\n  }\n\n  function loadSearchData() {\n    if (searchDataPromise) return searchDataPromise;\n    const urls = getCandidateSearchUrls();\n\n    async function tryFetch() {\n      for (const u of urls) {\n        try {\n          const res = await fetch(u);\n          if (res.ok) {\n            const data = await res.json();\n            if (Array.isArray(data) && data.length > 0) return data;\n          }\n        } catch (e) {}\n      }\n      throw new Error(\'All search index candidate URLs failed\');\n    }\n\n    searchDataPromise = tryFetch()\n      .catch((err) => {\n        console.warn(\'Search index fetch failed, falling back to QB data:\', err);\n        return new Promise(resolve => {\n          if (window.GRADE9_QUESTION_BANK) {\n            resolve(mapQbData(window.GRADE9_QUESTION_BANK));\n          } else {\n            const s = document.createElement(\'script\');\n            s.src = root + \'data/question-bank-data.js\';\n            s.onload = () => resolve(mapQbData(window.GRADE9_QUESTION_BANK || {}));\n            s.onerror = () => resolve([]);\n            document.head.appendChild(s);\n          }\n        });\n      });\n    return searchDataPromise;\n  }\n\n  function mapQbData(qb) {\n    const list = [];\n    (qb.destinations || []).forEach(d => {\n      list.push({\n        id: d.path,\n        title: d.title,\n        url: d.path,\n        type: \'PAGE\',\n        search_text: [d.title, d.kind, ...(d.keywords || [])].join(\' \')\n      });\n    });\n    (qb.questions || []).forEach(q => {\n      list.push({\n        id: q.id,\n        title: (q.exam || \'\') + \' \' + (q.year || \'\') + \' - \' + (q.topic || \'\'),\n        url: \'question-bank/index.html?q=\' + encodeURIComponent(q.id) + \'#\' + encodeURIComponent(q.id),\n        type: \'QUESTION\',\n        search_text: [q.id, q.subject, q.topic, q.stem].join(\' \')\n      });\n    });\n    return list;\n  }\n\n  function normalize(v) {\n    return String(v || \'\').toLowerCase().replace(/[^a-z0-9]+/g, \' \').trim();\n  }\n\n  function getCategory(item) {\n    if (item.category) return item.category;\n    const t = String(item.type || \'\').toUpperCase();\n    if (t === \'QUESTION\') return \'question\';\n    if (t === \'TOPIC\' || t === \'SUBTOPIC\' || t === \'CONCEPT\') return \'curriculum\';\n    if (t.includes(\'CORE_1A\') || t.includes(\'CORE_2\') || item.sub_type === \'CORE_1A\' || item.sub_type === \'CORE_2\' || (item.url && item.url.includes(\'12-7-tablet\'))) return \'tablet\';\n    return \'tablet\';\n  }\n\n  function getReadableKind(type) {\n    const t = String(type || \'\').toUpperCase();\n    if (t === \'EXPLORE_RESOURCE\') return \'EXPLORER\';\n    if (t === \'LEARN_RESOURCE\') return \'CORE STUDY\';\n    if (t === \'PRACTICE_RESOURCE\') return \'PRACTICE\';\n    if (t === \'CONCEPT\') return \'CONCEPT\';\n    if (t === \'QUESTION\') return \'QUESTION\';\n    if (t === \'TOPIC\') return \'TOPIC\';\n    if (t === \'SUBTOPIC\') return \'SUBTOPIC\';\n    if (t === \'HINT\' || t === \'RUNG\') return \'HINT\';\n    return t || \'PAGE\';\n  }\n\n  function scoreItem(item, tokens, term) {\n    let score = 1000;\n    const titleNorm = normalize(item.title);\n    const idNorm = normalize(item.id);\n    const textNorm = normalize(item.search_text);\n\n    if (idNorm === term || item.id === term || item.id === \'Q-\' + term || idNorm === \'q \' + term) score += 25000;\n    else if (idNorm.includes(term)) score += 5000;\n\n    if (titleNorm === term) score += 15000;\n    else if (titleNorm.startsWith(term)) score += 6000;\n    else if (tokens.every(tok => titleNorm.includes(tok))) score += 3000;\n    else if (tokens.some(tok => titleNorm.includes(tok))) score += 1000;\n\n    if (tokens.every(tok => textNorm.includes(tok))) score += 500;\n    if (textNorm.includes(term)) score += 300;\n\n    return score;\n  }\n\n  function resultLink(item, href) {\n    const a = document.createElement(\'a\');\n    a.className = \'g9-search-result\';\n    a.href = href;\n    if (item.target === \'_blank\') {\n      a.target = \'_blank\';\n      a.rel = \'noopener noreferrer\';\n    }\n\n    const main = document.createElement(\'span\');\n    main.className = \'g9-search-result-main\';\n    main.textContent = item.title || item.id;\n\n    const sub = document.createElement(\'span\');\n    if (item.breadcrumb) {\n      sub.className = \'g9-search-breadcrumb\';\n      sub.textContent = item.breadcrumb;\n    } else {\n      sub.className = \'g9-search-result-sub\';\n      sub.textContent = item.search_text ? item.search_text.slice(0, 110) + \'…\' : (item.id || \'\');\n    }\n\n    const badge = document.createElement(\'span\');\n    badge.className = \'g9-search-result-kind\';\n    const rawBadge = item.badge || getReadableKind(item.type);\n    badge.textContent = rawBadge;\n\n    const bNorm = rawBadge.toLowerCase();\n    if (bNorm.includes(\'core 1a\')) badge.classList.add(\'g9-badge-core1a\');\n    else if (bNorm.includes(\'core 2\')) badge.classList.add(\'g9-badge-core2\');\n    else if (bNorm.includes(\'ncert\')) badge.classList.add(\'g9-badge-ncert\');\n    else if (bNorm.includes(\'jee\') || bNorm.includes(\'iit\')) badge.classList.add(\'g9-badge-jee\');\n    else if (item.type === \'TOPIC\' || item.type === \'SUBTOPIC\') badge.classList.add(\'g9-badge-topic\');\n\n    a.append(main, sub, badge);\n    return a;\n  }\n\n  let activeCategory = \'all\';\n\n  async function renderSearch() {\n    const term = normalize(input.value);\n    results.replaceChildren();\n    if (!term) {\n      tabsContainer.hidden = true;\n      const p = document.createElement(\'p\');\n      p.className = \'g9-search-empty\';\n      p.textContent = \'Type to search the portal, concepts, and canonical Question Bank.\';\n      results.appendChild(p);\n      return;\n    }\n\n    const data = await loadSearchData().catch(() => []);\n    const tokens = term.split(/\\s+/).filter(Boolean);\n\n    const matched = (Array.isArray(data) ? data : []).filter(item => {\n      const hay = normalize([item.title, item.id, item.search_text, item.type].join(\' \'));\n      return tokens.every(t => {\n        if (hay.includes(t)) return true;\n        if (t.length >= 4) {\n          const stem = t.slice(0, 4);\n          if (hay.includes(stem)) return true;\n        }\n        return false;\n      });\n    });\n\n    if (matched.length === 0) {\n      tabsContainer.hidden = true;\n      const p = document.createElement(\'p\');\n      p.className = \'g9-search-empty\';\n      p.textContent = \'No matching results found.\';\n      results.appendChild(p);\n      return;\n    }\n\n    // Sort by relevance score\n    matched.sort((a, b) => scoreItem(b, tokens, term) - scoreItem(a, tokens, term));\n\n    let effectiveRoot = (script && script.dataset.siteRoot);\n    if (!effectiveRoot && script && script.src) {\n      try {\n        const u = new URL(script.src, window.location.href);\n        const idx = u.pathname.lastIndexOf(\'/js/\');\n        if (idx !== -1) {\n          effectiveRoot = u.pathname.slice(0, idx + 1);\n        }\n      } catch (e) {}\n    }\n    effectiveRoot = effectiveRoot || \'\';\n\n    // Calculate dynamic counts\n    const countAll = matched.length;\n    const countQuestions = matched.filter(m => getCategory(m) === \'question\').length;\n    const countTablets = matched.filter(m => getCategory(m) === \'tablet\').length;\n    const countCurriculum = matched.filter(m => getCategory(m) === \'curriculum\').length;\n\n    // Reset tab if current active has 0 results\n    if (activeCategory === \'question\' && countQuestions === 0) activeCategory = \'all\';\n    if (activeCategory === \'tablet\' && countTablets === 0) activeCategory = \'all\';\n    if (activeCategory === \'curriculum\' && countCurriculum === 0) activeCategory = \'all\';\n\n    // Render tabs\n    tabsContainer.hidden = false;\n    tabsContainer.replaceChildren();\n    const tabDefs = [\n      { id: \'all\', label: \'All\', count: countAll },\n      { id: \'question\', label: \'Questions\', count: countQuestions },\n      { id: \'tablet\', label: \'Core 1A & 2 Tablets\', count: countTablets },\n      { id: \'curriculum\', label: \'Topics & Concepts\', count: countCurriculum },\n    ];\n    tabDefs.forEach(def => {\n      const btn = document.createElement(\'button\');\n      btn.type = \'button\';\n      btn.className = \'g9-search-tab\' + (activeCategory === def.id ? \' active\' : \'\');\n      btn.setAttribute(\'role\', \'tab\');\n      btn.setAttribute(\'aria-selected\', String(activeCategory === def.id));\n\n      const lbl = document.createElement(\'span\');\n      lbl.textContent = def.label;\n\n      const badgeCount = document.createElement(\'span\');\n      badgeCount.className = \'g9-search-tab-count\';\n      badgeCount.textContent = String(def.count);\n\n      btn.append(lbl, badgeCount);\n      btn.addEventListener(\'click\', () => {\n        activeCategory = def.id;\n        renderSearch();\n      });\n      tabsContainer.appendChild(btn);\n    });\n\n    const createBridge = () => {\n      const bridge = document.createElement(\'a\');\n      bridge.className = \'g9-search-qb-bridge\';\n      bridge.href = effectiveRoot + \'question-bank/index.html?q=\' + encodeURIComponent(input.value.trim());\n      const leftText = document.createElement(\'span\');\n      leftText.textContent = `View all ${countQuestions} questions in Question Bank`;\n      const rightArrow = document.createElement(\'span\');\n      rightArrow.textContent = \'›\';\n      bridge.append(leftText, rightArrow);\n      return bridge;\n    };\n\n    const renderCard = item => {\n      let itemUrl = item.url || \'\';\n      if (!itemUrl.startsWith(\'http\') && !itemUrl.startsWith(\'/\')) {\n        itemUrl = effectiveRoot + itemUrl;\n      }\n      return resultLink(item, itemUrl);\n    };\n\n    if (activeCategory === \'all\') {\n      const tablets = matched.filter(m => getCategory(m) === \'tablet\');\n      const curriculum = matched.filter(m => getCategory(m) === \'curriculum\');\n      const questions = matched.filter(m => getCategory(m) === \'question\');\n\n      if (tablets.length) {\n        const secHdr = document.createElement(\'div\');\n        secHdr.className = \'g9-search-section-header\';\n        secHdr.textContent = `📑 Core 1A & 2 Tablets (${tablets.length})`;\n        results.appendChild(secHdr);\n        tablets.slice(0, 6).forEach(item => results.appendChild(renderCard(item)));\n      }\n\n      if (curriculum.length) {\n        const secHdr = document.createElement(\'div\');\n        secHdr.className = \'g9-search-section-header\';\n        secHdr.textContent = `📚 Topics & Concepts (${curriculum.length})`;\n        results.appendChild(secHdr);\n        curriculum.slice(0, 4).forEach(item => results.appendChild(renderCard(item)));\n      }\n\n      if (questions.length) {\n        const secHdr = document.createElement(\'div\');\n        secHdr.className = \'g9-search-section-header\';\n        secHdr.textContent = `🎯 Questions in Question Bank (${questions.length})`;\n        results.appendChild(secHdr);\n        results.appendChild(createBridge());\n        questions.slice(0, 8).forEach(item => results.appendChild(renderCard(item)));\n      }\n    } else if (activeCategory === \'question\') {\n      if (countQuestions > 0) results.appendChild(createBridge());\n      const questions = matched.filter(m => getCategory(m) === \'question\');\n      questions.slice(0, 20).forEach(item => results.appendChild(renderCard(item)));\n    } else if (activeCategory === \'tablet\') {\n      const tablets = matched.filter(m => getCategory(m) === \'tablet\');\n      tablets.slice(0, 20).forEach(item => results.appendChild(renderCard(item)));\n    } else if (activeCategory === \'curriculum\') {\n      const curriculum = matched.filter(m => getCategory(m) === \'curriculum\');\n      curriculum.slice(0, 20).forEach(item => results.appendChild(renderCard(item)));\n    }\n  }\n\n  let searchTimer = null;\n  input.addEventListener(\'input\', () => {\n    clearTimeout(searchTimer);\n    searchTimer = setTimeout(renderSearch, 60);\n  });\n\n  function openSearch(e) {\n    if (e && e.preventDefault) e.preventDefault();\n    if (typeof dialog.showModal === \'function\' && !dialog.open) {\n      dialog.showModal();\n    } else {\n      dialog.setAttribute(\'open\', \'\');\n    }\n    input.focus();\n    renderSearch();\n  }\n\n  // 4. Bind universal triggers\n  function bindTriggers() {\n    initLegacyHeader();\n\n    document.querySelectorAll(\'[data-g9-action="search"], .g9-search-trigger, .g9-search-btn\').forEach(btn => {\n      btn.onclick = openSearch;\n    });\n\n    document.querySelectorAll(\'[data-g9-action="theme"], .g9-theme-toggle\').forEach(btn => {\n      btn.onclick = (e) => {\n        e.preventDefault();\n        if (window.Grade9Display && window.Grade9Display.toggleTheme) {\n          window.Grade9Display.toggleTheme();\n        } else {\n          const current = document.documentElement.dataset.theme;\n          const next = current === \'dark\' ? \'light\' : \'dark\';\n          document.documentElement.dataset.theme = next;\n          try { localStorage.setItem(\'g9-theme\', next); } catch (err) {}\n        }\n      };\n    });\n\n    document.querySelectorAll(\'[data-g9-action="display"], .g9-display-btn\').forEach(btn => {\n      btn.onclick = (e) => {\n        e.preventDefault();\n        if (window.Grade9Display && window.Grade9Display.togglePopover) {\n          window.Grade9Display.togglePopover();\n        } else {\n          const panel = document.querySelector(\'[data-g9-display-panel]\');\n          if (panel) panel.toggleAttribute(\'hidden\');\n        }\n      };\n    });\n  }\n\n  document.addEventListener(\'click\', (e) => {\n    if (!e.target.closest(\'.g9-header-dropdown\')) {\n      document.querySelectorAll(\'.g9-header-dropdown[open]\').forEach(d => d.removeAttribute(\'open\'));\n    }\n  });\n\n  if (document.readyState === \'loading\') {\n    document.addEventListener(\'DOMContentLoaded\', bindTriggers);\n  } else {\n    bindTriggers();\n  }\n\n  document.addEventListener(\'keydown\', e => {\n    if ((e.ctrlKey || e.metaKey) && e.key.toLowerCase() === \'k\') {\n      e.preventDefault();\n      openSearch();\n    }\n    if (e.key === \'Escape\') {\n      if (dialog.open) dialog.close();\n      document.querySelectorAll(\'.g9-header-dropdown[open]\').forEach(d => d.removeAttribute(\'open\'));\n    }\n  });\n\n  // Global API\n  window.Grade9Header = {\n    openSearch,\n    closeSearch: () => dialog.close()\n  };\n})();\n'

======================================================================
FAIL: test_committed_manifest_matches_the_tree (test_tools.Manifest.test_committed_manifest_matches_the_tree)
----------------------------------------------------------------------
Traceback (most recent call last):
  File "C:\CodeB\Grade9v3.5\.codex-recovery\r4-suite\tests\test_tools.py", line 32, in test_committed_manifest_matches_the_tree
    self.assertEqual(committed["digest"], build_manifest.collect()["digest"],
AssertionError: 'sha256:5c89fdcc96af347bcc742868ef2f78c3c49191189371e09620753fd43c818057' != 'sha256:e83631fef3fd7f6084d59dde0d89ab3c1008daf640da3147dde3012bda1a5647'
- sha256:5c89fdcc96af347bcc742868ef2f78c3c49191189371e09620753fd43c818057
+ sha256:e83631fef3fd7f6084d59dde0d89ab3c1008daf640da3147dde3012bda1a5647
 : regenerate with python3 Shared/tools/build_manifest.py

======================================================================
FAIL: test_the_sweep_passes_on_the_committed_tree (test_tools.SubjectCoverage.test_the_sweep_passes_on_the_committed_tree)
----------------------------------------------------------------------
Traceback (most recent call last):
  File "C:\CodeB\Grade9v3.5\.codex-recovery\r4-suite\tests\test_tools.py", line 238, in test_the_sweep_passes_on_the_committed_tree
    self.assertTrue(report["passed"], report)
AssertionError: False is not true : {'subjects_checked': 4, 'subjects': [{'subject': 'Chemistry', 'state': 'CONTRACT_ONLY', 'gate_registries': 0, 'library_packages': 0, 'findings': []}, {'subject': 'Mathematics', 'state': 'IMPLEMENTED', 'gate_registries': 1, 'library_packages': 1, 'findings': ["linear-equations.v1.json: STRUCTURE: ['questions', 6, 'answer', 'verification_status']: 'VERIFIED_CANONICAL' is not one of ['NOT_RUN', 'CHECKED_BY_AUTHOR', 'INDEPENDENTLY_CHECKED', 'DISPUTED']", "linear-equations.v1.json: STRUCTURE: ['questions', 6, 'status']: 'PUBLISHED' is not one of ['DISCOVERED', 'CANDIDATE', 'REVIEWED', 'CURATED', 'DISPUTED', 'STALE', 'RETIRED']", "linear-equations.v1.json: STRUCTURE: ['questions', 7, 'answer', 'verification_status']: 'VERIFIED_CANONICAL' is not one of ['NOT_RUN', 'CHECKED_BY_AUTHOR', 'INDEPENDENTLY_CHECKED', 'DISPUTED']", "linear-equations.v1.json: STRUCTURE: ['questions', 7, 'status']: 'PUBLISHED' is not one of ['DISCOVERED', 'CANDIDATE', 'REVIEWED', 'CURATED', 'DISPUTED', 'STALE', 'RETIRED']", "linear-equations.v1.json: STRUCTURE: ['questions', 8, 'answer', 'verification_status']: 'VERIFIED_CANONICAL' is not one of ['NOT_RUN', 'CHECKED_BY_AUTHOR', 'INDEPENDENTLY_CHECKED', 'DISPUTED']", "linear-equations.v1.json: STRUCTURE: ['questions', 8, 'status']: 'PUBLISHED' is not one of ['DISCOVERED', 'CANDIDATE', 'REVIEWED', 'CURATED', 'DISPUTED', 'STALE', 'RETIRED']", "linear-equations.v1.json: STRUCTURE: ['questions', 11, 'answer', 'verification_status']: 'VERIFIED_CANONICAL' is not one of ['NOT_RUN', 'CHECKED_BY_AUTHOR', 'INDEPENDENTLY_CHECKED', 'DISPUTED']", "linear-equations.v1.json: STRUCTURE: ['questions', 11, 'status']: 'PUBLISHED' is not one of ['DISCOVERED', 'CANDIDATE', 'REVIEWED', 'CURATED', 'DISPUTED', 'STALE', 'RETIRED']", "linear-equations.v1.json: STRUCTURE: ['questions', 12, 'answer', 'verification_status']: 'VERIFIED_CANONICAL' is not one of ['NOT_RUN', 'CHECKED_BY_AUTHOR', 'INDEPENDENTLY_CHECKED', 'DISPUTED']", "linear-equations.v1.json: STRUCTURE: ['questions', 12, 'status']: 'PUBLISHED' is not one of ['DISCOVERED', 'CANDIDATE', 'REVIEWED', 'CURATED', 'DISPUTED', 'STALE', 'RETIRED']", 'linear-equations.v1.json: DUPLICATED: REL-MAT-LEQ-03-REDUCED-OUTCOMES.extensions.grade9v3:academic_revision.basis: identical text on 5 records (REL-MAT-LEQ-03-REDUCED-OUTCOMES, REL-MAT-LEQ-03-REDUCTION, REL-MAT-LEQ-04-STRAIGHT-LINE, REL-MAT-LEQ-04-TWO-VARIABLE-FORM...)', 'linear-equations.v1.json: DUPLICATED: REL-MAT-LEQ-03-REDUCTION.extensions.grade9v3:academic_revision.basis: identical text on 5 records (REL-MAT-LEQ-03-REDUCED-OUTCOMES, REL-MAT-LEQ-03-REDUCTION, REL-MAT-LEQ-04-STRAIGHT-LINE, REL-MAT-LEQ-04-TWO-VARIABLE-FORM...)', 'linear-equations.v1.json: DUPLICATED: REL-MAT-LEQ-04-STRAIGHT-LINE.extensions.grade9v3:academic_revision.basis: identical text on 5 records (REL-MAT-LEQ-03-REDUCED-OUTCOMES, REL-MAT-LEQ-03-REDUCTION, REL-MAT-LEQ-04-STRAIGHT-LINE, REL-MAT-LEQ-04-TWO-VARIABLE-FORM...)', 'linear-equations.v1.json: DUPLICATED: REL-MAT-LEQ-04-TWO-VARIABLE-FORM.extensions.grade9v3:academic_revision.basis: identical text on 5 records (REL-MAT-LEQ-03-REDUCED-OUTCOMES, REL-MAT-LEQ-03-REDUCTION, REL-MAT-LEQ-04-STRAIGHT-LINE, REL-MAT-LEQ-04-TWO-VARIABLE-FORM...)', 'linear-equations.v1.json: DUPLICATED: REL-MATH-EXACTNESS.extensions.grade9v3:academic_revision.basis: identical text on 5 records (REL-MAT-LEQ-03-REDUCED-OUTCOMES, REL-MAT-LEQ-03-REDUCTION, REL-MAT-LEQ-04-STRAIGHT-LINE, REL-MAT-LEQ-04-TWO-VARIABLE-FORM...)', "REPRESENTATION_KIND_UNDECLARED: REP-MAT-LEQ-01-SIDE-BY-SIDE-TABLE: depicts by 'TABLE_OF_VALUES', which this subject does not declare; it declares FUNCTION_PLOT, GEOMETRIC_CONSTRUCTION, NUMBER_LINE", "CORRESPONDENCE_SYMBOL_UNKNOWN: REP-MAT-LEQ-01-SIDE-BY-SIDE-TABLE.correspondence[2]: bridges to 'L(s)', which none of the relations this figure depicts declares; they declare L(x), R(x), s, x", "CORRESPONDENCE_SYMBOL_UNKNOWN: REP-MAT-LEQ-01-SIDE-BY-SIDE-TABLE.correspondence[3]: bridges to 'R(s)', which none of the relations this figure depicts declares; they declare L(x), R(x), s, x", "REPRESENTATION_KIND_UNDECLARED: REP-MAT-LEQ-02-BALANCE: depicts by 'ALGEBRA_TILES', which this subject does not declare; it declares FUNCTION_PLOT, GEOMETRIC_CONSTRUCTION, NUMBER_LINE", "CORRESPONDENCE_SYMBOL_UNKNOWN: REP-MAT-LEQ-02-BALANCE.correspondence[1]: bridges to 'L', which none of the relations this figure depicts declares; they declare L, R, c, k, t", "CORRESPONDENCE_SYMBOL_UNKNOWN: REP-MAT-LEQ-02-BALANCE.correspondence[2]: bridges to 'L − c = R − c', which none of the relations this figure depicts declares; they declare L, R, c, k, t", "CORRESPONDENCE_SYMBOL_UNKNOWN: REP-MAT-LEQ-02-BALANCE.correspondence[3]: bridges to 'x = s', which none of the relations this figure depicts declares; they declare L, R, c, k, t", "REPRESENTATION_KIND_UNDECLARED: REP-MAT-LEQ-03-BRACKET-AREA-MODEL: depicts by 'AREA_MODEL', which this subject does not declare; it declares FUNCTION_PLOT, GEOMETRIC_CONSTRUCTION, NUMBER_LINE", "CORRESPONDENCE_SYMBOL_UNKNOWN: REP-MAT-LEQ-03-BRACKET-AREA-MODEL.correspondence[1]: bridges to '−2', which none of the relations this figure depicts declares; they declare L, R, m", "CORRESPONDENCE_SYMBOL_UNKNOWN: REP-MAT-LEQ-03-BRACKET-AREA-MODEL.correspondence[2]: bridges to '(−2)(2x), (−2)(−7)', which none of the relations this figure depicts declares; they declare L, R, m", "CORRESPONDENCE_SYMBOL_UNKNOWN: REP-MAT-LEQ-03-BRACKET-AREA-MODEL.correspondence[3]: bridges to '−4x + 14', which none of the relations this figure depicts declares; they declare L, R, m", "REPRESENTATION_KIND_UNDECLARED: REP-MAT-LEQ-04-SOLUTION-LINE: depicts by 'COORDINATE_GRAPH', which this subject does not declare; it declares FUNCTION_PLOT, GEOMETRIC_CONSTRUCTION, NUMBER_LINE", "CORRESPONDENCE_SYMBOL_UNKNOWN: REP-MAT-LEQ-04-SOLUTION-LINE.correspondence[2]: bridges to 'ax + by + c = 0', which none of the relations this figure depicts declares; they declare (x₀, y₀), a, a, b, b, c, x, y", "CORRESPONDENCE_SYMBOL_UNKNOWN: REP-MAT-LEQ-04-SOLUTION-LINE.correspondence[3]: bridges to '(x, 0), (0, y)', which none of the relations this figure depicts declares; they declare (x₀, y₀), a, a, b, b, c, x, y", 'validate_library: LIBRARY_UNRESOLVED_REFERENCE Q-MAT-LEQ-01-EXEMPLAR8-Q6.extensions.grade9v3:question_bank.topic_ref -> TOPIC-MATHEMATICS-LINEAR-EQUATIONS; Q-MAT-LEQ-01-EXEMPLAR8-Q6.extensions.grade9v3:question_bank.subject_ref -> SUBJECT-MATHEMATICS; Q-MAT-LEQ-01-EXEMPLAR8-Q17.extensions.grade9v3:question_bank.topic_ref -> TOPIC-MATHEMATICS-LINEAR-EQUATIONS; Q-MAT-LEQ-01-EXEMPLAR8-Q17.extensions.grade9v3:question_bank.subject_ref -> SUBJECT-MATHEMATICS; Q-MAT-LEQ-01-EXEMPLAR8-Q20.extensions.grade9v3:question_bank.topic_ref -> TOPIC-MATHEMATICS-LINEAR-EQUATIONS']}, {'subject': 'Physics', 'state': 'IMPLEMENTED', 'gate_registries': 2, 'library_packages': 20, 'findings': ['phy-elec-current-ohm.v1.json: GATE_RELATION_UNKNOWN: REL-ELEC-CURRENT-CONSERVATION: binds to REL-ELEC-CURRENT-CONSERVATION, which no gate registry for this subject declares', 'phy-elec-current-ohm.v1.json: GATE_RELATION_UNKNOWN: REL-ELEC-OHMIC-MODEL: binds to REL-ELEC-OHMIC-MODEL, which no gate registry for this subject declares', 'phy-osc-shm-waves.v1.json: GATE_RELATION_UNKNOWN: REL-OSC-STABLE-EQUILIBRIUM: binds to REL-OSC-STABLE-EQUILIBRIUM, which no gate registry for this subject declares', 'phy-osc-shm-waves.v1.json: GATE_RELATION_UNKNOWN: REL-OSC-ENERGY-EXCHANGE: binds to REL-OSC-ENERGY-EXCHANGE, which no gate registry for this subject declares']}, {'subject': 'TEST', 'state': 'CONTRACT_ONLY', 'gate_registries': 0, 'library_packages': 0, 'findings': []}], 'passed': False}

======================================================================
FAIL: test_generated_file_on_disk_matches_a_fresh_build (test_tools.WebData.test_generated_file_on_disk_matches_a_fresh_build)
----------------------------------------------------------------------
Traceback (most recent call last):
  File "C:\CodeB\Grade9v3.5\.codex-recovery\r4-suite\tests\test_tools.py", line 219, in test_generated_file_on_disk_matches_a_fresh_build
    self.assertEqual(on_disk, json.loads(json.dumps(self.payload)),
AssertionError: {'gen[6169 chars], 'A truncated decimal is a different number f[1665008 chars]]}}}} != {'gen[6169 chars], 'A decimal approximation that changes the ex[1665958 chars]]}}}}
Diff is 17580312 characters long. Set self.maxDiff to None to see it. : regenerate with python3 Shared/tools/build_web_data.py

======================================================================
FAIL: test_web_data_files_on_disk (test_topic_atlas_contract.TopicAtlasContractTest.test_web_data_files_on_disk)
----------------------------------------------------------------------
Traceback (most recent call last):
  File "C:\CodeB\Grade9v3.5\.codex-recovery\r4-suite\tests\test_topic_atlas_contract.py", line 159, in test_web_data_files_on_disk
    self.assertEqual(tools_js, rendered, "Disk files must match freshly rendered payload")
AssertionError: '// G[9574 chars]  "A truncated decimal is a different number f[2366371 chars]};\n' != '// G[9574 chars]  "A decimal approximation that changes the ex[2367565 chars]};\n' : Disk files must match freshly rendered payload

----------------------------------------------------------------------
Ran 2297 tests in 706.368s

FAILED (failures=71, errors=52, skipped=5)

Subject authority: 0 finding(s): []
Standalone: NOT_STAGED
Approval reference: NOT_RECORDED
Build: sample @ 768c905de66506b6; review: 768c905de66506b6
Recommendation: revise
Open S0/S1: ['F-1']
Reviewer: reviewer-2; authors: ['author-1']
Fact status: 1 cited records without current independent verification
Subject authority: 0 finding(s): []
Standalone: NOT_STAGED
Approval reference: NOT_RECORDED
Build: sample @ 768c905de66506b6; review: NONE
Recommendation: UNRECORDED
Open S0/S1: []
Reviewer: UNRECORDED; authors: ['author-1']
Fact status: 0 cited records without current independent verification
Subject authority: 0 finding(s): []
Standalone: STAGED_FOR_THIS_RENDER
Approval reference: NOT_RECORDED
Build: sample @ 768c905de66506b6; review: 768c905de66506b6
Recommendation: revise
Open S0/S1: ['F-1']
Reviewer: reviewer-2; authors: ['author-1']
Fact status: 1 cited records without current independent verification
Subject authority: 0 finding(s): []
Standalone: NOT_STAGED
Approval reference: NOT_RECORDED
sample: FAIL (DRAFT); 0 finding(s)
sample: FAIL (DRAFT); 0 finding(s)
Build: sample @ 768c905de66506b6; review: NONE
Recommendation: UNRECORDED
Open S0/S1: []
Reviewer: UNRECORDED; authors: ['author-1']
Fact status: 0 cited records without current independent verification
Subject authority: 0 finding(s): []
Standalone: NOT_STAGED
Approval reference: NOT_RECORDED
Build: sample @ c090eedd28c9c0f3; review: NONE
Recommendation: UNRECORDED
Open S0/S1: []
Reviewer: UNRECORDED; authors: ['author-1']
Fact status: 0 cited records without current independent verification
Subject authority: 0 finding(s): []
Standalone: NOT_STAGED
Approval reference: NOT_RECORDED
wrote 7 page(s) to C:\Users\reall\AppData\Local\Temp\tmps5ut_rpj\out as DRAFT with 57 gap(s)
selected records: microtopics=3 core2=15 core2a=5 core2b=5
wrote 7 page(s) to C:\Users\reall\AppData\Local\Temp\tmp44ry2tn2\out as DRAFT with 57 gap(s)
selected records: microtopics=3 core2=15 core2a=5 core2b=5
wrote 7 page(s) to C:\Users\reall\AppData\Local\Temp\tmp2z7effk_\receipt as DRAFT with 2 gap(s)
selected records: microtopics=3 core2=15 core2a=5 core2b=5
wrote 2 page(s) to C:\Users\reall\AppData\Local\Temp\tmp68tg5xlr\publication\products\physics\phy-nlm-momentum-transfer
selected records: microtopics=1 core2=0 core2a=5 core2b=5
wrote 7 page(s) to C:\Users\reall\AppData\Local\Temp\tmpu1b7sre4\rendered as DRAFT with 38 gap(s)
selected records: microtopics=1 core2=0 core2a=5 core2b=5
wrote 2 page(s) to C:\Users\reall\AppData\Local\Temp\tmpu1b7sre4\rendered
selected records: microtopics=1 core2=0 core2a=5 core2b=5
wrote 1 page(s) to C:\Users\reall\AppData\Local\Temp\tmpu1b7sre4\rendered
selected records: microtopics=1 core2=0 core2a=5 core2b=5
wrote 2 page(s) to C:\Users\reall\AppData\Local\Temp\tmpu1b7sre4\rendered
selected records: microtopics=1 core2=0 core2a=5 core2b=5
SELFTEST PASS: governed literals detected; comments/docstrings ignored; pure question-data wrappers exempted; executable additions still scanned.
