test_core1a_core1b_share_one_canonical_segment (test_agent_path_stress_prompts.FrozenAgentPathStressPrompts.test_core1a_core1b_share_one_canonical_segment) ... ok
test_fixture_is_system_evidence_only (test_agent_path_stress_prompts.FrozenAgentPathStressPrompts.test_fixture_is_system_evidence_only) ... ok
test_machine_projection_follows_expected_owner_estimate_path (test_agent_path_stress_prompts.FrozenAgentPathStressPrompts.test_machine_projection_follows_expected_owner_estimate_path) ... ok
test_percentage_never_becomes_mastery_or_support_level (test_agent_path_stress_prompts.FrozenAgentPathStressPrompts.test_percentage_never_becomes_mastery_or_support_level) ... ok
test_prompts_are_frozen_with_machine_projection_and_expectations (test_agent_path_stress_prompts.FrozenAgentPathStressPrompts.test_prompts_are_frozen_with_machine_projection_and_expectations) ... ok
test_source_backed_practice_without_source_becomes_research (test_agent_path_stress_prompts.FrozenAgentPathStressPrompts.test_source_backed_practice_without_source_becomes_research) ... ok
test_every_frozen_case_matches_current_expected_path (test_agent_path_stress_runner.AgentPathStressRunner.test_every_frozen_case_matches_current_expected_path) ... ok
test_grade9_completion_has_one_frozen_checkpoint_per_slice (test_agent_path_stress_runner.AgentPathStressRunner.test_grade9_completion_has_one_frozen_checkpoint_per_slice) ... ok
test_grade9_default_segments_exclude_retained_extensions (test_agent_path_stress_runner.AgentPathStressRunner.test_grade9_default_segments_exclude_retained_extensions) ... ok
test_grade9_motion2d_question_demand_segment_is_frozen (test_agent_path_stress_runner.AgentPathStressRunner.test_grade9_motion2d_question_demand_segment_is_frozen) ... ok
test_prompt_only_source_is_the_frozen_fixture (test_agent_path_stress_runner.AgentPathStressRunner.test_prompt_only_source_is_the_frozen_fixture) ... ok
test_runner_never_claims_learner_evidence (test_agent_path_stress_runner.AgentPathStressRunner.test_runner_never_claims_learner_evidence) ... ok
test_bucket_slice_carries_context_metadata_without_putting_it_in_topology (test_application_context_schema.ApplicationContextSchema.test_bucket_slice_carries_context_metadata_without_putting_it_in_topology) ... ok
test_context_cannot_be_used_as_a_prerequisite (test_application_context_schema.ApplicationContextSchema.test_context_cannot_be_used_as_a_prerequisite) ... ok
test_context_does_not_enter_capability_prerequisite_closure (test_application_context_schema.ApplicationContextSchema.test_context_does_not_enter_capability_prerequisite_closure) ... ok
test_context_is_indexed_and_context_refs_are_real_references (test_application_context_schema.ApplicationContextSchema.test_context_is_indexed_and_context_refs_are_real_references) ... ok
test_context_ref_must_resolve_to_context_collection_not_just_any_id (test_application_context_schema.ApplicationContextSchema.test_context_ref_must_resolve_to_context_collection_not_just_any_id) ... ok
test_schema_can_classify_question_family_and_item_by_context (test_application_context_schema.ApplicationContextSchema.test_schema_can_classify_question_family_and_item_by_context) ... ok
test_relative_motion_names_its_academic_review_gap_without_faking_approval (test_architecture.AcademicReviewBoundary.test_relative_motion_names_its_academic_review_gap_without_faking_approval) ... ok
test_a_dependant_cannot_be_placed_before_its_prerequisite (test_architecture.CapabilityTopology.test_a_dependant_cannot_be_placed_before_its_prerequisite) ... ok
test_entry_backtracks_and_keeps_external_bridges (test_architecture.CapabilityTopology.test_entry_backtracks_and_keeps_external_bridges) ... ok
test_a_prerequisite_question_does_not_make_the_downstream_bucket_ready (test_architecture.PracticeOwnership.test_a_prerequisite_question_does_not_make_the_downstream_bucket_ready) ... ok
test_strict_resolver_agrees_relative_motion_has_no_core2b_asset (test_architecture.PracticeOwnership.test_strict_resolver_agrees_relative_motion_has_no_core2b_asset) ... ok
test_acknowledged_source_drift_then_authors_uncovered_practice (test_architecture.ThirdAgentGoldenPath.test_acknowledged_source_drift_then_authors_uncovered_practice) ... ok
test_buildability_reachability_and_review_are_separate_axes (test_architecture.ThirdAgentGoldenPath.test_buildability_reachability_and_review_are_separate_axes) ... ok
test_missing_owner_inputs_take_defaults_instead_of_waiting (test_architecture.ThirdAgentGoldenPath.test_missing_owner_inputs_take_defaults_instead_of_waiting) ... ok
test_no_product_state_is_an_escape_state (test_architecture.ThirdAgentGoldenPath.test_no_product_state_is_an_escape_state) ... ok
test_provenance_is_not_collapsed_into_existence_or_review (test_architecture.ThirdAgentGoldenPath.test_provenance_is_not_collapsed_into_existence_or_review) ... ok
test_six_core_relationships_are_explicit (test_architecture.ThirdAgentGoldenPath.test_six_core_relationships_are_explicit) ... ok
test_three_line_request_resolves_without_authoring_content (test_architecture.ThirdAgentGoldenPath.test_three_line_request_resolves_without_authoring_content) ... ok
test_verified_receipt_gap_becomes_authored_practice_duty (test_architecture.ThirdAgentGoldenPath.test_verified_receipt_gap_becomes_authored_practice_duty) ... ok
test_verified_source_drift_is_researched_by_the_agent (test_architecture.ThirdAgentGoldenPath.test_verified_source_drift_is_researched_by_the_agent) ... ok
setUpClass (test_assurance_acceptance.Gate) ... ERROR
test_search_and_deployment_are_not_about_a_set_of_pages_and_the_receipt_is_claimed_only_where_there_is_one (test_assurance_acceptance.PageSets.test_search_and_deployment_are_not_about_a_set_of_pages_and_the_receipt_is_claimed_only_where_there_is_one) ... ok
test_the_run_writes_those_verdicts_as_evidence (test_assurance_acceptance.PageSets.test_the_run_writes_those_verdicts_as_evidence) ... ok
test_a_bundle_for_another_product_is_refused (test_assurance_core.Commands.test_a_bundle_for_another_product_is_refused) ... ok
test_an_unreadable_or_invalid_bundle_is_refused (test_assurance_core.Commands.test_an_unreadable_or_invalid_bundle_is_refused) ... ok
test_enforce_exits_nonzero_while_anything_is_open_and_zero_when_nothing_is (test_assurance_core.Commands.test_enforce_exits_nonzero_while_anything_is_open_and_zero_when_nothing_is) ... ok
test_a_finding_in_the_wrong_shape_is_refused (test_assurance_core.Evidence.test_a_finding_in_the_wrong_shape_is_refused) ... ok
test_a_pass_cannot_carry_a_severe_finding_and_a_fail_has_a_severity (test_assurance_core.Evidence.test_a_pass_cannot_carry_a_severe_finding_and_a_fail_has_a_severity) ... ok
test_a_record_satisfies_its_schema_and_has_the_same_id_for_the_same_judgment (test_assurance_core.Evidence.test_a_record_satisfies_its_schema_and_has_the_same_id_for_the_same_judgment) ... ok
test_a_subject_kind_that_is_not_in_the_schema_is_refused_not_passed_through (test_assurance_core.Evidence.test_a_subject_kind_that_is_not_in_the_schema_is_refused_not_passed_through) ... ok
test_an_evidence_file_edited_after_it_was_written_is_not_read (test_assurance_core.Evidence.test_an_evidence_file_edited_after_it_was_written_is_not_read) ... ok
test_evidence_is_not_written_into_the_tree_it_judges (test_assurance_core.Evidence.test_evidence_is_not_written_into_the_tree_it_judges) ... ok
test_evidence_that_is_not_bound_to_content_is_refused (test_assurance_core.Evidence.test_evidence_that_is_not_bound_to_content_is_refused) ... ok
test_a_bundle_edited_in_a_field_nothing_recomputes_is_caught_by_its_digest (test_assurance_core.Integrity.test_a_bundle_edited_in_a_field_nothing_recomputes_is_caught_by_its_digest) ... ok
test_a_bundle_for_other_policies_is_not_trusted (test_assurance_core.Integrity.test_a_bundle_for_other_policies_is_not_trusted) ... ok
test_a_bundle_that_claims_less_is_open_than_its_evidence_gives_is_not_trusted (test_assurance_core.Integrity.test_a_bundle_that_claims_less_is_open_than_its_evidence_gives_is_not_trusted) ... ok
test_a_cited_evidence_file_that_is_not_there_makes_the_product_ineligible (test_assurance_core.Integrity.test_a_cited_evidence_file_that_is_not_there_makes_the_product_ineligible) ... ok
test_a_new_failing_record_after_the_bundle_is_not_hidden_by_the_bundle (test_assurance_core.Integrity.test_a_new_failing_record_after_the_bundle_is_not_hidden_by_the_bundle) ... ok
test_a_pass_that_carries_a_severe_finding_is_a_problem_even_if_it_was_not_made_by_make_evidence (test_assurance_core.Integrity.test_a_pass_that_carries_a_severe_finding_is_a_problem_even_if_it_was_not_made_by_make_evidence) ... ok
test_an_edited_bundle_is_not_trusted (test_assurance_core.Integrity.test_an_edited_bundle_is_not_trusted) ... ok
test_evidence_edited_after_the_bundle_was_made_makes_the_product_ineligible (test_assurance_core.Integrity.test_evidence_edited_after_the_bundle_was_made_makes_the_product_ineligible) ... ok
test_junk_in_the_evidence_directory_is_a_problem_not_something_to_skip (test_assurance_core.Integrity.test_junk_in_the_evidence_directory_is_a_problem_not_something_to_skip) ... ok
test_the_bundle_and_the_decision_satisfy_their_schemas (test_assurance_core.Integrity.test_the_bundle_and_the_decision_satisfy_their_schemas) ... ok
test_the_bundle_id_and_digest_are_the_same_for_the_same_content (test_assurance_core.Integrity.test_the_bundle_id_and_digest_are_the_same_for_the_same_content) ... ok
test_a_not_run_or_inconclusive_record_does_not_satisfy_a_need (test_assurance_core.Needs.test_a_not_run_or_inconclusive_record_does_not_satisfy_a_need) ... ok
test_a_policy_with_no_subject_of_its_kind_is_not_satisfied (test_assurance_core.Needs.test_a_policy_with_no_subject_of_its_kind_is_not_satisfied) ... ok
test_a_reviewed_type_is_satisfied_by_a_reasoned_waiver_and_only_by_that (test_assurance_core.Needs.test_a_reviewed_type_is_satisfied_by_a_reasoned_waiver_and_only_by_that) ... ok
test_a_waiver_cannot_satisfy_a_type_that_is_not_reviewable (test_assurance_core.Needs.test_a_waiver_cannot_satisfy_a_type_that_is_not_reviewable) ... ok
test_all_needs_met_is_eligible (test_assurance_core.Needs.test_all_needs_met_is_eligible) ... ok
test_evidence_about_another_subject_satisfies_nothing (test_assurance_core.Needs.test_evidence_about_another_subject_satisfies_nothing) ... ok
test_evidence_of_older_content_is_stale_and_the_need_stays_open (test_assurance_core.Needs.test_evidence_of_older_content_is_stale_and_the_need_stays_open) ... ok
test_no_evidence_leaves_every_need_open_and_is_incomplete (test_assurance_core.Needs.test_no_evidence_leaves_every_need_open_and_is_incomplete) ... ok
test_not_applicable_satisfies_only_the_buckets_that_say_so (test_assurance_core.Needs.test_not_applicable_satisfies_only_the_buckets_that_say_so) ... ok
test_the_outcome_is_the_worst_of_the_evidence_and_does_not_depend_on_file_order (test_assurance_core.Needs.test_the_outcome_is_the_worst_of_the_evidence_and_does_not_depend_on_file_order) ... ok
test_a_real_verdict_is_what_counts_once_a_checker_exists (test_assurance_core.OwnerWaivers.test_a_real_verdict_is_what_counts_once_a_checker_exists) ... ok
test_a_waiver_file_that_does_not_satisfy_the_schema_is_not_read (test_assurance_core.OwnerWaivers.test_a_waiver_file_that_does_not_satisfy_the_schema_is_not_read) ... ok
test_a_waiver_without_a_reason_or_an_approval_is_not_applied (test_assurance_core.OwnerWaivers.test_a_waiver_without_a_reason_or_an_approval_is_not_applied) ... ok
test_it_covers_a_need_that_is_missing_inconclusive_or_not_run_in_any_bucket (test_assurance_core.OwnerWaivers.test_it_covers_a_need_that_is_missing_inconclusive_or_not_run_in_any_bucket) ... ok
test_it_does_not_cover_evidence_that_has_gone_stale (test_assurance_core.OwnerWaivers.test_it_does_not_cover_evidence_that_has_gone_stale) ... ok
test_it_never_covers_a_failure (test_assurance_core.OwnerWaivers.test_it_never_covers_a_failure) ... ok
test_old_evidence_lying_in_the_directory_does_not_make_a_correct_bundle_look_broken (test_assurance_core.OwnerWaivers.test_old_evidence_lying_in_the_directory_does_not_make_a_correct_bundle_look_broken) ... ok
test_the_bundle_is_facts_and_a_waiver_is_only_a_decision (test_assurance_core.OwnerWaivers.test_the_bundle_is_facts_and_a_waiver_is_only_a_decision) ... ok
test_the_committed_waivers_are_the_owners_and_every_one_names_a_type_a_policy_requires (test_assurance_core.OwnerWaivers.test_the_committed_waivers_are_the_owners_and_every_one_names_a_type_a_policy_requires) ... ok
test_a_library_that_changed_after_the_projection_was_built_makes_it_stale_even_if_the_pages_did_not (test_assurance_projections.ProjectionManifest.test_a_library_that_changed_after_the_projection_was_built_makes_it_stale_even_if_the_pages_did_not) ... ok
test_a_projection_that_is_what_its_manifest_says_passes (test_assurance_projections.ProjectionManifest.test_a_projection_that_is_what_its_manifest_says_passes) ... ok
test_an_empty_render_directory_is_an_error_not_a_projection (test_assurance_projections.ProjectionManifest.test_an_empty_render_directory_is_an_error_not_a_projection) ... Error: PROJECTION_EMPTY: C:\Users\reall\AppData\Local\Temp\tmpxckqu9ff\pages holds no pages
ok
test_evidence_is_refused_inside_the_tree_it_judges (test_assurance_projections.ProjectionManifest.test_evidence_is_refused_inside_the_tree_it_judges) ... ok
test_pages_edited_after_the_manifest_fail (test_assurance_projections.ProjectionManifest.test_pages_edited_after_the_manifest_fail) ... ok
test_the_manifest_satisfies_its_schema_and_cites_canonical_records_not_file_names (test_assurance_projections.ProjectionManifest.test_the_manifest_satisfies_its_schema_and_cites_canonical_records_not_file_names) ... ok
test_a_library_that_changed_owes_a_rebuild_and_is_not_a_failure (test_assurance_projections.Release.test_a_library_that_changed_owes_a_rebuild_and_is_not_a_failure) ... ok
test_a_projection_that_changed_while_the_library_did_not_is_unauthorized (test_assurance_projections.Release.test_a_projection_that_changed_while_the_library_did_not_is_unauthorized) ... ok
test_nothing_drifted_passes (test_assurance_projections.Release.test_nothing_drifted_passes) ... ok
test_the_assurance_digest_is_the_bundles_own_and_a_broken_bundle_is_refused (test_assurance_projections.Release.test_the_assurance_digest_is_the_bundles_own_and_a_broken_bundle_is_refused) ... ERROR
test_the_fingerprint_is_the_same_for_a_crlf_checkout (test_assurance_projections.Release.test_the_fingerprint_is_the_same_for_a_crlf_checkout) ... ok
test_the_fingerprint_satisfies_its_schema_and_changes_with_each_part (test_assurance_projections.Release.test_the_fingerprint_satisfies_its_schema_and_changes_with_each_part) ... ok
test_a_library_file_that_does_not_parse_stops_the_build_and_the_verification (test_assurance_projections.SearchIndex.test_a_library_file_that_does_not_parse_stops_the_build_and_the_verification) ... Error: SEARCH_INDEX_UNREADABLE_LIBRARY: C:\Users\reall\AppData\Local\Temp\tmp9njz07y7\library\broken.json: Expecting property name enclosed in double quotes: line 1 column 3 (char 2)
ok
test_a_question_added_to_the_library_after_the_build_is_missing_and_the_index_stale (test_assurance_projections.SearchIndex.test_a_question_added_to_the_library_after_the_build_is_missing_and_the_index_stale) ... ok
test_a_question_removed_from_the_library_is_a_phantom_in_the_index (test_assurance_projections.SearchIndex.test_a_question_removed_from_the_library_is_a_phantom_in_the_index) ... ok
test_a_stale_index_whose_ids_still_match_is_a_fail_and_exits_nonzero (test_assurance_projections.SearchIndex.test_a_stale_index_whose_ids_still_match_is_a_fail_and_exits_nonzero)
The first version reported INCONCLUSIVE and exited 0: the text in the index was the old text. ... ok
test_an_index_edited_after_the_build_fails_retrievability (test_assurance_projections.SearchIndex.test_an_index_edited_after_the_build_fails_retrievability) ... ok
test_an_index_that_is_current_complete_and_unaltered_passes_and_the_evidence_is_valid_and_bound_to_the_index (test_assurance_projections.SearchIndex.test_an_index_that_is_current_complete_and_unaltered_passes_and_the_evidence_is_valid_and_bound_to_the_index) ... ok
test_the_committed_index_is_current (test_assurance_projections.SearchIndex.test_the_committed_index_is_current) ... FAIL
test_the_index_holds_the_visible_questions_in_a_fixed_order_and_the_manifest_names_the_rest (test_assurance_projections.SearchIndex.test_the_index_holds_the_visible_questions_in_a_fixed_order_and_the_manifest_names_the_rest) ... ok
test_the_index_is_the_same_on_every_checkout (test_assurance_projections.SearchIndex.test_the_index_is_the_same_on_every_checkout)
A CRLF working copy of the library digests like the LF one: the committed index was stale on every machine but its author's. ... ok
test_a_package_that_does_not_parse_makes_the_product_ineligible_not_silently_smaller (test_assurance_verifiers.Acceptance.test_a_package_that_does_not_parse_makes_the_product_ineligible_not_silently_smaller) ... ok
test_each_defect_class_of_the_validation_makes_the_product_ineligible (test_assurance_verifiers.Acceptance.test_each_defect_class_of_the_validation_makes_the_product_ineligible) ... ok
test_evidence_the_run_wrote_is_valid_and_deterministic (test_assurance_verifiers.Acceptance.test_evidence_the_run_wrote_is_valid_and_deterministic) ... ok
test_the_evidence_directory_holds_exactly_the_last_run (test_assurance_verifiers.Acceptance.test_the_evidence_directory_holds_exactly_the_last_run) ... ok
test_the_library_as_it_is_in_physics_is_eligible_under_a_policy_of_what_is_verified_with_the_owners_waiver_for_author_only_keys (test_assurance_verifiers.Acceptance.test_the_library_as_it_is_in_physics_is_eligible_under_a_policy_of_what_is_verified_with_the_owners_waiver_for_author_only_keys) ... ok
test_without_the_waiver_author_only_keys_leave_it_incomplete (test_assurance_verifiers.Acceptance.test_without_the_waiver_author_only_keys_leave_it_incomplete) ... ok
test_a_boilerplate_answer_fails_corpus_specificity (test_assurance_verifiers.Defects.test_a_boilerplate_answer_fails_corpus_specificity)
The 244 records of pull request 375: the same answer under every question. ... ok
test_a_deferred_concept_fails_scope_conformance (test_assurance_verifiers.Defects.test_a_deferred_concept_fails_scope_conformance) ... ok
test_a_key_nobody_ran_fails_reasoning_validity (test_assurance_verifiers.Defects.test_a_key_nobody_ran_fails_reasoning_validity) ... ok
test_a_package_asked_about_alone_fails_on_its_own_dangling_reference_and_not_on_a_siblings (test_assurance_verifiers.Defects.test_a_package_asked_about_alone_fails_on_its_own_dangling_reference_and_not_on_a_siblings) ... ok
test_a_package_is_judged_against_its_whole_library_not_against_itself_alone (test_assurance_verifiers.Defects.test_a_package_is_judged_against_its_whole_library_not_against_itself_alone) ... ok
test_a_package_that_breaks_its_schema_fails_structural_validity (test_assurance_verifiers.Defects.test_a_package_that_breaks_its_schema_fails_structural_validity) ... ok
test_a_package_that_declares_no_specification_is_inconclusive_for_self_containment_not_a_pass (test_assurance_verifiers.Defects.test_a_package_that_declares_no_specification_is_inconclusive_for_self_containment_not_a_pass) ... ok
test_a_package_that_does_not_parse_fails_structural_validity_and_runs_nothing_else (test_assurance_verifiers.Defects.test_a_package_that_does_not_parse_fails_structural_validity_and_runs_nothing_else) ... ok
test_a_stem_that_asks_nothing_fails_structural_validity (test_assurance_verifiers.Defects.test_a_stem_that_asks_nothing_fails_structural_validity) ... ok
test_an_unresolved_reference_fails_reference_integrity (test_assurance_verifiers.Defects.test_an_unresolved_reference_fails_reference_integrity) ... ok
test_options_that_are_their_letters_fail_structural_validity (test_assurance_verifiers.Defects.test_options_that_are_their_letters_fail_structural_validity) ... ok
test_the_library_as_committed_has_no_failing_evidence_in_physics (test_assurance_verifiers.Defects.test_the_library_as_committed_has_no_failing_evidence_in_physics) ... ok
test_the_same_answer_text_on_many_records_fails_corpus_specificity (test_assurance_verifiers.Defects.test_the_same_answer_text_on_many_records_fails_corpus_specificity) ... ok
test_a_clean_page_passes_the_three_types (test_assurance_verifiers.Projections.test_a_clean_page_passes_the_three_types) ... ok
test_a_new_page_with_a_finding_is_worse_than_the_ledger (test_assurance_verifiers.Projections.test_a_new_page_with_a_finding_is_worse_than_the_ledger) ... ok
test_a_projection_outside_the_repository_is_judged_not_crashed_on (test_assurance_verifiers.Projections.test_a_projection_outside_the_repository_is_judged_not_crashed_on) ... ok
test_a_static_check_does_not_claim_a_layout_it_cannot_see (test_assurance_verifiers.Projections.test_a_static_check_does_not_claim_a_layout_it_cannot_see) ... ok
test_each_page_defect_fails_the_type_the_registry_assigns_it (test_assurance_verifiers.Projections.test_each_page_defect_fails_the_type_the_registry_assigns_it) ... ok
test_the_rule_to_type_assignment_is_the_registrys_and_every_type_is_one_the_evidence_schema_knows (test_assurance_verifiers.Projections.test_the_rule_to_type_assignment_is_the_registrys_and_every_type_is_one_the_evidence_schema_knows) ... ok
test_a_finding_in_the_baseline_is_known_and_a_new_one_is_not (test_assurance_verifiers.Ratchet.test_a_finding_in_the_baseline_is_known_and_a_new_one_is_not) ... ok
test_enforce_fails_on_a_finding_that_is_not_in_the_baseline_and_passes_once_it_is (test_assurance_verifiers.Ratchet.test_enforce_fails_on_a_finding_that_is_not_in_the_baseline_and_passes_once_it_is) ... product P: 1 subject(s), 0 current evidence record(s)
snapshot sha256:35cbfedfca88cccb5f2153823df8f909bf923bf5ad02678d8d4b07be97bcfd6b
open needs: 9 (ANSWERABILITY, ANSWER_CORRECTNESS, DIMENSIONAL_CORRECTNESS, REASONING_VALIDITY, REFERENCE_INTEGRITY, SCOPE_CONFORMANCE, SELF_CONTAINMENT, SOURCE_INTEGRITY, STRUCTURAL_VALIDITY)
  ANSWERABILITY              CANONICAL_RECORD:one                     MISSING
  ANSWER_CORRECTNESS         CANONICAL_RECORD:one                     MISSING
  DIMENSIONAL_CORRECTNESS    CANONICAL_RECORD:one                     MISSING
  REASONING_VALIDITY         CANONICAL_RECORD:one                     MISSING
  REFERENCE_INTEGRITY        CANONICAL_RECORD:one                     MISSING
  SCOPE_CONFORMANCE          CANONICAL_RECORD:one                     MISSING
  SELF_CONTAINMENT           CANONICAL_RECORD:one                     MISSING
  SOURCE_INTEGRITY           CANONICAL_RECORD:one                     MISSING
  STRUCTURAL_VALIDITY        CANONICAL_RECORD:one                     MISSING
Eligibility Decision: INELIGIBLE (ASSURANCE_BUNDLE_OTHER_PRODUCT: the bundle is for 'P', not 'OTHER')
product P: 1 subject(s), 0 current evidence record(s)
snapshot sha256:35cbfedfca88cccb5f2153823df8f909bf923bf5ad02678d8d4b07be97bcfd6b
open needs: 9 (ANSWERABILITY, ANSWER_CORRECTNESS, DIMENSIONAL_CORRECTNESS, REASONING_VALIDITY, REFERENCE_INTEGRITY, SCOPE_CONFORMANCE, SELF_CONTAINMENT, SOURCE_INTEGRITY, STRUCTURAL_VALIDITY)
  ANSWERABILITY              CANONICAL_RECORD:one                     MISSING
  ANSWER_CORRECTNESS         CANONICAL_RECORD:one                     MISSING
  DIMENSIONAL_CORRECTNESS    CANONICAL_RECORD:one                     MISSING
  REASONING_VALIDITY         CANONICAL_RECORD:one                     MISSING
  REFERENCE_INTEGRITY        CANONICAL_RECORD:one                     MISSING
  SCOPE_CONFORMANCE          CANONICAL_RECORD:one                     MISSING
  SELF_CONTAINMENT           CANONICAL_RECORD:one                     MISSING
  SOURCE_INTEGRITY           CANONICAL_RECORD:one                     MISSING
  STRUCTURAL_VALIDITY        CANONICAL_RECORD:one                     MISSING
product P: 1 subject(s), 9 current evidence record(s)
snapshot sha256:35cbfedfca88cccb5f2153823df8f909bf923bf5ad02678d8d4b07be97bcfd6b
open needs: 0
Eligibility Decision: ELIGIBLE
Outcome: FAIL
  STALE_CANONICAL: the library changed after this projection was built: rebuild it
Outcome: PASS
Outcome: FAIL
  ARTIFACT_CHANGED: the pages are not the ones the manifest describes
canonical_snapshot     REQUIRES_REBUILD
policy                 CURRENT
web_projection         REQUIRES_REBUILD
standalone_projection  CURRENT
search_projection      CURRENT
canonical_snapshot     CURRENT
policy                 CURRENT
web_projection         UNAUTHORIZED
standalone_projection  CURRENT
search_projection      CURRENT
canonical_snapshot     CURRENT
policy                 CURRENT
web_projection         CURRENT
standalone_projection  CURRENT
search_projection      CURRENT
Indexed 1 documents; excluded 0. Wrote C:\Users\reall\AppData\Local\Temp\tmp9njz07y7\index.json and C:\Users\reall\AppData\Local\Temp\tmp9njz07y7\manifest.json
Indexed 1 documents; excluded 0. Wrote C:\Users\reall\AppData\Local\Temp\tmp8cqjnilg\index.json and C:\Users\reall\AppData\Local\Temp\tmp8cqjnilg\manifest.json
=== Search Index Verification ===
SEARCH_MEMBERSHIP: FAIL
  MISSING_FROM_INDEX: 1 canonical question(s) are not in the index
  STALE_INDEX: the index was built from different canonical content than the library holds now; rebuild it with build_search_index.py
SEARCH_RETRIEVABILITY: PASS
Indexed 2 documents; excluded 0. Wrote C:\Users\reall\AppData\Local\Temp\tmps8bsruax\index.json and C:\Users\reall\AppData\Local\Temp\tmps8bsruax\manifest.json
=== Search Index Verification ===
SEARCH_MEMBERSHIP: FAIL
  PHANTOM_IN_INDEX: 1 indexed id(s) are not canonical questions
  STALE_INDEX: the index was built from different canonical content than the library holds now; rebuild it with build_search_index.py
SEARCH_RETRIEVABILITY: PASS
Indexed 1 documents; excluded 0. Wrote C:\Users\reall\AppData\Local\Temp\tmpr_37ovul\index.json and C:\Users\reall\AppData\Local\Temp\tmpr_37ovul\manifest.json
=== Search Index Verification ===
SEARCH_MEMBERSHIP: FAIL
  STALE_INDEX: the index was built from different canonical content than the library holds now; rebuild it with build_search_index.py
SEARCH_RETRIEVABILITY: PASS
=== Search Index Verification ===
SEARCH_MEMBERSHIP: FAIL
  STALE_INDEX: the index was built from different canonical content than the library holds now; rebuild it with build_search_index.py
SEARCH_RETRIEVABILITY: PASS
Indexed 1 documents; excluded 0. Wrote C:\Users\reall\AppData\Local\Temp\tmp2reva_au\index.json and C:\Users\reall\AppData\Local\Temp\tmp2reva_au\manifest.json
=== Search Index Verification ===
SEARCH_MEMBERSHIP: PASS
SEARCH_RETRIEVABILITY: FAIL
  INDEX_DIGEST_MISMATCH: the index file is not the one its manifest describes
Indexed 1 documents; excluded 0. Wrote C:\Users\reall\AppData\Local\Temp\tmp7hdpiiga\index.json and C:\Users\reall\AppData\Local\Temp\tmp7hdpiiga\manifest.json
=== Search Index Verification ===
SEARCH_MEMBERSHIP: PASS
SEARCH_RETRIEVABILITY: PASS
=== Search Index Verification ===
SEARCH_MEMBERSHIP: FAIL
  PHANTOM_IN_INDEX: 38 indexed id(s) are not canonical questions
  STALE_INDEX: the index was built from different canonical content than the library holds now; rebuild it with build_search_index.py
SEARCH_RETRIEVABILITY: PASS
Indexed 2 documents; excluded 1. Wrote C:\Users\reall\AppData\Local\Temp\tmp8xa_g1sy\index.json and C:\Users\reall\AppData\Local\Temp\tmp8xa_g1sy\manifest.json
Indexed 2 documents; excluded 0. Wrote C:\Users\reall\AppData\Local\Temp\tmpu9xftujr\index.json and C:\Users\reall\AppData\Local\Temp\tmpu9xftujr\manifest.json
Indexed 2 documents; excluded 0. Wrote C:\Users\reall\AppData\Local\Temp\tmpu9xftujr\index.json and C:\Users\reall\AppData\Local\Temp\tmpu9xftujr\manifest.json
=== Search Index Verification ===
SEARCH_MEMBERSHIP: PASS
SEARCH_RETRIEVABILITY: PASS
9 evidence record(s) in build/test-assurance/ratchet/evidence
  ANSWER_CORRECTNESS             NOT_APPLICABLE 1
  CORPUS_SPECIFICITY             PASS 1
  DIMENSIONAL_CORRECTNESS        NOT_APPLICABLE 1
  DISCLOSURE_CONFORMANCE         PASS 1
  REASONING_VALIDITY             INCONCLUSIVE 1
  REFERENCE_INTEGRITY            FAIL 1
  SCOPE_CONFORMANCE              PASS 1
  SELF_CONTAINMENT               INCONCLUSIVE 1
  STRUCTURAL_VALIDITY            PASS 1
NEW FINDING: REFERENCE_INTEGRITY|CANONICAL_RECORD:LIB-PHY-NLM-FIRST-LAW-AUTHORED|LIBRARY_UNRESOLVED_REFERENCE|BUCKET-PHY-NLM-FIRST-LAW
NEW FINDING: REFERENCE_INTEGRITY|CANONICAL_RECORD:LIB-PHY-NLM-FIRST-LAW-AUTHORED|LIBRARY_UNRESOLVED_REFERENCE|CAP-NLM-NET-ZERO-MOTION
NEW FINDING: REFERENCE_INTEGRITY|CANONICAL_RECORD:LIB-PHY-NLM-FIRST-LAW-AUTHORED|LIBRARY_UNRESOLVED_REFERENCE|FAM-PHY-NLM-INCLINE-MODELLING
NEW FINDING: REFERENCE_INTEGRITY|CANONICAL_RECORD:LIB-PHY-NLM-FIRST-LAW-AUTHORED|LIBRARY_UNRESOLVED_REFERENCE|Q-PHY-NLM-INCLINE-2A-FBD-COMPONENTS-05
NEW FINDING: REFERENCE_INTEGRITY|CANONICAL_RECORD:LIB-PHY-NLM-FIRST-LAW-AUTHORED|LIBRARY_UNRESOLVED_REFERENCE|Q-PHY-NLM-INCLINE-2A-HORIZONTAL-PUSH-04
NEW FINDING: REFERENCE_INTEGRITY|CANONICAL_RECORD:LIB-PHY-NLM-FIRST-LAW-AUTHORED|LIBRARY_UNRESOLVED_REFERENCE|Q-PHY-NLM-INCLINE-2A-SLIDING-03
NEW FINDING: REFERENCE_INTEGRITY|CANONICAL_RECORD:LIB-PHY-NLM-FIRST-LAW-AUTHORED|LIBRARY_UNRESOLVED_REFERENCE|Q-PHY-NLM-INCLINE-2A-SMOOTH-01
NEW FINDING: REFERENCE_INTEGRITY|CANONICAL_RECORD:LIB-PHY-NLM-FIRST-LAW-AUTHORED|LIBRARY_UNRESOLVED_REFERENCE|Q-PHY-NLM-INCLINE-2A-STATIC-02
NEW FINDING: REFERENCE_INTEGRITY|CANONICAL_RECORD:LIB-PHY-NLM-FIRST-LAW-AUTHORED|LIBRARY_UNRESOLVED_REFERENCE|Q-PHY-NLM-INCLINE-2B-AXES-01
NEW FINDING: REFERENCE_INTEGRITY|CANONICAL_RECORD:LIB-PHY-NLM-FIRST-LAW-AUTHORED|LIBRARY_UNRESOLVED_REFERENCE|Q-PHY-NLM-INCLINE-2B-COMPONENT-TRAP-04
NEW FINDING: REFERENCE_INTEGRITY|CANONICAL_RECORD:LIB-PHY-NLM-FIRST-LAW-AUTHORED|LIBRARY_UNRESOLVED_REFERENCE|Q-PHY-NLM-INCLINE-2B-HORIZONTAL-THRESHOLD-03ok
test_enforce_passes_at_the_committed_baseline (test_assurance_verifiers.Ratchet.test_enforce_passes_at_the_committed_baseline) ... FAIL
test_the_committed_baseline_is_current_and_holds_only_what_main_has (test_assurance_verifiers.Ratchet.test_the_committed_baseline_is_current_and_holds_only_what_main_has) ... FAIL
test_a_complete_specification_passes (test_assurance_verifiers.TypedChecks.test_a_complete_specification_passes) ... ok
test_a_given_that_the_computation_needs_and_the_specification_does_not_declare_is_hidden (test_assurance_verifiers.TypedChecks.test_a_given_that_the_computation_needs_and_the_specification_does_not_declare_is_hidden) ... ok
test_a_question_that_declares_nothing_is_inconclusive_never_a_pass (test_assurance_verifiers.TypedChecks.test_a_question_that_declares_nothing_is_inconclusive_never_a_pass) ... ok
test_a_specification_that_contradicts_the_computation_fails (test_assurance_verifiers.TypedChecks.test_a_specification_that_contradicts_the_computation_fails) ... ok
test_a_visible_fact_that_is_not_in_the_text_is_not_visible (test_assurance_verifiers.TypedChecks.test_a_visible_fact_that_is_not_in_the_text_is_not_visible) ... ok
test_a_wrong_key_and_a_wrong_unit_fail (test_assurance_verifiers.TypedChecks.test_a_wrong_key_and_a_wrong_unit_fail) ... ok
test_the_symbols_are_the_computations_not_the_small_words_of_the_answer (test_assurance_verifiers.TypedChecks.test_the_symbols_are_the_computations_not_the_small_words_of_the_answer) ... ok
test_a_declared_hidden_given_fails_self_containment (test_assurance_verifiers.TypedPackages.test_a_declared_hidden_given_fails_self_containment) ... ok
test_a_declared_wrong_key_fails_answer_correctness (test_assurance_verifiers.TypedPackages.test_a_declared_wrong_key_fails_answer_correctness) ... ok
test_a_declared_wrong_unit_fails_dimensional_correctness (test_assurance_verifiers.TypedPackages.test_a_declared_wrong_unit_fails_dimensional_correctness) ... ok
test_one_declared_question_among_undeclared_ones_is_not_enough_to_pass (test_assurance_verifiers.TypedPackages.test_one_declared_question_among_undeclared_ones_is_not_enough_to_pass) ... ok
test_core1a_blueprint_expected_component_accepts_scoped_waiver (test_authoring_applicability.AuthoringApplicabilityTests.test_core1a_blueprint_expected_component_accepts_scoped_waiver) ... ok
test_core1a_explicit_per_unit_visual_waiver_is_not_a_figure_failure (test_authoring_applicability.AuthoringApplicabilityTests.test_core1a_explicit_per_unit_visual_waiver_is_not_a_figure_failure) ... ok
test_core1a_missing_visual_still_fails_without_waiver (test_authoring_applicability.AuthoringApplicabilityTests.test_core1a_missing_visual_still_fails_without_waiver) ... ok
test_core1a_staged_visual_is_expected_not_required (test_authoring_applicability.AuthoringApplicabilityTests.test_core1a_staged_visual_is_expected_not_required) ... ok
test_core2_guidance_uses_applicability_not_mandatory_diagram_or_hint_count (test_authoring_applicability.AuthoringApplicabilityTests.test_core2_guidance_uses_applicability_not_mandatory_diagram_or_hint_count) ... ok
test_after_agent_scan_owner_is_asked_only_for_missing_learner_knowledge_and_purpose (test_authoring_intake.AuthoringIntakeTests.test_after_agent_scan_owner_is_asked_only_for_missing_learner_knowledge_and_purpose) ... ok
test_known_owner_facts_are_not_asked_again (test_authoring_intake.AuthoringIntakeTests.test_known_owner_facts_are_not_asked_again) ... ok
test_minimal_prompt_first_requires_agent_capability_scan_not_owner_taxonomy_work (test_authoring_intake.AuthoringIntakeTests.test_minimal_prompt_first_requires_agent_capability_scan_not_owner_taxonomy_work) ... ok
test_no_profile_is_fabricated_when_clarification_is_missing (test_authoring_intake.AuthoringIntakeTests.test_no_profile_is_fabricated_when_clarification_is_missing) ... ok
test_owner_supplied_questions_use_agent_custody_interpretation_not_fake_owner_reply (test_authoring_intake.AuthoringIntakeTests.test_owner_supplied_questions_use_agent_custody_interpretation_not_fake_owner_reply) ... ok
test_partial_knowledge_asks_only_for_missing_items (test_authoring_intake.AuthoringIntakeTests.test_partial_knowledge_asks_only_for_missing_items) ... ok
test_profile_materialization_bridges_to_existing_qrt_resolver_contract (test_authoring_intake.AuthoringIntakeTests.test_profile_materialization_bridges_to_existing_qrt_resolver_contract) ... ok
test_candidate_cannot_self_promote_to_reviewed (test_authoring_run.AuthoringRun.test_candidate_cannot_self_promote_to_reviewed) ... ok
test_core2b_cannot_fake_changed_fields (test_authoring_run.AuthoringRun.test_core2b_cannot_fake_changed_fields) ... ok
test_core2b_fixture_compiles_to_candidate_authoring (test_authoring_run.AuthoringRun.test_core2b_fixture_compiles_to_candidate_authoring) ... ok
test_core2b_requires_real_transfer_block (test_authoring_run.AuthoringRun.test_core2b_requires_real_transfer_block) ... ok
test_executor_audit_covers_all_runnable_write_scopes (test_authoring_run.AuthoringRun.test_executor_audit_covers_all_runnable_write_scopes) ... ok
test_existing_canonical_record_cannot_be_mutated (test_authoring_run.AuthoringRun.test_existing_canonical_record_cannot_be_mutated) ... ok
test_product_output_path_cannot_escape_draft_root (test_authoring_run.AuthoringRun.test_product_output_path_cannot_escape_draft_root) ... ok
test_product_output_run_cannot_touch_library (test_authoring_run.AuthoringRun.test_product_output_run_cannot_touch_library) ... ok
test_stale_packet_digest_is_rejected (test_authoring_run.AuthoringRun.test_stale_packet_digest_is_rejected) ... ok
test_valid_candidate_run_emits_receipt_without_mutating_dry_run (test_authoring_run.AuthoringRun.test_valid_candidate_run_emits_receipt_without_mutating_dry_run) ... ok
test_a_new_owner_question_is_scaffolded_with_exactly_what_the_blueprint_lists (test_blueprint_components.Authoring.test_a_new_owner_question_is_scaffolded_with_exactly_what_the_blueprint_lists) ... ok
test_the_depth_an_owner_bank_is_held_to_is_the_blueprints_target_for_its_band_not_a_number_in_the_tool (test_blueprint_components.Authoring.test_the_depth_an_owner_bank_is_held_to_is_the_blueprints_target_for_its_band_not_a_number_in_the_tool) ... ok
test_each_equation_card_belongs_to_a_construction_unit_and_every_stage_has_a_named_button (test_blueprint_components.Core1aBenchmark.test_each_equation_card_belongs_to_a_construction_unit_and_every_stage_has_a_named_button) ... ok
test_revision_and_competition_project_distinct_authored_transfer_sections (test_blueprint_components.Core1aBenchmark.test_revision_and_competition_project_distinct_authored_transfer_sections) ... ok
test_secondary_reference_is_collapsed_but_the_crux_and_practice_path_stay_visible (test_blueprint_components.Core1aBenchmark.test_secondary_reference_is_collapsed_but_the_crux_and_practice_path_stay_visible) ... FAIL
test_staged_figures_reveal_cumulatively_unless_the_author_explicitly_requests_replacement (test_blueprint_components.Core1aBenchmark.test_staged_figures_reveal_cumulatively_unless_the_author_explicitly_requests_replacement) ... ok
test_the_blueprint_asks_for_three_steps_and_three_stages_as_the_reference_has (test_blueprint_components.Core1aBenchmark.test_the_blueprint_asks_for_three_steps_and_three_stages_as_the_reference_has) ... ok
test_the_independent_checks_are_a_numbered_triad_that_names_each_items_job (test_blueprint_components.Core1aBenchmark.test_the_independent_checks_are_a_numbered_triad_that_names_each_items_job) ... ok
test_the_page_opens_in_the_blueprints_theme_and_the_learner_can_switch (test_blueprint_components.Core1aBenchmark.test_the_page_opens_in_the_blueprints_theme_and_the_learner_can_switch) ... FAIL
test_worked_teaching_is_visible_and_precedes_the_fresh_attempt (test_blueprint_components.Core1aBenchmark.test_worked_teaching_is_visible_and_precedes_the_fresh_attempt) ... ok
test_a_core2_page_links_to_concepts_only_when_the_product_has_a_core1a_page (test_blueprint_components.Links.test_a_core2_page_links_to_concepts_only_when_the_product_has_a_core1a_page) ... ok
test_a_header_made_without_a_pdf_has_no_icon (test_blueprint_components.PrintPdf.test_a_header_made_without_a_pdf_has_no_icon) ... ok
test_a_single_file_page_has_no_icon_because_it_has_no_file_beside_it (test_blueprint_components.PrintPdf.test_a_single_file_page_has_no_icon_because_it_has_no_file_beside_it) ... ok
test_a_verified_past_paper_is_linked_as_a_pdf_and_an_owner_supplied_question_is_not (test_blueprint_components.PrintPdf.test_a_verified_past_paper_is_linked_as_a_pdf_and_an_owner_supplied_question_is_not) ... ok
test_each_role_page_links_the_pdf_printed_from_itself_and_the_index_links_none (test_blueprint_components.PrintPdf.test_each_role_page_links_the_pdf_printed_from_itself_and_the_index_links_none) ... FAIL
test_only_an_https_link_to_a_verified_pdf_is_ever_linked (test_blueprint_components.PrintPdf.test_only_an_https_link_to_a_verified_pdf_is_ever_linked) ... ok
test_the_icon_is_a_touch_target_and_is_not_printed (test_blueprint_components.PrintPdf.test_the_icon_is_a_touch_target_and_is_not_printed) ... ok
test_the_icon_sits_in_the_fixed_header_among_the_other_controls (test_blueprint_components.PrintPdf.test_the_icon_sits_in_the_fixed_header_among_the_other_controls) ... ERROR
test_the_registry_says_what_the_icon_is_where_it_goes_and_what_it_never_opens (test_blueprint_components.PrintPdf.test_the_registry_says_what_the_icon_is_where_it_goes_and_what_it_never_opens) ... ok
test_the_source_pdf_is_a_component_of_the_core2_blueprint_in_the_identity_slot_and_is_optional (test_blueprint_components.PrintPdf.test_the_source_pdf_is_a_component_of_the_core2_blueprint_in_the_identity_slot_and_is_optional) ... ok
test_a_fully_authored_product_shows_every_required_component (test_blueprint_components.Realisation.test_a_fully_authored_product_shows_every_required_component) ... ok
test_every_marker_on_a_page_is_a_component_its_blueprint_declares (test_blueprint_components.Realisation.test_every_marker_on_a_page_is_a_component_its_blueprint_declares) ... ok
test_guided_support_is_collapsed_by_default (test_blueprint_components.Realisation.test_guided_support_is_collapsed_by_default) ... ok
test_the_hint_ladder_shows_its_rungs_before_their_words (test_blueprint_components.Realisation.test_the_hint_ladder_shows_its_rungs_before_their_words) ... ok
test_the_layout_is_one_split_per_row_with_the_blueprints_columns (test_blueprint_components.Realisation.test_the_layout_is_one_split_per_row_with_the_blueprints_columns) ... ok
test_wrong_route_warning_is_collapsed_by_default (test_blueprint_components.Realisation.test_wrong_route_warning_is_collapsed_by_default) ... ok
test_a_required_component_cannot_be_waived (test_blueprint_components.ReferenceDepth.test_a_required_component_cannot_be_waived) ... ok
test_an_expected_component_is_a_gap_for_new_authoring_until_the_record_waives_it_with_a_reason (test_blueprint_components.ReferenceDepth.test_an_expected_component_is_a_gap_for_new_authoring_until_the_record_waives_it_with_a_reason) ... ok
test_the_depth_a_ladder_is_held_to_follows_the_questions_band (test_blueprint_components.ReferenceDepth.test_the_depth_a_ladder_is_held_to_follows_the_questions_band) ... ok
test_the_gate_holds_a_deep_question_to_its_band_and_skips_what_the_record_waived (test_blueprint_components.ReferenceDepth.test_the_gate_holds_a_deep_question_to_its_band_and_skips_what_the_record_waived) ... ok
test_the_same_shortfall_is_only_an_advisory_for_an_official_product (test_blueprint_components.ReferenceDepth.test_the_same_shortfall_is_only_an_advisory_for_an_official_product) ... ok
test_a_toggle_that_holds_a_badge_and_a_label_wraps_instead_of_overflowing_a_320px_screen (test_blueprint_components.Registry.test_a_toggle_that_holds_a_badge_and_a_label_wraps_instead_of_overflowing_a_320px_screen) ... ok
test_every_presentation_the_schema_allows_has_its_own_css (test_blueprint_components.Registry.test_every_presentation_the_schema_allows_has_its_own_css) ... FAIL
test_learner_text_in_components_never_drops_below_the_blueprint_floor (test_blueprint_components.Registry.test_learner_text_in_components_never_drops_below_the_blueprint_floor) ... ok
test_the_audit_names_a_component_in_no_slot_a_duplicate_and_a_slot_with_nothing_in_it (test_blueprint_components.Registry.test_the_audit_names_a_component_in_no_slot_a_duplicate_and_a_slot_with_nothing_in_it) ... ok
test_the_registry_is_valid_against_its_schema_and_audit (test_blueprint_components.Registry.test_the_registry_is_valid_against_its_schema_and_audit) ... ok
test_the_written_specification_is_current (test_blueprint_components.Registry.test_the_written_specification_is_current) ... ok
test_a_duty_that_already_reports_the_absence_is_not_reported_twice (test_blueprint_components.Reporting.test_a_duty_that_already_reports_the_absence_is_not_reported_twice) ... ok
test_a_per_unit_component_is_expected_once_for_each_construction_unit (test_blueprint_components.Reporting.test_a_per_unit_component_is_expected_once_for_each_construction_unit) ... FAIL
test_a_required_component_that_is_absent_or_below_its_floor_is_a_gap_that_names_it (test_blueprint_components.Reporting.test_a_required_component_that_is_absent_or_below_its_floor_is_a_gap_that_names_it) ... ok
test_an_expected_component_that_is_absent_is_an_advisory_and_an_optional_one_is_silent (test_blueprint_components.Reporting.test_an_expected_component_that_is_absent_is_an_advisory_and_an_optional_one_is_silent) ... ok
test_between_the_floor_and_the_reference_depth_is_an_advisory_not_a_gap (test_blueprint_components.Reporting.test_between_the_floor_and_the_reference_depth_is_an_advisory_not_a_gap) ... ok
test_the_gate_rule_reads_the_registry_not_a_copy_of_it (test_blueprint_components.Reporting.test_the_gate_rule_reads_the_registry_not_a_copy_of_it) ... ok
test_the_order_inside_a_slot_is_the_blueprints_and_an_undeclared_part_is_refused (test_blueprint_components.Reporting.test_the_order_inside_a_slot_is_the_blueprints_and_an_undeclared_part_is_refused) ... ok
test_without_a_blueprint_the_renderer_neither_wraps_nor_reports (test_blueprint_components.Reporting.test_without_a_blueprint_the_renderer_neither_wraps_nor_reports) ... ok
test_a_concept_with_one_section_has_no_route_to_itself (test_blueprint_components.Tablet.test_a_concept_with_one_section_has_no_route_to_itself) ... ok
test_an_authored_figure_is_held_to_the_labels_a_tablet_can_read_and_none_cut_off (test_blueprint_components.Tablet.test_an_authored_figure_is_held_to_the_labels_a_tablet_can_read_and_none_cut_off) ... ok
test_both_question_and_concept_pages_declare_the_tablet_promises (test_blueprint_components.Tablet.test_both_question_and_concept_pages_declare_the_tablet_promises) ... ok
test_conditions_precede_construction_and_the_key_step_follows_its_adjacent_visual (test_blueprint_components.Tablet.test_conditions_precede_construction_and_the_key_step_follows_its_adjacent_visual) ... ok
test_links_inside_the_page_use_the_themes_accent_so_they_read_on_dark (test_blueprint_components.Tablet.test_links_inside_the_page_use_the_themes_accent_so_they_read_on_dark) ... ok
test_only_new_authoring_is_asked_for_legible_figures (test_blueprint_components.Tablet.test_only_new_authoring_is_asked_for_legible_figures) ... ok
test_blueprint_keeps_engineering_gate_above_case_specific_blueprint_edits (test_blueprint_regression.BlueprintRegression.test_blueprint_keeps_engineering_gate_above_case_specific_blueprint_edits) ... ok
test_blueprint_prescribed_regression_commands_are_ci_enforced (test_blueprint_regression.BlueprintRegression.test_blueprint_prescribed_regression_commands_are_ci_enforced) ... ok
test_blueprint_regression_does_not_claim_to_replace_live_learner_evidence (test_blueprint_regression.BlueprintRegression.test_blueprint_regression_does_not_claim_to_replace_live_learner_evidence) ... ok
test_first_pilot_has_not_leaked_case_specific_logic_into_shared_runtime (test_blueprint_regression.BlueprintRegression.test_first_pilot_has_not_leaked_case_specific_logic_into_shared_runtime) ... ok
test_regression_and_empirical_acceptance_are_visible_as_separate_ci_steps (test_blueprint_regression.BlueprintRegression.test_regression_and_empirical_acceptance_are_visible_as_separate_ci_steps) ... ok
test_interactive_bridge_absent_when_no_explorer (test_blueprint_transitions.TestBlueprintTransitions.test_interactive_bridge_absent_when_no_explorer) ... ok
test_interactive_bridge_rendered_when_explorer_present (test_blueprint_transitions.TestBlueprintTransitions.test_interactive_bridge_rendered_when_explorer_present) ... ok
test_learning_transitions_rendered (test_blueprint_transitions.TestBlueprintTransitions.test_learning_transitions_rendered) ... ok
test_all_surfaces_exist (test_browser_tablet_accessibility.TestBrowserTabletAccessibility.test_all_surfaces_exist) ... ok
test_offline_local_network_policy_no_unauthorized_cdns (test_browser_tablet_accessibility.TestBrowserTabletAccessibility.test_offline_local_network_policy_no_unauthorized_cdns) ... ok
test_reciprocal_navigation_integrity (test_browser_tablet_accessibility.TestBrowserTabletAccessibility.test_reciprocal_navigation_integrity) ... FAIL
test_responsive_viewport_conformance (test_browser_tablet_accessibility.TestBrowserTabletAccessibility.test_responsive_viewport_conformance) ... ok
test_touch_target_policy_and_typography_floor (test_browser_tablet_accessibility.TestBrowserTabletAccessibility.test_touch_target_policy_and_typography_floor) ... ok
test_candidate_record_excerpts_follow_package_schema (test_build_golden.GoldenRenderTests.test_candidate_record_excerpts_follow_package_schema) ... ok
test_core2_candidate_keeps_source_options_and_later_hints_inert (test_build_golden.GoldenRenderTests.test_core2_candidate_keeps_source_options_and_later_hints_inert) ... ok
test_each_candidate_renders_without_gaps (test_build_golden.GoldenRenderTests.test_each_candidate_renders_without_gaps) ... ok
test_diagnosed_real_question_repairs_then_uses_fresh_canonical_check (test_c6_examside_motion_in_plane.ExamSideMotionInPlanePilot.test_diagnosed_real_question_repairs_then_uses_fresh_canonical_check) ... ok
test_first_use_is_diagnostic_without_inventing_weakness (test_c6_examside_motion_in_plane.ExamSideMotionInPlanePilot.test_first_use_is_diagnostic_without_inventing_weakness) ... ok
test_live_pilot_packet_becomes_ready_with_real_bridge_evidence (test_c6_examside_motion_in_plane.ExamSideMotionInPlanePilot.test_live_pilot_packet_becomes_ready_with_real_bridge_evidence) ... ok
test_live_pilot_packet_stops_at_real_bridge_without_invented_evidence (test_c6_examside_motion_in_plane.ExamSideMotionInPlanePilot.test_live_pilot_packet_stops_at_real_bridge_without_invented_evidence) ... ok
test_real_external_question_enters_feedback_without_becoming_canonical (test_c6_examside_motion_in_plane.ExamSideMotionInPlanePilot.test_real_external_question_enters_feedback_without_becoming_canonical) ... ok
test_real_question_slice_maps_without_promoting_questions_to_canonical_truth (test_c6_examside_motion_in_plane.ExamSideMotionInPlanePilot.test_real_question_slice_maps_without_promoting_questions_to_canonical_truth) ... ok
test_real_relative_motion_attempt_runs_through_session_runner_without_persisting (test_c6_examside_motion_in_plane.ExamSideMotionInPlanePilot.test_real_relative_motion_attempt_runs_through_session_runner_without_persisting) ... ok
test_real_relative_motion_slice_runs_through_the_practical_session_runner (test_c6_examside_motion_in_plane.ExamSideMotionInPlanePilot.test_real_relative_motion_slice_runs_through_the_practical_session_runner) ... ok
test_real_slice_exercises_more_than_one_canonical_matrix (test_c6_examside_motion_in_plane.ExamSideMotionInPlanePilot.test_real_slice_exercises_more_than_one_canonical_matrix) ... ok
test_real_slice_routes_declared_external_prerequisite_as_explicit_bridge (test_c6_examside_motion_in_plane.ExamSideMotionInPlanePilot.test_real_slice_routes_declared_external_prerequisite_as_explicit_bridge) ... ok
test_relative_motion_demand_keeps_reference_frame_support_explicit (test_c6_examside_motion_in_plane.ExamSideMotionInPlanePilot.test_relative_motion_demand_keeps_reference_frame_support_explicit) ... ok
test_committed_corpus_is_intact (test_calibration_corpus.CalibrationCorpusTest.test_committed_corpus_is_intact) ... FAIL
test_edited_or_extra_specimen_file_is_reported (test_calibration_corpus.CalibrationCorpusTest.test_edited_or_extra_specimen_file_is_reported) ... ok
test_reference_custody_must_be_decided (test_calibration_corpus.CalibrationCorpusTest.test_reference_custody_must_be_decided) ... FAIL
test_multiple_locations_are_ambiguous_even_if_a_provider_is_declared (test_capability_delivery.CapabilityDelivery.test_multiple_locations_are_ambiguous_even_if_a_provider_is_declared) ... ok
test_no_local_location_with_provider_is_an_external_bridge (test_capability_delivery.CapabilityDelivery.test_no_local_location_with_provider_is_an_external_bridge) ... ok
test_no_location_and_no_provider_is_unresolved (test_capability_delivery.CapabilityDelivery.test_no_location_and_no_provider_is_unresolved) ... ok
test_one_local_location_is_local (test_capability_delivery.CapabilityDelivery.test_one_local_location_is_local) ... ok
test_banks_are_structurally_audited (test_chemistry_master_suites_audit.ChemistryMasterSuitesAuditTest.test_banks_are_structurally_audited) ... ok
test_canvas_setup_does_not_recurse_dpr_height (test_chemistry_master_suites_audit.ChemistryMasterSuitesAuditTest.test_canvas_setup_does_not_recurse_dpr_height) ... ok
test_governed_chemistry_representation_invariants (test_chemistry_master_suites_audit.ChemistryMasterSuitesAuditTest.test_governed_chemistry_representation_invariants) ... ok
test_inline_javascript_parses_with_node (test_chemistry_master_suites_audit.ChemistryMasterSuitesAuditTest.test_inline_javascript_parses_with_node) ... ok
test_js_bank_parser_handles_semicolon_bracket_inside_strings (test_chemistry_master_suites_audit.ChemistryMasterSuitesAuditTest.test_js_bank_parser_handles_semicolon_bracket_inside_strings) ... ok
test_known_answer_audit_exceptions_are_fail_closed (test_chemistry_master_suites_audit.ChemistryMasterSuitesAuditTest.test_known_answer_audit_exceptions_are_fail_closed) ... ok
test_known_source_attribution_mismatches_are_explicit (test_chemistry_master_suites_audit.ChemistryMasterSuitesAuditTest.test_known_source_attribution_mismatches_are_explicit) ... ok
test_no_duplicate_static_ids_or_unresolved_inline_handlers (test_chemistry_master_suites_audit.ChemistryMasterSuitesAuditTest.test_no_duplicate_static_ids_or_unresolved_inline_handlers) ... ok
test_redox_examside_content_map_is_complete (test_chemistry_master_suites_audit.ChemistryMasterSuitesAuditTest.test_redox_examside_content_map_is_complete) ... ok
test_runtime_dependency_detector_ignores_source_navigation_links (test_chemistry_master_suites_audit.ChemistryMasterSuitesAuditTest.test_runtime_dependency_detector_ignores_source_navigation_links) ... ok
test_standalones_embed_exact_canonical_bank (test_chemistry_master_suites_audit.ChemistryMasterSuitesAuditTest.test_standalones_embed_exact_canonical_bank) ... ok
test_suite_contracts_match_live_snapshot_and_delivery_profile (test_chemistry_master_suites_audit.ChemistryMasterSuitesAuditTest.test_suite_contracts_match_live_snapshot_and_delivery_profile) ... ok
test_all_activity_schemas_are_valid_draft_2020_12 (test_competitive_exam_bank_contract.CompetitiveExamBankContractTest.test_all_activity_schemas_are_valid_draft_2020_12) ... ok
test_current_bank_closes_the_activity_contract (test_competitive_exam_bank_contract.CompetitiveExamBankContractTest.test_current_bank_closes_the_activity_contract) ... ok
test_source_unverified_cannot_be_promoted_to_canonical_bank (test_competitive_exam_bank_contract.CompetitiveExamBankContractTest.test_source_unverified_cannot_be_promoted_to_canonical_bank) ... ok
test_concept_and_family_refs_resolve (test_competitive_exam_question_bank.CompetitiveExamQuestionBankV2Test.test_concept_and_family_refs_resolve) ... ok
test_difficulty_is_component_based_not_exam_label_based (test_competitive_exam_question_bank.CompetitiveExamQuestionBankV2Test.test_difficulty_is_component_based_not_exam_label_based) ... ok
test_donor_registries_remain_quarantined_and_preserved (test_competitive_exam_question_bank.CompetitiveExamQuestionBankV2Test.test_donor_registries_remain_quarantined_and_preserved) ... ok
test_duplicate_ids_and_authoritative_source_ledger_resolution (test_competitive_exam_question_bank.CompetitiveExamQuestionBankV2Test.test_duplicate_ids_and_authoritative_source_ledger_resolution) ... ok
test_every_question_is_an_honest_pyq_adaptation (test_competitive_exam_question_bank.CompetitiveExamQuestionBankV2Test.test_every_question_is_an_honest_pyq_adaptation) ... ok
test_fixture_native_v2_shape_and_counts (test_competitive_exam_question_bank.CompetitiveExamQuestionBankV2Test.test_fixture_native_v2_shape_and_counts) ... ok
test_jee_main_2026_records_require_official_paper_and_final_key (test_competitive_exam_question_bank.CompetitiveExamQuestionBankV2Test.test_jee_main_2026_records_require_official_paper_and_final_key) ... ok
test_native_question_fields_are_learner_usable (test_competitive_exam_question_bank.CompetitiveExamQuestionBankV2Test.test_native_question_fields_are_learner_usable) ... ok
test_reasoning_route_crux_and_check_resolve (test_competitive_exam_question_bank.CompetitiveExamQuestionBankV2Test.test_reasoning_route_crux_and_check_resolve) ... ok
test_relative_motion_hold_is_closed_by_official_records (test_competitive_exam_question_bank.CompetitiveExamQuestionBankV2Test.test_relative_motion_hold_is_closed_by_official_records) ... ok
test_scope_excludes_circular_motion (test_competitive_exam_question_bank.CompetitiveExamQuestionBankV2Test.test_scope_excludes_circular_motion) ... ok
test_source_custody_uses_official_organizer_and_subject_qualified_identity (test_competitive_exam_question_bank.CompetitiveExamQuestionBankV2Test.test_source_custody_uses_official_organizer_and_subject_qualified_identity) ... ok
test_source_hints_and_authored_scaffolds_are_not_conflated (test_competitive_exam_question_bank.CompetitiveExamQuestionBankV2Test.test_source_hints_and_authored_scaffolds_are_not_conflated) ... ok
test_topic_coverage_is_explicit_and_balanced (test_competitive_exam_question_bank.CompetitiveExamQuestionBankV2Test.test_topic_coverage_is_explicit_and_balanced) ... ok
test_transfer_is_distinguished_from_same_family_practice (test_competitive_exam_question_bank.CompetitiveExamQuestionBankV2Test.test_transfer_is_distinguished_from_same_family_practice) ... ok
test_anti_cheating_removing_explorer_relationship_removes_interactive_action (test_concept_bundle_resolver.TestConceptBundleResolver.test_anti_cheating_removing_explorer_relationship_removes_interactive_action)
Hard Anti-Cheating Invariant: ... ok
test_friction_bundle_resolves_all_four_roles (test_concept_bundle_resolver.TestConceptBundleResolver.test_friction_bundle_resolves_all_four_roles) ... ok
test_learner_app_without_learning_ref_fails_integrity (test_concept_bundle_resolver.TestConceptBundleResolver.test_learner_app_without_learning_ref_fails_integrity) ... ok
test_auditor_does_not_score_prose_or_compare_core1_against_teaching_path (test_core1_orientation.Core1OrientationAudit.test_auditor_does_not_score_prose_or_compare_core1_against_teaching_path) ... ok
test_authored_convention_must_have_a_statement (test_core1_orientation.Core1OrientationAudit.test_authored_convention_must_have_a_statement) ... ok
test_bucket_with_no_emittable_orientation_surface_is_not_compilable (test_core1_orientation.Core1OrientationAudit.test_bucket_with_no_emittable_orientation_surface_is_not_compilable) ... ok
test_complete_structural_fixture_has_no_structural_findings (test_core1_orientation.Core1OrientationAudit.test_complete_structural_fixture_has_no_structural_findings) ... ok
test_curriculum_mapping_must_declare_authority_status (test_core1_orientation.Core1OrientationAudit.test_curriculum_mapping_must_declare_authority_status) ... ok
test_forward_gate_allows_committed_legacy_debt_but_blocks_new_debt (test_core1_orientation.Core1OrientationAudit.test_forward_gate_allows_committed_legacy_debt_but_blocks_new_debt) ... ok
test_medium_or_hard_transition_must_explain_why_it_is_hard (test_core1_orientation.Core1OrientationAudit.test_medium_or_hard_transition_must_explain_why_it_is_hard) ... ok
test_primary_representation_requires_a_core1_scene_when_declared (test_core1_orientation.Core1OrientationAudit.test_primary_representation_requires_a_core1_scene_when_declared) ... ok
test_relation_meaning_and_conditions_are_falsifiable (test_core1_orientation.Core1OrientationAudit.test_relation_meaning_and_conditions_are_falsifiable) ... ok
test_relationless_bucket_with_hard_transition_still_has_a_core1_map (test_core1_orientation.Core1OrientationAudit.test_relationless_bucket_with_hard_transition_still_has_a_core1_map) ... ok
test_repo_scan_ignores_nested_exam_bank_and_reads_ordinary_library_packages (test_core1_orientation.Core1OrientationAudit.test_repo_scan_ignores_nested_exam_bank_and_reads_ordinary_library_packages) ... ok
test_subject_wide_bucket_ownership_includes_microtopic_from_another_package (test_core1_orientation.Core1OrientationAudit.test_subject_wide_bucket_ownership_includes_microtopic_from_another_package) ... ok
test_subject_wide_relation_resolution_matches_compiler_indexing (test_core1_orientation.Core1OrientationAudit.test_subject_wide_relation_resolution_matches_compiler_indexing) ... ok
test_a_b_route_asymmetry_is_cross_progression_drift (test_core1_progression.CrossCore1Progression.test_a_b_route_asymmetry_is_cross_progression_drift) ... ok
test_canonical_inferential_jump_is_single_cross_product_crux (test_core1_progression.CrossCore1Progression.test_canonical_inferential_jump_is_single_cross_product_crux) ... ok
test_complete_map_construct_reconstruct_row_is_cross_coherent (test_core1_progression.CrossCore1Progression.test_complete_map_construct_reconstruct_row_is_cross_coherent) ... ok
test_forward_gate_freezes_only_cross_progression_debt (test_core1_progression.CrossCore1Progression.test_forward_gate_freezes_only_cross_progression_debt) ... ok
test_hard_concept_must_be_named_in_core1_orientation (test_core1_progression.CrossCore1Progression.test_hard_concept_must_be_named_in_core1_orientation) ... ok
test_local_phase2_debt_is_reported_but_not_relabelled_cross_drift (test_core1_progression.CrossCore1Progression.test_local_phase2_debt_is_reported_but_not_relabelled_cross_drift) ... ok
test_real_relationless_bucket_now_compiles_a_core1_map (test_core1_progression.CrossCore1Progression.test_real_relationless_bucket_now_compiles_a_core1_map) ... ok
test_routed_study_concept_requires_a_core1_map (test_core1_progression.CrossCore1Progression.test_routed_study_concept_requires_a_core1_map) ... ok
test_unrouted_concept_is_a_cross_progression_gap (test_core1_progression.CrossCore1Progression.test_unrouted_concept_is_a_cross_progression_gap) ... ok
test_complete_fixture_has_no_structural_debt (test_core1a_construction.Core1AConstructionAudit.test_complete_fixture_has_no_structural_debt) ... ok
test_each_teaching_move_must_say_why_it_is_valid (test_core1a_construction.Core1AConstructionAudit.test_each_teaching_move_must_say_why_it_is_valid) ... ok
test_exit_closure_and_independent_check_are_separate (test_core1a_construction.Core1AConstructionAudit.test_exit_closure_and_independent_check_are_separate) ... ok
test_forward_gate_freezes_legacy_debt_without_accepting_new_debt (test_core1a_construction.Core1AConstructionAudit.test_forward_gate_freezes_legacy_debt_without_accepting_new_debt) ... ok
test_medium_and_hard_content_retains_research_contribution (test_core1a_construction.Core1AConstructionAudit.test_medium_and_hard_content_retains_research_contribution) ... ok
test_misconception_diagnostic_repair_is_one_complete_claim (test_core1a_construction.Core1AConstructionAudit.test_misconception_diagnostic_repair_is_one_complete_claim) ... ok
test_missing_crux_and_route_are_named (test_core1a_construction.Core1AConstructionAudit.test_missing_crux_and_route_are_named) ... ok
test_no_text_length_or_keyword_quality_score_is_created (test_core1a_construction.Core1AConstructionAudit.test_no_text_length_or_keyword_quality_score_is_created) ... ok
test_relation_owned_concept_requires_an_independent_relation_check (test_core1a_construction.Core1AConstructionAudit.test_relation_owned_concept_requires_an_independent_relation_check) ... ok
test_representation_correspondence_is_semantic_not_just_a_ref (test_core1a_construction.Core1AConstructionAudit.test_representation_correspondence_is_semantic_not_just_a_ref) ... ok
test_representation_must_be_bound_to_this_microtopic_for_core1a (test_core1a_construction.Core1AConstructionAudit.test_representation_must_be_bound_to_this_microtopic_for_core1a) ... ok
test_worked_anchor_requires_core1a_exposure_and_full_reasoning (test_core1a_construction.Core1AConstructionAudit.test_worked_anchor_requires_core1a_exposure_and_full_reasoning) ... ok
test_boundary_test_closes_without_a_tutor (test_core1b_reconstruction.Core1BReconstructionAudit.test_boundary_test_closes_without_a_tutor) ... ok
test_compiler_places_every_reveal_after_the_prompt_it_answers (test_core1b_reconstruction.Core1BReconstructionAudit.test_compiler_places_every_reveal_after_the_prompt_it_answers) ... ok
test_complete_cycle_has_no_structural_debt (test_core1b_reconstruction.Core1BReconstructionAudit.test_complete_cycle_has_no_structural_debt) ... ok
test_core1a_coverage_cannot_disappear_from_core1b (test_core1b_reconstruction.Core1BReconstructionAudit.test_core1a_coverage_cannot_disappear_from_core1b) ... ok
test_core1b_cannot_create_orphan_concept_coverage (test_core1b_reconstruction.Core1BReconstructionAudit.test_core1b_cannot_create_orphan_concept_coverage) ... ok
test_criteria_closure_requires_rubric_but_not_example_pairs (test_core1b_reconstruction.Core1BReconstructionAudit.test_criteria_closure_requires_rubric_but_not_example_pairs) ... ok
test_forward_gate_freezes_legacy_debt_without_accepting_new_debt (test_core1b_reconstruction.Core1BReconstructionAudit.test_forward_gate_freezes_legacy_debt_without_accepting_new_debt) ... ok
test_missing_elicitation_is_named_without_fabricating_fallback_quality (test_core1b_reconstruction.Core1BReconstructionAudit.test_missing_elicitation_is_named_without_fabricating_fallback_quality) ... ok
test_model_response_closure_requires_model_response (test_core1b_reconstruction.Core1BReconstructionAudit.test_model_response_closure_requires_model_response) ... ok
test_prediction_requires_prompt_and_defensible_answer (test_core1b_reconstruction.Core1BReconstructionAudit.test_prediction_requires_prompt_and_defensible_answer) ... ok
test_reconstruction_route_requires_ask_and_rationale (test_core1b_reconstruction.Core1BReconstructionAudit.test_reconstruction_route_requires_ask_and_rationale) ... ok
test_reconstruction_step_reference_must_resolve_to_core1a_path (test_core1b_reconstruction.Core1BReconstructionAudit.test_reconstruction_step_reference_must_resolve_to_core1a_path) ... ok
test_rubric_closure_requires_criteria_and_accepted_rejected_examples (test_core1b_reconstruction.Core1BReconstructionAudit.test_rubric_closure_requires_criteria_and_accepted_rejected_examples) ... ok
test_surface_similarity_does_not_certify_or_fail_genuine_reconstruction (test_core1b_reconstruction.Core1BReconstructionAudit.test_surface_similarity_does_not_certify_or_fail_genuine_reconstruction) ... ok
test_unrouted_concept_is_phase4_handoff_not_core1b_elicitation_debt (test_core1b_reconstruction.Core1BReconstructionAudit.test_unrouted_concept_is_phase4_handoff_not_core1b_elicitation_debt) ... ok
test_both_sides_admit_derived_navigation_blocks (test_core2_v2.Core2V2BlueprintContract.test_both_sides_admit_derived_navigation_blocks) ... ok
test_ambiguous_selected_capability_ownership_fails_closed (test_core2_v2.Core2V2ConceptJoinProjection.test_ambiguous_selected_capability_ownership_fails_closed) ... ok
test_duplicate_selected_question_id_fails_closed (test_core2_v2.Core2V2ConceptJoinProjection.test_duplicate_selected_question_id_fails_closed) ... ok
test_primary_and_secondary_capabilities_generate_both_directions (test_core2_v2.Core2V2ConceptJoinProjection.test_primary_and_secondary_capabilities_generate_both_directions) ... ok
test_repeated_capability_refs_do_not_duplicate_reciprocal_links (test_core2_v2.Core2V2ConceptJoinProjection.test_repeated_capability_refs_do_not_duplicate_reciprocal_links) ... ok
test_unrelated_selected_question_does_not_get_generic_chapter_link (test_core2_v2.Core2V2ConceptJoinProjection.test_unrelated_selected_question_does_not_get_generic_chapter_link) ... ok
test_authored_prompt_precedes_bounded_reveal_and_keeps_explicit_stage (test_core2_v2.Core2V2RendererContract.test_authored_prompt_precedes_bounded_reveal_and_keeps_explicit_stage) ... ok
test_core1a_practice_navigation_is_exact_and_safe (test_core2_v2.Core2V2RendererContract.test_core1a_practice_navigation_is_exact_and_safe) ... ok
test_core2_concept_navigation_uses_primary_and_secondary_exact_concepts (test_core2_v2.Core2V2RendererContract.test_core2_concept_navigation_uses_primary_and_secondary_exact_concepts) ... ok
test_core2_entrypoint_consumes_authored_support_projection (test_core2_v2.Core2V2RendererContract.test_core2_entrypoint_consumes_authored_support_projection) ... ok
test_core2_entrypoint_consumes_structured_solution_projection (test_core2_v2.Core2V2RendererContract.test_core2_entrypoint_consumes_structured_solution_projection) ... ok
test_invalid_structured_solution_fails_closed_without_legacy_fallback (test_core2_v2.Core2V2RendererContract.test_invalid_structured_solution_fails_closed_without_legacy_fallback) ... ok
test_legacy_solution_fallback_remains_plain_working (test_core2_v2.Core2V2RendererContract.test_legacy_solution_fallback_remains_plain_working) ... ok
test_malformed_join_records_typed_gap_and_no_link (test_core2_v2.Core2V2RendererContract.test_malformed_join_records_typed_gap_and_no_link) ... ok
test_projection_error_records_gap_and_renders_no_support (test_core2_v2.Core2V2RendererContract.test_projection_error_records_gap_and_renders_no_support) ... ok
test_rendered_solution_preserves_repeated_calculation_moves (test_core2_v2.Core2V2RendererContract.test_rendered_solution_preserves_repeated_calculation_moves) ... ok
test_renderer_keeps_source_and_authored_support_in_separate_groups (test_core2_v2.Core2V2RendererContract.test_renderer_keeps_source_and_authored_support_in_separate_groups) ... ok
test_single_file_rewrite_keeps_cross_core_join_exact (test_core2_v2.Core2V2RendererContract.test_single_file_rewrite_keeps_cross_core_join_exact) ... ok
test_structured_solution_renders_every_move_stage_and_crux_without_legacy_duplication (test_core2_v2.Core2V2RendererContract.test_structured_solution_renders_every_move_stage_and_crux_without_legacy_duplication) ... ok
test_unrelated_question_renders_no_generic_concept_navigation (test_core2_v2.Core2V2RendererContract.test_unrelated_question_renders_no_generic_concept_navigation) ... ok
test_concept_round_trip_marks_only_the_exact_origin_question (test_core2_v2.Core2V2RoundTripStateContract.test_concept_round_trip_marks_only_the_exact_origin_question) ... ok
test_persisted_payload_contains_interaction_state_not_academic_html (test_core2_v2.Core2V2RoundTripStateContract.test_persisted_payload_contains_interaction_state_not_academic_html) ... ok
test_rendered_page_exposes_digest_scope_and_role_on_the_question_article (test_core2_v2.Core2V2RoundTripStateContract.test_rendered_page_exposes_digest_scope_and_role_on_the_question_article) ... ok
test_restore_replays_attempt_fields_support_depth_and_commitment (test_core2_v2.Core2V2RoundTripStateContract.test_restore_replays_attempt_fields_support_depth_and_commitment) ... ok
test_state_namespace_binds_product_render_digest_and_exact_question (test_core2_v2.Core2V2RoundTripStateContract.test_state_namespace_binds_product_render_digest_and_exact_question) ... ok
test_state_runtime_is_valid_javascript (test_core2_v2.Core2V2RoundTripStateContract.test_state_runtime_is_valid_javascript) ... ok
test_storage_failure_is_non_blocking (test_core2_v2.Core2V2RoundTripStateContract.test_storage_failure_is_non_blocking) ... ok
test_prompt_and_explicit_learner_stage_are_paired (test_core2_v2.Core2V2SchemaContract.test_prompt_and_explicit_learner_stage_are_paired) ... ok
test_prompt_reveal_metadata_is_admitted_by_canonical_scaffold_schema (test_core2_v2.Core2V2SchemaContract.test_prompt_reveal_metadata_is_admitted_by_canonical_scaffold_schema) ... ok
test_invalid_crux_reference_fails_closed (test_core2_v2.Core2V2SolutionProjection.test_invalid_crux_reference_fails_closed) ... ok
test_legacy_answer_has_no_structured_projection (test_core2_v2.Core2V2SolutionProjection.test_legacy_answer_has_no_structured_projection) ... ok
test_repeated_stage_moves_remain_separate_intermediate_steps (test_core2_v2.Core2V2SolutionProjection.test_repeated_stage_moves_remain_separate_intermediate_steps) ... ok
test_solution_projection_does_not_fabricate_missing_stage_boxes (test_core2_v2.Core2V2SolutionProjection.test_solution_projection_does_not_fabricate_missing_stage_boxes) ... ok
test_structured_route_maps_to_preferred_learner_progression_without_losing_moves (test_core2_v2.Core2V2SolutionProjection.test_structured_route_maps_to_preferred_learner_progression_without_losing_moves) ... ok
test_a_bare_text_bank_hint_is_a_source_hint (test_core2_v2.Core2V2SupportProjection.test_a_bare_text_bank_hint_is_a_source_hint) ... ok
test_a_rung_with_neither_from_nor_text_is_still_an_invalid_reference (test_core2_v2.Core2V2SupportProjection.test_a_rung_with_neither_from_nor_text_is_still_an_invalid_reference) ... ok
test_adapted_question_hints_remain_source_support (test_core2_v2.Core2V2SupportProjection.test_adapted_question_hints_remain_source_support) ... ok
test_an_empty_bare_hint_is_still_refused (test_core2_v2.Core2V2SupportProjection.test_an_empty_bare_hint_is_still_refused) ... ok
test_an_inline_answer_rung_is_not_offered_before_the_solution (test_core2_v2.Core2V2SupportProjection.test_an_inline_answer_rung_is_not_offered_before_the_solution) ... ok
test_an_inline_rung_without_declared_provenance_is_refused (test_core2_v2.Core2V2SupportProjection.test_an_inline_rung_without_declared_provenance_is_refused) ... ok
test_an_inline_source_hint_rung_stays_in_the_source_lane (test_core2_v2.Core2V2SupportProjection.test_an_inline_source_hint_rung_stays_in_the_source_lane) ... ok
test_answer_revealing_rows_are_not_pre_solution_support (test_core2_v2.Core2V2SupportProjection.test_answer_revealing_rows_are_not_pre_solution_support) ... ok
test_authored_scaffold_is_not_presented_as_source_hint (test_core2_v2.Core2V2SupportProjection.test_authored_scaffold_is_not_presented_as_source_hint) ... ok
test_core2_has_no_three_rung_minimum (test_core2_v2.Core2V2SupportProjection.test_core2_has_no_three_rung_minimum) ... ok
test_explicit_learner_stage_is_preserved_not_inferred_from_text (test_core2_v2.Core2V2SupportProjection.test_explicit_learner_stage_is_preserved_not_inferred_from_text) ... ok
test_inline_ladder_rungs_take_their_declared_provenance_not_a_guess (test_core2_v2.Core2V2SupportProjection.test_inline_ladder_rungs_take_their_declared_provenance_not_a_guess) ... ok
test_invalid_ladder_reference_fails_closed (test_core2_v2.Core2V2SupportProjection.test_invalid_ladder_reference_fails_closed) ... ok
test_source_and_authored_support_coexist_without_collapse (test_core2_v2.Core2V2SupportProjection.test_source_and_authored_support_coexist_without_collapse) ... ok
test_core2_v2_blueprint_versions_are_resolvable_from_the_authoritative_template_contract (test_core2_v2_boundaries.Core2V2LearnerJobBoundary.test_core2_v2_blueprint_versions_are_resolvable_from_the_authoritative_template_contract) ... ok
test_routine_zero_support_question_stays_lightweight_and_non_clinic (test_core2_v2_boundaries.Core2V2LearnerJobBoundary.test_routine_zero_support_question_stays_lightweight_and_non_clinic) ... ok
test_below_the_breakpoint_one_column_follows_the_blueprints_compact_order_not_the_column_each_part_sits_in (test_core2_v2_layout.Core2V2TabletRailContract.test_below_the_breakpoint_one_column_follows_the_blueprints_compact_order_not_the_column_each_part_sits_in) ... ok
test_core1a_continuous_lesson_keeps_core2_rail_policy_separate (test_core2_v2_layout.Core2V2TabletRailContract.test_core1a_continuous_lesson_keeps_core2_rail_policy_separate) ... ok
test_every_blueprint_slot_has_a_column_and_below_the_breakpoint_nothing_is_a_grid (test_core2_v2_layout.Core2V2TabletRailContract.test_every_blueprint_slot_has_a_column_and_below_the_breakpoint_nothing_is_a_grid) ... ok
test_expanded_core2_layout_is_written_from_the_blueprint (test_core2_v2_layout.Core2V2TabletRailContract.test_expanded_core2_layout_is_written_from_the_blueprint) ... ok
test_renderer_emits_one_representation_in_the_support_column (test_core2_v2_layout.Core2V2TabletRailContract.test_renderer_emits_one_representation_in_the_support_column) ... ok
test_source_representation_and_requested_support_share_the_support_column (test_core2_v2_layout.Core2V2TabletRailContract.test_source_representation_and_requested_support_share_the_support_column) ... ok
test_support_rail_is_contextual_not_preexpanded (test_core2_v2_layout.Core2V2TabletRailContract.test_support_rail_is_contextual_not_preexpanded) ... ok
test_without_a_blueprint_the_slots_still_render_in_one_flow (test_core2_v2_layout.Core2V2TabletRailContract.test_without_a_blueprint_the_slots_still_render_in_one_flow) ... ok
test_canonical_renderer_projects_support_solution_and_exact_concept_link_for_witness (test_core2_v2_motion2d.Core2V2Motion2DIntegration.test_canonical_renderer_projects_support_solution_and_exact_concept_link_for_witness) ... ok
test_full_pages_build_contains_witness_and_preserves_exact_cross_core_anchors (test_core2_v2_motion2d.Core2V2Motion2DIntegration.test_full_pages_build_contains_witness_and_preserves_exact_cross_core_anchors) ... FAIL
test_manifest_selects_expected_real_product_shape (test_core2_v2_motion2d.Core2V2Motion2DIntegration.test_manifest_selects_expected_real_product_shape) ... ok
test_real_product_pages_and_single_file_are_semantically_equivalent_and_deterministic (test_core2_v2_motion2d.Core2V2Motion2DIntegration.test_real_product_pages_and_single_file_are_semantically_equivalent_and_deterministic) ... FAIL
test_witness_has_structured_solution_with_resolved_crux (test_core2_v2_motion2d.Core2V2Motion2DIntegration.test_witness_has_structured_solution_with_resolved_crux) ... ok
test_witness_joins_to_selected_core1a_concept_from_canonical_capability_refs (test_core2_v2_motion2d.Core2V2Motion2DIntegration.test_witness_joins_to_selected_core1a_concept_from_canonical_capability_refs) ... ok
test_witness_uses_existing_authored_scaffolds_without_reclassifying_them_as_source_hints (test_core2_v2_motion2d.Core2V2Motion2DIntegration.test_witness_uses_existing_authored_scaffolds_without_reclassifying_them_as_source_hints) ... ok
test_answer_revealing_support_fails_when_observed_pre_solution (test_core2_v2_quality.Core2V2QualityContract.test_answer_revealing_support_fails_when_observed_pre_solution) ... ok
test_authored_scaffold_cannot_be_presented_as_source_support (test_core2_v2_quality.Core2V2QualityContract.test_authored_scaffold_cannot_be_presented_as_source_support) ... ok
test_declared_mapping_does_not_let_a_source_hint_be_relabelled (test_core2_v2_quality.Core2V2QualityContract.test_declared_mapping_does_not_let_a_source_hint_be_relabelled) ... ok
test_inline_rung_must_still_be_presented_as_what_it_declares (test_core2_v2_quality.Core2V2QualityContract.test_inline_rung_must_still_be_presented_as_what_it_declares) ... ok
test_inline_rung_takes_the_provenance_it_declares (test_core2_v2_quality.Core2V2QualityContract.test_inline_rung_takes_the_provenance_it_declares) ... ok
test_inline_rung_with_an_unknown_provenance_is_not_recognised (test_core2_v2_quality.Core2V2QualityContract.test_inline_rung_with_an_unknown_provenance_is_not_recognised) ... ok
test_legacy_observation_without_typed_support_rows_remains_compatible (test_core2_v2_quality.Core2V2QualityContract.test_legacy_observation_without_typed_support_rows_remains_compatible) ... ok
test_render_observation_extracts_typed_support_provenance_without_materialising_content (test_core2_v2_quality.Core2V2QualityContract.test_render_observation_extracts_typed_support_provenance_without_materialising_content) ... ok
test_source_custody_cannot_be_relabelled_as_authored_or_guided (test_core2_v2_quality.Core2V2QualityContract.test_source_custody_cannot_be_relabelled_as_authored_or_guided) ... ok
test_structured_working_is_part_of_attempt_gated_solution_contract (test_core2_v2_quality.Core2V2QualityContract.test_structured_working_is_part_of_attempt_gated_solution_contract) ... ok
test_valid_source_and_authored_provenance_passes_new_integrity_rule (test_core2_v2_quality.Core2V2QualityContract.test_valid_source_and_authored_provenance_passes_new_integrity_rule) ... ok
test_current_tree_proves_inventory_is_nonvacuous_and_mixed (test_core2a_inventory.Core2AInventory.test_current_tree_proves_inventory_is_nonvacuous_and_mixed) ... ok
test_duplicate_reasoning_moves_are_obvious_quality_defects (test_core2a_inventory.Core2AInventory.test_duplicate_reasoning_moves_are_obvious_quality_defects) ... ok
test_forward_gate_rejects_obvious_quality_defect_even_when_structured (test_core2a_inventory.Core2AInventory.test_forward_gate_rejects_obvious_quality_defect_even_when_structured) ... ok
test_generic_check_is_rejected_but_meaningful_unclassified_check_is_not (test_core2a_inventory.Core2AInventory.test_generic_check_is_rejected_but_meaningful_unclassified_check_is_not) ... ok
test_known_check_kinds_are_reported_without_becoming_a_subject_oracle (test_core2a_inventory.Core2AInventory.test_known_check_kinds_are_reported_without_becoming_a_subject_oracle) ... ok
test_legacy_reasoning_is_named_not_silently_accepted_as_migrated (test_core2a_inventory.Core2AInventory.test_legacy_reasoning_is_named_not_silently_accepted_as_migrated) ... ok
test_materially_edited_legacy_question_must_migrate (test_core2a_inventory.Core2AInventory.test_materially_edited_legacy_question_must_migrate) ... ok
test_migrating_an_existing_legacy_question_clears_debt (test_core2a_inventory.Core2AInventory.test_migrating_an_existing_legacy_question_clears_debt) ... ok
test_new_legacy_core2a_question_fails_forward_gate (test_core2a_inventory.Core2AInventory.test_new_legacy_core2a_question_fails_forward_gate) ... ok
test_structured_represent_crux_is_mature_core2a (test_core2a_inventory.Core2AInventory.test_structured_represent_crux_is_mature_core2a) ... ok
test_unchanged_legacy_debt_is_allowed_by_forward_gate (test_core2a_inventory.Core2AInventory.test_unchanged_legacy_debt_is_allowed_by_forward_gate) ... ok
test_why_valid_cannot_merely_repeat_the_action (test_core2a_inventory.Core2AInventory.test_why_valid_cannot_merely_repeat_the_action) ... ok
test_current_tree_is_nonvacuous_and_exposes_legacy_protection_debt (test_core2b_inventory.Core2BInventory.test_current_tree_is_nonvacuous_and_exposes_legacy_protection_debt) ... ok
test_mature_transfer_has_no_machine_checkable_debt (test_core2b_inventory.Core2BInventory.test_mature_transfer_has_no_machine_checkable_debt) ... ok
test_new_capability_is_not_silently_called_transfer (test_core2b_inventory.Core2BInventory.test_new_capability_is_not_silently_called_transfer) ... ok
test_parent_must_be_in_lineage (test_core2b_inventory.Core2BInventory.test_parent_must_be_in_lineage) ... ok
test_repair_must_point_to_specific_teaching_step (test_core2b_inventory.Core2BInventory.test_repair_must_point_to_specific_teaching_step) ... ok
test_rubric_is_forward_transfer_closure (test_core2b_inventory.Core2BInventory.test_rubric_is_forward_transfer_closure) ... ok
test_unchanged_legacy_debt_is_allowed_but_new_debt_is_not (test_core2b_inventory.Core2BInventory.test_unchanged_legacy_debt_is_allowed_but_new_debt_is_not) ... ok
test_unprotected_transfer_is_named_as_migration_debt (test_core2b_inventory.Core2BInventory.test_unprotected_transfer_is_named_as_migration_debt) ... ok
test_contract_passes_structural_audit (test_core_authority_contract.CoreAuthorityContractTests.test_contract_passes_structural_audit) ... ok
test_core1_family_comes_from_canonical_academic_truth_not_core2 (test_core_authority_contract.CoreAuthorityContractTests.test_core1_family_comes_from_canonical_academic_truth_not_core2) ... ok
test_core2_requires_source_custody_and_custody_research_never_rewrites_study_truth (test_core_authority_contract.CoreAuthorityContractTests.test_core2_requires_source_custody_and_custody_research_never_rewrites_study_truth) ... ok
test_demand_evidence_is_not_learner_eligibility (test_core_authority_contract.CoreAuthorityContractTests.test_demand_evidence_is_not_learner_eligibility) ... ok
test_execution_order_cannot_be_used_as_authority_order (test_core_authority_contract.CoreAuthorityContractTests.test_execution_order_cannot_be_used_as_authority_order) ... ok
test_extension_pressure_cannot_expand_core1_family (test_core_authority_contract.CoreAuthorityContractTests.test_extension_pressure_cannot_expand_core1_family) ... ok
test_learner_estimate_cannot_become_mastery_or_core1_scope_authority (test_core_authority_contract.CoreAuthorityContractTests.test_learner_estimate_cannot_become_mastery_or_core1_scope_authority) ... ok
test_per_question_primary_is_preserved_separately_from_set_scope (test_core_authority_contract.CoreAuthorityContractTests.test_per_question_primary_is_preserved_separately_from_set_scope) ... ok
test_source_hints_and_authored_scaffolds_keep_separate_custody (test_core_authority_contract.CoreAuthorityContractTests.test_source_hints_and_authored_scaffolds_keep_separate_custody) ... ok
test_math_fixture_now_resolves_through_issue19_matrix (test_core_issue19_integration.CoreIssue19Integration.test_math_fixture_now_resolves_through_issue19_matrix) ... ok
test_math_route_comes_from_capability_prerequisites_not_positions (test_core_issue19_integration.CoreIssue19Integration.test_math_route_comes_from_capability_prerequisites_not_positions) ... ok
test_noncanonical_math_worksheet_question_can_enter_feedback_runtime (test_core_issue19_integration.CoreIssue19Integration.test_noncanonical_math_worksheet_question_can_enter_feedback_runtime) ... ok
test_owner_estimate_uses_new_math_matrix_as_a_real_start_coordinate (test_core_issue19_integration.CoreIssue19Integration.test_owner_estimate_uses_new_math_matrix_as_a_real_start_coordinate) ... ok
test_physics_fixture_still_passes_after_issue19_content_expansion (test_core_issue19_integration.CoreIssue19Integration.test_physics_fixture_still_passes_after_issue19_content_expansion) ... ok
test_physics_learner_facing_plan_uses_minimal_issue19_machine_route (test_core_issue19_integration.CoreIssue19Integration.test_physics_learner_facing_plan_uses_minimal_issue19_machine_route) ... ok
test_subtopic_estimate_overlay_uses_the_issue19_math_matrix (test_core_issue19_integration.CoreIssue19Integration.test_subtopic_estimate_overlay_uses_the_issue19_math_matrix) ... ok
test_adapter_never_promotes_authored_practice_to_core2 (test_core_learning_adapter.CoreLearningProductionAdapter.test_adapter_never_promotes_authored_practice_to_core2) ... ok
test_compiled_question_parts_survive_without_rewriting (test_core_learning_adapter.CoreLearningProductionAdapter.test_compiled_question_parts_survive_without_rewriting) ... ok
test_compiler_emitted_core2_can_project_without_teaching_pair (test_core_learning_adapter.CoreLearningProductionAdapter.test_compiler_emitted_core2_can_project_without_teaching_pair) ... ok
test_compiler_error_is_reported_with_named_code (test_core_learning_adapter.CoreLearningProductionAdapter.test_compiler_error_is_reported_with_named_code) ... ok
test_core1_family_concept_payload_preserves_canonical_learning_cycle (test_core_learning_adapter.CoreLearningProductionAdapter.test_core1_family_concept_payload_preserves_canonical_learning_cycle) ... ok
test_core1_pair_shares_concept_but_changes_reveal_policy (test_core_learning_adapter.CoreLearningProductionAdapter.test_core1_pair_shares_concept_but_changes_reveal_policy) ... ok
test_core1_projection_preserves_compiler_orientation_blocks (test_core_learning_adapter.CoreLearningProductionAdapter.test_core1_projection_preserves_compiler_orientation_blocks) ... ok
test_core2a_preserves_reasoning_source_hints_solution_and_scaffolds (test_core_learning_adapter.CoreLearningProductionAdapter.test_core2a_preserves_reasoning_source_hints_solution_and_scaffolds) ... ok
test_core2b_preserves_protected_transfer_with_explicit_pre_attempt_limits (test_core_learning_adapter.CoreLearningProductionAdapter.test_core2b_preserves_protected_transfer_with_explicit_pre_attempt_limits) ... ok
test_demand_bearing_figure_gets_semantic_learner_payload (test_core_learning_adapter.CoreLearningProductionAdapter.test_demand_bearing_figure_gets_semantic_learner_payload) ... ok
test_every_bucket_has_explicit_availability_and_all_provider_findings_are_retained (test_core_learning_adapter.CoreLearningProductionAdapter.test_every_bucket_has_explicit_availability_and_all_provider_findings_are_retained) ... ok
test_every_core1_orientable_bucket_reaches_the_learner_provider (test_core_learning_adapter.CoreLearningProductionAdapter.test_every_core1_orientable_bucket_reaches_the_learner_provider) ... ok
test_every_routed_concept_reaches_both_core1a_and_core1b (test_core_learning_adapter.CoreLearningProductionAdapter.test_every_routed_concept_reaches_both_core1a_and_core1b) ... ok
test_mature_core2a_does_not_require_core2b_or_interactive_explorer (test_core_learning_adapter.CoreLearningProductionAdapter.test_mature_core2a_does_not_require_core2b_or_interactive_explorer) ... ok
test_public_and_standalone_hosts_share_one_academic_template (test_core_learning_adapter.CoreLearningProductionAdapter.test_public_and_standalone_hosts_share_one_academic_template) ... ok
test_public_provider_is_compiler_backed_not_fixture_backed (test_core_learning_adapter.CoreLearningProductionAdapter.test_public_provider_is_compiler_backed_not_fixture_backed) ... ok
test_relationless_bucket_keeps_core1_delivery (test_core_learning_adapter.CoreLearningProductionAdapter.test_relationless_bucket_keeps_core1_delivery) ... ok
test_shared_clock_explorer_remains_available_when_canonical_resource_exists (test_core_learning_adapter.CoreLearningProductionAdapter.test_shared_clock_explorer_remains_available_when_canonical_resource_exists) ... ok
test_shared_tooling_has_no_motion_specific_identifier_switch (test_core_learning_adapter.CoreLearningProductionAdapter.test_shared_tooling_has_no_motion_specific_identifier_switch) ... ok
test_authored_practice_is_never_an_ordinary_core2_anchor (test_core_progression.CrossCoreProgression.test_authored_practice_is_never_an_ordinary_core2_anchor) ... ok
test_competitive_bank_anchor_is_evidence_not_library_record_injection (test_core_progression.CrossCoreProgression.test_competitive_bank_anchor_is_evidence_not_library_record_injection) ... ok
test_core2b_parent_must_be_a_familiar_same_family_anchor (test_core_progression.CrossCoreProgression.test_core2b_parent_must_be_a_familiar_same_family_anchor) ... ok
test_current_tree_has_nonvacuous_family_progression_report (test_core_progression.CrossCoreProgression.test_current_tree_has_nonvacuous_family_progression_report) ... FAIL
test_incline_family_does_not_inherit_broad_nlm_bank_evidence (test_core_progression.CrossCoreProgression.test_incline_family_does_not_inherit_broad_nlm_bank_evidence) ... ok
test_motion2d_family_is_fully_migrated_without_source_anchor_drift (test_core_progression.CrossCoreProgression.test_motion2d_family_is_fully_migrated_without_source_anchor_drift) ... ok
test_real_nlm_family_joins_verified_bank_demand_without_rewriting_provenance (test_core_progression.CrossCoreProgression.test_real_nlm_family_joins_verified_bank_demand_without_rewriting_provenance) ... ok
test_relative_motion_family_joins_verified_v2_bank_demand (test_core_progression.CrossCoreProgression.test_relative_motion_family_joins_verified_v2_bank_demand) ... ok
test_reasoning_move_contract_is_stable_and_decision_capable (test_core_projection_contract.CoreProjectionContract.test_reasoning_move_contract_is_stable_and_decision_capable) ... ok
test_reasoning_visual_binding_is_atomic (test_core_projection_contract.CoreProjectionContract.test_reasoning_visual_binding_is_atomic) ... ok
test_roles_define_crux_and_source_custody_without_new_academic_authority (test_core_projection_contract.CoreProjectionContract.test_roles_define_crux_and_source_custody_without_new_academic_authority) ... ok
test_scaffold_is_separate_from_source_hint_and_targets_a_move (test_core_projection_contract.CoreProjectionContract.test_scaffold_is_separate_from_source_hint_and_targets_a_move) ... ok
test_scaffold_visual_binding_is_atomic (test_core_projection_contract.CoreProjectionContract.test_scaffold_visual_binding_is_atomic) ... ok
test_structured_application_fields_are_optional_legacy_migration_fields (test_core_projection_contract.CoreProjectionContract.test_structured_application_fields_are_optional_legacy_migration_fields) ... ok
test_core2a_scaffold_precedes_answer_and_crux_is_visibly_distinct (test_core_projection_pipeline.LearnerFacingStructuredProjection.test_core2a_scaffold_precedes_answer_and_crux_is_visibly_distinct) ... ERROR
test_core2b_protected_decision_is_absent_from_pre_attempt_support (test_core_projection_pipeline.LearnerFacingStructuredProjection.test_core2b_protected_decision_is_absent_from_pre_attempt_support) ... ERROR
test_real_motion2d_core1a_and_core1b_share_one_concept_obligation (test_core_projection_pipeline.Motion2DRealWitness.test_real_motion2d_core1a_and_core1b_share_one_concept_obligation) ... ok
test_real_motion2d_publish_keeps_protected_decision_after_attempt (test_core_projection_pipeline.Motion2DRealWitness.test_real_motion2d_publish_keeps_protected_decision_after_attempt) ... ERROR
test_real_motion2d_questions_survive_compile_with_distinct_crux_and_protection (test_core_projection_pipeline.Motion2DRealWitness.test_real_motion2d_questions_survive_compile_with_distinct_crux_and_protection) ... ok
test_publication_boundary_accepts_representational_core2a_crux (test_core_projection_pipeline.PublicationBoundaryStructuredRefs.test_publication_boundary_accepts_representational_core2a_crux) ... ok
test_publication_boundary_rejects_dangling_crux (test_core_projection_pipeline.PublicationBoundaryStructuredRefs.test_publication_boundary_rejects_dangling_crux) ... ok
test_publication_boundary_rejects_nondecision_protected_move (test_core_projection_pipeline.PublicationBoundaryStructuredRefs.test_publication_boundary_rejects_nondecision_protected_move) ... ok
test_publication_boundary_rejects_protected_move_scaffold_disclosure (test_core_projection_pipeline.PublicationBoundaryStructuredRefs.test_publication_boundary_rejects_protected_move_scaffold_disclosure) ... ok
test_publication_boundary_rejects_verify_only_crux (test_core_projection_pipeline.PublicationBoundaryStructuredRefs.test_publication_boundary_rejects_verify_only_crux) ... ok
test_valid_structured_application_reaches_publication_boundary (test_core_projection_pipeline.PublicationBoundaryStructuredRefs.test_valid_structured_application_reaches_publication_boundary) ... ok
test_compiler_preserves_new_transfer_exposure_and_protected_move (test_core_projection_pipeline.StructuredApplicationPipeline.test_compiler_preserves_new_transfer_exposure_and_protected_move) ... ok
test_compiler_preserves_source_shape_and_structured_application_truth (test_core_projection_pipeline.StructuredApplicationPipeline.test_compiler_preserves_source_shape_and_structured_application_truth) ... ok
test_core2a_crux_can_truthfully_name_nondecision_application_bottleneck (test_core_projection_pipeline.StructuredApplicationPipeline.test_core2a_crux_can_truthfully_name_nondecision_application_bottleneck) ... ok
test_core2a_crux_cannot_be_a_verify_only_closure_move (test_core_projection_pipeline.StructuredApplicationPipeline.test_core2a_crux_cannot_be_a_verify_only_closure_move) ... ok
test_core2b_protected_move_still_must_be_a_decision (test_core_projection_pipeline.StructuredApplicationPipeline.test_core2b_protected_move_still_must_be_a_decision) ... ok
test_intake_rejects_dangling_crux (test_core_projection_pipeline.StructuredApplicationPipeline.test_intake_rejects_dangling_crux) ... ok
test_intake_rejects_duplicate_move_ids (test_core_projection_pipeline.StructuredApplicationPipeline.test_intake_rejects_duplicate_move_ids) ... ok
test_intake_rejects_scaffold_that_targets_protected_transfer_decision (test_core_projection_pipeline.StructuredApplicationPipeline.test_intake_rejects_scaffold_that_targets_protected_transfer_decision) ... ok
test_reasoning_move_visual_stage_ownership_is_validated (test_core_projection_pipeline.StructuredApplicationPipeline.test_reasoning_move_visual_stage_ownership_is_validated) ... ok
test_visual_support_validates_scaffold_stage_ownership (test_core_projection_pipeline.StructuredApplicationPipeline.test_visual_support_validates_scaffold_stage_ownership) ... ok
test_all_role_anatomies_are_distinct (test_core_template_contract.CoreTemplateContractTests.test_all_role_anatomies_are_distinct) ... ok
test_all_six_roles_resolve_versioned_web_blueprints (test_core_template_contract.CoreTemplateContractTests.test_all_six_roles_resolve_versioned_web_blueprints) ... ok
test_contract_covers_all_six_roles_and_passes_structural_audit (test_core_template_contract.CoreTemplateContractTests.test_contract_covers_all_six_roles_and_passes_structural_audit) ... ok
test_core1b_attempt_precedes_reconstruction (test_core_template_contract.CoreTemplateContractTests.test_core1b_attempt_precedes_reconstruction) ... ok
test_core2b_protects_changed_decision_until_after_attempt (test_core_template_contract.CoreTemplateContractTests.test_core2b_protects_changed_decision_until_after_attempt) ... ok
test_real_canonical_witnesses_match_role_template_boundaries (test_core_template_contract.CoreTemplateContractTests.test_real_canonical_witnesses_match_role_template_boundaries) ... ok
test_source_hints_and_authored_scaffolds_are_not_collapsed (test_core_template_contract.CoreTemplateContractTests.test_source_hints_and_authored_scaffolds_are_not_collapsed) ... ok
test_committed_direct_attempt_without_provenance_is_not_silently_ignored (test_empirical_acceptance.EmpiricalAcceptanceBoundary.test_committed_direct_attempt_without_provenance_is_not_silently_ignored) ... ok
test_feedback_draft_is_explicitly_unreviewed_not_live_acceptance (test_empirical_acceptance.EmpiricalAcceptanceBoundary.test_feedback_draft_is_explicitly_unreviewed_not_live_acceptance) ... ok
test_historical_import_is_never_live_acceptance (test_empirical_acceptance.EmpiricalAcceptanceBoundary.test_historical_import_is_never_live_acceptance) ... ok
test_live_attempt_without_session_or_question_is_structurally_rejected (test_empirical_acceptance.EmpiricalAcceptanceBoundary.test_live_attempt_without_session_or_question_is_structurally_rejected) ... ok
test_no_real_observations_is_pending_not_a_regression_failure (test_empirical_acceptance.EmpiricalAcceptanceBoundary.test_no_real_observations_is_pending_not_a_regression_failure) ... ok
test_reviewed_live_attempt_makes_empirical_evidence_available (test_empirical_acceptance.EmpiricalAcceptanceBoundary.test_reviewed_live_attempt_makes_empirical_evidence_available) ... ok
test_synthetic_and_unreviewed_attempts_do_not_satisfy_empirical_layer (test_empirical_acceptance.EmpiricalAcceptanceBoundary.test_synthetic_and_unreviewed_attempts_do_not_satisfy_empirical_layer) ... ok
test_core2_gaps_are_always_source_research_never_authoring (test_escape_state_policy.EscapeStatePolicy.test_core2_gaps_are_always_source_research_never_authoring) ... ok
test_default_learner_is_the_median_and_never_blocks (test_escape_state_policy.EscapeStatePolicy.test_default_learner_is_the_median_and_never_blocks) ... ok
test_escape_states_are_detected_and_duty_states_are_not (test_escape_state_policy.EscapeStatePolicy.test_escape_states_are_detected_and_duty_states_are_not) ... ok
test_every_agent_facing_surface_is_free_of_escape_states (test_escape_state_policy.EscapeStatePolicy.test_every_agent_facing_surface_is_free_of_escape_states) ... ok
test_every_former_escape_state_maps_to_a_declared_duty (test_escape_state_policy.EscapeStatePolicy.test_every_former_escape_state_maps_to_a_declared_duty) ... ok
test_explicit_unknown_learner_takes_the_default (test_escape_state_policy.EscapeStatePolicy.test_explicit_unknown_learner_takes_the_default) ... ok
test_guard_flags_the_old_hold_wording_and_allows_the_definition (test_escape_state_policy.EscapeStatePolicy.test_guard_flags_the_old_hold_wording_and_allows_the_definition) ... ok
test_planner_never_waits_on_the_owner_for_any_committed_request (test_escape_state_policy.EscapeStatePolicy.test_planner_never_waits_on_the_owner_for_any_committed_request) ... ok
test_request_defaults_fill_every_input_the_planner_used_to_wait_on (test_escape_state_policy.EscapeStatePolicy.test_request_defaults_fill_every_input_the_planner_used_to_wait_on) ... ok
test_workflow_declares_the_no_escape_invariant_first (test_escape_state_policy.EscapeStatePolicy.test_workflow_declares_the_no_escape_invariant_first) ... ok
test_authoring_and_build_can_be_ready_before_human_review (test_execution_packet.AuthoringLifecycle.test_authoring_and_build_can_be_ready_before_human_review) ... ok
test_practice_only_request_uses_the_default_median_learner (test_execution_packet.AuthoringLifecycle.test_practice_only_request_uses_the_default_median_learner) ... ok
test_authored_supplement_can_only_be_a_candidate_practice_question (test_execution_packet.ExecutionPacket.test_authored_supplement_can_only_be_a_candidate_practice_question) ... ok
test_authoring_ready_request_compiles_a_ready_packet (test_execution_packet.ExecutionPacket.test_authoring_ready_request_compiles_a_ready_packet) ... ok
test_core2_source_custody_is_never_replaced_by_authored_generation (test_execution_packet.ExecutionPacket.test_core2_source_custody_is_never_replaced_by_authored_generation) ... ok
test_packet_pins_role_matrix_library_and_request (test_execution_packet.ExecutionPacket.test_packet_pins_role_matrix_library_and_request) ... ok
test_request_change_invalidates_the_packet (test_execution_packet.ExecutionPacket.test_request_change_invalidates_the_packet) ... ok
test_role_contract_change_invalidates_the_packet (test_execution_packet.ExecutionPacket.test_role_contract_change_invalidates_the_packet) ... ok
test_six_core_prompt_runs_every_core_with_duties_first (test_execution_packet.ExecutionPacket.test_six_core_prompt_runs_every_core_with_duties_first) ... ok
test_source_drift_is_researched_only_for_source_backed_work_orders (test_execution_packet.ExecutionPacket.test_source_drift_is_researched_only_for_source_backed_work_orders) ... ok
test_source_receipt_is_pinned_and_staleness_is_detected (test_execution_packet.ExecutionPacket.test_source_receipt_is_pinned_and_staleness_is_detected) ... ok
test_no_two_labels_sit_on_one_another_at_any_position (test_explorer_browser.CollinearLabels.test_no_two_labels_sit_on_one_another_at_any_position) ... ok
test_the_route_still_runs_to_its_end (test_explorer_browser.CollinearLabels.test_the_route_still_runs_to_its_end) ... ok
test_every_kind_is_drawn_without_a_script_error_and_the_route_reaches_its_end (test_explorer_browser.EveryKind.test_every_kind_is_drawn_without_a_script_error_and_the_route_reaches_its_end) ... ok
test_no_label_of_any_kind_is_below_the_floor_or_off_the_screen (test_explorer_browser.EveryKind.test_no_label_of_any_kind_is_below_the_floor_or_off_the_screen) ... ok
test_the_drawing_is_still_the_model (test_explorer_browser.EveryKind.test_the_drawing_is_still_the_model) ... ok
test_the_spec_with_every_kind_has_no_error (test_explorer_browser.EveryKind.test_the_spec_with_every_kind_has_no_error) ... ok
test_each_step_waits_for_the_work_it_asks_and_help_comes_after_a_hint (test_explorer_browser.Explorer.test_each_step_waits_for_the_work_it_asks_and_help_comes_after_a_hint) ... ok
test_every_control_and_picture_has_a_name_and_the_numbers_do_not_talk_over_a_reader (test_explorer_browser.Explorer.test_every_control_and_picture_has_a_name_and_the_numbers_do_not_talk_over_a_reader) ... ok
test_every_control_is_a_touch_target (test_explorer_browser.Explorer.test_every_control_is_a_touch_target) ... ok
test_landscape_has_the_route_beside_the_stage_pinned_and_scrolling_inside (test_explorer_browser.Explorer.test_landscape_has_the_route_beside_the_stage_pinned_and_scrolling_inside) ... ok
test_nothing_is_there_to_play_with_before_the_prediction_and_the_controls_unlock_with_it (test_explorer_browser.Explorer.test_nothing_is_there_to_play_with_before_the_prediction_and_the_controls_unlock_with_it) ... ok
test_nothing_overflows_the_screen_and_no_learner_text_is_below_the_floor (test_explorer_browser.Explorer.test_nothing_overflows_the_screen_and_no_learner_text_is_below_the_floor) ... ok
test_portrait_keeps_the_pictures_and_the_sliders_in_view_while_the_route_scrolls (test_explorer_browser.Explorer.test_portrait_keeps_the_pictures_and_the_sliders_in_view_while_the_route_scrolls) ... ok
test_the_drawing_is_the_model_at_every_position_tried (test_explorer_browser.Explorer.test_the_drawing_is_the_model_at_every_position_tried) ... ok
test_the_equation_the_learner_builds_is_the_measured_value_and_every_invariant_holds_where_tried (test_explorer_browser.Explorer.test_the_equation_the_learner_builds_is_the_measured_value_and_every_invariant_holds_where_tried) ... ok
test_the_fresh_task_is_done_with_the_explorer_closed_and_two_wrong_answers_show_the_working (test_explorer_browser.Explorer.test_the_fresh_task_is_done_with_the_explorer_closed_and_two_wrong_answers_show_the_working) ... ok
test_the_head_block_is_short_and_the_button_that_goes_on_is_always_in_reach (test_explorer_browser.Explorer.test_the_head_block_is_short_and_the_button_that_goes_on_is_always_in_reach) ... ok
test_the_page_runs_without_an_error_at_every_size (test_explorer_browser.Explorer.test_the_page_runs_without_an_error_at_every_size) ... ok
test_the_route_leaves_its_evidence_in_the_order_the_standard_asks (test_explorer_browser.Explorer.test_the_route_leaves_its_evidence_in_the_order_the_standard_asks) ... ok
test_the_supports_come_away_in_three_levels (test_explorer_browser.Explorer.test_the_supports_come_away_in_three_levels) ... ok
test_the_tempting_model_and_the_mechanism_appear_only_when_asked_for_and_in_the_order_written (test_explorer_browser.Explorer.test_the_tempting_model_and_the_mechanism_appear_only_when_asked_for_and_in_the_order_written) ... ok
test_a_kept_list_that_does_not_fit_is_dropped_without_a_loop (test_explorer_browser.Persistence.test_a_kept_list_that_does_not_fit_is_dropped_without_a_loop) ... ok
test_a_page_rebuilt_from_another_spec_starts_fresh (test_explorer_browser.Persistence.test_a_page_rebuilt_from_another_spec_starts_fresh) ... ok
test_after_every_step_a_reload_brings_back_the_same_page (test_explorer_browser.Persistence.test_after_every_step_a_reload_brings_back_the_same_page) ... ok
test_start_over_forgets_what_was_kept (test_explorer_browser.Persistence.test_start_over_forgets_what_was_kept) ... ok
test_the_page_comes_back_quietly_and_the_host_is_not_told_twice (test_explorer_browser.Persistence.test_the_page_comes_back_quietly_and_the_host_is_not_told_twice) ... ok
test_where_the_browser_keeps_nothing_the_page_still_runs_to_its_end (test_explorer_browser.Persistence.test_where_the_browser_keeps_nothing_the_page_still_runs_to_its_end) ... ok
test_a_picture_that_cannot_hold_the_faster_throws_is_an_error_naming_the_element_and_the_position (test_explorer_browser.TwoSliders.test_a_picture_that_cannot_hold_the_faster_throws_is_an_error_naming_the_element_and_the_position) ... ok
test_the_claims_hold_over_the_grid_of_both_sliders (test_explorer_browser.TwoSliders.test_the_claims_hold_over_the_grid_of_both_sliders) ... ok
test_the_route_is_driven_to_its_end_with_no_script_error_and_the_drawing_is_the_model (test_explorer_browser.TwoSliders.test_the_route_is_driven_to_its_end_with_no_script_error_and_the_drawing_is_the_model) ... ok
test_two_sliders_still_leave_the_primary_button_in_reach_and_the_controls_big_enough (test_explorer_browser.TwoSliders.test_two_sliders_still_leave_the_primary_button_in_reach_and_the_controls_big_enough) ... ok
test_a_product_that_is_not_there_is_said_in_one_line (test_explorer_build.FromAProduct.test_a_product_that_is_not_there_is_said_in_one_line) ... ok
test_a_spec_for_another_question_than_the_toughest_is_refused_and_no_page_is_made (test_explorer_build.FromAProduct.test_a_spec_for_another_question_than_the_toughest_is_refused_and_no_page_is_made) ... ok
test_a_spec_for_the_toughest_concept_builds_a_page_that_shows_the_owners_question_word_for_word (test_explorer_build.FromAProduct.test_a_spec_for_the_toughest_concept_builds_a_page_that_shows_the_owners_question_word_for_word) ... ok
test_the_command_line_exits_with_the_checks_verdict (test_explorer_build.FromAProduct.test_the_command_line_exits_with_the_checks_verdict) ... ok
test_the_slug_is_the_name_of_the_folder (test_explorer_build.FromAProduct.test_the_slug_is_the_name_of_the_folder) ... ok
test_both_themes_define_every_role_colour (test_explorer_build.Layout.test_both_themes_define_every_role_colour) ... ok
test_learner_text_never_drops_below_the_floor_and_every_control_is_a_touch_target (test_explorer_build.Layout.test_learner_text_never_drops_below_the_floor_and_every_control_is_a_touch_target) ... ok
test_narrower_than_the_breakpoint_the_pictures_stay_in_view_and_the_sliders_stay_under_them (test_explorer_build.Layout.test_narrower_than_the_breakpoint_the_pictures_stay_in_view_and_the_sliders_stay_under_them) ... ok
test_the_columns_are_the_blueprints_own_fractions_from_its_own_breakpoint (test_explorer_build.Layout.test_the_columns_are_the_blueprints_own_fractions_from_its_own_breakpoint) ... ok
test_the_current_steps_buttons_stay_reachable_when_the_step_is_taller_than_the_panel (test_explorer_build.Layout.test_the_current_steps_buttons_stay_reachable_when_the_step_is_taller_than_the_panel) ... ok
test_the_roles_are_told_apart_by_shape_as_well_as_by_colour (test_explorer_build.Layout.test_the_roles_are_told_apart_by_shape_as_well_as_by_colour) ... ok
test_the_route_stays_in_view_and_scrolls_inside_itself_where_the_blueprint_says_so (test_explorer_build.Layout.test_the_route_stays_in_view_and_scrolls_inside_itself_where_the_blueprint_says_so) ... ok
test_a_number_the_spec_does_not_show_never_reaches_the_page_as_text_the_page_computes_them (test_explorer_build.Page.test_a_number_the_spec_does_not_show_never_reaches_the_page_as_text_the_page_computes_them) ... ok
test_each_slider_is_a_range_input_with_its_label_and_starts_locked_until_the_prediction (test_explorer_build.Page.test_each_slider_is_a_range_input_with_its_label_and_starts_locked_until_the_prediction) ... ok
test_every_component_of_the_blueprint_that_the_page_shows_is_marked_for_the_audits (test_explorer_build.Page.test_every_component_of_the_blueprint_that_the_page_shows_is_marked_for_the_audits) ... ok
test_the_data_in_the_page_is_the_spec_and_the_model_the_checks_ran_on (test_explorer_build.Page.test_the_data_in_the_page_is_the_spec_and_the_model_the_checks_ran_on) ... ok
test_the_end_of_the_route_links_back_to_the_question_when_the_product_is_there_and_says_so_when_it_is_not (test_explorer_build.Page.test_the_end_of_the_route_links_back_to_the_question_when_the_product_is_there_and_says_so_when_it_is_not) ... ok
test_the_equations_are_restricted_presentation_mathml_built_from_the_spec_not_typed (test_explorer_build.Page.test_the_equations_are_restricted_presentation_mathml_built_from_the_spec_not_typed) ... ok
test_the_page_is_one_file_that_loads_nothing_from_another_host (test_explorer_build.Page.test_the_page_is_one_file_that_loads_nothing_from_another_host) ... ok
test_the_page_says_what_it_is_in_the_markup_and_opens_dark (test_explorer_build.Page.test_the_page_says_what_it_is_in_the_markup_and_opens_dark) ... ok
test_the_picture_and_the_graph_have_a_name_and_a_description_for_a_reader_who_cannot_see_them (test_explorer_build.Page.test_the_picture_and_the_graph_have_a_name_and_a_description_for_a_reader_who_cannot_see_them) ... ok
test_the_route_is_the_blueprints_eleven_steps_in_order_and_only_the_first_is_open (test_explorer_build.Page.test_the_route_is_the_blueprints_eleven_steps_in_order_and_only_the_first_is_open) ... ok
test_the_same_spec_is_the_same_page_and_a_changed_spec_is_a_different_one (test_explorer_build.Page.test_the_same_spec_is_the_same_page_and_a_changed_spec_is_a_different_one) ... ok
test_the_script_never_turns_text_into_markup (test_explorer_build.Page.test_the_script_never_turns_text_into_markup) ... ok
test_the_spec_travels_in_the_page_as_json_and_nothing_in_it_can_close_the_script (test_explorer_build.Page.test_the_spec_travels_in_the_page_as_json_and_nothing_in_it_can_close_the_script) ... ok
test_the_tempting_models_number_is_shown_only_when_the_model_is_imposed (test_explorer_build.Page.test_the_tempting_models_number_is_shown_only_when_the_model_is_imposed) ... ok
test_it_fills_in_what_the_records_already_say_about_the_toughest_concept (test_explorer_build.Scaffold.test_it_fills_in_what_the_records_already_say_about_the_toughest_concept) ... ok
test_new_writes_the_spec_once_and_never_over_a_spec_that_is_there (test_explorer_build.Scaffold.test_new_writes_the_spec_once_and_never_over_a_spec_that_is_there) ... ok
test_the_scaffold_fails_the_check_and_each_flagged_component_comes_with_the_blueprints_own_words (test_explorer_build.Scaffold.test_the_scaffold_fails_the_check_and_each_flagged_component_comes_with_the_blueprints_own_words) ... ok
test_the_scaffold_has_every_key_in_the_order_of_the_spec_and_the_depth_of_the_reference_page (test_explorer_build.Scaffold.test_the_scaffold_has_every_key_in_the_order_of_the_spec_and_the_depth_of_the_reference_page) ... ok
test_one_shared_sentence_is_a_coincidence_and_two_are_not (test_explorer_build.TheExample.test_one_shared_sentence_is_a_coincidence_and_two_are_not) ... ok
test_the_example_itself_and_a_spec_in_its_own_words_are_not_copies (test_explorer_build.TheExample.test_the_example_itself_and_a_spec_in_its_own_words_are_not_copies) ... ok
test_two_sentences_taken_from_the_example_are_an_error_that_quotes_one (test_explorer_build.TheExample.test_two_sentences_taken_from_the_example_are_an_error_that_quotes_one) ... ok
test_a_checked_spec_is_deployed_as_a_labelled_draft_with_its_contract_and_its_evidence (test_explorer_deploy.Deploy.test_a_checked_spec_is_deployed_as_a_labelled_draft_with_its_contract_and_its_evidence) ... ok
test_a_spec_for_another_question_than_the_toughest_is_refused (test_explorer_deploy.Deploy.test_a_spec_for_another_question_than_the_toughest_is_refused) ... ok
test_a_spec_with_a_wrong_number_is_refused_with_the_lines_that_say_where_and_nothing_is_written (test_explorer_deploy.Deploy.test_a_spec_with_a_wrong_number_is_refused_with_the_lines_that_say_where_and_nothing_is_written) ... ok
test_element_ids_of_two_letters_are_as_good_as_any_other_and_the_contract_still_validates (test_explorer_deploy.Deploy.test_element_ids_of_two_letters_are_as_good_as_any_other_and_the_contract_still_validates)
A run wrote `va` and `vb`: the check passed and the deploy then refused on a rule the spec never stated. ... ok
test_gaps_deploy_the_page_as_a_draft_and_are_reported_not_hidden (test_explorer_deploy.Deploy.test_gaps_deploy_the_page_as_a_draft_and_are_reported_not_hidden) ... ok
test_the_command_line_prints_what_was_built_for_and_how_many_positions_were_checked (test_explorer_deploy.Deploy.test_the_command_line_prints_what_was_built_for_and_how_many_positions_were_checked) ... ok
test_the_command_line_refuses_an_unchecked_spec_in_one_message_and_a_nonzero_status (test_explorer_deploy.Deploy.test_the_command_line_refuses_an_unchecked_spec_in_one_message_and_a_nonzero_status) ... ok
test_the_contract_is_the_standards_own_schema_and_claims_no_audit (test_explorer_deploy.Deploy.test_the_contract_is_the_standards_own_schema_and_claims_no_audit) ... ok
test_the_deployments_page_says_how_the_page_was_made_and_what_it_was_built_for (test_explorer_deploy.Deploy.test_the_deployments_page_says_how_the_page_was_made_and_what_it_was_built_for) ... ok
test_the_evidence_is_what_the_build_computed_and_says_what_it_did_not_check (test_explorer_deploy.Deploy.test_the_evidence_is_what_the_build_computed_and_says_what_it_did_not_check) ... ok
test_the_page_says_it_is_a_sandbox_draft_in_the_markup_and_links_back_to_the_question (test_explorer_deploy.Deploy.test_the_page_says_it_is_a_sandbox_draft_in_the_markup_and_links_back_to_the_question) ... ok
test_without_the_product_there_is_nothing_to_link_to_and_the_page_says_so (test_explorer_deploy.Deploy.test_without_the_product_there_is_nothing_to_link_to_and_the_page_says_so) ... ok
test_a_hand_written_page_is_still_a_draft_and_is_flagged_as_unchecked (test_explorer_deploy.HandWritten.test_a_hand_written_page_is_still_a_draft_and_is_flagged_as_unchecked) ... ok
test_the_command_line_says_so_and_points_at_the_explorer_spec (test_explorer_deploy.HandWritten.test_the_command_line_says_so_and_points_at_the_explorer_spec) ... ok
test_asserted_pass_requires_per_check_receipt (test_explorer_design_contract.ExplorerDesignContractTest.test_asserted_pass_requires_per_check_receipt) ... ok
test_committed_gcdr_activities_pass_the_guard (test_explorer_design_contract.ExplorerDesignContractTest.test_committed_gcdr_activities_pass_the_guard) ... FAIL
test_external_mapping_requires_explicit_bindings (test_explorer_design_contract.ExplorerDesignContractTest.test_external_mapping_requires_explicit_bindings) ... ok
test_false_certification_is_rejected (test_explorer_design_contract.ExplorerDesignContractTest.test_false_certification_is_rejected) ... ok
test_motion2d_gcdr_contracts_are_honestly_partial (test_explorer_design_contract.ExplorerDesignContractTest.test_motion2d_gcdr_contracts_are_honestly_partial) ... ok
test_not_applicable_quality_check_requires_waiver (test_explorer_design_contract.ExplorerDesignContractTest.test_not_applicable_quality_check_requires_waiver) ... ok
test_quality_audit_pass_with_pending_check_is_rejected (test_explorer_design_contract.ExplorerDesignContractTest.test_quality_audit_pass_with_pending_check_is_rejected) ... ok
test_rejoin_step_must_be_one_of_the_activity_leaf_bindings (test_explorer_design_contract.ExplorerDesignContractTest.test_rejoin_step_must_be_one_of_the_activity_leaf_bindings) ... ok
test_runtime_receipt_digest_must_match_current_explorer (test_explorer_design_contract.ExplorerDesignContractTest.test_runtime_receipt_digest_must_match_current_explorer) ... ok
test_a_character_the_language_does_not_have_comes_with_what_to_write_instead (test_explorer_expr.Check.test_a_character_the_language_does_not_have_comes_with_what_to_write_instead) ... ok
test_each_problem_is_listed_once (test_explorer_expr.Check.test_each_problem_is_listed_once) ... ok
test_names_reports_variables_and_functions_without_constants (test_explorer_expr.Check.test_names_reports_variables_and_functions_without_constants) ... ok
test_syntax_errors_name_the_position_or_the_missing_piece (test_explorer_expr.Check.test_syntax_errors_name_the_position_or_the_missing_piece) ... ok
test_there_is_no_implicit_multiplication_and_the_error_says_what_to_write (test_explorer_expr.Check.test_there_is_no_implicit_multiplication_and_the_error_says_what_to_write) ... ok
test_what_is_wrong_is_said_in_the_authors_terms (test_explorer_expr.Check.test_what_is_wrong_is_said_in_the_authors_terms) ... ok
test_brackets_appear_where_the_precedence_needs_them_and_only_there (test_explorer_expr.Display.test_brackets_appear_where_the_precedence_needs_them_and_only_there) ... ok
test_structure_reads_as_the_maths_it_is (test_explorer_expr.Display.test_structure_reads_as_the_maths_it_is) ... ok
test_the_markup_is_built_from_the_tree_so_the_text_cannot_inject_anything (test_explorer_expr.Display.test_the_markup_is_built_from_the_tree_so_the_text_cannot_inject_anything) ... ok
test_the_markup_is_well_formed_and_inside_the_restricted_presentation_subset (test_explorer_expr.Display.test_the_markup_is_well_formed_and_inside_the_restricted_presentation_subset) ... ok
test_a_name_without_a_value_is_an_error_and_never_zero (test_explorer_expr.Evaluate.test_a_name_without_a_value_is_an_error_and_never_zero) ... ok
test_a_result_that_is_not_a_finite_number_is_nan_and_stays_nan (test_explorer_expr.Evaluate.test_a_result_that_is_not_a_finite_number_is_nan_and_stays_nan) ... ok
test_arithmetic_follows_the_usual_precedence_and_a_unary_minus_binds_looser_than_a_power (test_explorer_expr.Evaluate.test_arithmetic_follows_the_usual_precedence_and_a_unary_minus_binds_looser_than_a_power) ... ok
test_comparisons_are_one_or_zero_and_equality_allows_a_relative_tolerance (test_explorer_expr.Evaluate.test_comparisons_are_one_or_zero_and_equality_allows_a_relative_tolerance) ... ok
test_degree_functions_and_the_half_up_rounding_the_page_uses (test_explorer_expr.Evaluate.test_degree_functions_and_the_half_up_rounding_the_page_uses) ... ok
test_if_evaluates_only_the_branch_it_takes (test_explorer_expr.Evaluate.test_if_evaluates_only_the_branch_it_takes) ... ok
test_logic_reads_any_non_zero_number_as_true_and_short_circuits (test_explorer_expr.Evaluate.test_logic_reads_any_non_zero_number_as_true_and_short_circuits) ... ok
test_names_and_constants (test_explorer_expr.Evaluate.test_names_and_constants) ... ok
test_a_model_form_without_a_model_is_an_error_and_a_gap_in_the_model_is_nan (test_explorer_expr.ModelForms.test_a_model_form_without_a_model_is_an_error_and_a_gap_in_the_model_is_nan) ... ok
test_a_tie_goes_to_the_first_value (test_explorer_expr.ModelForms.test_a_tie_goes_to_the_first_value) ... ok
test_at_reads_the_model_with_a_parameter_set_and_the_rest_as_they_are (test_explorer_expr.ModelForms.test_at_reads_the_model_with_a_parameter_set_and_the_rest_as_they_are) ... ok
test_maxover_minover_argmax_argmin_sweep_the_parameter (test_explorer_expr.ModelForms.test_maxover_minover_argmax_argmin_sweep_the_parameter) ... ok
test_the_forms_read_as_maths (test_explorer_expr.ModelForms.test_the_forms_read_as_maths) ... ok
test_what_is_wrong_with_a_model_form_is_said_in_the_authors_terms (test_explorer_expr.ModelForms.test_what_is_wrong_with_a_model_form_is_said_in_the_authors_terms) ... ok
test_a_boundary_with_only_one_outcome_is_a_gap (test_explorer_model.Boundary.test_a_boundary_with_only_one_outcome_is_a_gap) ... ok
test_a_case_sets_parameters_inside_their_range (test_explorer_model.Boundary.test_a_case_sets_parameters_inside_their_range) ... ok
test_what_the_case_expects_is_checked_against_the_model (test_explorer_model.Boundary.test_what_the_case_expects_is_checked_against_the_model) ... ok
test_the_page_is_given_the_sliders_the_steps_in_order_and_the_scene_by_name (test_explorer_model.Compiled.test_the_page_is_given_the_sliders_the_steps_in_order_and_the_scene_by_name) ... ok
test_a_tempting_model_that_agrees_with_the_truth_everywhere_is_not_wrong (test_explorer_model.Contradict.test_a_tempting_model_that_agrees_with_the_truth_everywhere_is_not_wrong) ... ok
test_nothing_that_shows_the_tempting_model_is_a_gap (test_explorer_model.Contradict.test_nothing_that_shows_the_tempting_model_is_a_gap) ... ok
test_the_tempting_model_must_not_be_the_truth_itself (test_explorer_model.Contradict.test_the_tempting_model_must_not_be_the_truth_itself) ... ok
test_a_question_asks_about_an_option_that_exists (test_explorer_model.Deconstruct.test_a_question_asks_about_an_option_that_exists) ... ok
test_an_element_no_step_reveals_would_never_be_seen (test_explorer_model.Deconstruct.test_an_element_no_step_reveals_would_never_be_seen) ... ok
test_each_hidden_element_is_revealed_by_exactly_one_step (test_explorer_model.Deconstruct.test_each_hidden_element_is_revealed_by_exactly_one_step) ... ok
test_a_goal_already_met_at_the_start_is_an_error (test_explorer_model.Goals.test_a_goal_already_met_at_the_start_is_an_error) ... ok
test_a_goal_nobody_can_reach_is_an_error (test_explorer_model.Goals.test_a_goal_nobody_can_reach_is_an_error) ... ok
test_a_goal_that_asks_for_a_slider_position_the_steps_skip_is_unreachable (test_explorer_model.Goals.test_a_goal_that_asks_for_a_slider_position_the_steps_skip_is_unreachable) ... ok
test_an_inequality_that_is_met_up_to_rounding_holds_and_one_that_is_not_does_not (test_explorer_model.Invariants.test_an_inequality_that_is_met_up_to_rounding_holds_and_one_that_is_not_does_not) ... ok
test_an_invariant_that_breaks_somewhere_is_an_error_naming_where (test_explorer_model.Invariants.test_an_invariant_that_breaks_somewhere_is_an_error_naming_where) ... ok
test_both_sides_the_same_says_nothing (test_explorer_model.Invariants.test_both_sides_the_same_says_nothing) ... ok
test_a_thinned_lattice_keeps_both_ends_and_the_starting_value (test_explorer_model.Lattice.test_a_thinned_lattice_keeps_both_ends_and_the_starting_value) ... ok
test_the_sliders_positions_are_min_plus_whole_steps_and_a_fixed_parameter_has_one (test_explorer_model.Lattice.test_the_sliders_positions_are_min_plus_whole_steps_and_a_fixed_parameter_has_one) ... ok
test_the_states_begin_with_the_starting_state_and_never_exceed_the_cap (test_explorer_model.Lattice.test_the_states_begin_with_the_starting_state_and_never_exceed_the_cap) ... ok
test_with_two_sliders_each_is_thinned_so_the_product_stays_inside_the_cap (test_explorer_model.Lattice.test_with_two_sliders_each_is_thinned_so_the_product_stays_inside_the_cap) ... ok
test_at_reads_the_model_with_a_slider_set (test_explorer_model.ModelForms.test_at_reads_the_model_with_a_slider_set) ... ok
test_the_sweep_forms_find_the_peak_of_the_range (test_explorer_model.ModelForms.test_the_sweep_forms_find_the_peak_of_the_range) ... ok
test_the_whole_env_has_the_scenes_numbers (test_explorer_model.ModelForms.test_the_whole_env_has_the_scenes_numbers) ... ok
test_a_field_of_the_wrong_kind_gives_a_structure_finding (test_explorer_model.NeverCrashes.test_a_field_of_the_wrong_kind_gives_a_structure_finding) ... ok
test_a_junk_value_in_any_field_gives_findings_and_never_a_traceback (test_explorer_model.NeverCrashes.test_a_junk_value_in_any_field_gives_findings_and_never_a_traceback) ... ok
test_a_number_where_an_expression_goes_is_the_expression_that_number (test_explorer_model.Numbers.test_a_number_where_an_expression_goes_is_the_expression_that_number) ... ok
test_normalising_never_touches_what_is_not_a_spec (test_explorer_model.Numbers.test_normalising_never_touches_what_is_not_a_spec) ... ok
test_a_statement_that_is_not_a_number_somewhere_is_an_error (test_explorer_model.Observe.test_a_statement_that_is_not_a_number_somewhere_is_an_error) ... ok
test_all_true_and_none_true_are_gaps (test_explorer_model.Observe.test_all_true_and_none_true_are_gaps) ... ok
test_the_declared_truth_is_checked_against_every_state_and_a_counterexample_is_named (test_explorer_model.Observe.test_the_declared_truth_is_checked_against_every_state_and_a_counterexample_is_named) ... ok
test_a_test_may_only_set_parameters_inside_their_range (test_explorer_model.Predict.test_a_test_may_only_set_parameters_inside_their_range) ... ok
test_fewer_options_than_the_reference_is_a_gap (test_explorer_model.Predict.test_fewer_options_than_the_reference_is_a_gap) ... ok
test_the_right_option_is_the_one_the_tests_show_and_a_wrong_index_is_an_error (test_explorer_model.Predict.test_the_right_option_is_the_one_the_tests_show_and_a_wrong_index_is_an_error) ... ok
test_two_true_options_and_none_are_both_errors (test_explorer_model.Predict.test_two_true_options_and_none_are_both_errors) ... ok
test_what_a_failing_test_says_may_only_show_numbers_the_model_has (test_explorer_model.Predict.test_what_a_failing_test_says_may_only_show_numbers_the_model_has) ... ok
test_a_decimal_that_is_a_given_of_the_question_is_fine_and_so_is_one_the_page_computes (test_explorer_model.Prose.test_a_decimal_that_is_a_given_of_the_question_is_fine_and_so_is_one_the_page_computes) ... ok
test_a_decimal_typed_into_a_sentence_is_a_number_nothing_checks (test_explorer_model.Prose.test_a_decimal_typed_into_a_sentence_is_a_number_nothing_checks) ... ok
test_a_sentence_too_short_to_teach_is_a_gap (test_explorer_model.Prose.test_a_sentence_too_short_to_teach_is_a_gap) ... ok
test_a_step_names_a_quantity_the_mechanism_shows (test_explorer_model.Reconstruct.test_a_step_names_a_quantity_the_mechanism_shows) ... ok
test_a_target_quantity_that_is_already_the_closed_form_leaves_nothing_to_compress (test_explorer_model.Reconstruct.test_a_target_quantity_that_is_already_the_closed_form_leaves_nothing_to_compress) ... ok
test_an_equation_that_is_not_the_quantity_is_an_error_with_the_state_where_they_differ (test_explorer_model.Reconstruct.test_an_equation_that_is_not_the_quantity_is_an_error_with_the_state_where_they_differ) ... ok
test_the_equation_is_written_with_the_parameters_only_so_it_is_the_closed_form_of_the_steps (test_explorer_model.Reconstruct.test_the_equation_is_written_with_the_parameters_only_so_it_is_the_closed_form_of_the_steps) ... ok
test_the_blueprint_names_the_route_and_every_step_of_it_is_a_component (test_explorer_model.Reference.test_the_blueprint_names_the_route_and_every_step_of_it_is_a_component) ... ok
test_the_reference_spec_has_no_finding_and_its_evidence_is_computed_not_declared (test_explorer_model.Reference.test_the_reference_spec_has_no_finding_and_its_evidence_is_computed_not_declared) ... ok
test_a_curve_cannot_use_the_name_of_a_parameter_for_its_own (test_explorer_model.Scene.test_a_curve_cannot_use_the_name_of_a_parameter_for_its_own) ... ok
test_a_label_may_only_show_a_number_the_model_has (test_explorer_model.Scene.test_a_label_may_only_show_a_number_the_model_has) ... ok
test_a_picture_that_is_too_tall_or_too_flat_is_an_error (test_explorer_model.Scene.test_a_picture_that_is_too_tall_or_too_flat_is_an_error) ... ok
test_a_picture_that_uses_little_of_its_panel_at_any_position_is_a_gap_that_says_which_world_would_fit (test_explorer_model.Scene.test_a_picture_that_uses_little_of_its_panel_at_any_position_is_a_gap_that_says_which_world_would_fit) ... ok
test_a_scene_with_nothing_on_show_at_the_start_is_an_error (test_explorer_model.Scene.test_a_scene_with_nothing_on_show_at_the_start_is_an_error) ... ok
test_an_element_that_leaves_the_picture_is_an_error_naming_the_element_the_position_and_the_side (test_explorer_model.Scene.test_an_element_that_leaves_the_picture_is_an_error_naming_the_element_the_position_and_the_side) ... ok
test_an_oracle_that_does_not_read_the_picture_is_a_gap (test_explorer_model.Scene.test_an_oracle_that_does_not_read_the_picture_is_a_gap) ... ok
test_ids_are_unique_and_each_kind_has_its_own_fields (test_explorer_model.Scene.test_ids_are_unique_and_each_kind_has_its_own_fields) ... ok
test_the_oracles_tie_the_picture_to_the_numbers_and_a_broken_picture_is_found (test_explorer_model.Scene.test_the_oracles_tie_the_picture_to_the_numbers_and_a_broken_picture_is_found) ... ok
test_the_reference_world_fits_and_the_suggested_world_clears_the_gap_and_keeps_everything_in_view (test_explorer_model.Scene.test_the_reference_world_fits_and_the_suggested_world_clears_the_gap_and_keeps_everything_in_view) ... ok
test_a_graph_that_leaves_out_the_quantity_the_page_is_about_is_a_gap (test_explorer_model.SecondView.test_a_graph_that_leaves_out_the_quantity_the_page_is_about_is_a_gap) ... ok
test_the_graph_runs_along_a_slider_and_shows_quantities_that_exist (test_explorer_model.SecondView.test_the_graph_runs_along_a_slider_and_shows_quantities_that_exist) ... ok
test_the_range_of_the_graph_is_the_whole_range_of_what_it_can_show (test_explorer_model.SecondView.test_the_range_of_the_graph_is_the_whole_range_of_what_it_can_show) ... ok
test_the_tempting_model_is_drawn_on_the_graph (test_explorer_model.SecondView.test_the_tempting_model_is_drawn_on_the_graph) ... ok
test_a_name_of_the_expression_language_and_a_name_used_twice_are_refused (test_explorer_model.State.test_a_name_of_the_expression_language_and_a_name_used_twice_are_refused) ... ok
test_a_number_that_is_not_one_at_a_position_the_learner_can_reach_is_an_error_naming_the_position (test_explorer_model.State.test_a_number_that_is_not_one_at_a_position_the_learner_can_reach_is_an_error_naming_the_position) ... ok
test_a_quantity_cannot_read_the_whole_model (test_explorer_model.State.test_a_quantity_cannot_read_the_whole_model) ... ok
test_a_quantity_reads_only_what_comes_before_it (test_explorer_model.State.test_a_quantity_reads_only_what_comes_before_it) ... ok
test_a_slider_has_a_whole_number_of_steps_and_a_value_on_it (test_explorer_model.State.test_a_slider_has_a_whole_number_of_steps_and_a_value_on_it) ... ok
test_the_depth_asked_for_is_the_blueprints_not_the_checks (test_explorer_model.State.test_the_depth_asked_for_is_the_blueprints_not_the_checks) ... ok
test_there_is_no_implicit_multiplication_and_the_message_says_what_to_write (test_explorer_model.State.test_there_is_no_implicit_multiplication_and_the_message_says_what_to_write) ... ok
test_a_key_that_is_not_in_the_spec_a_missing_key_and_an_empty_sentence_are_each_named_where_they_are (test_explorer_model.Structure.test_a_key_that_is_not_in_the_spec_a_missing_key_and_an_empty_sentence_are_each_named_where_they_are) ... ok
test_nothing_else_is_judged_while_the_structure_is_wrong (test_explorer_model.Structure.test_nothing_else_is_judged_while_the_structure_is_wrong) ... ok
test_the_blueprint_the_spec_names_must_be_the_active_one (test_explorer_model.Structure.test_the_blueprint_the_spec_names_must_be_the_active_one) ... ok
test_an_explorer_for_another_question_than_the_toughest_is_refused_and_the_toughest_is_named (test_explorer_model.Target.test_an_explorer_for_another_question_than_the_toughest_is_refused_and_the_toughest_is_named) ... ok
test_the_quantity_the_page_is_about_must_exist (test_explorer_model.Target.test_the_quantity_the_page_is_about_must_exist) ... ok
test_with_no_toughest_concept_chosen_there_is_nothing_to_build_for (test_explorer_model.Target.test_with_no_toughest_concept_chosen_there_is_nothing_to_build_for) ... ok
test_a_transfer_task_may_use_numbers_outside_the_sliders_but_a_fade_task_may_not (test_explorer_model.Tasks.test_a_transfer_task_may_use_numbers_outside_the_sliders_but_a_fade_task_may_not) ... ok
test_a_transfer_task_with_the_starting_numbers_is_not_fresh (test_explorer_model.Tasks.test_a_transfer_task_with_the_starting_numbers_is_not_fresh) ... ok
test_an_answer_must_be_a_number_at_its_state (test_explorer_model.Tasks.test_an_answer_must_be_a_number_at_its_state) ... ok
test_fewer_than_three_levels_or_one_set_of_numbers_throughout_are_gaps (test_explorer_model.Tasks.test_fewer_than_three_levels_or_one_set_of_numbers_throughout_are_gaps) ... ok
test_the_text_of_a_task_may_show_the_answer_and_the_model_numbers_and_nothing_else (test_explorer_model.Tasks.test_the_text_of_a_task_may_show_the_answer_and_the_model_numbers_and_nothing_else) ... ok
test_every_expression_of_the_corpus_is_the_same_in_both (test_explorer_parity.Parity.test_every_expression_of_the_corpus_is_the_same_in_both) ... ok
test_every_number_of_the_model_is_the_same_in_both (test_explorer_parity.Parity.test_every_number_of_the_model_is_the_same_in_both) ... ok
test_numbers_are_written_the_same_in_both (test_explorer_parity.Parity.test_numbers_are_written_the_same_in_both) ... ok
test_the_corpus_reaches_every_function_and_form_of_the_language (test_explorer_parity.Parity.test_the_corpus_reaches_every_function_and_form_of_the_language) ... ok
test_the_sliders_lattice_and_the_states_swept_are_the_same_in_both (test_explorer_parity.Parity.test_the_sliders_lattice_and_the_states_swept_are_the_same_in_both) ... ok
test_direct_worksheet_demand_can_resolve_to_explicit_external_bridge (test_external_provider_bridge.ExternalProviderBridge.test_direct_worksheet_demand_can_resolve_to_explicit_external_bridge) ... ok
test_learner_facing_plan_names_provider_and_continues (test_external_provider_bridge.ExternalProviderBridge.test_learner_facing_plan_names_provider_and_continues) ... ok
test_prerequisite_external_provider_is_bridge_not_missing_teaching (test_external_provider_bridge.ExternalProviderBridge.test_prerequisite_external_provider_is_bridge_not_missing_teaching) ... ok
test_scope_audit_accepts_declared_external_bridge (test_external_provider_bridge.ExternalProviderBridge.test_scope_audit_accepts_declared_external_bridge) ... ok
test_study_start_turns_external_provider_into_bridge_action (test_external_provider_bridge.ExternalProviderBridge.test_study_start_turns_external_provider_into_bridge_action) ... ok
test_answer_hint_is_never_emitted_by_retry_runtime (test_feedback.FeedbackRuntime.test_answer_hint_is_never_emitted_by_retry_runtime) ... ok
test_arbitrary_worksheet_mapping_with_unknown_capability_stops (test_feedback.FeedbackRuntime.test_arbitrary_worksheet_mapping_with_unknown_capability_stops) ... ok
test_arbitrary_worksheet_question_can_produce_observation_and_review (test_feedback.FeedbackRuntime.test_arbitrary_worksheet_question_can_produce_observation_and_review) ... ok
test_arbitrary_worksheet_question_diagnoses_instead_of_inventing_a_hint (test_feedback.FeedbackRuntime.test_arbitrary_worksheet_question_diagnoses_instead_of_inventing_a_hint) ... ok
test_canonical_question_remains_authoritative_if_a_supplied_mapping_drifts (test_feedback.FeedbackRuntime.test_canonical_question_remains_authoritative_if_a_supplied_mapping_drifts) ... ok
test_correct_after_hint_is_uncertain_until_fresh_verification (test_feedback.FeedbackRuntime.test_correct_after_hint_is_uncertain_until_fresh_verification) ... ok
test_diagnosed_worksheet_failure_routes_to_existing_repair_then_fresh_check (test_feedback.FeedbackRuntime.test_diagnosed_worksheet_failure_routes_to_existing_repair_then_fresh_check) ... ok
test_exit_task_verifies_when_no_fresh_question_remains (test_feedback.FeedbackRuntime.test_exit_task_verifies_when_no_fresh_question_remains) ... ok
test_explicit_prerequisite_failure_is_valid_attribution (test_feedback.FeedbackRuntime.test_explicit_prerequisite_failure_is_valid_attribution) ... ok
test_explicit_repair_ref_resolves_to_specific_teaching_step (test_feedback.FeedbackRuntime.test_explicit_repair_ref_resolves_to_specific_teaching_step) ... ok
test_first_wrong_attempt_gets_directional_hint_not_answer (test_feedback.FeedbackRuntime.test_first_wrong_attempt_gets_directional_hint_not_answer) ... ok
test_independent_correct_attempt_can_continue (test_feedback.FeedbackRuntime.test_independent_correct_attempt_can_continue) ... ok
test_invalid_failed_capability_is_not_written_into_learner_evidence (test_feedback.FeedbackRuntime.test_invalid_failed_capability_is_not_written_into_learner_evidence) ... ok
test_model_choice_transfer_never_receives_a_method_hint (test_feedback.FeedbackRuntime.test_model_choice_transfer_never_receives_a_method_hint) ... ok
test_multi_capability_failure_without_attribution_is_diagnosed_not_guessed (test_feedback.FeedbackRuntime.test_multi_capability_failure_without_attribution_is_diagnosed_not_guessed) ... ok
test_post_attempt_non_model_choice_transfer_can_escalate_to_method (test_feedback.FeedbackRuntime.test_post_attempt_non_model_choice_transfer_can_escalate_to_method) ... ok
test_pre_attempt_transfer_support_is_concept_only_for_every_dimension (test_feedback.FeedbackRuntime.test_pre_attempt_transfer_support_is_concept_only_for_every_dimension) ... ok
test_repair_is_followed_by_a_fresh_verification_task (test_feedback.FeedbackRuntime.test_repair_is_followed_by_a_fresh_verification_task) ... ok
test_second_wrong_attempt_escalates_to_method_hint (test_feedback.FeedbackRuntime.test_second_wrong_attempt_escalates_to_method_hint) ... ok
test_unknown_question_stops_cleanly (test_feedback.FeedbackRuntime.test_unknown_question_stops_cleanly) ... ok
test_exhaustive_valid_result_help_stage_attempt_matrix (test_feedback.LearningLoopScenarioScanner.test_exhaustive_valid_result_help_stage_attempt_matrix)
3 results × 5 help levels × 5 error stages × 3 attempts = 225 scans. ... ok
test_help_normalisation_and_review_intervals (test_feedback.LearningLoopScenarioScanner.test_help_normalisation_and_review_intervals) ... ok
test_hint_history_scanner_never_reveals_answer (test_feedback.LearningLoopScenarioScanner.test_hint_history_scanner_never_reveals_answer)
All eight shown-hint subsets preserve the no-answer invariant. ... ok
test_invalid_or_unusable_inputs_fail_without_inventing_evidence (test_feedback.LearningLoopScenarioScanner.test_invalid_or_unusable_inputs_fail_without_inventing_evidence) ... ok
test_model_choice_transfer_never_receives_method_or_answer_hint (test_feedback.LearningLoopScenarioScanner.test_model_choice_transfer_never_receives_method_or_answer_hint) ... ok
test_multi_capability_attribution_scanner (test_feedback.LearningLoopScenarioScanner.test_multi_capability_attribution_scanner) ... ok
test_observation_is_always_draft_not_reviewed_live_evidence (test_feedback.LearningLoopScenarioScanner.test_observation_is_always_draft_not_reviewed_live_evidence) ... ok
test_reachable_feedback_action_scanner (test_feedback.LearningLoopScenarioScanner.test_reachable_feedback_action_scanner)
Every public feedback action is reached by at least one semantic scenario. ... ok
test_retry_repair_verify_sequence_is_explicit (test_feedback.LearningLoopScenarioScanner.test_retry_repair_verify_sequence_is_explicit) ... ok
test_transfer_independent_success_uses_fourteen_day_review (test_feedback.LearningLoopScenarioScanner.test_transfer_independent_success_uses_fourteen_day_review) ... ok
test_verification_fallback_scanner_covers_question_exit_and_missing (test_feedback.LearningLoopScenarioScanner.test_verification_fallback_scanner_covers_question_exit_and_missing) ... ok
test_worksheet_mapping_scanner_diagnoses_before_repair (test_feedback.LearningLoopScenarioScanner.test_worksheet_mapping_scanner_diagnoses_before_repair) ... ok
test_compiler_carries_transfer_rubric_and_repair_payload (test_g9_nlm_examside_core2b_transfer.Grade9NlmExamSideCore2BTransfer.test_compiler_carries_transfer_rubric_and_repair_payload) ... ok
test_core2b_contract_fields_are_present (test_g9_nlm_examside_core2b_transfer.Grade9NlmExamSideCore2BTransfer.test_core2b_contract_fields_are_present) ... ok
test_core2b_inventory_is_now_representative_not_a_single_token_item (test_g9_nlm_examside_core2b_transfer.Grade9NlmExamSideCore2BTransfer.test_core2b_inventory_is_now_representative_not_a_single_token_item) ... ok
test_every_transfer_is_a_real_adaptation_with_lineage (test_g9_nlm_examside_core2b_transfer.Grade9NlmExamSideCore2BTransfer.test_every_transfer_is_a_real_adaptation_with_lineage) ... ok
test_examside_is_demand_provenance_not_question_custody (test_g9_nlm_examside_core2b_transfer.Grade9NlmExamSideCore2BTransfer.test_examside_is_demand_provenance_not_question_custody) ... ok
test_frame_transfer_has_a_same_capability_practice_anchor (test_g9_nlm_examside_core2b_transfer.Grade9NlmExamSideCore2BTransfer.test_frame_transfer_has_a_same_capability_practice_anchor) ... ok
test_model_choice_hints_do_not_hand_over_a_method (test_g9_nlm_examside_core2b_transfer.Grade9NlmExamSideCore2BTransfer.test_model_choice_hints_do_not_hand_over_a_method) ... ok
test_momentum_transfer_core2b_is_a_separate_explicit_extension (test_g9_nlm_examside_core2b_transfer.Grade9NlmExamSideCore2BTransfer.test_momentum_transfer_core2b_is_a_separate_explicit_extension) ... ok
test_nlm_core2b_inventory_contains_all_authored_transfer_sets (test_g9_nlm_examside_core2b_transfer.Grade9NlmExamSideCore2BTransfer.test_nlm_core2b_inventory_contains_all_authored_transfer_sets) ... ok
test_nondefault_frame_rung_remains_nondefault (test_g9_nlm_examside_core2b_transfer.Grade9NlmExamSideCore2BTransfer.test_nondefault_frame_rung_remains_nondefault) ... ok
test_representation_and_reasoning_transfers_do_not_change_science (test_g9_nlm_examside_core2b_transfer.Grade9NlmExamSideCore2BTransfer.test_representation_and_reasoning_transfers_do_not_change_science) ... ok
test_transfer_set_covers_the_representative_nlm_decisions (test_g9_nlm_examside_core2b_transfer.Grade9NlmExamSideCore2BTransfer.test_transfer_set_covers_the_representative_nlm_decisions) ... ok
test_core2a_acceptance_questions_remain_core2a_after_later_transfer_work (test_g9_nlm_examside_practice_acceptance.Grade9NlmExamSidePracticeAcceptance.test_core2a_acceptance_questions_remain_core2a_after_later_transfer_work) ... ok
test_each_new_bounded_nlm_capability_has_core2a_practice (test_g9_nlm_examside_practice_acceptance.Grade9NlmExamSidePracticeAcceptance.test_each_new_bounded_nlm_capability_has_core2a_practice) ... ok
test_momentum_transfer_explicit_extension_has_core2a_practice (test_g9_nlm_examside_practice_acceptance.Grade9NlmExamSidePracticeAcceptance.test_momentum_transfer_explicit_extension_has_core2a_practice) ... ok
test_nondefault_extensions_stay_nondefault (test_g9_nlm_examside_practice_acceptance.Grade9NlmExamSidePracticeAcceptance.test_nondefault_extensions_stay_nondefault) ... ok
test_practice_inventory_closes_core2a_without_mislabeling_those_items_as_transfer (test_g9_nlm_examside_practice_acceptance.Grade9NlmExamSidePracticeAcceptance.test_practice_inventory_closes_core2a_without_mislabeling_those_items_as_transfer) ... ok
test_practice_questions_are_authored_not_exam_identity_copies (test_g9_nlm_examside_practice_acceptance.Grade9NlmExamSidePracticeAcceptance.test_practice_questions_are_authored_not_exam_identity_copies) ... ok
test_real_examside_acceptance_fixture_routes_through_current_capability_graph (test_g9_nlm_examside_practice_acceptance.Grade9NlmExamSidePracticeAcceptance.test_real_examside_acceptance_fixture_routes_through_current_capability_graph) ... ok
test_connected_body_capability_keeps_body_and_system_boundaries_distinct (test_g9_nlm_friction_connected.Grade9NlmFrictionConnectedSlice.test_connected_body_capability_keeps_body_and_system_boundaries_distinct) ... ok
test_examside_fixture_routes_through_the_new_capabilities (test_g9_nlm_friction_connected.Grade9NlmFrictionConnectedSlice.test_examside_fixture_routes_through_the_new_capabilities) ... ok
test_existing_qualitative_friction_capability_is_not_silently_redefined (test_g9_nlm_friction_connected.Grade9NlmFrictionConnectedSlice.test_existing_qualitative_friction_capability_is_not_silently_redefined) ... ok
test_fixed_pulley_constraint_is_derived_from_length_and_bounded (test_g9_nlm_friction_connected.Grade9NlmFrictionConnectedSlice.test_fixed_pulley_constraint_is_derived_from_length_and_bounded) ... ok
test_gold_family_does_not_duplicate_or_mutate_static_friction_authority (test_g9_nlm_friction_connected.Grade9NlmFrictionConnectedSlice.test_gold_family_does_not_duplicate_or_mutate_static_friction_authority) ... ok
test_ideal_string_tension_is_model_conditional (test_g9_nlm_friction_connected.Grade9NlmFrictionConnectedSlice.test_ideal_string_tension_is_model_conditional) ... ok
test_kinetic_friction_requires_established_relative_sliding (test_g9_nlm_friction_connected.Grade9NlmFrictionConnectedSlice.test_kinetic_friction_requires_established_relative_sliding) ... ok
test_library_relations_bind_exactly_to_the_contact_constraint_gate (test_g9_nlm_friction_connected.Grade9NlmFrictionConnectedSlice.test_library_relations_bind_exactly_to_the_contact_constraint_gate) ... ok
test_matrix_inserts_bounded_rungs_before_third_law_and_keeps_frame_nondefault (test_g9_nlm_friction_connected.Grade9NlmFrictionConnectedSlice.test_matrix_inserts_bounded_rungs_before_third_law_and_keeps_frame_nondefault) ... ok
test_matrix_remains_session_ready (test_g9_nlm_friction_connected.Grade9NlmFrictionConnectedSlice.test_matrix_remains_session_ready) ... ok
test_micro_scope_keeps_school_demand_separate_from_examside_preparation (test_g9_nlm_friction_connected.Grade9NlmFrictionConnectedSlice.test_micro_scope_keeps_school_demand_separate_from_examside_preparation) ... ok
test_momentum_transfer_stays_out_of_this_slice (test_g9_nlm_friction_connected.Grade9NlmFrictionConnectedSlice.test_momentum_transfer_stays_out_of_this_slice) ... ok
test_nlm_friction_gold_family_has_one_structured_familiar_crux (test_g9_nlm_friction_connected.Grade9NlmFrictionConnectedSlice.test_nlm_friction_gold_family_has_one_structured_familiar_crux) ... ok
test_nlm_friction_gold_family_scaffolds_resolve_to_canonical_moves_and_visuals (test_g9_nlm_friction_connected.Grade9NlmFrictionConnectedSlice.test_nlm_friction_gold_family_scaffolds_resolve_to_canonical_moves_and_visuals) ... ok
test_nlm_friction_transfer_protects_the_changed_friction_decision (test_g9_nlm_friction_connected.Grade9NlmFrictionConnectedSlice.test_nlm_friction_transfer_protects_the_changed_friction_decision) ... ok
test_static_friction_is_a_bound_not_an_unconditional_equality (test_g9_nlm_friction_connected.Grade9NlmFrictionConnectedSlice.test_static_friction_is_a_bound_not_an_unconditional_equality) ... ok
test_existing_newton_second_law_is_not_broadened_to_hide_the_extension (test_g9_nlm_momentum_transfer.Grade9NlmMomentumTransferExtension.test_existing_newton_second_law_is_not_broadened_to_hide_the_extension) ... ok
test_extension_is_physically_separate_from_the_default_nlm_matrix (test_g9_nlm_momentum_transfer.Grade9NlmMomentumTransferExtension.test_extension_is_physically_separate_from_the_default_nlm_matrix) ... ok
test_extension_matrix_is_teachable_but_nondefault (test_g9_nlm_momentum_transfer.Grade9NlmMomentumTransferExtension.test_extension_matrix_is_teachable_but_nondefault) ... ok
test_force_rate_and_discrete_stream_relations_are_explicit (test_g9_nlm_momentum_transfer.Grade9NlmMomentumTransferExtension.test_force_rate_and_discrete_stream_relations_are_explicit) ... ok
test_full_momentum_collision_and_rocket_breadth_remains_excluded (test_g9_nlm_momentum_transfer.Grade9NlmMomentumTransferExtension.test_full_momentum_collision_and_rocket_breadth_remains_excluded) ... ok
test_library_relations_bind_exactly_to_gate_authority (test_g9_nlm_momentum_transfer.Grade9NlmMomentumTransferExtension.test_library_relations_bind_exactly_to_gate_authority) ... ok
test_micro_scope_marks_it_as_available_extension_not_school_scope (test_g9_nlm_momentum_transfer.Grade9NlmMomentumTransferExtension.test_micro_scope_marks_it_as_available_extension_not_school_scope) ... ok
test_owner_supplied_examside_demand_routes_cleanly (test_g9_nlm_momentum_transfer.Grade9NlmMomentumTransferExtension.test_owner_supplied_examside_demand_routes_cleanly) ... ok
test_per_item_momentum_uses_final_minus_initial_in_one_frame (test_g9_nlm_momentum_transfer.Grade9NlmMomentumTransferExtension.test_per_item_momentum_uses_final_minus_initial_in_one_frame) ... ok
test_recoil_and_holding_force_directions_are_not_conflated (test_g9_nlm_momentum_transfer.Grade9NlmMomentumTransferExtension.test_recoil_and_holding_force_directions_are_not_conflated) ... ok
test_units_reduce_to_force_without_importing_calculus_work (test_g9_nlm_momentum_transfer.Grade9NlmMomentumTransferExtension.test_units_reduce_to_force_without_importing_calculus_work) ... ok
test_direction_recovery_is_quadrant_first_not_raw_inverse_tangent (test_g9_vector_direction_unit.Grade9VectorDirectionUnitSlice.test_direction_recovery_is_quadrant_first_not_raw_inverse_tangent) ... ok
test_examside_demand_fixture_routes_without_becoming_canonical_questions (test_g9_vector_direction_unit.Grade9VectorDirectionUnitSlice.test_examside_demand_fixture_routes_without_becoming_canonical_questions) ... ok
test_inverse_trig_is_explicit_external_math_bridge (test_g9_vector_direction_unit.Grade9VectorDirectionUnitSlice.test_inverse_trig_is_explicit_external_math_bridge) ... ok
test_learner_facing_teaching_does_not_leak_deferred_vector_breadth (test_g9_vector_direction_unit.Grade9VectorDirectionUnitSlice.test_learner_facing_teaching_does_not_leak_deferred_vector_breadth) ... ok
test_library_relations_bind_to_the_new_gate_relations (test_g9_vector_direction_unit.Grade9VectorDirectionUnitSlice.test_library_relations_bind_to_the_new_gate_relations) ... ok
test_matrix_is_exactly_the_bounded_three_rung_slice (test_g9_vector_direction_unit.Grade9VectorDirectionUnitSlice.test_matrix_is_exactly_the_bounded_three_rung_slice) ... ok
test_matrix_is_session_ready_with_declared_bridges (test_g9_vector_direction_unit.Grade9VectorDirectionUnitSlice.test_matrix_is_session_ready_with_declared_bridges) ... ok
test_unit_direction_does_not_require_direction_angle (test_g9_vector_direction_unit.Grade9VectorDirectionUnitSlice.test_unit_direction_does_not_require_direction_angle) ... ok
test_zero_vector_normalization_boundary_is_explicit (test_g9_vector_direction_unit.Grade9VectorDirectionUnitSlice.test_zero_vector_normalization_boundary_is_explicit) ... ok
test_a_partial_binding_does_not_authorise_the_chapter (test_gates.CurriculumAuthorityFailsClosed.test_a_partial_binding_does_not_authorise_the_chapter) ... ok
test_all_shipped_gates_are_owner_extension_not_prescribed (test_gates.CurriculumAuthorityFailsClosed.test_all_shipped_gates_are_owner_extension_not_prescribed) ... ok
test_prescribed_claim_with_an_exact_binding_is_authorised (test_gates.CurriculumAuthorityFailsClosed.test_prescribed_claim_with_an_exact_binding_is_authorised) ... ok
test_prescribed_claim_without_a_binding_is_held (test_gates.CurriculumAuthorityFailsClosed.test_prescribed_claim_without_a_binding_is_held) ... ok
test_a_gate_may_not_claim_validated_maturity (test_gates.DeclaredFalsifiersReallyFail.test_a_gate_may_not_claim_validated_maturity) ... ok
test_duplicate_asset_id_across_gates (test_gates.DeclaredFalsifiersReallyFail.test_duplicate_asset_id_across_gates) ... ok
test_grade_outside_the_subjects_declared_band (test_gates.DeclaredFalsifiersReallyFail.test_grade_outside_the_subjects_declared_band) ... ok
test_prerequisite_cycle (test_gates.DeclaredFalsifiersReallyFail.test_prerequisite_cycle) ... ok
test_reasoning_step_depending_on_a_later_step (test_gates.DeclaredFalsifiersReallyFail.test_reasoning_step_depending_on_a_later_step) ... ok
test_registry_for_the_wrong_subject_is_rejected (test_gates.DeclaredFalsifiersReallyFail.test_registry_for_the_wrong_subject_is_rejected) ... ok
test_representation_kind_the_subject_never_declared (test_gates.DeclaredFalsifiersReallyFail.test_representation_kind_the_subject_never_declared) ... ok
test_subject_cannot_accept_another_subjects_capability_itself (test_gates.DeclaredFalsifiersReallyFail.test_subject_cannot_accept_another_subjects_capability_itself) ... ok
test_symbol_missing_a_field_the_subject_requires (test_gates.DeclaredFalsifiersReallyFail.test_symbol_missing_a_field_the_subject_requires) ... ok
test_unknown_prerequisite (test_gates.DeclaredFalsifiersReallyFail.test_unknown_prerequisite) ... ok
test_both_subjects_registries_are_reached (test_gates.EveryDeclaredFalsifierIsExecuted.test_both_subjects_registries_are_reached) ... ok
test_every_declared_case_has_a_mutation_and_produces_what_it_declares (test_gates.EveryDeclaredFalsifierIsExecuted.test_every_declared_case_has_a_mutation_and_produces_what_it_declares) ... ok
test_no_mutation_claims_a_case_no_registry_declares (test_gates.EveryDeclaredFalsifierIsExecuted.test_no_mutation_claims_a_case_no_registry_declares) ... ok
test_mathematics_prerequisites_stay_provider_review_required (test_gates.GatesBindToAuthoredContent.test_mathematics_prerequisites_stay_provider_review_required) ... ok
test_relative_velocity_gate_exists_for_the_authored_bucket (test_gates.GatesBindToAuthoredContent.test_relative_velocity_gate_exists_for_the_authored_bucket) ... ok
test_every_gate_declares_at_least_one_falsification_case (test_gates.RegistryValidates.test_every_gate_declares_at_least_one_falsification_case) ... ok
test_physics_registry_passes (test_gates.RegistryValidates.test_physics_registry_passes) ... ok
test_dead_manipulation_is_detected (test_gcdr_runtime_audit.GCDRRuntimeAuditTest.test_dead_manipulation_is_detected) ... ok
test_duplicate_ids_are_detected (test_gcdr_runtime_audit.GCDRRuntimeAuditTest.test_duplicate_ids_are_detected) ... ok
test_js_syntax_error_is_detected (test_gcdr_runtime_audit.GCDRRuntimeAuditTest.test_js_syntax_error_is_detected) ... ok
test_missing_control_label_is_detected (test_gcdr_runtime_audit.GCDRRuntimeAuditTest.test_missing_control_label_is_detected) ... ok
test_missing_reset_is_detected (test_gcdr_runtime_audit.GCDRRuntimeAuditTest.test_missing_reset_is_detected) ... ok
test_motion2d_explorers_pass_runtime_integrity_slice (test_gcdr_runtime_audit.GCDRRuntimeAuditTest.test_motion2d_explorers_pass_runtime_integrity_slice) ... FAIL
test_undefined_runtime_output_is_detected (test_gcdr_runtime_audit.GCDRRuntimeAuditTest.test_undefined_runtime_output_is_detected) ... ok
test_all_required_values_produce_exact_mapping (test_gcdr_state_binding.GCDRStateBindingTest.test_all_required_values_produce_exact_mapping) ... ok
test_concept_mapping_can_fall_back_without_inventing_state (test_gcdr_state_binding.GCDRStateBindingTest.test_concept_mapping_can_fall_back_without_inventing_state) ... ok
test_custom_transform_requires_subject_adapter (test_gcdr_state_binding.GCDRStateBindingTest.test_custom_transform_requires_subject_adapter) ... ok
test_exact_required_fails_closed_when_required_value_missing (test_gcdr_state_binding.GCDRStateBindingTest.test_exact_required_fails_closed_when_required_value_missing) ... ok
test_missing_required_value_is_constraint_faithful_without_default (test_gcdr_state_binding.GCDRStateBindingTest.test_missing_required_value_is_constraint_faithful_without_default) ... ok
test_not_applicable_returns_unavailable (test_gcdr_state_binding.GCDRStateBindingTest.test_not_applicable_returns_unavailable) ... ok
test_companion_schemas_are_draft_2020_12_and_versioned (test_gcdr_v13_contracts.GcdrV13ContractsTest.test_companion_schemas_are_draft_2020_12_and_versioned) ... ok
test_explorer_contract_is_v13 (test_gcdr_v13_contracts.GcdrV13ContractsTest.test_explorer_contract_is_v13) ... ok
test_generic_filler_final_answers_are_release_blocked (test_gcdr_v13_contracts.GcdrV13ContractsTest.test_generic_filler_final_answers_are_release_blocked) ... ok
test_master_suite_guard_passes (test_gcdr_v13_contracts.GcdrV13ContractsTest.test_master_suite_guard_passes) ... FAIL
test_suite_scope_and_delivery_claims_are_explicit (test_gcdr_v13_contracts.GcdrV13ContractsTest.test_suite_scope_and_delivery_claims_are_explicit) ... ok
test_curriculum_authority_is_not_fabricated (test_grade10_optics_reflection_scope.Grade10ReflectionMirrorsScope.test_curriculum_authority_is_not_fabricated) ... ok
test_formula_use_keeps_sign_and_paraxial_model_boundary (test_grade10_optics_reflection_scope.Grade10ReflectionMirrorsScope.test_formula_use_keeps_sign_and_paraxial_model_boundary) ... ok
test_magnification_keeps_orientation_in_the_sign (test_grade10_optics_reflection_scope.Grade10ReflectionMirrorsScope.test_magnification_keeps_orientation_in_the_sign) ... ok
test_mirror_matrix_becomes_session_ready (test_grade10_optics_reflection_scope.Grade10ReflectionMirrorsScope.test_mirror_matrix_becomes_session_ready) ... ok
test_mirror_relation_authority_matches_local_bound_copies (test_grade10_optics_reflection_scope.Grade10ReflectionMirrorsScope.test_mirror_relation_authority_matches_local_bound_copies) ... ok
test_no_cross_repository_runtime_link (test_grade10_optics_reflection_scope.Grade10ReflectionMirrorsScope.test_no_cross_repository_runtime_link) ... ok
test_ray_construction_requires_consistent_independent_rays (test_grade10_optics_reflection_scope.Grade10ReflectionMirrorsScope.test_ray_construction_requires_consistent_independent_rays) ... ok
test_refraction_and_later_optics_are_not_pulled_into_g10_1a (test_grade10_optics_reflection_scope.Grade10ReflectionMirrorsScope.test_refraction_and_later_optics_are_not_pulled_into_g10_1a) ... ok
test_six_rung_spine_is_canonical_and_matrix_does_not_duplicate_teaching (test_grade10_optics_reflection_scope.Grade10ReflectionMirrorsScope.test_six_rung_spine_is_canonical_and_matrix_does_not_duplicate_teaching) ... ok
test_curriculum_authority_is_not_fabricated (test_grade10_optics_refraction_lenses_scope.Grade10RefractionLensesScope.test_curriculum_authority_is_not_fabricated) ... ok
test_index_keeps_speed_meaning (test_grade10_optics_refraction_lenses_scope.Grade10RefractionLensesScope.test_index_keeps_speed_meaning) ... ok
test_later_optics_are_not_pulled_into_g10_1b (test_grade10_optics_refraction_lenses_scope.Grade10RefractionLensesScope.test_later_optics_are_not_pulled_into_g10_1b) ... ok
test_lens_formula_keeps_sign_and_model_boundary (test_grade10_optics_refraction_lenses_scope.Grade10RefractionLensesScope.test_lens_formula_keeps_sign_and_model_boundary) ... ok
test_lens_magnification_keeps_orientation (test_grade10_optics_refraction_lenses_scope.Grade10RefractionLensesScope.test_lens_magnification_keeps_orientation) ... ok
test_lens_power_keeps_metres_and_sign (test_grade10_optics_refraction_lenses_scope.Grade10RefractionLensesScope.test_lens_power_keeps_metres_and_sign) ... ok
test_no_cross_repository_runtime_link (test_grade10_optics_refraction_lenses_scope.Grade10RefractionLensesScope.test_no_cross_repository_runtime_link) ... ok
test_principal_rays_are_independent_and_practical_is_bounded (test_grade10_optics_refraction_lenses_scope.Grade10RefractionLensesScope.test_principal_rays_are_independent_and_practical_is_bounded) ... ok
test_refraction_keeps_normal_and_medium_ownership (test_grade10_optics_refraction_lenses_scope.Grade10RefractionLensesScope.test_refraction_keeps_normal_and_medium_ownership) ... ok
test_refraction_lens_matrix_becomes_session_ready (test_grade10_optics_refraction_lenses_scope.Grade10RefractionLensesScope.test_refraction_lens_matrix_becomes_session_ready) ... ok
test_relation_authority_matches_local_bound_copies (test_grade10_optics_refraction_lenses_scope.Grade10RefractionLensesScope.test_relation_authority_matches_local_bound_copies) ... ok
test_six_rung_spine_is_canonical (test_grade10_optics_refraction_lenses_scope.Grade10RefractionLensesScope.test_six_rung_spine_is_canonical) ... ok
test_default_grade9_rungs_do_not_depend_on_nondefault_rungs (test_grade9_default_extension_routing.Grade9DefaultExtensionRouting.test_default_grade9_rungs_do_not_depend_on_nondefault_rungs) ... ok
test_execution_packet_uses_the_same_default_segment_boundary (test_grade9_default_extension_routing.Grade9DefaultExtensionRouting.test_execution_packet_uses_the_same_default_segment_boundary) ... ok
test_explicit_owner_extension_entry_remains_reachable (test_grade9_default_extension_routing.Grade9DefaultExtensionRouting.test_explicit_owner_extension_entry_remains_reachable) ... ok
test_explicit_worksheet_question_demand_can_reach_nondefault_rung (test_grade9_default_extension_routing.Grade9DefaultExtensionRouting.test_explicit_worksheet_question_demand_can_reach_nondefault_rung) ... ok
test_missing_extension_evidence_does_not_gate_required_motion_work (test_grade9_default_extension_routing.Grade9DefaultExtensionRouting.test_missing_extension_evidence_does_not_gate_required_motion_work) ... ok
test_missing_gravitation_extensions_do_not_prevent_core_completion (test_grade9_default_extension_routing.Grade9DefaultExtensionRouting.test_missing_gravitation_extensions_do_not_prevent_core_completion) ... ok
test_only_audited_grade9_extensions_are_nondefault (test_grade9_default_extension_routing.Grade9DefaultExtensionRouting.test_only_audited_grade9_extensions_are_nondefault) ... ok
test_owner_estimates_skip_extension_coordinates_and_default_segments (test_grade9_default_extension_routing.Grade9DefaultExtensionRouting.test_owner_estimates_skip_extension_coordinates_and_default_segments) ... ok
test_worksheet_owner_estimate_coordinates_ignore_nondefault_rungs (test_grade9_default_extension_routing.Grade9DefaultExtensionRouting.test_worksheet_owner_estimate_coordinates_ignore_nondefault_rungs) ... ok
test_authored_changed_demand_without_transition_authority_is_visible_nonblocking (test_grade9_exit.Grade9ExitProjectionTest.test_authored_changed_demand_without_transition_authority_is_visible_nonblocking) ... ok
test_bench_ta9_001_frozen_exit_state_truth_table (test_grade9_exit.Grade9ExitProjectionTest.test_bench_ta9_001_frozen_exit_state_truth_table) ... ok
test_bench_ta9_002_transition_blocker_boundary (test_grade9_exit.Grade9ExitProjectionTest.test_bench_ta9_002_transition_blocker_boundary) ... ok
test_bench_ta9_003_parent_report_reconstructs_transition_basis (test_grade9_exit.Grade9ExitProjectionTest.test_bench_ta9_003_parent_report_reconstructs_transition_basis) ... ok
test_bench_ta9_004_no_second_mastery_store_or_protected_write_path (test_grade9_exit.Grade9ExitProjectionTest.test_bench_ta9_004_no_second_mastery_store_or_protected_write_path) ... ok
test_capability_projection_preserves_history_and_independent_transfer (test_grade9_exit.Grade9ExitProjectionTest.test_capability_projection_preserves_history_and_independent_transfer) ... ok
test_changed_demand_identity_requires_core2b_exposure_plus_transfer_metadata (test_grade9_exit.Grade9ExitProjectionTest.test_changed_demand_identity_requires_core2b_exposure_plus_transfer_metadata) ... ok
test_changed_demand_observation_requires_direct_no_help_known_question (test_grade9_exit.Grade9ExitProjectionTest.test_changed_demand_observation_requires_direct_no_help_known_question) ... ok
test_deferred_scope_stays_visible_without_requiring_complete_bindings (test_grade9_exit.Grade9ExitProjectionTest.test_deferred_scope_stays_visible_without_requiring_complete_bindings) ... ok
test_enrichment_without_evidence_stays_unknown_and_nonblocking (test_grade9_exit.Grade9ExitProjectionTest.test_enrichment_without_evidence_stays_unknown_and_nonblocking) ... ok
test_explicit_transition_authority_can_require_changed_demand_evidence (test_grade9_exit.Grade9ExitProjectionTest.test_explicit_transition_authority_can_require_changed_demand_evidence) ... ok
test_fragile_required_evidence_carries_targeted_recheck_into_transition (test_grade9_exit.Grade9ExitProjectionTest.test_fragile_required_evidence_carries_targeted_recheck_into_transition) ... ok
test_live_transfer_inventory_is_available_not_transition_required (test_grade9_exit.Grade9ExitProjectionTest.test_live_transfer_inventory_is_available_not_transition_required) ... ok
test_observed_changed_demand_satisfies_explicit_transition_requirement (test_grade9_exit.Grade9ExitProjectionTest.test_observed_changed_demand_satisfies_explicit_transition_requirement) ... ok
test_optional_gap_remains_visible_but_nonblocking_in_parent_view (test_grade9_exit.Grade9ExitProjectionTest.test_optional_gap_remains_visible_but_nonblocking_in_parent_view) ... ok
test_projection_is_derived_and_does_not_create_grade_truth (test_grade9_exit.Grade9ExitProjectionTest.test_projection_is_derived_and_does_not_create_grade_truth) ... ok
test_report_keeps_unknown_required_evidence_distinct_from_known_gap (test_grade9_exit.Grade9ExitProjectionTest.test_report_keeps_unknown_required_evidence_distinct_from_known_gap) ... ok
test_required_scope_is_six_core_matrices_and_nondefault_rungs_do_not_leak (test_grade9_exit.Grade9ExitProjectionTest.test_required_scope_is_six_core_matrices_and_nondefault_rungs_do_not_leak) ... ok
test_required_transfer_sampling_comes_only_from_canonical_question_metadata (test_grade9_exit.Grade9ExitProjectionTest.test_required_transfer_sampling_comes_only_from_canonical_question_metadata) ... ok
test_all_matrix_rows_reuse_current_canonical_teaching (test_grade9_force_laws_scope.Grade9ForceLawsScope.test_all_matrix_rows_reuse_current_canonical_teaching) ... ok
test_first_law_does_not_require_the_turning_point_diagnostic (test_grade9_force_laws_scope.Grade9ForceLawsScope.test_first_law_does_not_require_the_turning_point_diagnostic) ... ok
test_frame_choice_remains_canonical_for_explicit_extension_demand (test_grade9_force_laws_scope.Grade9ForceLawsScope.test_frame_choice_remains_canonical_for_explicit_extension_demand) ... ok
test_motion_bucket_sequence_is_retained_without_inventing_capability_dependency (test_grade9_force_laws_scope.Grade9ForceLawsScope.test_motion_bucket_sequence_is_retained_without_inventing_capability_dependency) ... ok
test_scope_audit_does_not_promote_curriculum_authority_or_add_grade_field (test_grade9_force_laws_scope.Grade9ForceLawsScope.test_scope_audit_does_not_promote_curriculum_authority_or_add_grade_field) ... ok
test_advanced_field_superposition_was_not_pulled_into_grade9_core (test_grade9_gravitation_scope.Grade9GravitationScope.test_advanced_field_superposition_was_not_pulled_into_grade9_core) ... ok
test_donor_adaptation_is_local_and_preserves_key_force_field_invariants (test_grade9_gravitation_scope.Grade9GravitationScope.test_donor_adaptation_is_local_and_preserves_key_force_field_invariants) ... ok
test_existing_energy_and_orbit_records_are_retained_not_expanded (test_grade9_gravitation_scope.Grade9GravitationScope.test_existing_energy_and_orbit_records_are_retained_not_expanded) ... ok
test_free_fall_uses_only_the_actual_newton_second_law_dependency (test_grade9_gravitation_scope.Grade9GravitationScope.test_free_fall_uses_only_the_actual_newton_second_law_dependency) ... ok
test_grade9_core_gaps_now_have_distinct_canonical_ownership (test_grade9_gravitation_scope.Grade9GravitationScope.test_grade9_core_gaps_now_have_distinct_canonical_ownership) ... ok
test_mass_weight_is_separate_from_free_fall_mass_independence (test_grade9_gravitation_scope.Grade9GravitationScope.test_mass_weight_is_separate_from_free_fall_mass_independence) ... ok
test_matrix_is_self_study_ready_after_grade9_core_completion (test_grade9_gravitation_scope.Grade9GravitationScope.test_matrix_is_self_study_ready_after_grade9_core_completion) ... ok
test_scope_pass_does_not_promote_curriculum_authority_or_add_grade_field (test_grade9_gravitation_scope.Grade9GravitationScope.test_scope_pass_does_not_promote_curriculum_authority_or_add_grade_field) ... ok
test_acceleration_does_not_flip_with_velocity (test_grade9_motion1d_vertical_gravity_agent_a_atlas.Grade9Motion1DVerticalGravityAgentAAtlas.test_acceleration_does_not_flip_with_velocity) ... ok
test_context_never_enters_prerequisite_topology (test_grade9_motion1d_vertical_gravity_agent_a_atlas.Grade9Motion1DVerticalGravityAgentAAtlas.test_context_never_enters_prerequisite_topology) ... ok
test_coordinate_reversal_changes_signs_not_physical_event (test_grade9_motion1d_vertical_gravity_agent_a_atlas.Grade9Motion1DVerticalGravityAgentAAtlas.test_coordinate_reversal_changes_signs_not_physical_event) ... ok
test_every_packet_question_is_authored_and_context_bound (test_grade9_motion1d_vertical_gravity_agent_a_atlas.Grade9Motion1DVerticalGravityAgentAAtlas.test_every_packet_question_is_authored_and_context_bound) ... ok
test_matrix_exposes_vertical_sign_and_turning_point_boundaries (test_grade9_motion1d_vertical_gravity_agent_a_atlas.Grade9Motion1DVerticalGravityAgentAAtlas.test_matrix_exposes_vertical_sign_and_turning_point_boundaries) ... ok
test_matrix_remains_session_ready (test_grade9_motion1d_vertical_gravity_agent_a_atlas.Grade9Motion1DVerticalGravityAgentAAtlas.test_matrix_remains_session_ready) ... ok
test_micro_scope_marks_local_readiness_without_school_promotion (test_grade9_motion1d_vertical_gravity_agent_a_atlas.Grade9Motion1DVerticalGravityAgentAAtlas.test_micro_scope_marks_local_readiness_without_school_promotion) ... ok
test_model_choice_hint_does_not_reveal_acceleration_sign (test_grade9_motion1d_vertical_gravity_agent_a_atlas.Grade9Motion1DVerticalGravityAgentAAtlas.test_model_choice_hint_does_not_reveal_acceleration_sign) ... ok
test_packet_has_five_core2a_and_five_core2b_items (test_grade9_motion1d_vertical_gravity_agent_a_atlas.Grade9Motion1DVerticalGravityAgentAAtlas.test_packet_has_five_core2a_and_five_core2b_items) ... ok
test_return_trip_keeps_displacement_and_distance_distinct (test_grade9_motion1d_vertical_gravity_agent_a_atlas.Grade9Motion1DVerticalGravityAgentAAtlas.test_return_trip_keeps_displacement_and_distance_distinct) ... ok
test_semantic_actions_make_sign_and_apex_boundaries_explicit (test_grade9_motion1d_vertical_gravity_agent_a_atlas.Grade9Motion1DVerticalGravityAgentAAtlas.test_semantic_actions_make_sign_and_apex_boundaries_explicit) ... ok
test_transfer_set_spans_existing_dimensions (test_grade9_motion1d_vertical_gravity_agent_a_atlas.Grade9Motion1DVerticalGravityAgentAAtlas.test_transfer_set_spans_existing_dimensions) ... ok
test_upward_throw_witness_keeps_apex_acceleration_nonzero (test_grade9_motion1d_vertical_gravity_agent_a_atlas.Grade9Motion1DVerticalGravityAgentAAtlas.test_upward_throw_witness_keeps_apex_acceleration_nonzero) ... ok
test_velocity_time_transfer_preserves_slope_through_apex (test_grade9_motion1d_vertical_gravity_agent_a_atlas.Grade9Motion1DVerticalGravityAgentAAtlas.test_velocity_time_transfer_preserves_slope_through_apex) ... ok
test_vertical_gravity_is_integration_not_new_capability (test_grade9_motion1d_vertical_gravity_agent_a_atlas.Grade9Motion1DVerticalGravityAgentAAtlas.test_vertical_gravity_is_integration_not_new_capability) ... ok
test_durable_three_capability_spine_is_preserved (test_grade9_motion2d_agent_a_atlas.Grade9Motion2DAgentAAtlas.test_durable_three_capability_spine_is_preserved) ... ok
test_matrix_remains_session_ready (test_grade9_motion2d_agent_a_atlas.Grade9Motion2DAgentAAtlas.test_matrix_remains_session_ready) ... ok
test_matrix_variations_make_event_and_model_boundaries_visible (test_grade9_motion2d_agent_a_atlas.Grade9Motion2DAgentAAtlas.test_matrix_variations_make_event_and_model_boundaries_visible) ... ok
test_model_choice_transfer_hints_do_not_reveal_the_method (test_grade9_motion2d_agent_a_atlas.Grade9Motion2DAgentAAtlas.test_model_choice_transfer_hints_do_not_reveal_the_method) ... ok
test_outputs_remain_semantic_leaves_not_new_capabilities (test_grade9_motion2d_agent_a_atlas.Grade9Motion2DAgentAAtlas.test_outputs_remain_semantic_leaves_not_new_capabilities) ... ok
test_practice_family_has_balanced_core2a_and_core2b_inventory (test_grade9_motion2d_agent_a_atlas.Grade9Motion2DAgentAAtlas.test_practice_family_has_balanced_core2a_and_core2b_inventory) ... ok
test_projectile_leaf_decomposition_covers_real_failure_boundaries (test_grade9_motion2d_agent_a_atlas.Grade9Motion2DAgentAAtlas.test_projectile_leaf_decomposition_covers_real_failure_boundaries) ... ok
test_questions_are_authored_and_external_material_is_demand_only (test_grade9_motion2d_agent_a_atlas.Grade9Motion2DAgentAAtlas.test_questions_are_authored_and_external_material_is_demand_only) ... ok
test_relative_motion_and_trajectory_derivation_are_not_duplicated (test_grade9_motion2d_agent_a_atlas.Grade9Motion2DAgentAAtlas.test_relative_motion_and_trajectory_derivation_are_not_duplicated) ... ok
test_semantic_leaf_ids_are_stable_and_diagnostic_addressable (test_grade9_motion2d_agent_a_atlas.Grade9Motion2DAgentAAtlas.test_semantic_leaf_ids_are_stable_and_diagnostic_addressable) ... ok
test_transfer_set_spans_three_real_dimensions (test_grade9_motion2d_agent_a_atlas.Grade9Motion2DAgentAAtlas.test_transfer_set_spans_three_real_dimensions) ... ok
test_unequal_height_transfer_repairs_to_actual_landing_geometry_leaf (test_grade9_motion2d_agent_a_atlas.Grade9Motion2DAgentAAtlas.test_unequal_height_transfer_repairs_to_actual_landing_geometry_leaf) ... ok
test_calculus_and_trajectory_derivation_remain_outside_first_slice (test_grade9_motion2d_examside.Grade9Motion2DExamSide.test_calculus_and_trajectory_derivation_remain_outside_first_slice) ... ok
test_exam_side_fixture_is_real_demand_not_canonical_question_custody (test_grade9_motion2d_examside.Grade9Motion2DExamSide.test_exam_side_fixture_is_real_demand_not_canonical_question_custody) ... ok
test_motion2d_matrix_is_session_ready_with_declared_bridges (test_grade9_motion2d_examside.Grade9Motion2DExamSide.test_motion2d_matrix_is_session_ready_with_declared_bridges) ... ok
test_projectile_outputs_remain_applications_of_one_model (test_grade9_motion2d_examside.Grade9Motion2DExamSide.test_projectile_outputs_remain_applications_of_one_model) ... ok
test_selected_questions_route_through_new_capabilities (test_grade9_motion2d_examside.Grade9Motion2DExamSide.test_selected_questions_route_through_new_capabilities) ... ok
test_three_rung_2d_spine_is_complete (test_grade9_motion2d_examside.Grade9Motion2DExamSide.test_three_rung_2d_spine_is_complete) ... ok
test_every_motion_rung_reuses_a_current_canonical_microtopic_and_capability (test_grade9_motion_scope.Grade9MotionScope.test_every_motion_rung_reuses_a_current_canonical_microtopic_and_capability) ... ok
test_grade9_scope_does_not_promote_curriculum_authority (test_grade9_motion_scope.Grade9MotionScope.test_grade9_scope_does_not_promote_curriculum_authority) ... ok
test_matrix_contract_is_not_given_a_grade_field (test_grade9_motion_scope.Grade9MotionScope.test_matrix_contract_is_not_given_a_grade_field) ... ok
test_motion_does_not_pull_the_vector_addition_bucket_into_grade9_by_default (test_grade9_motion_scope.Grade9MotionScope.test_motion_does_not_pull_the_vector_addition_bucket_into_grade9_by_default) ... ok
test_atwood_practice_separates_tension_from_weight (test_grade9_nlm_connected_string_agent_a_atlas.Grade9NlmConnectedStringAgentAAtlas.test_atwood_practice_separates_tension_from_weight) ... ok
test_cross_model_transfer_keeps_length_constraint_but_refuses_equal_tension (test_grade9_nlm_connected_string_agent_a_atlas.Grade9NlmConnectedStringAgentAAtlas.test_cross_model_transfer_keeps_length_constraint_but_refuses_equal_tension) ... ok
test_matrix_remains_session_ready (test_grade9_nlm_connected_string_agent_a_atlas.Grade9NlmConnectedStringAgentAAtlas.test_matrix_remains_session_ready) ... ok
test_matrix_variations_make_boundaries_visible (test_grade9_nlm_connected_string_agent_a_atlas.Grade9NlmConnectedStringAgentAAtlas.test_matrix_variations_make_boundaries_visible) ... ok
test_misconceptions_cover_constraint_force_and_tension_boundaries (test_grade9_nlm_connected_string_agent_a_atlas.Grade9NlmConnectedStringAgentAAtlas.test_misconceptions_cover_constraint_force_and_tension_boundaries) ... ok
test_model_choice_hints_do_not_reveal_the_selected_branch (test_grade9_nlm_connected_string_agent_a_atlas.Grade9NlmConnectedStringAgentAAtlas.test_model_choice_hints_do_not_reveal_the_selected_branch) ... ok
test_outputs_remain_semantic_actions_not_new_capabilities (test_grade9_nlm_connected_string_agent_a_atlas.Grade9NlmConnectedStringAgentAAtlas.test_outputs_remain_semantic_actions_not_new_capabilities) ... ok
test_packet_has_five_core2a_and_five_core2b_primary_items (test_grade9_nlm_connected_string_agent_a_atlas.Grade9NlmConnectedStringAgentAAtlas.test_packet_has_five_core2a_and_five_core2b_primary_items) ... ok
test_packet_questions_are_authored_and_have_specific_repairs (test_grade9_nlm_connected_string_agent_a_atlas.Grade9NlmConnectedStringAgentAAtlas.test_packet_questions_are_authored_and_have_specific_repairs) ... ok
test_semantic_leaf_ids_are_stable_and_address_distinct_failures (test_grade9_nlm_connected_string_agent_a_atlas.Grade9NlmConnectedStringAgentAAtlas.test_semantic_leaf_ids_are_stable_and_address_distinct_failures) ... ok
test_three_durable_capabilities_are_preserved (test_grade9_nlm_connected_string_agent_a_atlas.Grade9NlmConnectedStringAgentAAtlas.test_three_durable_capabilities_are_preserved) ... ok
test_transfer_set_spans_all_three_existing_adaptation_dimensions (test_grade9_nlm_connected_string_agent_a_atlas.Grade9NlmConnectedStringAgentAAtlas.test_transfer_set_spans_all_three_existing_adaptation_dimensions) ... ok
test_all_friction_packet_questions_are_authored (test_grade9_nlm_friction_agent_a_atlas.Grade9NlmFrictionAgentAAtlas.test_all_friction_packet_questions_are_authored) ... ok
test_connected_systems_remain_secondary_context_not_reauthored_here (test_grade9_nlm_friction_agent_a_atlas.Grade9NlmFrictionAgentAAtlas.test_connected_systems_remain_secondary_context_not_reauthored_here) ... ok
test_friction_keeps_two_durable_capabilities (test_grade9_nlm_friction_agent_a_atlas.Grade9NlmFrictionAgentAAtlas.test_friction_keeps_two_durable_capabilities) ... ok
test_friction_packet_has_five_core2a_and_five_core2b_items (test_grade9_nlm_friction_agent_a_atlas.Grade9NlmFrictionAgentAAtlas.test_friction_packet_has_five_core2a_and_five_core2b_items) ... ok
test_matrix_remains_session_ready (test_grade9_nlm_friction_agent_a_atlas.Grade9NlmFrictionAgentAAtlas.test_matrix_remains_session_ready) ... ok
test_misconceptions_cover_distinct_friction_failure_boundaries (test_grade9_nlm_friction_agent_a_atlas.Grade9NlmFrictionAgentAAtlas.test_misconceptions_cover_distinct_friction_failure_boundaries) ... ok
test_model_choice_hints_do_not_hand_over_the_method (test_grade9_nlm_friction_agent_a_atlas.Grade9NlmFrictionAgentAAtlas.test_model_choice_hints_do_not_hand_over_the_method) ... ok
test_semantic_leaf_ids_are_stable_and_diagnostic_addressable (test_grade9_nlm_friction_agent_a_atlas.Grade9NlmFrictionAgentAAtlas.test_semantic_leaf_ids_are_stable_and_diagnostic_addressable) ... ok
test_transfer_set_spans_materially_different_demands (test_grade9_nlm_friction_agent_a_atlas.Grade9NlmFrictionAgentAAtlas.test_transfer_set_spans_materially_different_demands) ... ok
test_zero_friction_and_state_selection_remain_actions_not_new_skills (test_grade9_nlm_friction_agent_a_atlas.Grade9NlmFrictionAgentAAtlas.test_zero_friction_and_state_selection_remain_actions_not_new_skills) ... ok
test_every_packet_question_uses_the_incline_context (test_grade9_nlm_incline_agent_a_atlas.Grade9NlmInclineIntegrationAgentAAtlas.test_every_packet_question_uses_the_incline_context) ... ok
test_existing_durable_owners_are_reused (test_grade9_nlm_incline_agent_a_atlas.Grade9NlmInclineIntegrationAgentAAtlas.test_existing_durable_owners_are_reused) ... ok
test_horizontal_push_changes_normal_reaction (test_grade9_nlm_incline_agent_a_atlas.Grade9NlmInclineIntegrationAgentAAtlas.test_horizontal_push_changes_normal_reaction) ... ok
test_incline_is_context_and_family_not_new_capability (test_grade9_nlm_incline_agent_a_atlas.Grade9NlmInclineIntegrationAgentAAtlas.test_incline_is_context_and_family_not_new_capability) ... ok
test_matrix_exposes_representation_and_contact_boundaries (test_grade9_nlm_incline_agent_a_atlas.Grade9NlmInclineIntegrationAgentAAtlas.test_matrix_exposes_representation_and_contact_boundaries) ... ok
test_matrix_remains_session_ready (test_grade9_nlm_incline_agent_a_atlas.Grade9NlmInclineIntegrationAgentAAtlas.test_matrix_remains_session_ready) ... ok
test_model_choice_hints_remain_conceptual (test_grade9_nlm_incline_agent_a_atlas.Grade9NlmInclineIntegrationAgentAAtlas.test_model_choice_hints_remain_conceptual) ... ok
test_new_semantic_actions_target_setup_not_a_new_skill_tree (test_grade9_nlm_incline_agent_a_atlas.Grade9NlmInclineIntegrationAgentAAtlas.test_new_semantic_actions_target_setup_not_a_new_skill_tree) ... ok
test_packet_has_five_core2a_and_five_core2b_items (test_grade9_nlm_incline_agent_a_atlas.Grade9NlmInclineIntegrationAgentAAtlas.test_packet_has_five_core2a_and_five_core2b_items) ... ok
test_setup_misconceptions_are_explicit (test_grade9_nlm_incline_agent_a_atlas.Grade9NlmInclineIntegrationAgentAAtlas.test_setup_misconceptions_are_explicit) ... ok
test_smooth_incline_witness_has_correct_boundary_values (test_grade9_nlm_incline_agent_a_atlas.Grade9NlmInclineIntegrationAgentAAtlas.test_smooth_incline_witness_has_correct_boundary_values) ... ok
test_static_friction_can_reverse_or_be_zero (test_grade9_nlm_incline_agent_a_atlas.Grade9NlmInclineIntegrationAgentAAtlas.test_static_friction_can_reverse_or_be_zero) ... ok
test_timing_transfer_reaches_exam_demand_without_new_capability (test_grade9_nlm_incline_agent_a_atlas.Grade9NlmInclineIntegrationAgentAAtlas.test_timing_transfer_reaches_exam_demand_without_new_capability) ... ok
test_transfer_set_spans_model_representation_and_reasoning (test_grade9_nlm_incline_agent_a_atlas.Grade9NlmInclineIntegrationAgentAAtlas.test_transfer_set_spans_model_representation_and_reasoning) ... ok
test_all_packet_questions_are_authored_and_have_repair_routes (test_grade9_nlm_momentum_transfer_agent_a_atlas.Grade9NlmMomentumTransferAgentAAtlas.test_all_packet_questions_are_authored_and_have_repair_routes) ... ok
test_average_force_is_not_promoted_to_instantaneous_force (test_grade9_nlm_momentum_transfer_agent_a_atlas.Grade9NlmMomentumTransferAgentAAtlas.test_average_force_is_not_promoted_to_instantaneous_force) ... ok
test_compiler_carries_extension_transfer_payload (test_grade9_nlm_momentum_transfer_agent_a_atlas.Grade9NlmMomentumTransferAgentAAtlas.test_compiler_carries_extension_transfer_payload) ... ok
test_default_nlm_bucket_does_not_absorb_extension_practice (test_grade9_nlm_momentum_transfer_agent_a_atlas.Grade9NlmMomentumTransferAgentAAtlas.test_default_nlm_bucket_does_not_absorb_extension_practice) ... ok
test_extension_remains_nondefault_and_bounded (test_grade9_nlm_momentum_transfer_agent_a_atlas.Grade9NlmMomentumTransferAgentAAtlas.test_extension_remains_nondefault_and_bounded) ... ok
test_matrix_remains_session_ready_but_nondefault (test_grade9_nlm_momentum_transfer_agent_a_atlas.Grade9NlmMomentumTransferAgentAAtlas.test_matrix_remains_session_ready_but_nondefault) ... ok
test_misconceptions_cover_distinct_failure_boundaries (test_grade9_nlm_momentum_transfer_agent_a_atlas.Grade9NlmMomentumTransferAgentAAtlas.test_misconceptions_cover_distinct_failure_boundaries) ... ok
test_model_choice_hints_remain_conceptual (test_grade9_nlm_momentum_transfer_agent_a_atlas.Grade9NlmMomentumTransferAgentAAtlas.test_model_choice_hints_remain_conceptual) ... ok
test_one_durable_capability_remains_the_owner (test_grade9_nlm_momentum_transfer_agent_a_atlas.Grade9NlmMomentumTransferAgentAAtlas.test_one_durable_capability_remains_the_owner) ... ok
test_packet_has_five_core2a_and_five_core2b_items (test_grade9_nlm_momentum_transfer_agent_a_atlas.Grade9NlmMomentumTransferAgentAAtlas.test_packet_has_five_core2a_and_five_core2b_items) ... ok
test_question_family_is_bound_to_the_microtopic (test_grade9_nlm_momentum_transfer_agent_a_atlas.Grade9NlmMomentumTransferAgentAAtlas.test_question_family_is_bound_to_the_microtopic) ... ok
test_semantic_actions_are_stable_and_diagnostic_addressable (test_grade9_nlm_momentum_transfer_agent_a_atlas.Grade9NlmMomentumTransferAgentAAtlas.test_semantic_actions_are_stable_and_diagnostic_addressable) ... ok
test_transfer_set_spans_existing_changed_demand_dimensions (test_grade9_nlm_momentum_transfer_agent_a_atlas.Grade9NlmMomentumTransferAgentAAtlas.test_transfer_set_spans_existing_changed_demand_dimensions) ... ok
test_zero_change_case_refuses_final_momentum_shortcut (test_grade9_nlm_momentum_transfer_agent_a_atlas.Grade9NlmMomentumTransferAgentAAtlas.test_zero_change_case_refuses_final_momentum_shortcut) ... ok
test_invalidated_question_expansion_is_removed (test_grade9_physics_learner_loop.Grade9PhysicsVisualLearnerLoopTest.test_invalidated_question_expansion_is_removed) ... ok
test_nlm_has_canonical_representation_and_explorer_bindings (test_grade9_physics_learner_loop.Grade9PhysicsVisualLearnerLoopTest.test_nlm_has_canonical_representation_and_explorer_bindings) ... ok
test_support_stage_and_hint_stage_are_separate_and_resolve (test_grade9_physics_learner_loop.Grade9PhysicsVisualLearnerLoopTest.test_support_stage_and_hint_stage_are_separate_and_resolve) ... ok
test_visual_validator_rejects_foreign_stage_and_non_activity (test_grade9_physics_learner_loop.Grade9PhysicsVisualLearnerLoopTest.test_visual_validator_rejects_foreign_stage_and_non_activity) ... ok
test_authority_and_matrix_contract_boundaries_hold (test_grade9_simple_machines_scope.Grade9SimpleMachinesScope.test_authority_and_matrix_contract_boundaries_hold) ... ok
test_higher_depth_machine_formulae_are_not_pulled_down (test_grade9_simple_machines_scope.Grade9SimpleMachinesScope.test_higher_depth_machine_formulae_are_not_pulled_down) ... ok
test_ma_owns_same_state_measurement_and_practical_reasoning (test_grade9_simple_machines_scope.Grade9SimpleMachinesScope.test_ma_owns_same_state_measurement_and_practical_reasoning) ... ok
test_simple_machines_remains_session_ready (test_grade9_simple_machines_scope.Grade9SimpleMachinesScope.test_simple_machines_remains_session_ready) ... ok
test_three_rung_spine_reuses_current_canonical_content (test_grade9_simple_machines_scope.Grade9SimpleMachinesScope.test_three_rung_spine_reuses_current_canonical_content) ... ok
test_echo_model_uses_round_trip_without_universal_threshold (test_grade9_sound_scope.Grade9SoundScope.test_echo_model_uses_round_trip_without_universal_threshold) ... ok
test_existing_five_capability_spine_is_reused (test_grade9_sound_scope.Grade9SoundScope.test_existing_five_capability_spine_is_reused) ... ok
test_longitudinal_representation_is_explicit (test_grade9_sound_scope.Grade9SoundScope.test_longitudinal_representation_is_explicit) ... ok
test_no_cross_repository_runtime_link (test_grade9_sound_scope.Grade9SoundScope.test_no_cross_repository_runtime_link) ... ok
test_sound_remains_session_ready (test_grade9_sound_scope.Grade9SoundScope.test_sound_remains_session_ready) ... ok
test_wave_relation_keeps_same_wave_medium_condition (test_grade9_sound_scope.Grade9SoundScope.test_wave_relation_keeps_same_wave_medium_condition) ... ok
test_all_new_questions_are_authored_not_external_copies (test_grade9_vector_decomposition_agent_a_atlas.Grade9VectorDecompositionAgentAAtlas.test_all_new_questions_are_authored_not_external_copies) ... ok
test_angle_decomposition_has_stable_decision_changing_leaves (test_grade9_vector_decomposition_agent_a_atlas.Grade9VectorDecompositionAgentAAtlas.test_angle_decomposition_has_stable_decision_changing_leaves) ... ok
test_existing_four_capability_spine_is_preserved (test_grade9_vector_decomposition_agent_a_atlas.Grade9VectorDecompositionAgentAAtlas.test_existing_four_capability_spine_is_preserved) ... ok
test_matrix_r4_makes_boundary_and_variation_visible (test_grade9_vector_decomposition_agent_a_atlas.Grade9VectorDecompositionAgentAAtlas.test_matrix_r4_makes_boundary_and_variation_visible) ... ok
test_misconceptions_cover_reference_sign_need_and_boundary (test_grade9_vector_decomposition_agent_a_atlas.Grade9VectorDecompositionAgentAAtlas.test_misconceptions_cover_reference_sign_need_and_boundary) ... ok
test_model_choice_hint_does_not_hand_over_the_decision (test_grade9_vector_decomposition_agent_a_atlas.Grade9VectorDecompositionAgentAAtlas.test_model_choice_hint_does_not_hand_over_the_decision) ... ok
test_new_family_has_five_practice_and_five_transfer_items (test_grade9_vector_decomposition_agent_a_atlas.Grade9VectorDecompositionAgentAAtlas.test_new_family_has_five_practice_and_five_transfer_items) ... ok
test_transfer_spans_representation_model_choice_and_reasoning (test_grade9_vector_decomposition_agent_a_atlas.Grade9VectorDecompositionAgentAAtlas.test_transfer_spans_representation_model_choice_and_reasoning) ... ok
test_vector_matrix_remains_ready_with_only_declared_math_bridge (test_grade9_vector_decomposition_agent_a_atlas.Grade9VectorDecompositionAgentAAtlas.test_vector_matrix_remains_ready_with_only_declared_math_bridge) ... ok
test_vector_motion_boundary_is_explicit_not_a_new_capability (test_grade9_vector_decomposition_agent_a_atlas.Grade9VectorDecompositionAgentAAtlas.test_vector_motion_boundary_is_explicit_not_a_new_capability) ... ok
test_constant_force_and_reference_conditions_remain_owned_relations (test_grade9_work_energy_scope.Grade9WorkEnergyScope.test_constant_force_and_reference_conditions_remain_owned_relations) ... ok
test_existing_capability_spine_is_reused (test_grade9_work_energy_scope.Grade9WorkEnergyScope.test_existing_capability_spine_is_reused) ... ok
test_grade9_wep_remains_session_ready (test_grade9_work_energy_scope.Grade9WorkEnergyScope.test_grade9_wep_remains_session_ready) ... ok
test_mechanical_conservation_is_explicitly_conditional (test_grade9_work_energy_scope.Grade9WorkEnergyScope.test_mechanical_conservation_is_explicitly_conditional) ... ok
test_no_cross_repository_runtime_link (test_grade9_work_energy_scope.Grade9WorkEnergyScope.test_no_cross_repository_runtime_link) ... ok
test_optional_minimum_level_is_not_required_for_ready_status (test_high_likelihood_scenario_matrix_contract.HighLikelihoodScenarioMatrixContract.test_optional_minimum_level_is_not_required_for_ready_status) ... ok
test_session_ready_matrices_have_common_support_design (test_high_likelihood_scenario_matrix_contract.HighLikelihoodScenarioMatrixContract.test_session_ready_matrices_have_common_support_design)
Ready matrices can author low/medium/high assistance without session data. ... ok
test_session_ready_matrices_keep_attempt_history_out (test_high_likelihood_scenario_matrix_contract.HighLikelihoodScenarioMatrixContract.test_session_ready_matrices_keep_attempt_history_out) ... ok
test_session_ready_rungs_reference_canonical_diagnosis_repair_and_verification (test_high_likelihood_scenario_matrix_contract.HighLikelihoodScenarioMatrixContract.test_session_ready_rungs_reference_canonical_diagnosis_repair_and_verification)
The matrix points at learner-facing records instead of restating them. ... ok
test_each_rejection_names_what_was_found_and_how_often (test_import_sil.CatalogueSurvey.test_each_rejection_names_what_was_found_and_how_often) ... ok
test_it_separates_the_authored_from_the_templated (test_import_sil.CatalogueSurvey.test_it_separates_the_authored_from_the_templated) ... ok
test_the_committed_report_matches_the_summary_it_states (test_import_sil.CatalogueSurvey.test_the_committed_report_matches_the_summary_it_states) ... ok
test_all_twelve_admissible_packets_are_committed (test_import_sil.CommittedCandidatesCarryNoAuthority.test_all_twelve_admissible_packets_are_committed) ... ok
test_each_pins_its_source_and_claims_nothing (test_import_sil.CommittedCandidatesCarryNoAuthority.test_each_pins_its_source_and_claims_nothing) ... ok
test_moving_one_into_a_library_is_refused (test_import_sil.CommittedCandidatesCarryNoAuthority.test_moving_one_into_a_library_is_refused) ... ok
test_no_candidate_sits_in_a_library (test_import_sil.CommittedCandidatesCarryNoAuthority.test_no_candidate_sits_in_a_library) ... ok
test_what_they_carry_is_a_skeleton_and_that_is_recorded (test_import_sil.CommittedCandidatesCarryNoAuthority.test_what_they_carry_is_a_skeleton_and_that_is_recorded) ... ok
test_a_packet_its_peers_duplicate_is_not_admissible (test_import_sil.TheGateGuardsTheImport.test_a_packet_its_peers_duplicate_is_not_admissible) ... ok
test_an_authored_packet_is_admissible (test_import_sil.TheGateGuardsTheImport.test_an_authored_packet_is_admissible) ... ok
test_the_command_refuses_a_rejected_packet_and_exits_non_zero (test_import_sil.TheGateGuardsTheImport.test_the_command_refuses_a_rejected_packet_and_exits_non_zero) ... ok
test_a_reading_the_importer_made_is_declared_as_its_own (test_import_sil.TheImportIsPinnedAndHonest.test_a_reading_the_importer_made_is_declared_as_its_own) ... ok
test_a_ttu_is_held_as_candidate_input_rather_than_promoted (test_import_sil.TheImportIsPinnedAndHonest.test_a_ttu_is_held_as_candidate_input_rather_than_promoted) ... ok
test_every_field_left_empty_is_named_in_the_gap_report (test_import_sil.TheImportIsPinnedAndHonest.test_every_field_left_empty_is_named_in_the_gap_report) ... ok
test_every_imported_record_carries_the_packet_digest_it_came_from (test_import_sil.TheImportIsPinnedAndHonest.test_every_imported_record_carries_the_packet_digest_it_came_from) ... ok
test_intake_agrees_the_import_is_not_admissible (test_import_sil.TheImportIsPinnedAndHonest.test_intake_agrees_the_import_is_not_admissible) ... ok
test_nothing_the_source_lacks_is_invented (test_import_sil.TheImportIsPinnedAndHonest.test_nothing_the_source_lacks_is_invented) ... ok
test_the_gaps_are_the_reason_intake_refuses_it (test_import_sil.TheImportIsPinnedAndHonest.test_the_gaps_are_the_reason_intake_refuses_it) ... ok
test_the_import_is_a_candidate_and_claims_no_authority (test_import_sil.TheImportIsPinnedAndHonest.test_the_import_is_a_candidate_and_claims_no_authority) ... ok
test_cli_writes_true_single_file (test_interactive_page_builder.InteractivePageBuilderTests.test_cli_writes_true_single_file) ... ok
test_existing_explorer_locator_is_explicit_legacy_migration_mode (test_interactive_page_builder.InteractivePageBuilderTests.test_existing_explorer_locator_is_explicit_legacy_migration_mode) ... ok
test_mismatched_blueprint_fails_closed (test_interactive_page_builder.InteractivePageBuilderTests.test_mismatched_blueprint_fails_closed) ... ok
test_offline_directory_has_only_local_runtime_dependencies (test_interactive_page_builder.InteractivePageBuilderTests.test_offline_directory_has_only_local_runtime_dependencies) ... ok
test_offline_shell_instantiates_declared_tablet_controls (test_interactive_page_builder.InteractivePageBuilderTests.test_offline_shell_instantiates_declared_tablet_controls) ... ok
test_package_uses_projection_blueprint_without_subject_switch (test_interactive_page_builder.InteractivePageBuilderTests.test_package_uses_projection_blueprint_without_subject_switch) ... ok
test_public_pages_and_embed_modes_write_real_html_not_contract_only (test_interactive_page_builder.InteractivePageBuilderTests.test_public_pages_and_embed_modes_write_real_html_not_contract_only) ... ok
test_shared_blueprint_identity_accepts_canonical_learner_metadata (test_interactive_page_builder.InteractivePageBuilderTests.test_shared_blueprint_identity_accepts_canonical_learner_metadata) ... ok
test_single_file_contains_no_network_or_external_script_dependency (test_interactive_page_builder.InteractivePageBuilderTests.test_single_file_contains_no_network_or_external_script_dependency) ... ok
test_combined_system_uses_external_ground_force (test_issue124_horse_cart_explorer.HorseCartExplorerContract.test_combined_system_uses_external_ground_force) ... ok
test_explorer_keeps_partner_forces_on_different_bodies (test_issue124_horse_cart_explorer.HorseCartExplorerContract.test_explorer_keeps_partner_forces_on_different_bodies) ... ok
test_horse_cart_transfer_is_interactive (test_issue124_horse_cart_explorer.HorseCartExplorerContract.test_horse_cart_transfer_is_interactive) ... ok
test_reuses_existing_canonical_activity_owner (test_issue124_horse_cart_explorer.HorseCartExplorerContract.test_reuses_existing_canonical_activity_owner) ... ok
test_single_body_equations_preserve_third_law_ownership (test_issue124_horse_cart_explorer.HorseCartExplorerContract.test_single_body_equations_preserve_third_law_ownership) ... ok
test_slice_does_not_expand_to_other_open_backlog (test_issue124_horse_cart_explorer.HorseCartExplorerContract.test_slice_does_not_expand_to_other_open_backlog) ... ok
test_free_fall_keeps_gravity_and_zeroes_support (test_issue125_accelerated_frames_explorer.AcceleratedFrameExplorerContract.test_free_fall_keeps_gravity_and_zeroes_support) ... ok
test_hanging_bob_transfer_is_bounded_and_quantitative (test_issue125_accelerated_frames_explorer.AcceleratedFrameExplorerContract.test_hanging_bob_transfer_is_bounded_and_quantitative) ... ok
test_inertial_and_accelerating_frame_equations_stay_separate (test_issue125_accelerated_frames_explorer.AcceleratedFrameExplorerContract.test_inertial_and_accelerating_frame_equations_stay_separate) ... ok
test_microtopic_and_resource_bind_one_canonical_representation (test_issue125_accelerated_frames_explorer.AcceleratedFrameExplorerContract.test_microtopic_and_resource_bind_one_canonical_representation) ... ok
test_no_circular_motion_scope_leak (test_issue125_accelerated_frames_explorer.AcceleratedFrameExplorerContract.test_no_circular_motion_scope_leak) ... ok
test_pseudo_force_direction_follows_frame_acceleration (test_issue125_accelerated_frames_explorer.AcceleratedFrameExplorerContract.test_pseudo_force_direction_follows_frame_acceleration) ... ok
test_quantitative_relations_are_gate_owned (test_issue125_accelerated_frames_explorer.AcceleratedFrameExplorerContract.test_quantitative_relations_are_gate_owned) ... ok
test_r4_remains_nondefault_explicit_demand_extension (test_issue125_accelerated_frames_explorer.AcceleratedFrameExplorerContract.test_r4_remains_nondefault_explicit_demand_extension) ... ok
test_velocity_and_acceleration_are_independent_controls (test_issue125_accelerated_frames_explorer.AcceleratedFrameExplorerContract.test_velocity_and_acceleration_are_independent_controls) ... ok
test_cut_string_path_is_tangent (test_issue126_circular_dynamics_explorer.CircularDynamicsExplorerContract.test_cut_string_path_is_tangent) ... ok
test_flat_curve_reuses_static_friction_bound (test_issue126_circular_dynamics_explorer.CircularDynamicsExplorerContract.test_flat_curve_reuses_static_friction_bound) ... ok
test_no_extra_centripetal_force_arrow (test_issue126_circular_dynamics_explorer.CircularDynamicsExplorerContract.test_no_extra_centripetal_force_arrow) ... ok
test_quantitative_relations_are_gate_owned (test_issue126_circular_dynamics_explorer.CircularDynamicsExplorerContract.test_quantitative_relations_are_gate_owned) ... ok
test_r5_boundary_is_preserved_and_r6_is_nondefault (test_issue126_circular_dynamics_explorer.CircularDynamicsExplorerContract.test_r5_boundary_is_preserved_and_r6_is_nondefault) ... ok
test_r6_composes_ucm_and_newton_second_law (test_issue126_circular_dynamics_explorer.CircularDynamicsExplorerContract.test_r6_composes_ucm_and_newton_second_law) ... ok
test_radial_tangential_axis_toggle_and_scaling_are_live (test_issue126_circular_dynamics_explorer.CircularDynamicsExplorerContract.test_radial_tangential_axis_toggle_and_scaling_are_live) ... ok
test_rotating_frame_scope_is_not_silently_added (test_issue126_circular_dynamics_explorer.CircularDynamicsExplorerContract.test_rotating_frame_scope_is_not_silently_added) ... ok
test_velocity_reasoning_precedes_force_model (test_issue126_circular_dynamics_explorer.CircularDynamicsExplorerContract.test_velocity_reasoning_precedes_force_model) ... ok
test_vertical_circle_signs_and_boundary_are_explicit (test_issue126_circular_dynamics_explorer.CircularDynamicsExplorerContract.test_vertical_circle_signs_and_boundary_are_explicit) ... ok
test_capability_prerequisite_chain_is_explicit_and_acyclic (test_issue19_mathematics_content.Issue19MathematicsContent.test_capability_prerequisite_chain_is_explicit_and_acyclic) ... ok
test_each_capability_is_taught_by_a_real_matrix_rung (test_issue19_mathematics_content.Issue19MathematicsContent.test_each_capability_is_taught_by_a_real_matrix_rung) ... ok
test_matrix_closes_to_existing_microtopics_and_capabilities (test_issue19_mathematics_content.Issue19MathematicsContent.test_matrix_closes_to_existing_microtopics_and_capabilities) ... ok
test_matrix_contains_no_learner_specific_state (test_issue19_mathematics_content.Issue19MathematicsContent.test_matrix_contains_no_learner_specific_state) ... ok
test_owner_extension_and_authored_provenance_remain_truthful (test_issue19_mathematics_content.Issue19MathematicsContent.test_owner_extension_and_authored_provenance_remain_truthful) ... ok
test_question_ownership_follows_primary_capability (test_issue19_mathematics_content.Issue19MathematicsContent.test_question_ownership_follows_primary_capability) ... ok
test_question_to_rung_trace_requires_no_guessing (test_issue19_mathematics_content.Issue19MathematicsContent.test_question_to_rung_trace_requires_no_guessing) ... ok
test_representative_question_maps_sparsely_and_resolves (test_issue19_mathematics_content.Issue19MathematicsContent.test_representative_question_maps_sparsely_and_resolves) ... ok
test_authored_questions_do_not_manufacture_source_custody (test_issue19_physics_content.Issue19PhysicsFirstSlice.test_authored_questions_do_not_manufacture_source_custody) ... ok
test_capability_prerequisites_resolve_and_are_acyclic (test_issue19_physics_content.Issue19PhysicsFirstSlice.test_capability_prerequisites_resolve_and_are_acyclic) ... ok
test_gate_validators_exist_in_contract_and_implementation (test_issue19_physics_content.Issue19PhysicsFirstSlice.test_gate_validators_exist_in_contract_and_implementation) ... ok
test_matrix_to_microtopic_to_capability_closure (test_issue19_physics_content.Issue19PhysicsFirstSlice.test_matrix_to_microtopic_to_capability_closure) ... ok
test_owner_extensions_do_not_claim_curriculum_authority (test_issue19_physics_content.Issue19PhysicsFirstSlice.test_owner_extensions_do_not_claim_curriculum_authority) ... ok
test_practice_only_donor_anchors_trace_to_existing_rungs (test_issue19_physics_content.Issue19PhysicsFirstSlice.test_practice_only_donor_anchors_trace_to_existing_rungs) ... ok
test_prerequisite_edges_are_explicit_and_minimal (test_issue19_physics_content.Issue19PhysicsFirstSlice.test_prerequisite_edges_are_explicit_and_minimal) ... ok
test_questions_resolve_and_belong_to_bucket_through_primary_capability (test_issue19_physics_content.Issue19PhysicsFirstSlice.test_questions_resolve_and_belong_to_bucket_through_primary_capability) ... ok
test_sparse_secondary_capability_examples_are_preserved (test_issue19_physics_content.Issue19PhysicsFirstSlice.test_sparse_secondary_capability_examples_are_preserved) ... ok
test_teaching_routes_reference_real_microtopics (test_issue19_physics_content.Issue19PhysicsFirstSlice.test_teaching_routes_reference_real_microtopics) ... ok
test_math_r1_consumer_row_does_not_collapse_prerequisites (test_issue212_atlas_index.CurrentPayloadFailureSurfaceTest.test_math_r1_consumer_row_does_not_collapse_prerequisites) ... ok
test_motion_r1_consumer_row_exposes_source_relations (test_issue212_atlas_index.CurrentPayloadFailureSurfaceTest.test_motion_r1_consumer_row_exposes_source_relations) ... ok
test_nlm_r5_consumer_row_does_not_infer_representation (test_issue212_atlas_index.CurrentPayloadFailureSurfaceTest.test_nlm_r5_consumer_row_does_not_infer_representation) ... ok
test_subject_payload_has_versioned_atlas_index (test_issue212_atlas_index.CurrentPayloadFailureSurfaceTest.test_subject_payload_has_versioned_atlas_index) ... ok
test_math_r1_preserves_two_prerequisite_authorities (test_issue212_atlas_index.IndependentSourceOracleTest.test_math_r1_preserves_two_prerequisite_authorities) ... ok
test_motion_r1_positive_chain_is_source_derived (test_issue212_atlas_index.IndependentSourceOracleTest.test_motion_r1_positive_chain_is_source_derived) ... ok
test_nlm_r4_remains_explicit_nondefault (test_issue212_atlas_index.IndependentSourceOracleTest.test_nlm_r4_remains_explicit_nondefault) ... ok
test_nlm_r5_activity_does_not_create_representation_edge (test_issue212_atlas_index.IndependentSourceOracleTest.test_nlm_r5_activity_does_not_create_representation_edge) ... ok
test_absent_microtopic_is_explicitly_unavailable_not_invalid (test_issue212_atlas_index.ResolverAdversarialFalsifierTest.test_absent_microtopic_is_explicitly_unavailable_not_invalid) ... ok
test_broken_activity_teaching_step_ref_is_not_reported_ready (test_issue212_atlas_index.ResolverAdversarialFalsifierTest.test_broken_activity_teaching_step_ref_is_not_reported_ready) ... ok
test_broken_prerequisite_ref_is_invalid_without_collapsing_layers (test_issue212_atlas_index.ResolverAdversarialFalsifierTest.test_broken_prerequisite_ref_is_invalid_without_collapsing_layers) ... ok
test_broken_representation_ref_is_not_reported_ready (test_issue212_atlas_index.ResolverAdversarialFalsifierTest.test_broken_representation_ref_is_not_reported_ready) ... ok
test_duplicate_composite_key_is_explicit_and_never_first_wins (test_issue212_atlas_index.ResolverAdversarialFalsifierTest.test_duplicate_composite_key_is_explicit_and_never_first_wins) ... ok
test_every_source_rung_appears_once_in_authored_order (test_issue212_atlas_index.ResolverAdversarialFalsifierTest.test_every_source_rung_appears_once_in_authored_order) ... ok
test_full_corpus_source_rows_are_preserved_exactly_once (test_issue212_atlas_index.ResolverAdversarialFalsifierTest.test_full_corpus_source_rows_are_preserved_exactly_once) ... ok
test_locator_failure_does_not_invalidate_academic_mapping (test_issue212_atlas_index.ResolverAdversarialFalsifierTest.test_locator_failure_does_not_invalidate_academic_mapping) ... ok
test_math_representation_without_activity_stays_asymmetric (test_issue212_atlas_index.ResolverAdversarialFalsifierTest.test_math_representation_without_activity_stays_asymmetric) ... ok
test_missing_activity_resource_does_not_erase_representation (test_issue212_atlas_index.ResolverAdversarialFalsifierTest.test_missing_activity_resource_does_not_erase_representation) ... ok
test_missing_microtopic_keeps_row_and_marks_invalid (test_issue212_atlas_index.ResolverAdversarialFalsifierTest.test_missing_microtopic_keeps_row_and_marks_invalid) ... ok
test_no_visual_links_are_explicitly_unavailable_without_guessing (test_issue212_atlas_index.ResolverAdversarialFalsifierTest.test_no_visual_links_are_explicitly_unavailable_without_guessing) ... ok
test_nondefault_eligibility_is_preserved (test_issue212_atlas_index.ResolverAdversarialFalsifierTest.test_nondefault_eligibility_is_preserved) ... ok
test_package_ref_without_explicit_release_does_not_become_ready (test_issue212_atlas_index.ResolverAdversarialFalsifierTest.test_package_ref_without_explicit_release_does_not_become_ready) ... ok
test_record_permutation_does_not_change_semantic_output (test_issue212_atlas_index.ResolverAdversarialFalsifierTest.test_record_permutation_does_not_change_semantic_output) ... ok
test_study_core_is_explicit_without_fabricating_representation (test_issue212_atlas_index.ResolverAdversarialFalsifierTest.test_study_core_is_explicit_without_fabricating_representation) ... ok
test_unresolved_capability_keeps_declared_ref_visible (test_issue212_atlas_index.ResolverAdversarialFalsifierTest.test_unresolved_capability_keeps_declared_ref_visible) ... ok
test_drawable_motion_bucket_declares_shared_clock_as_its_primary_figure (test_issue214_motion_portable_source.MotionSharedClockPortableSourceTest.test_drawable_motion_bucket_declares_shared_clock_as_its_primary_figure) ... ok
test_portable_source_declares_one_operation_with_accept_and_reject_cases (test_issue214_motion_portable_source.MotionSharedClockPortableSourceTest.test_portable_source_declares_one_operation_with_accept_and_reject_cases) ... ok
test_portable_source_preserves_canonical_shared_clock_invariant (test_issue214_motion_portable_source.MotionSharedClockPortableSourceTest.test_portable_source_preserves_canonical_shared_clock_invariant) ... ok
test_scene_is_bound_to_canonical_microtopic_and_governed_time_datums (test_issue214_motion_portable_source.MotionSharedClockPortableSourceTest.test_scene_is_bound_to_canonical_microtopic_and_governed_time_datums) ... ok
test_source_is_declarative_and_does_not_embed_page_code (test_issue214_motion_portable_source.MotionSharedClockPortableSourceTest.test_source_is_declarative_and_does_not_embed_page_code) ... ok
test_answer_bearing_labels_are_question_bound_and_protected (test_issue29_lesson_closure.LessonClosure.test_answer_bearing_labels_are_question_bound_and_protected) ... ok
test_authored_visual_review_rejects_foreign_question_and_source_resource (test_issue29_lesson_closure.LessonClosure.test_authored_visual_review_rejects_foreign_question_and_source_resource) ... ok
test_current_conditions_and_visual_precede_the_summary (test_issue29_lesson_closure.LessonClosure.test_current_conditions_and_visual_precede_the_summary) ... ok
test_difficulty_rationale_cannot_disclose_a_solution_before_attempt (test_issue29_lesson_closure.LessonClosure.test_difficulty_rationale_cannot_disclose_a_solution_before_attempt) ... ok
test_optional_probe_accepts_its_exact_authored_worked_anchor (test_issue29_lesson_closure.LessonClosure.test_optional_probe_accepts_its_exact_authored_worked_anchor) ... ok
test_pdf_publication_checks_the_modern_header_link (test_issue29_lesson_closure.LessonClosure.test_pdf_publication_checks_the_modern_header_link) ... ok
test_repair_navigation_does_not_require_a_second_attempt (test_issue29_lesson_closure.LessonClosure.test_repair_navigation_does_not_require_a_second_attempt) ... ok
test_single_file_has_no_external_shell_dependencies (test_issue29_lesson_closure.LessonClosure.test_single_file_has_no_external_shell_dependencies) ... ok
test_standalone_shell_uses_only_selected_existing_role_routes (test_issue29_lesson_closure.LessonClosure.test_standalone_shell_uses_only_selected_existing_role_routes) ... ok
test_worked_explanation_is_visible_but_fresh_exit_answer_is_inert (test_issue29_lesson_closure.LessonClosure.test_worked_explanation_is_visible_but_fresh_exit_answer_is_inert) ... ok
test_exact_source_basis_is_pinned (test_issue302_polynomials_evidence.Issue302PolynomialsEvidenceTests.test_exact_source_basis_is_pinned) ... ok
test_explorer_and_clinic_selections_are_grounded (test_issue302_polynomials_evidence.Issue302PolynomialsEvidenceTests.test_explorer_and_clinic_selections_are_grounded) ... ok
test_hardness_preserves_math_scan_and_length_invariants (test_issue302_polynomials_evidence.Issue302PolynomialsEvidenceTests.test_hardness_preserves_math_scan_and_length_invariants) ... ok
test_html_embeds_the_same_machine_truth (test_issue302_polynomials_evidence.Issue302PolynomialsEvidenceTests.test_html_embeds_the_same_machine_truth) ... ok
test_html_is_touch_readable_and_has_no_external_runtime_dependency (test_issue302_polynomials_evidence.Issue302PolynomialsEvidenceTests.test_html_is_touch_readable_and_has_no_external_runtime_dependency) ... ok
test_prior_art_is_explicitly_non_authoritative (test_issue302_polynomials_evidence.Issue302PolynomialsEvidenceTests.test_prior_art_is_explicitly_non_authoritative) ... ok
test_source_text_is_available_and_ledger_populated (test_issue302_polynomials_evidence.Issue302PolynomialsEvidenceTests.test_source_text_is_available_and_ledger_populated) ... ok
test_cross_topic_falsifiers_report_truth_without_nlm_assumptions (test_learner_metadata.LearnerMetadataAuditTests.test_cross_topic_falsifiers_report_truth_without_nlm_assumptions) ... ok
test_nlm_read_only_audit_has_complete_coverage (test_learner_metadata.LearnerMetadataAuditTests.test_nlm_read_only_audit_has_complete_coverage) ... ok
test_authored_question_cannot_claim_verified_external_provenance (test_learner_metadata.LearnerMetadataProjection.test_authored_question_cannot_claim_verified_external_provenance) ... ok
test_authored_question_requires_explicit_difficulty_and_type (test_learner_metadata.LearnerMetadataProjection.test_authored_question_requires_explicit_difficulty_and_type) ... ok
test_duplicate_concept_owner_fails_closed (test_learner_metadata.LearnerMetadataProjection.test_duplicate_concept_owner_fails_closed) ... ok
test_invalid_authored_question_type_fails_closed (test_learner_metadata.LearnerMetadataProjection.test_invalid_authored_question_type_fails_closed) ... ok
test_known_nlm_concept_owner_resolves_from_primary_capability (test_learner_metadata.LearnerMetadataProjection.test_known_nlm_concept_owner_resolves_from_primary_capability) ... ok
test_question_type_vocabulary_covers_every_current_bank_value (test_learner_metadata.LearnerMetadataProjection.test_question_type_vocabulary_covers_every_current_bank_value) ... ok
test_selected_core2_projects_safe_source_metadata_from_custody (test_learner_metadata.LearnerMetadataProjection.test_selected_core2_projects_safe_source_metadata_from_custody) ... ok
test_unknown_family_fails_closed (test_learner_metadata.LearnerMetadataProjection.test_unknown_family_fails_closed) ... ok
test_all_web_modes_and_observation_follow_template_payloads (test_learner_state.LearnerState.test_all_web_modes_and_observation_follow_template_payloads) ... ERROR
test_no_key_is_one_note_with_verified_answer (test_learner_state.LearnerState.test_no_key_is_one_note_with_verified_answer) ... ERROR
test_r1_r4_r7_r8_raw_html_and_projection (test_learner_state.LearnerState.test_r1_r4_r7_r8_raw_html_and_projection) ... ERROR
test_r2_r3_r4_r5_chromium (test_learner_state.LearnerState.test_r2_r3_r4_r5_chromium) ... ERROR
test_r6_pdf_text (test_learner_state.LearnerState.test_r6_pdf_text) ... ERROR
test_response_derivation (test_learner_state.LearnerState.test_response_derivation) ... ERROR
test_schema_accepts_typed_response_and_source_key (test_learner_state.LearnerState.test_schema_accepts_typed_response_and_source_key) ... ERROR
test_all_portal_practice_links_resolve_deterministically (test_learner_ui_and_search.TestLearnerUiAndSearch.test_all_portal_practice_links_resolve_deterministically)
Every practice link generated across topic workspaces must resolve via keyword-synonyms. ... ok
test_home_page_contains_all_subjects_and_no_owner_surfaces (test_learner_ui_and_search.TestLearnerUiAndSearch.test_home_page_contains_all_subjects_and_no_owner_surfaces) ... ok
test_learner_search_excludes_owner_and_lab (test_learner_ui_and_search.TestLearnerUiAndSearch.test_learner_search_excludes_owner_and_lab) ... ok
test_math_hub_has_polynomials_and_coordinate_geometry (test_learner_ui_and_search.TestLearnerUiAndSearch.test_math_hub_has_polynomials_and_coordinate_geometry) ... ok
test_physics_hub_has_thrust_pressure_topic_workspace (test_learner_ui_and_search.TestLearnerUiAndSearch.test_physics_hub_has_thrust_pressure_topic_workspace) ... ok
test_search_type_breakdown_covers_all_dimensions (test_learner_ui_and_search.TestLearnerUiAndSearch.test_search_type_breakdown_covers_all_dimensions) ... ok
test_synonym_thesaurus_expands_queries_in_search_index (test_learner_ui_and_search.TestLearnerUiAndSearch.test_synonym_thesaurus_expands_queries_in_search_index)
Global Search Index must discover entities via scientific aliases and acronyms. ... ok
test_synthetic_fourth_subject_discovered_without_hardcoding (test_learner_ui_and_search.TestLearnerUiAndSearch.test_synthetic_fourth_subject_discovered_without_hardcoding) ... ok
test_topic_workspace_concept_centred_and_anti_cheating (test_learner_ui_and_search.TestLearnerUiAndSearch.test_topic_workspace_concept_centred_and_anti_cheating) ... ok
test_topics_only_appear_when_learn_exists (test_learner_ui_and_search.TestLearnerUiAndSearch.test_topics_only_appear_when_learn_exists) ... ok
test_checkpoint_can_exist_without_visual_and_visual_without_checkpoint (test_learning_router.LearningRouterTest.test_checkpoint_can_exist_without_visual_and_visual_without_checkpoint) ... ok
test_effective_state_exposes_chosen_observation_error_stage (test_learning_router.LearningRouterTest.test_effective_state_exposes_chosen_observation_error_stage) ... ok
test_effective_state_marks_only_explicit_no_help_direct_attempt_independent (test_learning_router.LearningRouterTest.test_effective_state_marks_only_explicit_no_help_direct_attempt_independent) ... ok
test_frozen_evidence_to_posture_truth_table (test_learning_router.LearningRouterTest.test_frozen_evidence_to_posture_truth_table) ... ok
test_hinted_demonstration_cannot_become_ready (test_learning_router.LearningRouterTest.test_hinted_demonstration_cannot_become_ready) ... ok
test_missing_or_ambiguous_family_support_fails_closed (test_learning_router.LearningRouterTest.test_missing_or_ambiguous_family_support_fails_closed) ... ok
test_nlm_family_support_ladder_is_the_availability_authority (test_learning_router.LearningRouterTest.test_nlm_family_support_ladder_is_the_availability_authority) ... ok
test_nlm_friction_visual_and_exercise_routing_is_canonical (test_learning_router.LearningRouterTest.test_nlm_friction_visual_and_exercise_routing_is_canonical) ... ok
test_nlm_r3_body_ownership_witness (test_learning_router.LearningRouterTest.test_nlm_r3_body_ownership_witness) ... ok
test_nlm_r8_quantitative_friction_witness (test_learning_router.LearningRouterTest.test_nlm_r8_quantitative_friction_witness) ... ok
test_one_ready_result_or_cross_family_results_do_not_unlock_transfer (test_learning_router.LearningRouterTest.test_one_ready_result_or_cross_family_results_do_not_unlock_transfer) ... ok
test_presentation_keeps_visual_checkpoint_and_injections_independent (test_learning_router.LearningRouterTest.test_presentation_keeps_visual_checkpoint_and_injections_independent) ... ok
test_profile_snapshot_demonstration_cannot_become_ready (test_learning_router.LearningRouterTest.test_profile_snapshot_demonstration_cannot_become_ready) ... ok
test_routing_does_not_consume_question_hints (test_learning_router.LearningRouterTest.test_routing_does_not_consume_question_hints) ... ok
test_scene_selection_uses_only_canonical_scene_ids_and_never_geometry (test_learning_router.LearningRouterTest.test_scene_selection_uses_only_canonical_scene_ids_and_never_geometry) ... ok
test_transfer_requires_stable_same_family_independent_evidence_and_matching_demand (test_learning_router.LearningRouterTest.test_transfer_requires_stable_same_family_independent_evidence_and_matching_demand) ... ok
test_unattributed_missing_remains_conservative_rebuild (test_learning_router.LearningRouterTest.test_unattributed_missing_remains_conservative_rebuild) ... ok
test_worksheet_route_receives_session_only_router_annotations (test_learning_router.LearningRouterTest.test_worksheet_route_receives_session_only_router_annotations) ... ok
test_a_microtopic_with_no_elicitation_falls_back_and_says_so (test_library.BMustDemandWorkADoesNot.test_a_microtopic_with_no_elicitation_falls_back_and_says_so) ... ok
test_a_prompt_that_already_contains_its_own_answer_is_refused (test_library.BMustDemandWorkADoesNot.test_a_prompt_that_already_contains_its_own_answer_is_refused) ... ok
test_a_reveal_naming_no_prompt_is_refused (test_library.BMustDemandWorkADoesNot.test_a_reveal_naming_no_prompt_is_refused) ... ok
test_a_reveal_placed_before_its_prompt_is_refused (test_library.BMustDemandWorkADoesNot.test_a_reveal_placed_before_its_prompt_is_refused) ... ok
test_a_route_of_statements_cannot_pass_as_a_route_of_asks (test_library.BMustDemandWorkADoesNot.test_a_route_of_statements_cannot_pass_as_a_route_of_asks) ... ok
test_core1a_is_untouched_by_the_elicited_product (test_library.BMustDemandWorkADoesNot.test_core1a_is_untouched_by_the_elicited_product) ... ok
test_core1b_as_it_now_compiles_is_differentiated (test_library.BMustDemandWorkADoesNot.test_core1b_as_it_now_compiles_is_differentiated) ... ok
test_dropping_a_concept_from_b_is_refused (test_library.BMustDemandWorkADoesNot.test_dropping_a_concept_from_b_is_refused) ... ok
test_every_microtopic_asks_before_it_reveals (test_library.BMustDemandWorkADoesNot.test_every_microtopic_asks_before_it_reveals) ... ok
test_repetition_between_a_and_b_is_not_itself_a_finding (test_library.BMustDemandWorkADoesNot.test_repetition_between_a_and_b_is_not_itself_a_finding) ... ok
test_the_shape_core1b_used_to_have_is_refused (test_library.BMustDemandWorkADoesNot.test_the_shape_core1b_used_to_have_is_refused) ... ok
test_a_product_the_library_cannot_support_is_reported_not_padded (test_library.Compilation.test_a_product_the_library_cannot_support_is_reported_not_padded) ... ok
test_a_question_binding_an_unknown_datum_is_rejected (test_library.Compilation.test_a_question_binding_an_unknown_datum_is_rejected) ... ok
test_authored_practice_cannot_become_core2_source_custody (test_library.Compilation.test_authored_practice_cannot_become_core2_source_custody) ... ok
test_compiles_inputs_that_actually_publish (test_library.Compilation.test_compiles_inputs_that_actually_publish) ... ERROR
test_core1_maps_the_bucket_from_records_that_already_hold_it (test_library.Compilation.test_core1_maps_the_bucket_from_records_that_already_hold_it) ... ok
test_no_figure_authoring_remains_for_this_subject (test_library.Compilation.test_no_figure_authoring_remains_for_this_subject) ... ok
test_remaining_authoring_is_declared_rather_than_invented (test_library.Compilation.test_remaining_authoring_is_declared_rather_than_invented) ... ok
test_renderability_is_not_progression_readiness (test_library.Compilation.test_renderability_is_not_progression_readiness) ... ok
test_reviewed_source_question_with_resolved_custody_can_compile_as_core2 (test_library.Compilation.test_reviewed_source_question_with_resolved_custody_can_compile_as_core2) ... ok
test_teaching_text_comes_from_the_library_not_from_a_template (test_library.Compilation.test_teaching_text_comes_from_the_library_not_from_a_template) ... ok
test_a_colon_lead_in_keeps_its_capital_on_the_same_line (test_library.ComposedProseReadsAsProse.test_a_colon_lead_in_keeps_its_capital_on_the_same_line) ... ok
test_a_fragment_stays_inside_its_lead_in (test_library.ComposedProseReadsAsProse.test_a_fragment_stays_inside_its_lead_in) ... ok
test_a_sentence_takes_its_own_line_and_keeps_its_capital (test_library.ComposedProseReadsAsProse.test_a_sentence_takes_its_own_line_and_keeps_its_capital) ... ok
test_no_composed_line_embeds_a_sentence_mid_sentence (test_library.ComposedProseReadsAsProse.test_no_composed_line_embeds_a_sentence_mid_sentence) ... ok
test_the_wrong_idea_and_its_repair_are_separate_and_both_labelled (test_library.ComposedProseReadsAsProse.test_the_wrong_idea_and_its_repair_are_separate_and_both_labelled) ... ok
test_a_bridge_naming_both_correctly_passes (test_library.DepictionIsBackedByTheContract.test_a_bridge_naming_both_correctly_passes) ... ok
test_a_bridge_to_a_part_that_is_not_drawn_is_refused (test_library.DepictionIsBackedByTheContract.test_a_bridge_to_a_part_that_is_not_drawn_is_refused) ... ok
test_a_bridge_to_a_symbol_the_mathematics_does_not_use_is_refused (test_library.DepictionIsBackedByTheContract.test_a_bridge_to_a_symbol_the_mathematics_does_not_use_is_refused) ... ok
test_a_bucket_is_not_asked_to_name_a_figure_its_neighbour_holds (test_library.DepictionIsBackedByTheContract.test_a_bucket_is_not_asked_to_name_a_figure_its_neighbour_holds) ... ok
test_a_bucket_that_names_none_is_a_finding_not_a_silent_omission (test_library.DepictionIsBackedByTheContract.test_a_bucket_that_names_none_is_a_finding_not_a_silent_omission) ... ok
test_a_bucket_with_nothing_drawable_is_not_asked_to_name_one (test_library.DepictionIsBackedByTheContract.test_a_bucket_with_nothing_drawable_is_not_asked_to_name_one) ... ok
test_a_drawn_figure_for_an_unbuilt_kind_is_refused (test_library.DepictionIsBackedByTheContract.test_a_drawn_figure_for_an_unbuilt_kind_is_refused) ... ok
test_a_figure_bound_to_mathematics_with_no_bridge_at_all_is_refused (test_library.DepictionIsBackedByTheContract.test_a_figure_bound_to_mathematics_with_no_bridge_at_all_is_refused) ... ok
test_a_figure_bound_to_no_relation_is_not_asked_for_a_bridge (test_library.DepictionIsBackedByTheContract.test_a_figure_bound_to_no_relation_is_not_asked_for_a_bridge) ... ok
test_a_kind_the_contract_does_not_declare_is_refused (test_library.DepictionIsBackedByTheContract.test_a_kind_the_contract_does_not_declare_is_refused) ... ok
test_a_kind_with_a_drawn_scene_is_not_counted_as_waiting (test_library.DepictionIsBackedByTheContract.test_a_kind_with_a_drawn_scene_is_not_counted_as_waiting) ... ok
test_every_bucket_with_a_drawable_figure_names_the_one_that_orients_it (test_library.DepictionIsBackedByTheContract.test_every_bucket_with_a_drawable_figure_names_the_one_that_orients_it) ... ok
test_every_committed_bridge_names_a_drawn_part_and_a_used_symbol (test_library.DepictionIsBackedByTheContract.test_every_committed_bridge_names_a_drawn_part_and_a_used_symbol) ... 
  test_every_committed_bridge_names_a_drawn_part_and_a_used_symbol (test_library.DepictionIsBackedByTheContract.test_every_committed_bridge_names_a_drawn_part_and_a_used_symbol) (figure='REP-MAT-LEQ-01-SIDE-BY-SIDE-TABLE', symbol='L(s)') ... FAIL
  test_every_committed_bridge_names_a_drawn_part_and_a_used_symbol (test_library.DepictionIsBackedByTheContract.test_every_committed_bridge_names_a_drawn_part_and_a_used_symbol) (figure='REP-MAT-LEQ-01-SIDE-BY-SIDE-TABLE', symbol='R(s)') ... FAIL
  test_every_committed_bridge_names_a_drawn_part_and_a_used_symbol (test_library.DepictionIsBackedByTheContract.test_every_committed_bridge_names_a_drawn_part_and_a_used_symbol) (figure='REP-MAT-LEQ-02-BALANCE', symbol='L') ... FAIL
  test_every_committed_bridge_names_a_drawn_part_and_a_used_symbol (test_library.DepictionIsBackedByTheContract.test_every_committed_bridge_names_a_drawn_part_and_a_used_symbol) (figure='REP-MAT-LEQ-02-BALANCE', symbol='L − c = R − c') ... FAIL
  test_every_committed_bridge_names_a_drawn_part_and_a_used_symbol (test_library.DepictionIsBackedByTheContract.test_every_committed_bridge_names_a_drawn_part_and_a_used_symbol) (figure='REP-MAT-LEQ-02-BALANCE', symbol='x = s') ... FAIL
  test_every_committed_bridge_names_a_drawn_part_and_a_used_symbol (test_library.DepictionIsBackedByTheContract.test_every_committed_bridge_names_a_drawn_part_and_a_used_symbol) (figure='REP-MAT-LEQ-03-BRACKET-AREA-MODEL', symbol='−2') ... FAIL
  test_every_committed_bridge_names_a_drawn_part_and_a_used_symbol (test_library.DepictionIsBackedByTheContract.test_every_committed_bridge_names_a_drawn_part_and_a_used_symbol) (figure='REP-MAT-LEQ-03-BRACKET-AREA-MODEL', symbol='(−2)(2x), (−2)(−7)') ... FAIL
  test_every_committed_bridge_names_a_drawn_part_and_a_used_symbol (test_library.DepictionIsBackedByTheContract.test_every_committed_bridge_names_a_drawn_part_and_a_used_symbol) (figure='REP-MAT-LEQ-03-BRACKET-AREA-MODEL', symbol='−4x + 14') ... FAIL
  test_every_committed_bridge_names_a_drawn_part_and_a_used_symbol (test_library.DepictionIsBackedByTheContract.test_every_committed_bridge_names_a_drawn_part_and_a_used_symbol) (figure='REP-MAT-LEQ-04-SOLUTION-LINE', symbol='ax + by + c = 0') ... FAIL
  test_every_committed_bridge_names_a_drawn_part_and_a_used_symbol (test_library.DepictionIsBackedByTheContract.test_every_committed_bridge_names_a_drawn_part_and_a_used_symbol) (figure='REP-MAT-LEQ-04-SOLUTION-LINE', symbol='(x, 0), (0, y)') ... FAIL
test_every_committed_representation_is_backed (test_library.DepictionIsBackedByTheContract.test_every_committed_representation_is_backed) ... 
  test_every_committed_representation_is_backed (test_library.DepictionIsBackedByTheContract.test_every_committed_representation_is_backed) (subject='Mathematics') ... FAIL
test_naming_a_figure_that_cannot_be_drawn_is_refused (test_library.DepictionIsBackedByTheContract.test_naming_a_figure_that_cannot_be_drawn_is_refused) ... ok
test_naming_an_unbuilt_kind_without_drawing_one_is_honest (test_library.DepictionIsBackedByTheContract.test_naming_an_unbuilt_kind_without_drawing_one_is_honest) ... ok
test_the_report_ranks_by_what_is_waiting_not_by_name (test_library.DepictionIsBackedByTheContract.test_the_report_ranks_by_what_is_waiting_not_by_name) ... ok
test_unbuilt_kind_backlog_is_reported_without_claiming_a_renderer (test_library.DepictionIsBackedByTheContract.test_unbuilt_kind_backlog_is_reported_without_claiming_a_renderer)
Canonical visual truth may legitimately arrive before its static renderer. ... ok
test_a_difference_claim_restating_the_teaching_path_is_refused (test_library.ElicitationClaimsAreChecked.test_a_difference_claim_restating_the_teaching_path_is_refused) ... ok
test_a_genuine_difference_claim_is_admitted (test_library.ElicitationClaimsAreChecked.test_a_genuine_difference_claim_is_admitted) ... FAIL
test_an_ask_arriving_at_a_step_that_does_not_exist_is_refused (test_library.ElicitationClaimsAreChecked.test_an_ask_arriving_at_a_step_that_does_not_exist_is_refused) ... ok
test_an_exit_task_with_no_oracle_declared_is_refused (test_library.ExitAnswersHaveCustody.test_an_exit_task_with_no_oracle_declared_is_refused) ... ok
test_binding_an_oracle_to_a_datum_that_does_not_exist_is_refused (test_library.ExitAnswersHaveCustody.test_binding_an_oracle_to_a_datum_that_does_not_exist_is_refused) ... ok
test_every_committed_exit_task_declares_its_custody (test_library.ExitAnswersHaveCustody.test_every_committed_exit_task_declares_its_custody) ... ok
test_holding_against_an_issue_the_package_never_declares_is_refused (test_library.ExitAnswersHaveCustody.test_holding_against_an_issue_the_package_never_declares_is_refused) ... ok
test_the_verified_exit_answers_recompute_to_what_they_claim (test_library.ExitAnswersHaveCustody.test_the_verified_exit_answers_recompute_to_what_they_claim) ... ok
test_a_declared_closure_with_nothing_behind_it_is_refused (test_library.FieldsAddedMustCarryWhatTheyPromise.test_a_declared_closure_with_nothing_behind_it_is_refused) ... ok
test_a_difficult_move_index_outside_the_breakdown_is_refused (test_library.FieldsAddedMustCarryWhatTheyPromise.test_a_difficult_move_index_outside_the_breakdown_is_refused) ... ok
test_a_hint_revealing_the_answer_before_the_last_rung_is_refused (test_library.FieldsAddedMustCarryWhatTheyPromise.test_a_hint_revealing_the_answer_before_the_last_rung_is_refused) ... ok
test_a_repair_route_pointing_at_a_real_teaching_step_is_allowed (test_library.FieldsAddedMustCarryWhatTheyPromise.test_a_repair_route_pointing_at_a_real_teaching_step_is_allowed) ... FAIL
test_a_repair_route_pointing_nowhere_is_refused (test_library.FieldsAddedMustCarryWhatTheyPromise.test_a_repair_route_pointing_nowhere_is_refused) ... ok
test_a_rubric_with_no_rejected_example_is_refused (test_library.FieldsAddedMustCarryWhatTheyPromise.test_a_rubric_with_no_rejected_example_is_refused) ... ok
test_a_transfer_claim_naming_an_undeclared_lineage_is_refused (test_library.FieldsAddedMustCarryWhatTheyPromise.test_a_transfer_claim_naming_an_undeclared_lineage_is_refused) ... ok
test_an_index_inside_the_breakdown_is_allowed (test_library.FieldsAddedMustCarryWhatTheyPromise.test_an_index_inside_the_breakdown_is_allowed) ... FAIL
test_the_committed_packages_still_admit_with_none_of_the_new_fields_set (test_library.FieldsAddedMustCarryWhatTheyPromise.test_the_committed_packages_still_admit_with_none_of_the_new_fields_set) ... 
  test_the_committed_packages_still_admit_with_none_of_the_new_fields_set (test_library.FieldsAddedMustCarryWhatTheyPromise.test_the_committed_packages_still_admit_with_none_of_the_new_fields_set) (package='linear-equations.v1.json') ... FAIL
test_the_same_hint_in_the_last_position_is_allowed (test_library.FieldsAddedMustCarryWhatTheyPromise.test_the_same_hint_in_the_last_position_is_allowed) ... FAIL
test_a_figure_follows_the_microtopic_it_is_bound_to (test_library.FiguresSitWithWhatTheyExplain.test_a_figure_follows_the_microtopic_it_is_bound_to) ... ok
test_a_figure_for_another_buckets_microtopic_is_not_reassigned_here (test_library.FiguresSitWithWhatTheyExplain.test_a_figure_for_another_buckets_microtopic_is_not_reassigned_here)
Found by the A/B check two products downstream, not by reading this code. ... ok
test_a_figure_whose_core_is_not_taught_still_reaches_the_practice_slot (test_library.FiguresSitWithWhatTheyExplain.test_a_figure_whose_core_is_not_taught_still_reaches_the_practice_slot) ... ok
test_every_figure_sits_next_to_a_block_sharing_its_obligation (test_library.FiguresSitWithWhatTheyExplain.test_every_figure_sits_next_to_a_block_sharing_its_obligation) ... ok
test_a_copy_that_rewrites_the_gate_expression_is_caught (test_library.GateAuthorityOverSubjectTruth.test_a_copy_that_rewrites_the_gate_expression_is_caught) ... ok
test_a_gate_reference_is_not_treated_as_a_dangling_library_reference (test_library.GateAuthorityOverSubjectTruth.test_a_gate_reference_is_not_treated_as_a_dangling_library_reference) ... ok
test_a_null_binding_is_caught_for_a_gated_subject_and_allowed_where_the_subject_has_no_gates (test_library.GateAuthorityOverSubjectTruth.test_a_null_binding_is_caught_for_a_gated_subject_and_allowed_where_the_subject_has_no_gates) ... ok
test_a_relation_stating_subject_truth_with_no_gate_is_caught (test_library.GateAuthorityOverSubjectTruth.test_a_relation_stating_subject_truth_with_no_gate_is_caught) ... ok
test_binding_to_a_gate_relation_that_does_not_exist_is_caught (test_library.GateAuthorityOverSubjectTruth.test_binding_to_a_gate_relation_that_does_not_exist_is_caught) ... ok
test_dropping_a_validity_condition_the_gate_requires_is_caught (test_library.GateAuthorityOverSubjectTruth.test_dropping_a_validity_condition_the_gate_requires_is_caught) ... ok
test_every_committed_package_agrees_with_the_gates (test_library.GateAuthorityOverSubjectTruth.test_every_committed_package_agrees_with_the_gates) ... 
  test_every_committed_package_agrees_with_the_gates (test_library.GateAuthorityOverSubjectTruth.test_every_committed_package_agrees_with_the_gates) (subject='Physics') ... FAIL
test_narrowing_further_than_the_gate_is_allowed (test_library.GateAuthorityOverSubjectTruth.test_narrowing_further_than_the_gate_is_allowed) ... ok
test_redeclaring_a_gate_expression_without_binding_is_caught (test_library.GateAuthorityOverSubjectTruth.test_redeclaring_a_gate_expression_without_binding_is_caught) ... ok
test_the_package_schema_lets_a_relation_say_no_gate_backs_it (test_library.GateAuthorityOverSubjectTruth.test_the_package_schema_lets_a_relation_say_no_gate_backs_it) ... ok
test_a_microtopic_with_no_plausible_wrong_path_is_refused (test_library.Intake.test_a_microtopic_with_no_plausible_wrong_path_is_refused) ... ok
test_a_microtopic_without_a_closing_exit_answer_is_refused (test_library.Intake.test_a_microtopic_without_a_closing_exit_answer_is_refused) ... ok
test_a_teaching_step_that_asserts_without_justifying_is_refused (test_library.Intake.test_a_teaching_step_that_asserts_without_justifying_is_refused) ... ok
test_both_shipped_packages_are_admitted (test_library.Intake.test_both_shipped_packages_are_admitted) ... ok
test_a_planted_collision_is_refused (test_library.NestedIdsAreAddressableAndUnambiguous.test_a_planted_collision_is_refused) ... FAIL
test_a_reference_to_a_teaching_step_resolves (test_library.NestedIdsAreAddressableAndUnambiguous.test_a_reference_to_a_teaching_step_resolves) ... ok
test_a_reference_to_nothing_still_does_not_resolve (test_library.NestedIdsAreAddressableAndUnambiguous.test_a_reference_to_nothing_still_does_not_resolve) ... ok
test_a_step_is_not_indexed_as_a_record (test_library.NestedIdsAreAddressableAndUnambiguous.test_a_step_is_not_indexed_as_a_record) ... ok
test_renaming_a_referenced_step_is_caught_as_an_unresolved_reference (test_library.NestedIdsAreAddressableAndUnambiguous.test_renaming_a_referenced_step_is_caught_as_an_unresolved_reference) ... ok
test_the_committed_library_has_no_ambiguous_id (test_library.NestedIdsAreAddressableAndUnambiguous.test_the_committed_library_has_no_ambiguous_id) ... ok
test_a_curated_record_resting_on_a_candidate_dependency_is_caught (test_library.Promotion.test_a_curated_record_resting_on_a_candidate_dependency_is_caught) ... ok
test_demotion_needs_no_evidence (test_library.Promotion.test_demotion_needs_no_evidence) ... ok
test_direct_stage_skip_is_also_disabled_by_the_same_authority_boundary (test_library.Promotion.test_direct_stage_skip_is_also_disabled_by_the_same_authority_boundary) ... ok
test_direct_upward_promotion_is_disabled (test_library.Promotion.test_direct_upward_promotion_is_disabled) ... ok
test_shipped_library_is_monotone (test_library.Promotion.test_shipped_library_is_monotone) ... ok
test_a_profile_no_longer_shares_the_word_purpose (test_library.PurposeIsOneVocabularyAndItBranches.test_a_profile_no_longer_shares_the_word_purpose) ... ok
test_a_routing_purpose_gives_a_different_reason_entirely (test_library.PurposeIsOneVocabularyAndItBranches.test_a_routing_purpose_gives_a_different_reason_entirely) ... ok
test_an_undeclared_purpose_is_refused (test_library.PurposeIsOneVocabularyAndItBranches.test_an_undeclared_purpose_is_refused) ... ok
test_every_declared_purpose_says_what_it_controls (test_library.PurposeIsOneVocabularyAndItBranches.test_every_declared_purpose_says_what_it_controls) ... ok
test_starter_withholds_transfer_and_says_which_purpose_did_it (test_library.PurposeIsOneVocabularyAndItBranches.test_starter_withholds_transfer_and_says_which_purpose_did_it) ... ok
test_the_engine_reads_the_vocabulary_rather_than_a_copy (test_library.PurposeIsOneVocabularyAndItBranches.test_the_engine_reads_the_vocabulary_rather_than_a_copy) ... ok
test_a_bucket_slice_pulls_in_its_cross_package_prerequisites (test_library.Resolution.test_a_bucket_slice_pulls_in_its_cross_package_prerequisites) ... ok
test_a_dangling_reference_is_reported (test_library.Resolution.test_a_dangling_reference_is_reported) ... ok
test_a_prerequisite_cycle_is_rejected (test_library.Resolution.test_a_prerequisite_cycle_is_rejected) ... ok
test_duplicate_identity_across_packages_is_rejected (test_library.Resolution.test_duplicate_identity_across_packages_is_rejected) ... ok
test_library_validates (test_library.Resolution.test_library_validates) ... ok
test_a_declaration_producing_a_convention_is_not_a_transform (test_library.StepsMustDemonstrate.test_a_declaration_producing_a_convention_is_not_a_transform) ... ok
test_a_rung_that_binds_no_relation_is_not_asked_for_arithmetic (test_library.StepsMustDemonstrate.test_a_rung_that_binds_no_relation_is_not_asked_for_arithmetic) ... ok
test_a_transform_demonstrated_in_words_and_numerals_passes (test_library.StepsMustDemonstrate.test_a_transform_demonstrated_in_words_and_numerals_passes) ... ok
test_a_transform_that_describes_its_outcome_is_caught (test_library.StepsMustDemonstrate.test_a_transform_that_describes_its_outcome_is_caught) ... ok
test_a_transform_that_shows_the_changed_state_passes (test_library.StepsMustDemonstrate.test_a_transform_that_shows_the_changed_state_passes) ... ok
test_every_committed_step_declares_a_role (test_library.StepsMustDemonstrate.test_every_committed_step_declares_a_role) ... ok
test_the_committed_packages_have_no_named_only_transforms (test_library.StepsMustDemonstrate.test_the_committed_packages_have_no_named_only_transforms) ... ok
test_a_package_carrying_a_planted_duplicate_is_refused_by_intake (test_library.SubstanceGate.test_a_package_carrying_a_planted_duplicate_is_refused_by_intake) ... ok
test_a_phrase_that_only_names_its_own_type_is_caught (test_library.SubstanceGate.test_a_phrase_that_only_names_its_own_type_is_caught) ... ok
test_a_template_with_the_title_substituted_in_is_caught (test_library.SubstanceGate.test_a_template_with_the_title_substituted_in_is_caught) ... ok
test_every_site_is_reported_not_only_the_first (test_library.SubstanceGate.test_every_site_is_reported_not_only_the_first) ... ok
test_the_committed_libraries_are_clean (test_library.SubstanceGate.test_the_committed_libraries_are_clean) ... ok
test_the_same_sentence_on_two_records_is_caught (test_library.SubstanceGate.test_the_same_sentence_on_two_records_is_caught) ... ok
test_a_microtopic_may_restate_a_step_of_the_relation_it_teaches (test_library.SubstanceGateRestraint.test_a_microtopic_may_restate_a_step_of_the_relation_it_teaches) ... ok
test_classification_labels_may_repeat (test_library.SubstanceGateRestraint.test_classification_labels_may_repeat) ... ok
test_machine_audit_receipts_are_not_treated_as_authored_teaching_prose (test_library.SubstanceGateRestraint.test_machine_audit_receipts_are_not_treated_as_authored_teaching_prose) ... ok
test_shared_validity_conditions_may_repeat (test_library.SubstanceGateRestraint.test_shared_validity_conditions_may_repeat) ... ok
test_all_chapters_cover_in_scope_page_ranges (test_m2_all_chapters_evidence.M2AllChaptersEvidenceTests.test_all_chapters_cover_in_scope_page_ranges) ... ok
test_all_chapters_have_concept_explorers_admitted (test_m2_all_chapters_evidence.M2AllChaptersEvidenceTests.test_all_chapters_have_concept_explorers_admitted) ... ok
test_all_chapters_have_populated_verified_ledgers (test_m2_all_chapters_evidence.M2AllChaptersEvidenceTests.test_all_chapters_have_populated_verified_ledgers) ... ok
test_all_chapters_have_ranked_question_clinics (test_m2_all_chapters_evidence.M2AllChaptersEvidenceTests.test_all_chapters_have_ranked_question_clinics) ... ok
test_all_chapters_pin_exact_m2_source (test_m2_all_chapters_evidence.M2AllChaptersEvidenceTests.test_all_chapters_pin_exact_m2_source) ... ok
test_html_projections_exist_and_touch_compliant (test_m2_all_chapters_evidence.M2AllChaptersEvidenceTests.test_html_projections_exist_and_touch_compliant) ... ok
test_bank_sizes_and_live_corpus_labels_are_honest (test_master_suites_gcdr_audit.MasterSuiteAuditTest.test_bank_sizes_and_live_corpus_labels_are_honest) ... ok
test_collected_helper_registry_covers_question_helpers (test_master_suites_gcdr_audit.MasterSuiteAuditTest.test_collected_helper_registry_covers_question_helpers) ... ok
test_every_diagnostic_has_audited_helper_and_fidelity_fields (test_master_suites_gcdr_audit.MasterSuiteAuditTest.test_every_diagnostic_has_audited_helper_and_fidelity_fields) ... ok
test_fidelity_loader_is_fail_closed (test_master_suites_gcdr_audit.MasterSuiteAuditTest.test_fidelity_loader_is_fail_closed) ... ok
test_motion_answers_recompute (test_master_suites_gcdr_audit.MasterSuiteAuditTest.test_motion_answers_recompute) ... ok
test_no_known_placeholder_reasoning_regressions (test_master_suites_gcdr_audit.MasterSuiteAuditTest.test_no_known_placeholder_reasoning_regressions) ... ok
test_non_unavailable_targets_exist (test_master_suites_gcdr_audit.MasterSuiteAuditTest.test_non_unavailable_targets_exist) ... ok
test_repaired_simulator_math_signatures_are_present (test_master_suites_gcdr_audit.MasterSuiteAuditTest.test_repaired_simulator_math_signatures_are_present) ... ok
test_vector_answers_recompute (test_master_suites_gcdr_audit.MasterSuiteAuditTest.test_vector_answers_recompute) ... ok
test_vector_representation_invariants (test_master_suites_gcdr_audit.MasterSuiteAuditTest.test_vector_representation_invariants) ... ok
test_the_basis_digest_covers_the_inputs_and_not_the_renderer (test_mathematics.EndToEnd.test_the_basis_digest_covers_the_inputs_and_not_the_renderer) ... ERROR
test_the_bucket_publishes_and_its_exact_answer_is_verified (test_mathematics.EndToEnd.test_the_bucket_publishes_and_its_exact_answer_is_verified) ... ERROR
test_the_decimal_a_tolerance_would_accept_is_rejected (test_mathematics.EndToEnd.test_the_decimal_a_tolerance_would_accept_is_rejected) ... FAIL
test_the_engine_refuses_this_subject_kit_on_another_subjects_plan (test_mathematics.EndToEnd.test_the_engine_refuses_this_subject_kit_on_another_subjects_plan) ... ok
test_a_float_input_is_refused_because_it_is_already_inexact (test_mathematics.ExactArithmetic.test_a_float_input_is_refused_because_it_is_already_inexact) ... ok
test_a_non_terminating_solution_comes_back_as_a_ratio_not_a_decimal (test_mathematics.ExactArithmetic.test_a_non_terminating_solution_comes_back_as_a_ratio_not_a_decimal) ... ok
test_a_terminating_solution_comes_back_as_an_integer (test_mathematics.ExactArithmetic.test_a_terminating_solution_comes_back_as_an_integer) ... ok
test_a_zero_coefficient_is_refused_rather_than_divided_by (test_mathematics.ExactArithmetic.test_a_zero_coefficient_is_refused_rather_than_divided_by) ... ok
test_an_undeclared_domain_is_refused_rather_than_assumed (test_mathematics.ExactArithmetic.test_an_undeclared_domain_is_refused_rather_than_assumed) ... ok
test_a_decimal_written_as_a_string_is_refused (test_mathematics.ExactSourceAtoms.test_a_decimal_written_as_a_string_is_refused) ... ok
test_a_float_atom_still_reads_as_a_float (test_mathematics.ExactSourceAtoms.test_a_float_atom_still_reads_as_a_float) ... ok
test_an_exact_rational_atom_is_read_as_a_fraction (test_mathematics.ExactSourceAtoms.test_an_exact_rational_atom_is_read_as_a_fraction) ... ok
test_a_representation_with_no_instance_reports_authoring_still_outstanding (test_mathematics.LibraryHeldFigures.test_a_representation_with_no_instance_reports_authoring_still_outstanding) ... ok
test_an_instance_binding_a_datum_this_bucket_does_not_carry_fails_closed (test_mathematics.LibraryHeldFigures.test_an_instance_binding_a_datum_this_bucket_does_not_carry_fails_closed) ... ok
test_instances_compile_into_figure_blocks_bound_to_their_microtopic (test_mathematics.LibraryHeldFigures.test_instances_compile_into_figure_blocks_bound_to_their_microtopic) ... ok
test_a_figure_may_not_draw_a_value_it_did_not_declare (test_mathematics.NumberLineScene.test_a_figure_may_not_draw_a_value_it_did_not_declare) ... FAIL
test_a_mark_that_does_not_declare_inclusion_is_refused (test_mathematics.NumberLineScene.test_a_mark_that_does_not_declare_inclusion_is_refused) ... FAIL
test_the_axis_brackets_the_marks_with_integer_ticks (test_mathematics.NumberLineScene.test_the_axis_brackets_the_marks_with_integer_ticks) ... ERROR
test_the_digest_distinguishes_marks_a_tolerance_would_not (test_mathematics.NumberLineScene.test_the_digest_distinguishes_marks_a_tolerance_would_not) ... ERROR
test_two_marks_on_the_same_pixel_stay_separately_visible (test_mathematics.NumberLineScene.test_two_marks_on_the_same_pixel_stay_separately_visible) ... ERROR
test_friction_core1a_links_resolve (test_migration_and_links.TestMigrationAndLinks.test_friction_core1a_links_resolve) ... ok
test_friction_explorer_links_resolve (test_migration_and_links.TestMigrationAndLinks.test_friction_explorer_links_resolve) ... ok
test_home_page_links_resolve (test_migration_and_links.TestMigrationAndLinks.test_home_page_links_resolve) ... ok
test_legacy_standalone_index_exists (test_migration_and_links.TestMigrationAndLinks.test_legacy_standalone_index_exists) ... ok
test_owner_surfaces_remain_at_legacy_paths (test_migration_and_links.TestMigrationAndLinks.test_owner_surfaces_remain_at_legacy_paths) ... ok
test_subject_hub_links_resolve (test_migration_and_links.TestMigrationAndLinks.test_subject_hub_links_resolve) ... ok
test_topic_workspace_links_resolve (test_migration_and_links.TestMigrationAndLinks.test_topic_workspace_links_resolve) ... ok
test_compiler_preserves_routes_scaffolds_hints_and_transfer_protection (test_motion2d_canonical.Motion2DCanonicalData.test_compiler_preserves_routes_scaffolds_hints_and_transfer_protection) ... ok
test_familiar_route_has_event_choice_crux_and_preserves_source_hints (test_motion2d_canonical.Motion2DCanonicalData.test_familiar_route_has_event_choice_crux_and_preserves_source_hints) ... ok
test_intake_and_visual_support_accept_real_motion_package (test_motion2d_canonical.Motion2DCanonicalData.test_intake_and_visual_support_accept_real_motion_package) ... ok
test_matrix_remains_family_authority (test_motion2d_canonical.Motion2DCanonicalData.test_matrix_remains_family_authority) ... ok
test_microtopic_bindings_preserve_rep_reuse_and_primary_activity_step_ownership (test_motion2d_canonical.Motion2DCanonicalData.test_microtopic_bindings_preserve_rep_reuse_and_primary_activity_step_ownership) ... ok
test_publication_boundary_rejects_protected_move_leakage (test_motion2d_canonical.Motion2DCanonicalData.test_publication_boundary_rejects_protected_move_leakage) ... ok
test_publication_renders_familiar_support_and_protects_transfer_decision (test_motion2d_canonical.Motion2DCanonicalData.test_publication_renders_familiar_support_and_protects_transfer_decision) ... ERROR
test_three_canonical_representations_bind_existing_activities (test_motion2d_canonical.Motion2DCanonicalData.test_three_canonical_representations_bind_existing_activities) ... ok
test_transfer_protects_model_choice_and_preserves_source_hint (test_motion2d_canonical.Motion2DCanonicalData.test_transfer_protects_model_choice_and_preserves_source_hint) ... ok
test_motion2d_gcdr_properties_hold (test_motion2d_gcdr_properties.Motion2DGCDRPropertiesTest.test_motion2d_gcdr_properties_hold) ... ok
test_motion_session_browser_and_trace_contract (test_motion_session_251.MotionSession251BrowserRuntimeTest.test_motion_session_browser_and_trace_contract) ... skipped 'ChromeDriver is not available'
test_confirmed_error_repairs_then_uses_fresh_canonical_verification (test_neetprep_relative_motion_pilot.NeetprepRelativeMotionPilot.test_confirmed_error_repairs_then_uses_fresh_canonical_verification) ... ok
test_figure_dependent_source_items_are_not_smuggled_into_the_executable_fixture (test_neetprep_relative_motion_pilot.NeetprepRelativeMotionPilot.test_figure_dependent_source_items_are_not_smuggled_into_the_executable_fixture) ... ok
test_no_owner_percentage_is_invented_for_the_real_source (test_neetprep_relative_motion_pilot.NeetprepRelativeMotionPilot.test_no_owner_percentage_is_invented_for_the_real_source) ... ok
test_routable_questions_use_existing_relative_motion_or_vector_foundation_capabilities (test_neetprep_relative_motion_pilot.NeetprepRelativeMotionPilot.test_routable_questions_use_existing_relative_motion_or_vector_foundation_capabilities) ... ok
test_routable_slice_is_real_external_demand_not_canonical_questions (test_neetprep_relative_motion_pilot.NeetprepRelativeMotionPilot.test_routable_slice_is_real_external_demand_not_canonical_questions) ... ok
test_session_plan_is_valid_but_keeps_provider_bridges_visible (test_neetprep_relative_motion_pilot.NeetprepRelativeMotionPilot.test_session_plan_is_valid_but_keeps_provider_bridges_visible) ... ok
test_wrong_rain_question_routes_to_existing_relative_velocity_diagnosis (test_neetprep_relative_motion_pilot.NeetprepRelativeMotionPilot.test_wrong_rain_question_routes_to_existing_relative_velocity_diagnosis) ... ok
test_ambiguous_failure_diagnoses_without_guessing (test_neetprep_relative_motion_pilot.RelativeMotionQ4DryRun.test_ambiguous_failure_diagnoses_without_guessing) ... ok
test_clear_resultant_constraint_failure_repairs_then_verifies (test_neetprep_relative_motion_pilot.RelativeMotionQ4DryRun.test_clear_resultant_constraint_failure_repairs_then_verifies) ... ok
test_execution_slip_stays_uncertain (test_neetprep_relative_motion_pilot.RelativeMotionQ4DryRun.test_execution_slip_stays_uncertain) ... ok
test_explicit_external_prerequisite_failure_requires_owner_decision (test_neetprep_relative_motion_pilot.RelativeMotionQ4DryRun.test_explicit_external_prerequisite_failure_requires_owner_decision) ... ok
test_explicit_local_prerequisite_failure_can_be_attributed (test_neetprep_relative_motion_pilot.RelativeMotionQ4DryRun.test_explicit_local_prerequisite_failure_can_be_attributed) ... ok
test_helped_correct_requests_fresh_exit_verification (test_neetprep_relative_motion_pilot.RelativeMotionQ4DryRun.test_helped_correct_requests_fresh_exit_verification) ... ok
test_independent_correct_is_only_an_unreviewed_draft (test_neetprep_relative_motion_pilot.RelativeMotionQ4DryRun.test_independent_correct_is_only_an_unreviewed_draft) ... ok
test_all_six_roles_render_one_metadata_component_contract (test_nlm_metadata_contract.NlmSelectionContract.test_all_six_roles_render_one_metadata_component_contract) ... ok
test_core2b_difficulty_is_not_a_role_default (test_nlm_metadata_contract.NlmSelectionContract.test_core2b_difficulty_is_not_a_role_default) ... ok
test_current_nlm_selection_is_exactly_resolved_in_role_authority (test_nlm_metadata_contract.NlmSelectionContract.test_current_nlm_selection_is_exactly_resolved_in_role_authority) ... ok
test_duplicate_selected_id_fails_closed (test_nlm_metadata_contract.NlmSelectionContract.test_duplicate_selected_id_fails_closed) ... ok
test_missing_selected_id_fails_closed (test_nlm_metadata_contract.NlmSelectionContract.test_missing_selected_id_fails_closed) ... ok
test_page_search_uses_explicit_safe_corpus_not_rendered_or_locked_text (test_nlm_metadata_contract.NlmSelectionContract.test_page_search_uses_explicit_safe_corpus_not_rendered_or_locked_text) ... ok
test_render_core_observation_and_existing_quality_contract_enforce_metadata (test_nlm_metadata_contract.NlmSelectionContract.test_render_core_observation_and_existing_quality_contract_enforce_metadata) ... ok
test_render_identity_tracks_every_metadata_authority (test_nlm_metadata_contract.NlmSelectionContract.test_render_identity_tracks_every_metadata_authority) ... ok
test_renderer_context_uses_the_same_fail_closed_selection_contract (test_nlm_metadata_contract.NlmSelectionContract.test_renderer_context_uses_the_same_fail_closed_selection_contract) ... ok
test_selected_authored_assessments_have_explicit_normalized_metadata (test_nlm_metadata_contract.NlmSelectionContract.test_selected_authored_assessments_have_explicit_normalized_metadata) ... ok
test_wrong_authority_fails_closed (test_nlm_metadata_contract.NlmSelectionContract.test_wrong_authority_fails_closed) ... ok
test_audit_supports_every_planner_owner_input (test_owner_decisions.OwnerDecisionApplication.test_audit_supports_every_planner_owner_input) ... ok
test_change_source_basis_clears_stale_receipt_and_policy (test_owner_decisions.OwnerDecisionApplication.test_change_source_basis_clears_stale_receipt_and_policy) ... ok
test_explicit_unknown_learner_takes_the_default_median (test_owner_decisions.OwnerDecisionApplication.test_explicit_unknown_learner_takes_the_default_median) ... ok
test_keep_drifted_source_then_agent_authors_uncovered_practice (test_owner_decisions.OwnerDecisionApplication.test_keep_drifted_source_then_agent_authors_uncovered_practice) ... ok
test_partial_decisions_are_legal (test_owner_decisions.OwnerDecisionApplication.test_partial_decisions_are_legal) ... ok
test_plan_change_makes_decision_artifact_stale (test_owner_decisions.OwnerDecisionApplication.test_plan_change_makes_decision_artifact_stale) ... ok
test_request_change_makes_decision_artifact_stale (test_owner_decisions.OwnerDecisionApplication.test_request_change_makes_decision_artifact_stale) ... ok
test_unoffered_replacement_is_rejected (test_owner_decisions.OwnerDecisionApplication.test_unoffered_replacement_is_rejected) ... ok
test_unsolicited_decision_is_rejected (test_owner_decisions.OwnerDecisionApplication.test_unsolicited_decision_is_rejected) ... ok
test_a_prerequisite_taught_in_the_same_package_needs_no_bridge (test_package_depth.Duties.test_a_prerequisite_taught_in_the_same_package_needs_no_bridge) ... ok
test_cross_subject_prerequisite_resolves_or_becomes_a_bridge_duty (test_package_depth.Duties.test_cross_subject_prerequisite_resolves_or_becomes_a_bridge_duty) ... ok
test_every_duty_names_a_role_and_contract_rules_that_exist (test_package_depth.Duties.test_every_duty_names_a_role_and_contract_rules_that_exist) ... ok
test_supplying_a_field_removes_exactly_its_duty (test_package_depth.Duties.test_supplying_a_field_removes_exactly_its_duty) ... ok
test_every_package_is_at_0_2_0_and_the_migration_is_idempotent (test_package_depth.Migration.test_every_package_is_at_0_2_0_and_the_migration_is_idempotent) ... ok
test_every_package_loads_against_the_schema (test_package_depth.Migration.test_every_package_loads_against_the_schema) ... 
  test_every_package_loads_against_the_schema (test_package_depth.Migration.test_every_package_loads_against_the_schema) (package='linear-equations.v1.json') ... FAIL
test_long_construction_gets_no_unit (test_package_depth.Migration.test_long_construction_gets_no_unit) ... ok
test_migration_restructures_but_never_invents (test_package_depth.Migration.test_migration_restructures_but_never_invents) ... ok
test_workflow_points_to_the_method_without_reinstating_depth_gate (test_package_depth.WorkflowAgreement.test_workflow_points_to_the_method_without_reinstating_depth_gate) ... ok
test_authored_content_is_inert_and_has_independent_ladder_identity (test_packet_check.PacketCheck.test_authored_content_is_inert_and_has_independent_ladder_identity) ... ok
test_declared_math_only_and_nested_literal_is_not_double_typeset (test_packet_check.PacketCheck.test_declared_math_only_and_nested_literal_is_not_double_typeset) ... ok
test_declared_math_reaches_support_rungs_and_legacy_working_after_the_core2_v2_merge (test_packet_check.PacketCheck.test_declared_math_reaches_support_rungs_and_legacy_working_after_the_core2_v2_merge) ... ok
test_duplicate_article_fails (test_packet_check.PacketCheck.test_duplicate_article_fails) ... ok
test_equal_counts_do_not_hide_substitution (test_packet_check.PacketCheck.test_equal_counts_do_not_hide_substitution) ... ok
test_inventory_omission_is_shown_even_with_matching_selected_html (test_packet_check.PacketCheck.test_inventory_omission_is_shown_even_with_matching_selected_html) ... ok
test_repeated_filler_rungs_fail (test_packet_check.PacketCheck.test_repeated_filler_rungs_fail) ... ok
test_source_hints_never_count_as_authored_help (test_packet_check.PacketCheck.test_source_hints_never_count_as_authored_help) ... ok
test_unknown_upload_and_browser_are_never_pass (test_packet_check.PacketCheck.test_unknown_upload_and_browser_are_never_pass) ... ok
test_visual_exception_goes_stale_after_question_change (test_packet_check.PacketCheck.test_visual_exception_goes_stale_after_question_change) ... ok
test_committed_pages_mirror_is_current (test_pages_site.PagesSiteTest.test_committed_pages_mirror_is_current) ... ok
test_generated_html_links_do_not_escape_docs_root (test_pages_site.PagesSiteTest.test_generated_html_links_do_not_escape_docs_root) ... ok
test_pages_rewrites_keep_run_builder_inside_project_site (test_pages_site.PagesSiteTest.test_pages_rewrites_keep_run_builder_inside_project_site) ... ok
test_pages_root_contains_prompt_composer_and_run_builder (test_pages_site.PagesSiteTest.test_pages_root_contains_prompt_composer_and_run_builder) ... ok
test_publication_fails_closed_on_unknown_external_runtime (test_pages_site.PagesSiteTest.test_publication_fails_closed_on_unknown_external_runtime) ... ok
test_publication_rewrites_legacy_gstatic_tailwind_runtime (test_pages_site.PagesSiteTest.test_publication_rewrites_legacy_gstatic_tailwind_runtime) ... ok
test_publication_rewrites_tailwind_and_katex_to_local_runtime (test_pages_site.PagesSiteTest.test_publication_rewrites_tailwind_and_katex_to_local_runtime) ... ok
test_tailwind_vendor_snapshot_is_versioned_and_declared (test_pages_site.PagesSiteTest.test_tailwind_vendor_snapshot_is_versioned_and_declared) ... ok
test_advanced_core2_items_are_labelled_extensions (test_physics_practice_content_quality.TestPracticeContentQuality.test_advanced_core2_items_are_labelled_extensions) ... ok
test_attempt_prompts_are_complete_questions (test_physics_practice_content_quality.TestPracticeContentQuality.test_attempt_prompts_are_complete_questions) ... FAIL
test_generic_reveal_placeholders_are_removed (test_physics_practice_content_quality.TestPracticeContentQuality.test_generic_reveal_placeholders_are_removed) ... ok
test_method_cards_are_explicitly_answerable (test_physics_practice_content_quality.TestPracticeContentQuality.test_method_cards_are_explicitly_answerable) ... ok
test_motion_2d_attempts_are_self_contained_short_answer_tasks (test_physics_practice_content_quality.TestPracticeContentQuality.test_motion_2d_attempts_are_self_contained_short_answer_tasks) ... ok
test_motion_2d_reasoning_and_ambiguous_source_regressions (test_physics_practice_content_quality.TestPracticeContentQuality.test_motion_2d_reasoning_and_ambiguous_source_regressions) ... ok
test_reported_figure_label_contradictions_are_removed (test_physics_practice_content_quality.TestPracticeContentQuality.test_reported_figure_label_contradictions_are_removed) ... FAIL
test_both_modules_have_concept_explorers_admitted (test_physics_scanned_evidence.PhysicsScannedEvidenceTests.test_both_modules_have_concept_explorers_admitted) ... ok
test_both_modules_have_populated_verified_ledgers (test_physics_scanned_evidence.PhysicsScannedEvidenceTests.test_both_modules_have_populated_verified_ledgers) ... ok
test_both_modules_have_ranked_question_clinics (test_physics_scanned_evidence.PhysicsScannedEvidenceTests.test_both_modules_have_ranked_question_clinics) ... ok
test_html_projections_exist_and_touch_compliant (test_physics_scanned_evidence.PhysicsScannedEvidenceTests.test_html_projections_exist_and_touch_compliant) ... ok
test_markdown_ledgers_exist_and_pin_custody (test_physics_scanned_evidence.PhysicsScannedEvidenceTests.test_markdown_ledgers_exist_and_pin_custody) ... ok
test_p1_pins_exact_custody_and_sha256 (test_physics_scanned_evidence.PhysicsScannedEvidenceTests.test_p1_pins_exact_custody_and_sha256) ... ok
test_p2_pins_exact_custody_and_sha256 (test_physics_scanned_evidence.PhysicsScannedEvidenceTests.test_p2_pins_exact_custody_and_sha256) ... ok
test_a_request_no_matrix_answers_lists_the_nearest_without_picking (test_plan_request_resolution.SubtopicResolution.test_a_request_no_matrix_answers_lists_the_nearest_without_picking) ... ok
test_a_word_match_becomes_a_visible_agent_duty_in_the_plan (test_plan_request_resolution.SubtopicResolution.test_a_word_match_becomes_a_visible_agent_duty_in_the_plan) ... ok
test_an_explicit_bucket_id_is_never_reinterpreted (test_plan_request_resolution.SubtopicResolution.test_an_explicit_bucket_id_is_never_reinterpreted) ... ok
test_an_unresolved_request_returns_no_plan_but_keeps_the_report_shape (test_plan_request_resolution.SubtopicResolution.test_an_unresolved_request_returns_no_plan_but_keeps_the_report_shape) ... ok
test_dimension_words_and_spacing_normalise_to_one_token (test_plan_request_resolution.SubtopicResolution.test_dimension_words_and_spacing_normalise_to_one_token) ... ok
test_the_exact_matrix_title_still_resolves_without_a_disclosure (test_plan_request_resolution.SubtopicResolution.test_the_exact_matrix_title_still_resolves_without_a_disclosure) ... ok
test_words_that_fit_several_matrices_list_them_and_choose_none (test_plan_request_resolution.SubtopicResolution.test_words_that_fit_several_matrices_list_them_and_choose_none) ... ok
test_words_that_identify_one_matrix_reach_it_and_say_so (test_plan_request_resolution.SubtopicResolution.test_words_that_identify_one_matrix_reach_it_and_say_so) ... ok
test_atlas_visual_target_binding_fails_closed_until_package_is_declared (test_portable_workbench.PortableWorkbenchPackageTests.test_atlas_visual_target_binding_fails_closed_until_package_is_declared) ... ok
test_atlas_visual_target_binding_requires_exact_canonical_identity (test_portable_workbench.PortableWorkbenchPackageTests.test_atlas_visual_target_binding_requires_exact_canonical_identity) ... ok
test_canonical_provenance_requires_explicit_resource_and_representation (test_portable_workbench.PortableWorkbenchPackageTests.test_canonical_provenance_requires_explicit_resource_and_representation) ... ok
test_executable_and_pixel_payloads_fail_closed (test_portable_workbench.PortableWorkbenchPackageTests.test_executable_and_pixel_payloads_fail_closed) ... ok
test_explicit_unknown_package_request_has_named_failure_path (test_portable_workbench.PortableWorkbenchPackageTests.test_explicit_unknown_package_request_has_named_failure_path) ... ok
test_fixture_and_canonical_packages_share_one_contract (test_portable_workbench.PortableWorkbenchPackageTests.test_fixture_and_canonical_packages_share_one_contract) ... ok
test_fixture_packages_remain_noncanonical_compiled_proofs (test_portable_workbench.PortableWorkbenchPackageTests.test_fixture_packages_remain_noncanonical_compiled_proofs) ... ok
test_generated_outputs_are_current (test_portable_workbench.PortableWorkbenchPackageTests.test_generated_outputs_are_current) ... 
  test_generated_outputs_are_current (test_portable_workbench.PortableWorkbenchPackageTests.test_generated_outputs_are_current) (path='public/portable-workbench/index.html') ... FAIL
test_long_division_reuses_existing_core_witness (test_portable_workbench.PortableWorkbenchPackageTests.test_long_division_reuses_existing_core_witness) ... ok
test_migration_note_keeps_redox_bespoke_page_non_authoritative (test_portable_workbench.PortableWorkbenchPackageTests.test_migration_note_keeps_redox_bespoke_page_non_authoritative) ... ok
test_motion_package_is_compiled_from_canonical_shared_clock_source (test_portable_workbench.PortableWorkbenchPackageTests.test_motion_package_is_compiled_from_canonical_shared_clock_source) ... ok
test_node_portable_contract (test_portable_workbench.PortableWorkbenchPackageTests.test_node_portable_contract) ... ok
test_public_runtime_is_generated_from_delivered_core (test_portable_workbench.PortableWorkbenchPackageTests.test_public_runtime_is_generated_from_delivered_core) ... ok
test_single_file_host_has_no_external_runtime_dependency (test_portable_workbench.PortableWorkbenchPackageTests.test_single_file_host_has_no_external_runtime_dependency) ... ok
test_version_mismatch_fails_closed (test_portable_workbench.PortableWorkbenchPackageTests.test_version_mismatch_fails_closed) ... ok
test_changed_webpage_style_blocks_have_balanced_braces (test_pr306_ui_regressions.Pr306UiRegressions.test_changed_webpage_style_blocks_have_balanced_braces) ... ok
test_diagram_typography_has_no_explicit_sub_13px_labels (test_pr306_ui_regressions.Pr306UiRegressions.test_diagram_typography_has_no_explicit_sub_13px_labels) ... ok
test_event_clock_wall_drag_uses_pointer_capture (test_pr306_ui_regressions.Pr306UiRegressions.test_event_clock_wall_drag_uses_pointer_capture) ... ok
test_friction_graph_uses_pointer_events_and_css_to_canvas_scaling (test_pr306_ui_regressions.Pr306UiRegressions.test_friction_graph_uses_pointer_events_and_css_to_canvas_scaling) ... ok
test_interactive_pages_do_not_disable_browser_zoom (test_pr306_ui_regressions.Pr306UiRegressions.test_interactive_pages_do_not_disable_browser_zoom) ... ok
test_katex_vendor_dependency_closure_and_no_jsdelivr_runtime (test_pr306_ui_regressions.Pr306UiRegressions.test_katex_vendor_dependency_closure_and_no_jsdelivr_runtime) ... ok
test_motion_2d_deglossing_does_not_leave_orphan_keyframe_blocks (test_pr306_ui_regressions.Pr306UiRegressions.test_motion_2d_deglossing_does_not_leave_orphan_keyframe_blocks) ... ok
test_question_bank_renders_only_schema_declared_math_with_katex (test_pr306_ui_regressions.Pr306UiRegressions.test_question_bank_renders_only_schema_declared_math_with_katex) ... ok
test_question_hub_is_keyboard_safe_dialog_in_public_and_standalone (test_pr306_ui_regressions.Pr306UiRegressions.test_question_hub_is_keyboard_safe_dialog_in_public_and_standalone) ... ok
test_shared_search_does_not_assign_read_only_window_top (test_pr306_ui_regressions.Pr306UiRegressions.test_shared_search_does_not_assign_read_only_window_top) ... ok
test_tailwind_external_runtime_is_owned_by_pages_publication_contract (test_pr306_ui_regressions.Pr306UiRegressions.test_tailwind_external_runtime_is_owned_by_pages_publication_contract) ... ok
test_tailwind_suite_typography_has_no_sub_13px_utilities (test_pr306_ui_regressions.Pr306UiRegressions.test_tailwind_suite_typography_has_no_sub_13px_utilities) ... ok
test_vector_public_orbit_uses_pointer_capture_and_responsive_canvas (test_pr306_ui_regressions.Pr306UiRegressions.test_vector_public_orbit_uses_pointer_capture_and_responsive_canvas) ... ok
test_denominator (test_pr375_u2_standalone.TestPR375U2Standalone.test_denominator) ... ok
test_duplicate_ids (test_pr375_u2_standalone.TestPR375U2Standalone.test_duplicate_ids) ... ok
test_hub (test_pr375_u2_standalone.TestPR375U2Standalone.test_hub) ... ok
test_jumps (test_pr375_u2_standalone.TestPR375U2Standalone.test_jumps) ... ok
test_links_and_fragments (test_pr375_u2_standalone.TestPR375U2Standalone.test_links_and_fragments) ... ok
test_offline_dependencies (test_pr375_u2_standalone.TestPR375U2Standalone.test_offline_dependencies) ... ok
test_return_targets (test_pr375_u2_standalone.TestPR375U2Standalone.test_return_targets) ... ok
test_root_legacy_links_gone (test_pr375_u2_standalone.TestPR375U2Standalone.test_root_legacy_links_gone) ... ok
test_diagnostic_profile_cannot_claim_demonstrated_from_solution_help (test_practical_learner_evidence.PracticalLearnerEvidence.test_diagnostic_profile_cannot_claim_demonstrated_from_solution_help) ... ok
test_direct_attempt_beats_prior_imported_evidence (test_practical_learner_evidence.PracticalLearnerEvidence.test_direct_attempt_beats_prior_imported_evidence) ... ok
test_helped_success_is_not_independent_demonstration (test_practical_learner_evidence.PracticalLearnerEvidence.test_helped_success_is_not_independent_demonstration) ... ok
test_higher_owner_estimate_starts_higher_and_keeps_prerequisites_unverified (test_practical_learner_evidence.PracticalLearnerEvidence.test_higher_owner_estimate_starts_higher_and_keeps_prerequisites_unverified) ... ok
test_newer_observation_wins_within_the_same_evidence_kind (test_practical_learner_evidence.PracticalLearnerEvidence.test_newer_observation_wins_within_the_same_evidence_kind) ... ok
test_observation_overrides_profile_snapshot_for_routing (test_practical_learner_evidence.PracticalLearnerEvidence.test_observation_overrides_profile_snapshot_for_routing) ... ok
test_owner_estimate_floor_is_shared_by_plan_request (test_practical_learner_evidence.PracticalLearnerEvidence.test_owner_estimate_floor_is_shared_by_plan_request) ... ok
test_prior_study_map_can_derive_a_single_mapped_capability (test_practical_learner_evidence.PracticalLearnerEvidence.test_prior_study_map_can_derive_a_single_mapped_capability) ... ok
test_prior_study_map_can_disambiguate_a_multi_capability_question_explicitly (test_practical_learner_evidence.PracticalLearnerEvidence.test_prior_study_map_can_disambiguate_a_multi_capability_question_explicitly) ... ok
test_prior_study_map_converts_to_normal_observations (test_practical_learner_evidence.PracticalLearnerEvidence.test_prior_study_map_converts_to_normal_observations) ... ok
test_prior_study_map_explicit_capability_must_agree_with_question_mapping (test_practical_learner_evidence.PracticalLearnerEvidence.test_prior_study_map_explicit_capability_must_agree_with_question_mapping) ... ok
test_prior_study_map_refuses_to_guess_between_multiple_question_capabilities (test_practical_learner_evidence.PracticalLearnerEvidence.test_prior_study_map_refuses_to_guess_between_multiple_question_capabilities) ... ok
test_acceptance_rechecks_current_render_basis (test_product_blueprint_safety.ProductBlueprintSafety.test_acceptance_rechecks_current_render_basis) ... ok
test_malformed_representation_refuses_draft_render (test_product_blueprint_safety.ProductBlueprintSafety.test_malformed_representation_refuses_draft_render) ... ok
test_renderer_cannot_write_directly_to_public (test_product_blueprint_safety.ProductBlueprintSafety.test_renderer_cannot_write_directly_to_public) ... ok
test_subject_authority_reports_unregistered_relation (test_product_blueprint_safety.ProductBlueprintSafety.test_subject_authority_reports_unregistered_relation) ... ok
test_unknown_custody_is_not_labelled_official (test_product_blueprint_safety.ProductBlueprintSafety.test_unknown_custody_is_not_labelled_official) ... ok
test_a_product_that_selects_all_it_holds_has_no_finding_at_either_bar (test_product_coverage.Denominator.test_a_product_that_selects_all_it_holds_has_no_finding_at_either_bar) ... ok
test_a_record_omitted_with_a_reason_is_no_longer_a_shortfall_and_the_reason_is_kept (test_product_coverage.Denominator.test_a_record_omitted_with_a_reason_is_no_longer_a_shortfall_and_the_reason_is_kept) ... ERROR
test_a_shortfall_is_an_advisory_for_an_official_product_and_a_gap_for_new_authoring (test_product_coverage.Denominator.test_a_shortfall_is_an_advisory_for_an_official_product_and_a_gap_for_new_authoring) ... ERROR
test_the_hardest_question_of_the_library_left_out_is_a_finding_of_its_own (test_product_coverage.Denominator.test_the_hardest_question_of_the_library_left_out_is_a_finding_of_its_own) ... ok
test_the_report_counts_what_is_selected_and_what_the_library_holds (test_product_coverage.Denominator.test_the_report_counts_what_is_selected_and_what_the_library_holds) ... ok
test_the_sources_not_yet_records_are_counted_and_said_never_rendered (test_product_coverage.Denominator.test_the_sources_not_yet_records_are_counted_and_said_never_rendered) ... ok
test_what_the_library_holds_is_what_derive_selects (test_product_coverage.Denominator.test_what_the_library_holds_is_what_derive_selects) ... ok
test_a_reason_attached_to_nothing_is_refused (test_product_coverage.Integrity.test_a_reason_attached_to_nothing_is_refused) ... ok
test_a_reason_is_a_sentence (test_product_coverage.Integrity.test_a_reason_is_a_sentence) ... ok
test_a_record_cannot_be_both_selected_and_omitted (test_product_coverage.Integrity.test_a_record_cannot_be_both_selected_and_omitted) ... ok
test_a_source_that_ingested_more_than_it_holds_or_has_no_status_is_refused (test_product_coverage.Integrity.test_a_source_that_ingested_more_than_it_holds_or_has_no_status_is_refused) ... ok
test_a_candidate_a_reviewed_a_curated_record_and_one_that_claims_nothing_are_selectable (test_product_coverage.Promotion.test_a_candidate_a_reviewed_a_curated_record_and_one_that_claims_nothing_are_selectable) ... ok
test_a_record_whose_status_says_it_is_not_ready_is_refused_with_the_statuses_that_would_do (test_product_coverage.Promotion.test_a_record_whose_status_says_it_is_not_ready_is_refused_with_the_statuses_that_would_do) ... ok
test_every_product_the_library_builds_today_passes_the_gate (test_product_coverage.Promotion.test_every_product_the_library_builds_today_passes_the_gate) ... ok
test_the_statuses_the_registry_names_are_the_package_schemas_own (test_product_coverage.Promotion.test_the_statuses_the_registry_names_are_the_package_schemas_own) ... ok
test_a_registry_without_one_of_the_rules_is_refused_by_its_schema (test_product_coverage.Registry.test_a_registry_without_one_of_the_rules_is_refused_by_its_schema) ... ok
test_the_duties_the_rules_name_are_known_to_the_depth_check (test_product_coverage.Registry.test_the_duties_the_rules_name_are_known_to_the_depth_check) ... ok
test_the_three_rules_are_in_the_registry_the_schema_and_the_written_specification (test_product_coverage.Registry.test_the_three_rules_are_in_the_registry_the_schema_and_the_written_specification) ... ok
test_a_relation_that_carries_mathml_has_no_finding_and_a_malformed_one_is_still_the_old_gap (test_product_coverage.Typeset.test_a_relation_that_carries_mathml_has_no_finding_and_a_malformed_one_is_still_the_old_gap) ... ok
test_a_relation_with_only_an_expression_is_an_advisory_at_the_floor_and_a_gap_at_the_reference (test_product_coverage.Typeset.test_a_relation_with_only_an_expression_is_an_advisory_at_the_floor_and_a_gap_at_the_reference) ... ok
test_an_empty_mathml_is_not_the_same_as_a_typeset_one (test_product_coverage.Typeset.test_an_empty_mathml_is_not_the_same_as_a_typeset_one) ... ok
test_the_two_reference_products_have_every_equation_typeset (test_product_coverage.Typeset.test_the_two_reference_products_have_every_equation_typeset) ... ok
test_a_relation_with_words_in_it_is_refused_and_not_guessed_at (test_product_coverage.TypesetHelper.test_a_relation_with_words_in_it_is_refused_and_not_guessed_at) ... ok
test_the_command_prints_a_json_string_and_exits_one_on_what_it_cannot_read (test_product_coverage.TypesetHelper.test_the_command_prints_a_json_string_and_exits_one_on_what_it_cannot_read) ... ok
test_the_gap_tells_the_author_about_the_tool (test_product_coverage.TypesetHelper.test_the_gap_tells_the_author_about_the_tool) ... ok
test_the_markup_is_what_the_pages_accept_and_says_the_same_equation (test_product_coverage.TypesetHelper.test_the_markup_is_what_the_pages_accept_and_says_the_same_equation) ... ok
test_pages_and_single_file_have_distinct_exact_identity_but_equal_metadata_semantics (test_product_standalone_contract.ProductStandaloneContractTest.test_pages_and_single_file_have_distinct_exact_identity_but_equal_metadata_semantics) ... ok
test_pass_status_rows_may_bind_one_generated_standalone_artifact (test_product_standalone_contract.ProductStandaloneContractTest.test_pass_status_rows_may_bind_one_generated_standalone_artifact) ... ok
test_single_file_mode_is_self_contained_for_nlm_pilot (test_product_standalone_contract.ProductStandaloneContractTest.test_single_file_mode_is_self_contained_for_nlm_pilot) ... ok
test_agent_proposal_is_used_and_labelled (test_prompt_composer.PromptComposerTests.test_agent_proposal_is_used_and_labelled) ... ok
test_blueprint_contract_is_embedded_by_reference_not_reinvented (test_prompt_composer.PromptComposerTests.test_blueprint_contract_is_embedded_by_reference_not_reinvented) ... ok
test_browser_parity_syntax_and_generated_projection_checks (test_prompt_composer.PromptComposerTests.test_browser_parity_syntax_and_generated_projection_checks) ... FAIL
test_cross_subject_math_uses_same_composer (test_prompt_composer.PromptComposerTests.test_cross_subject_math_uses_same_composer) ... ok
test_digest_is_deterministic_and_input_change_is_visible (test_prompt_composer.PromptComposerTests.test_digest_is_deterministic_and_input_change_is_visible) ... ok
test_explicit_zero_is_preserved_and_absent_is_null (test_prompt_composer.PromptComposerTests.test_explicit_zero_is_preserved_and_absent_is_null) ... ok
test_hostile_summary_is_preserved_as_data_not_executed_markup (test_prompt_composer.PromptComposerTests.test_hostile_summary_is_preserved_as_data_not_executed_markup) ... ok
test_mixed_subtopic_covers_every_matrix (test_prompt_composer.PromptComposerTests.test_mixed_subtopic_covers_every_matrix) ... ok
test_nested_exam_bank_question_resolves_through_existing_study_map (test_prompt_composer.PromptComposerTests.test_nested_exam_bank_question_resolves_through_existing_study_map) ... ok
test_projectile_stress_set_turns_ambiguous_identity_into_research (test_prompt_composer.PromptComposerTests.test_projectile_stress_set_turns_ambiguous_identity_into_research) ... ok
test_prompt_contains_clause_ids_role_refs_and_downstream_pdf_intent_without_rendering_pdf (test_prompt_composer.PromptComposerTests.test_prompt_contains_clause_ids_role_refs_and_downstream_pdf_intent_without_rendering_pdf) ... FAIL
test_requested_cores_receive_exact_web_blueprints_in_brief_and_prompt (test_prompt_composer.PromptComposerTests.test_requested_cores_receive_exact_web_blueprints_in_brief_and_prompt) ... ok
test_source_basis_never_accepts_canonical_question_ids (test_prompt_composer.PromptComposerTests.test_source_basis_never_accepts_canonical_question_ids) ... ok
test_unknown_exact_ref_does_not_fuzzy_match_short_label (test_prompt_composer.PromptComposerTests.test_unknown_exact_ref_does_not_fuzzy_match_short_label) ... ok
test_a_link_that_points_anywhere_but_a_learner_pdf_beside_the_page_is_refused (test_publication.Publication.test_a_link_that_points_anywhere_but_a_learner_pdf_beside_the_page_is_refused) ... ok
test_a_page_that_links_a_pdf_that_is_not_there_is_not_published (test_publication.Publication.test_a_page_that_links_a_pdf_that_is_not_there_is_not_published) ... ok
test_a_pdf_nobody_can_trace_to_a_page_is_not_published (test_publication.Publication.test_a_pdf_nobody_can_trace_to_a_page_is_not_published) ... ok
test_a_pdf_that_is_not_the_one_printed_from_that_page_is_not_published (test_publication.Publication.test_a_pdf_that_is_not_the_one_printed_from_that_page_is_not_published) ... ok
test_acceptance_records_where_the_owner_approved_without_requiring_it (test_publication.Publication.test_acceptance_records_where_the_owner_approved_without_requiring_it) ... ok
test_acceptance_without_an_approval_reference_still_publishes (test_publication.Publication.test_acceptance_without_an_approval_reference_still_publishes) ... ok
test_an_acceptance_without_a_release_decision_records_none (test_publication.Publication.test_an_acceptance_without_a_release_decision_records_none) ... ok
test_an_oversized_approval_reference_is_trimmed_not_refused (test_publication.Publication.test_an_oversized_approval_reference_is_trimmed_not_refused) ... ok
test_build_does_not_write_or_remove_public_even_with_a_failed_report (test_publication.Publication.test_build_does_not_write_or_remove_public_even_with_a_failed_report) ... ok
test_changed_page_is_rejected_before_publication (test_publication.Publication.test_changed_page_is_rejected_before_publication) ... ok
test_changed_standalone_is_rejected_before_publication (test_publication.Publication.test_changed_standalone_is_rejected_before_publication) ... ok
test_existing_standalone_cannot_be_left_stale_by_pages_acceptance (test_publication.Publication.test_existing_standalone_cannot_be_left_stale_by_pages_acceptance) ... ok
test_new_review_shape_is_parseable_and_historical_reviews_are_left_as_history (test_publication.Publication.test_new_review_shape_is_parseable_and_historical_reviews_are_left_as_history) ... ok
test_only_owner_acceptance_publishes_matching_bytes (test_publication.Publication.test_only_owner_acceptance_publishes_matching_bytes) ... ok
test_open_s1_and_unclassified_source_are_visible_but_owner_can_accept (test_publication.Publication.test_open_s1_and_unclassified_source_are_visible_but_owner_can_accept) ... 
NEW FINDING: REFERENCE_INTEGRITY|CANONICAL_RECORD:LIB-PHY-NLM-FIRST-LAW-AUTHORED|LIBRARY_UNRESOLVED_REFERENCE|Q-PHY-NLM-INCLINE-2B-TIMING-05
known canonical findings: 0; new: 12; pages worse than the ledger: 0
9 evidence record(s) in build/test-assurance/ratchet/evidence
  ANSWER_CORRECTNESS             NOT_APPLICABLE 1
  CORPUS_SPECIFICITY             PASS 1
  DIMENSIONAL_CORRECTNESS        NOT_APPLICABLE 1
  DISCLOSURE_CONFORMANCE         PASS 1
  REASONING_VALIDITY             INCONCLUSIVE 1
  REFERENCE_INTEGRITY            FAIL 1
  SCOPE_CONFORMANCE              PASS 1
  SELF_CONTAINMENT               INCONCLUSIVE 1
  STRUCTURAL_VALIDITY            PASS 1
baseline written: 12 known canonical finding(s) in build/test-assurance/ratchet/known.json
9 evidence record(s) in build/test-assurance/ratchet/evidence
  ANSWER_CORRECTNESS             NOT_APPLICABLE 1
  CORPUS_SPECIFICITY             PASS 1
  DIMENSIONAL_CORRECTNESS        NOT_APPLICABLE 1
  DISCLOSURE_CONFORMANCE         PASS 1
  REASONING_VALIDITY             INCONCLUSIVE 1
  REFERENCE_INTEGRITY            FAIL 1
  SCOPE_CONFORMANCE              PASS 1
  SELF_CONTAINMENT               INCONCLUSIVE 1
  STRUCTURAL_VALIDITY            PASS 1
known canonical findings: 12; new: 0; pages worse than the ledger: 0
189 evidence record(s) in build/test-assurance/tmp_h7s6lzj
  ANSWER_CORRECTNESS             NOT_APPLICABLE 21
  CORPUS_SPECIFICITY             PASS 21
  DIMENSIONAL_CORRECTNESS        NOT_APPLICABLE 21
  DISCLOSURE_CONFORMANCE         PASS 21
  REASONING_VALIDITY             INCONCLUSIVE 15  NOT_APPLICABLE 6
  REFERENCE_INTEGRITY            FAIL 1  PASS 20
  SCOPE_CONFORMANCE              PASS 21
  SELF_CONTAINMENT               INCONCLUSIVE 15  NOT_APPLICABLE 6
  STRUCTURAL_VALIDITY            FAIL 1  PASS 20
NEW FINDING: REFERENCE_INTEGRITY|CANONICAL_RECORD:LIB-MATH-LINEAR-EQUATIONS|LIBRARY_UNRESOLVED_REFERENCE|Q-MAT-LEQ-01-EXEMPLAR8-Q17
NEW FINDING: REFERENCE_INTEGRITY|CANONICAL_RECORD:LIB-MATH-LINEAR-EQUATIONS|LIBRARY_UNRESOLVED_REFERENCE|Q-MAT-LEQ-01-EXEMPLAR8-Q20
NEW FINDING: REFERENCE_INTEGRITY|CANONICAL_RECORD:LIB-MATH-LINEAR-EQUATIONS|LIBRARY_UNRESOLVED_REFERENCE|Q-MAT-LEQ-01-EXEMPLAR8-Q6
NEW FINDING: REFERENCE_INTEGRITY|CANONICAL_RECORD:LIB-MATH-LINEAR-EQUATIONS|LIBRARY_UNRESOLVED_REFERENCE|Q-MAT-LEQ-02-EXEMPLAR9-4-1-Q16
NEW FINDING: REFERENCE_INTEGRITY|CANONICAL_RECORD:LIB-MATH-LINEAR-EQUATIONS|LIBRARY_UNRESOLVED_REFERENCE|Q-MAT-LEQ-02-NCERT8-EX2-1-Q1
NEW FINDING: REFERENCE_INTEGRITY|CANONICAL_RECORD:LIB-MATH-LINEAR-EQUATIONS|LIBRARY_UNRESOLVED_REFERENCE|Q-MAT-LEQ-02-NCERT8-EX2-1-Q2
NEW FINDING: REFERENCE_INTEGRITY|CANONICAL_RECORD:LIB-MATH-LINEAR-EQUATIONS|LIBRARY_UNRESOLVED_REFERENCE|Q-MAT-LEQ-02-NCERT8-EX2-1-Q3
NEW FINDING: REFERENCE_INTEGRITY|CANONICAL_RECORD:LIB-MATH-LINEAR-EQUATIONS|LIBRARY_UNRESOLVED_REFERENCE|Q-MAT-LEQ-02-NCERT8-EX2-1-Q5
NEW FINDING: REFERENCE_INTEGRITY|CANONICAL_RECORD:LIB-MATH-LINEAR-EQUATIONS|LIBRARY_UNRESOLVED_REFERENCE|Q-MAT-LEQ-03-EXEMPLAR8-Q58
NEW FINDING: REFERENCE_INTEGRITY|CANONICAL_RECORD:LIB-MATH-LINEAR-EQUATIONS|LIBRARY_UNRESOLVED_REFERENCE|Q-MAT-LEQ-03-EXEMPLAR8-Q61
NEW FINDING: REFERENCE_INTEGRITY|CANONICAL_RECORD:LIB-MATH-LINEAR-EQUATIONS|LIBRARY_UNRESOLVED_REFERENCE|Q-MAT-LEQ-03-NCERT8-EX2-2-Q10
NEW FINDING: REFERENCE_INTEGRITY|CANONICAL_RECORD:LIB-MATH-LINEAR-EQUATIONS|LIBRARY_UNRESOLVED_REFERENCE|Q-MAT-LEQ-03-NCERT8-EX2-2-Q7
NEW FINDING: REFERENCE_INTEGRITY|CANONICAL_RECORD:LIB-MATH-LINEAR-EQUATIONS|LIBRARY_UNRESOLVED_REFERENCE|Q-MAT-LEQ-03-NCERT8-EX2-2-Q9
NEW FINDING: REFERENCE_INTEGRITY|CANONICAL_RECORD:LIB-MATH-LINEAR-EQUATIONS|LIBRARY_UNRESOLVED_REFERENCE|Q-MAT-LEQ-04-EXEMPLAR9-4-1-Q1
NEW FINDING: REFERENCE_INTEGRITY|CANONICAL_RECORD:LIB-MATH-LINEAR-EQUATIONS|LIBRARY_UNRESOLVED_REFERENCE|Q-MAT-LEQ-04-EXEMPLAR9-4-1-Q11
NEW FINDING: REFERENCE_INTEGRITY|CANONICAL_RECORD:LIB-MATH-LINEAR-EQUATIONS|LIBRARY_UNRESOLVED_REFERENCE|Q-MAT-LEQ-04-EXEMPLAR9-4-1-Q3
NEW FINDING: REFERENCE_INTEGRITY|CANONICAL_RECORD:LIB-MATH-LINEAR-EQUATIONS|LIBRARY_UNRESOLVED_REFERENCE|Q-MAT-LEQ-04-EXEMPLAR9-4-2-Q1
NEW FINDING: REFERENCE_INTEGRITY|CANONICAL_RECORD:LIB-MATH-LINEAR-EQUATIONS|LIBRARY_UNRESOLVED_REFERENCE|Q-MAT-LEQ-04-EXEMPLAR9-4-3-Q7
NEW FINDING: STRUCTURAL_VALIDITY|CANONICAL_RECORD:LIB-MATH-LINEAR-EQUATIONS|SCHEMA|LIB-MATH-LINEAR-EQUATIONS
known canonical findings: 0; new: 19; pages worse than the ledger: 0
Build: sample @ c090eedd28c9c0f3; review: NONE
Recommendation: UNRECORDED
Open S0/S1: []
Reviewer: UNRECORDED; authors: ['author-1']
Fact status: 0 cited records without current independent verification
Subject authority: 0 finding(s): []
Standalone: NOT_STAGED
Approval reference: NOT_RECORDED
Build: sample @ c090eedd28c9c0f3; review: NONE
Recommendation: UNRECORDED
Open S0/S1: []
Reviewer: UNRECORDED; authors: ['author-1']
Fact status: 0 cited records without current independent verification
Subject authority: 0 finding(s): []
Standalone: NOT_STAGED
Approval reference: NOT_RECORDED
Build: sample @ c090eedd28c9c0f3; review: NONE
Recommendation: UNRECORDED
Open S0/S1: []
Reviewer: UNRECORDED; authors: ['author-1']
Fact status: 0 cited records without current independent verification
Subject authority: 0 finding(s): []
Standalone: NOT_STAGED
Approval reference: NOT_RECORDED
Build: sample @ c090eedd28c9c0f3; review: NONE
Recommendation: UNRECORDED
Open S0/S1: []
Reviewer: UNRECORDED; authors: ['author-1']
Fact status: 0 cited records without current independent verification
Subject authority: 0 finding(s): []
Standalone: NOT_STAGED
Approval reference: NOT_RECORDED
Build: sample @ c090eedd28c9c0f3; review: NONE
Recommendation: UNRECORDED
Open S0/S1: []
Reviewer: UNRECORDED; authors: ['author-1']
Fact status: 0 cited records without current independent verification
Subject authority: 0 finding(s): []
Standalone: NOT_STAGED
Approval reference: NOT_RECORDED
Build: sample @ 768c905de66506b6; review: NONE
Recommendation: UNRECORDED
Open S0/S1: []
Reviewer: UNRECORDED; authors: ['author-1']
Fact status: 0 cited records without current independent verification
Subject authority: 0 finding(s): []
Standalone: NOT_STAGED
Approval reference: https://github.com/o/r/issues/1#issuecomment-5 accepted
Build: sample @ 768c905de66506b6; review: NONE
Recommendation: UNRECORDED
Open S0/S1: []
Reviewer: UNRECORDED; authors: ['author-1']
Fact status: 0 cited records without current independent verification
Subject authority: 0 finding(s): []
Standalone: NOT_STAGED
Approval reference: NOT_RECORDED
Build: sample @ 768c905de66506b6; review: NONE
Recommendation: UNRECORDED
Open S0/S1: []
Reviewer: UNRECORDED; authors: ['author-1']
Fact status: 0 cited records without current independent verification
Subject authority: 0 finding(s): []
Standalone: NOT_STAGED
Approval reference: NOT_RECORDED
Build: sample @ 768c905de66506b6; review: NONE
Recommendation: UNRECORDED
Open S0/S1: []
Reviewer: UNRECORDED; authors: ['author-1']
Fact status: 0 cited records without current independent verification
Subject authority: 0 finding(s): []
Standalone: NOT_STAGED
Approval reference: xxxxxxxxxxxxxxxxxxxxxxxxxxxxxxxxxxxxxxxxxxxxxxxxxxxxxxxxxxxxxxxxxxxxxxxxxxxxxxxxxxxxxxxxxxxxxxxxxxxxxxxxxxxxxxxxxxxxxxxxxxxxxxxxxxxxxxxxxxxxxxxxxxxxxxxxxxxxxxxxxxxxxxxxxxxxxxxxxxxxxxxxxxxxxxxxxxxxxxxxxxxxxxxxxxxxxxxxxxxxxxxxxxxxxxxxxxxxxxxxxxxxxxxxxxxxxxxxxxxxxxxxxxxxxxxxxxxxxxxxxxxxxxxxxxxxxxxxxxxxxxxxxxxxxxxxxxxxxxxxxxxxxxxxxxxxxxxxxxxxxxxxxxxxxxxxxxxxxxxxxxxxxxxxxxxxxxxxxxxxxxxxxxxxxxxxxxxxxxxxxxxxxxxxxxxxxxxxxxxxxxxxxxxxxxxxxxxxxxxxxxxxxxxxxxxxxxxxxxxxxxxxxxxxxxxxxxxxxxxxxxxxxxxxxxxxxxxxxxxx
Build: sample @ 768c905de66506b6; review: NONE
Recommendation: UNRECORDED
Open S0/S1: []
Reviewer: UNRECORDED; authors: ['author-1']
Fact status: 0 cited records without current independent verification
Subject authority: 0 finding(s): []
Standalone: NOT_STAGED
Approval reference: NOT_RECORDED
Build: sample @ 768c905de66506b6; review: 768c905de66506b6
Recommendation: revise
Open S0/S1: ['F-1']
Reviewer: reviewer-2; authors: ['author-1']
Fact status: 1 cited records without current independent verificationok
test_owner_acceptance_also_publishes_the_staged_standalone_page (test_publication.Publication.test_owner_acceptance_also_publishes_the_staged_standalone_page) ... ok
test_owner_decline_leaves_public_untouched (test_publication.Publication.test_owner_decline_leaves_public_untouched) ... ok
test_quality_report_cli_default_is_advisory_strict_is_for_tool_tests (test_publication.Publication.test_quality_report_cli_default_is_advisory_strict_is_for_tool_tests) ... ok
test_the_acceptance_records_what_the_release_decision_rested_on (test_publication.Publication.test_the_acceptance_records_what_the_release_decision_rested_on) ... ok
test_the_learner_pdf_a_page_links_is_published_beside_it_and_the_key_pdf_never_is (test_publication.Publication.test_the_learner_pdf_a_page_links_is_published_beside_it_and_the_key_pdf_never_is) ... ok
test_a_changed_state_scope_attribute_is_refused (test_publication.VerifyRender.test_a_changed_state_scope_attribute_is_refused) ... ok
test_a_render_stamped_in_both_fields_verifies (test_publication.VerifyRender.test_a_render_stamped_in_both_fields_verifies) ... ok
test_the_digest_anywhere_else_in_a_page_is_refused (test_publication.VerifyRender.test_the_digest_anywhere_else_in_a_page_is_refused) ... ok
test_at_least_one_run_is_committed_so_this_sweep_is_not_vacuous (test_publication_engine.CommittedPublications.test_at_least_one_run_is_committed_so_this_sweep_is_not_vacuous) ... ok
test_every_committed_run_verifies_against_its_own_runtime (test_publication_engine.CommittedPublications.test_every_committed_run_verifies_against_its_own_runtime) ... 
  test_every_committed_run_verifies_against_its_own_runtime (test_publication_engine.CommittedPublications.test_every_committed_run_verifies_against_its_own_runtime) (publication='Physics\\content\\relative-motion-g9\\publication') ... ERROR
  test_every_committed_run_verifies_against_its_own_runtime (test_publication_engine.CommittedPublications.test_every_committed_run_verifies_against_its_own_runtime) (publication='Physics\\content\\relative-motion-library\\publication') ... ERROR
test_regeneration_refuses_to_change_what_a_learner_reads (test_publication_engine.CommittedPublications.test_regeneration_refuses_to_change_what_a_learner_reads) ... FAIL
test_regeneration_reports_the_change_when_it_is_asked_for (test_publication_engine.CommittedPublications.test_regeneration_reports_the_change_when_it_is_asked_for) ... ERROR
test_the_runtime_snapshot_covers_everything_the_engine_imports (test_publication_engine.CommittedPublications.test_the_runtime_snapshot_covers_everything_the_engine_imports) ... FAIL
test_every_declared_comparison_in_every_subject_contract_is_implemented (test_publication_engine.DeclaredComparisons.test_every_declared_comparison_in_every_subject_contract_is_implemented) ... ok
test_exact_rational_rejects_what_a_tolerance_would_accept (test_publication_engine.DeclaredComparisons.test_exact_rational_rejects_what_a_tolerance_would_accept) ... ok
test_unknown_declared_comparison_fails_closed (test_publication_engine.DeclaredComparisons.test_unknown_declared_comparison_fails_closed) ... ok
setUpClass (test_publication_engine.ElicitedRevealIsClosedAndOrdered) ... ERROR
test_composed_products_match_the_committed_publication_byte_for_byte (test_publication_engine.PortRegression.test_composed_products_match_the_committed_publication_byte_for_byte) ... ERROR
test_publishes_with_the_basis_digest_recorded_before_the_port (test_publication_engine.PortRegression.test_publishes_with_the_basis_digest_recorded_before_the_port) ... ERROR
test_a_reveal_before_its_prompt_is_refused (test_publication_engine.RevealPlacementIsValidated.test_a_reveal_before_its_prompt_is_refused) ... ok
test_a_reveal_naming_a_block_that_is_not_there_is_refused (test_publication_engine.RevealPlacementIsValidated.test_a_reveal_naming_a_block_that_is_not_there_is_refused) ... ok
test_a_reveal_whose_prompt_is_itself_hidden_is_refused (test_publication_engine.RevealPlacementIsValidated.test_a_reveal_whose_prompt_is_itself_hidden_is_refused) ... ok
test_an_unknown_placement_is_refused_rather_than_treated_as_teaching (test_publication_engine.RevealPlacementIsValidated.test_an_unknown_placement_is_refused_rather_than_treated_as_teaching) ... ok
test_owner_board_renders_whatever_subject_the_adapter_declares (test_publication_engine.SubjectNeutrality.test_owner_board_renders_whatever_subject_the_adapter_declares) ... ok
test_plan_subject_must_match_the_injected_adapter (test_publication_engine.SubjectNeutrality.test_plan_subject_must_match_the_injected_adapter) ... ok
test_a_shape_with_no_rendering_is_held_for_review_rather_than_published (test_publication_engine.UnpublishableResultShapes.test_a_shape_with_no_rendering_is_held_for_review_rather_than_published) ... ok
test_exact_rationals_became_publishable_when_a_second_subject_needed_them (test_publication_engine.UnpublishableResultShapes.test_exact_rationals_became_publishable_when_a_second_subject_needed_them) ... ok
test_unimplemented_family_is_held_for_review (test_publication_engine.UnpublishableResultShapes.test_unimplemented_family_is_held_for_review) ... ok
test_a_resultant_that_disagrees_with_its_own_operands_is_refused (test_publication_engine.VectorSubtractionIsAConstruction.test_a_resultant_that_disagrees_with_its_own_operands_is_refused) ... ok
test_a_zero_subtrahend_is_refused (test_publication_engine.VectorSubtractionIsAConstruction.test_a_zero_subtrahend_is_refused) ... ok
test_an_operand_missing_its_symbol_or_atoms_is_refused (test_publication_engine.VectorSubtractionIsAConstruction.test_an_operand_missing_its_symbol_or_atoms_is_refused) ... ok
test_an_undeclared_frame_or_axis_or_unit_is_refused (test_publication_engine.VectorSubtractionIsAConstruction.test_an_undeclared_frame_or_axis_or_unit_is_refused) ... ok
test_it_draws_all_four_vectors_of_the_construction (test_publication_engine.VectorSubtractionIsAConstruction.test_it_draws_all_four_vectors_of_the_construction) ... ok
test_it_may_only_draw_values_it_declared_as_its_own_source_atoms (test_publication_engine.VectorSubtractionIsAConstruction.test_it_may_only_draw_values_it_declared_as_its_own_source_atoms) ... ok
test_the_committed_scene_instance_renders_in_a_publication (test_publication_engine.VectorSubtractionIsAConstruction.test_the_committed_scene_instance_renders_in_a_publication) ... ERROR
test_the_reversed_vector_starts_where_the_first_one_ends (test_publication_engine.VectorSubtractionIsAConstruction.test_the_reversed_vector_starts_where_the_first_one_ends) ... ok
test_active_explorer_blueprint_requires_chromium_even_without_kind (test_qrt_content_self_audit.QRTContentSelfAuditTests.test_active_explorer_blueprint_requires_chromium_even_without_kind) ... ok
test_chromium_receipt_is_bound_to_exact_artifact_and_report_bytes (test_qrt_content_self_audit.QRTContentSelfAuditTests.test_chromium_receipt_is_bound_to_exact_artifact_and_report_bytes) ... ok
test_every_hint_requires_self_audit (test_qrt_content_self_audit.QRTContentSelfAuditTests.test_every_hint_requires_self_audit) ... ok
test_every_named_check_requires_its_own_evidence (test_qrt_content_self_audit.QRTContentSelfAuditTests.test_every_named_check_requires_its_own_evidence) ... ok
test_failed_calculation_check_blocks (test_qrt_content_self_audit.QRTContentSelfAuditTests.test_failed_calculation_check_blocks) ... ok
test_hint_audit_requires_purpose_fit_and_actionable_specificity (test_qrt_content_self_audit.QRTContentSelfAuditTests.test_hint_audit_requires_purpose_fit_and_actionable_specificity) ... ok
test_interactive_page_requires_chromium_receipt (test_qrt_content_self_audit.QRTContentSelfAuditTests.test_interactive_page_requires_chromium_receipt) ... ok
test_linked_interactive_node_cannot_point_to_noninteractive_artifact (test_qrt_content_self_audit.QRTContentSelfAuditTests.test_linked_interactive_node_cannot_point_to_noninteractive_artifact) ... ok
test_linked_interactive_node_must_register_artifact (test_qrt_content_self_audit.QRTContentSelfAuditTests.test_linked_interactive_node_must_register_artifact) ... ok
test_report_cannot_claim_pass_with_hidden_browser_failure (test_qrt_content_self_audit.QRTContentSelfAuditTests.test_report_cannot_claim_pass_with_hidden_browser_failure) ... ok
test_solution_calculation_reference_must_resolve (test_qrt_content_self_audit.QRTContentSelfAuditTests.test_solution_calculation_reference_must_resolve) ... ok
test_bidirectional_core2_core1a_lineage_is_required (test_qrt_pipeline_guard.QRTPipelineGuardTests.test_bidirectional_core2_core1a_lineage_is_required) ... ok
test_competition_source_cannot_be_presented_as_verified_without_source_authority (test_qrt_pipeline_guard.QRTPipelineGuardTests.test_competition_source_cannot_be_presented_as_verified_without_source_authority) ... ok
test_core1a_publication_requires_canonical_truth (test_qrt_pipeline_guard.QRTPipelineGuardTests.test_core1a_publication_requires_canonical_truth) ... ok
test_invented_blueprint_ref_is_rejected (test_qrt_pipeline_guard.QRTPipelineGuardTests.test_invented_blueprint_ref_is_rejected) ... ok
test_normalized_question_must_still_be_verbatim_from_owner_prompt (test_qrt_pipeline_guard.QRTPipelineGuardTests.test_normalized_question_must_still_be_verbatim_from_owner_prompt) ... ok
test_owner_facts_must_bind_to_real_owner_event (test_qrt_pipeline_guard.QRTPipelineGuardTests.test_owner_facts_must_bind_to_real_owner_event) ... ok
test_partly_or_no_review_requires_fix_and_all_12_asks (test_qrt_pipeline_guard.QRTPipelineGuardTests.test_partly_or_no_review_requires_fix_and_all_12_asks) ... ok
test_post_attempt_resource_is_not_a_preattempt_leak (test_qrt_pipeline_guard.QRTPipelineGuardTests.test_post_attempt_resource_is_not_a_preattempt_leak) ... ok
test_revision_and_competition_have_distinct_governed_delivery_contracts (test_qrt_pipeline_guard.QRTPipelineGuardTests.test_revision_and_competition_have_distinct_governed_delivery_contracts) ... ok
test_transitive_preattempt_link_that_exposes_w_is_a_leak (test_qrt_pipeline_guard.QRTPipelineGuardTests.test_transitive_preattempt_link_that_exposes_w_is_a_leak) ... ok
test_validation_layers_cannot_be_collapsed_into_self_certified_overall_pass (test_qrt_pipeline_guard.QRTPipelineGuardTests.test_validation_layers_cannot_be_collapsed_into_self_certified_overall_pass) ... ok
test_x_must_not_contain_verified_answer (test_qrt_pipeline_guard.QRTPipelineGuardTests.test_x_must_not_contain_verified_answer) ... ok
test_y_requires_demonstrated_bridge (test_qrt_pipeline_guard.QRTPipelineGuardTests.test_y_requires_demonstrated_bridge) ... ok
test_z_and_w_cannot_collapse_while_preattempt_scaffolding_exists (test_qrt_pipeline_guard.QRTPipelineGuardTests.test_z_and_w_cannot_collapse_while_preattempt_scaffolding_exists) ... ok
test_compressed_construction_and_unbridged_prerequisite (test_quality_contract.CatchesDegradedUnits.test_compressed_construction_and_unbridged_prerequisite) ... ok
test_generic_support_repeated_across_items (test_quality_contract.CatchesDegradedUnits.test_generic_support_repeated_across_items) ... ok
test_missing_representation_and_short_ladder (test_quality_contract.CatchesDegradedUnits.test_missing_representation_and_short_ladder) ... ok
test_placeholder_and_escape_state (test_quality_contract.CatchesDegradedUnits.test_placeholder_and_escape_state) ... ok
test_solution_visible_before_an_attempt (test_quality_contract.CatchesDegradedUnits.test_solution_visible_before_an_attempt) ... ok
test_calibration_passes_including_the_question_bank_reference (test_quality_contract.Contract.test_calibration_passes_including_the_question_bank_reference) ... skipped 'reference R2 commit not fetched (git fetch origin feat/all-cores-curriculum-and-speed-hacks)'
test_contract_is_well_formed_and_encodes_every_reference_grammar_step (test_quality_contract.Contract.test_contract_is_well_formed_and_encodes_every_reference_grammar_step) ... ok
test_every_negative_specimen_fails_for_its_audited_findings (test_quality_contract.Contract.test_every_negative_specimen_fails_for_its_audited_findings) ... ok
test_browser_safety_facts_pass_at_zero_and_fail_when_protected_search_matches (test_quality_contract.RenderedMetadataSafety.test_browser_safety_facts_pass_at_zero_and_fail_when_protected_search_matches) ... ok
test_new_browser_safety_rules_are_not_measured_without_browser_facts (test_quality_contract.RenderedMetadataSafety.test_new_browser_safety_rules_are_not_measured_without_browser_facts) ... ok
test_mathematics_and_chemistry_samples_are_valid_and_pass_every_unit_rule (test_quality_contract.SubjectNeutral.test_mathematics_and_chemistry_samples_are_valid_and_pass_every_unit_rule) ... ok
test_product_figure_kind_comes_from_subject_core_contract (test_quality_contract.SubjectNeutral.test_product_figure_kind_comes_from_subject_core_contract) ... ok
test_subject_vocabulary_decides_figure_kinds_and_check_types (test_quality_contract.SubjectNeutral.test_subject_vocabulary_decides_figure_kinds_and_check_types) ... ok
test_a_pre_attempt_figure_captioned_with_its_purpose_fails (test_quality_gate.Gate.test_a_pre_attempt_figure_captioned_with_its_purpose_fails) ... ERROR
test_a_pre_attempt_figure_that_only_hides_later_stages_fails (test_quality_gate.Gate.test_a_pre_attempt_figure_that_only_hides_later_stages_fails) ... ERROR
test_a_report_cannot_claim_pass_with_findings (test_quality_gate.Gate.test_a_report_cannot_claim_pass_with_findings) ... ERROR
test_complete_product_passes_and_the_report_is_valid (test_quality_gate.Gate.test_complete_product_passes_and_the_report_is_valid) ... ERROR
test_complete_records_render_without_gaps (test_quality_gate.Gate.test_complete_records_render_without_gaps) ... ERROR
test_core1_mounts_the_compact_anchor_figure (test_quality_gate.Gate.test_core1_mounts_the_compact_anchor_figure) ... ERROR
test_core1b_mounts_its_own_task_figure (test_quality_gate.Gate.test_core1b_mounts_its_own_task_figure) ... ERROR
test_every_owner_input_must_resolve_to_a_rendered_unit (test_quality_gate.Gate.test_every_owner_input_must_resolve_to_a_rendered_unit) ... ERROR
test_lineage_to_a_core1a_worked_anchor_links_to_its_microtopic (test_quality_gate.Gate.test_lineage_to_a_core1a_worked_anchor_links_to_its_microtopic) ... ERROR
test_one_scene_reused_for_different_items_fails (test_quality_gate.Gate.test_one_scene_reused_for_different_items_fails) ... ERROR
test_pre_attempt_figure_that_shows_the_result_fails (test_quality_gate.Gate.test_pre_attempt_figure_that_shows_the_result_fails) ... ERROR
test_success_criteria_and_ids_stay_out_of_the_pre_attempt_page (test_quality_gate.Gate.test_success_criteria_and_ids_stay_out_of_the_pre_attempt_page) ... ERROR
test_thin_real_product_fails_as_a_draft (test_quality_gate.Gate.test_thin_real_product_fails_as_a_draft) ... ok
test_ungated_answer_and_broken_lineage_fail (test_quality_gate.Gate.test_ungated_answer_and_broken_lineage_fail) ... ERROR
test_withheld_stages_are_absent_from_the_markup_not_hidden (test_quality_gate.Gate.test_withheld_stages_are_absent_from_the_markup_not_hidden) ... ERROR
test_every_committed_library_is_admitted_by_intake (test_question_admission.Library.test_every_committed_library_is_admitted_by_intake)
The gate of record: the one that runs in CI over every committed library, not one a registration brings with it. ... 
  test_every_committed_library_is_admitted_by_intake (test_question_admission.Library.test_every_committed_library_is_admitted_by_intake) (package='linear-equations.v1.json')
The gate of record: the one that runs in CI over every committed library, not one a registration brings with it. ... FAIL
test_no_record_the_library_holds_is_refused_by_a_blocking_point (test_question_admission.Library.test_no_record_the_library_holds_is_refused_by_a_blocking_point)
The points were measured against pull request 375 and must not refuse what was authored before it. ... ok
test_a_concept_the_question_declares_in_its_specification_is_held_to_the_policy (test_question_admission.Points.test_a_concept_the_question_declares_in_its_specification_is_held_to_the_policy)
The typed way: problem_specification.concept_refs names the concepts. Every DEFER concept, by its own id, however the id is spelled. ... ok
test_a_deferred_concept_is_refused_unless_the_record_is_routed_as_an_extension (test_question_admission.Points.test_a_deferred_concept_is_refused_unless_the_record_is_routed_as_an_extension)
Q-PHY-KIN-2D-SRC-45 of pull request 375: angular momentum under a projectile capability. The capability tag was in scope; the question was not. ... ok
test_a_good_record_has_no_finding (test_question_admission.Points.test_a_good_record_has_no_finding) ... ok
test_a_key_nobody_ran_does_not_enter_a_library (test_question_admission.Points.test_a_key_nobody_ran_does_not_enter_a_library) ... ok
test_a_number_a_hint_relies_on_that_the_stem_does_not_give_is_said_not_held (test_question_admission.Points.test_a_number_a_hint_relies_on_that_the_stem_does_not_give_is_said_not_held) ... ok
test_a_question_that_excludes_a_deferred_concept_is_not_refused (test_question_admission.Points.test_a_question_that_excludes_a_deferred_concept_is_not_refused)
A Grade-9 question on a pulley says 'Do not invent a torque equation': it excludes the concept. ... ok
test_a_stem_cut_off_mid_sentence_is_said (test_question_admission.Points.test_a_stem_cut_off_mid_sentence_is_said) ... ok
test_a_stem_made_of_the_records_own_hints_is_refused (test_question_admission.Points.test_a_stem_made_of_the_records_own_hints_is_refused)
Q-PHY-KIN-2D-SRC-40 of pull request 375: the stem is the sentences of the solution. ... ok
test_a_stem_that_asks_nothing_is_refused (test_question_admission.Points.test_a_stem_that_asks_nothing_is_refused) ... ok
test_an_answer_is_worked (test_question_admission.Points.test_an_answer_is_worked) ... ok
test_an_answer_that_could_stand_under_any_question_is_refused (test_question_admission.Points.test_an_answer_that_could_stand_under_any_question_is_refused)
The 244 records of pull request 375 said 'Apply 2D projectile kinematic decomposition.' under every question. ... ok
test_intake_blocks_on_the_blocking_points_and_only_reports_the_others (test_question_admission.Points.test_intake_blocks_on_the_blocking_points_and_only_reports_the_others) ... ok
test_options_that_are_their_letters_are_refused (test_question_admission.Points.test_options_that_are_their_letters_are_refused) ... ok
test_the_registry_and_the_module_name_the_same_points_with_the_same_severity (test_question_admission.Registry.test_the_registry_and_the_module_name_the_same_points_with_the_same_severity) ... ok
test_the_thresholds_are_the_ones_the_registry_states (test_question_admission.Registry.test_the_thresholds_are_the_ones_the_registry_states) ... ok
test_a_deferred_entry_that_names_a_document_row_is_held_to_that_row (test_question_admission.Scope.test_a_deferred_entry_that_names_a_document_row_is_held_to_that_row) ... ok
test_every_deferred_concept_in_the_policy_is_refused_unless_routed (test_question_admission.Scope.test_every_deferred_concept_in_the_policy_is_refused_unless_routed)
Generated from the policy file, not from a list of its own: each DEFER or PROHIBITED concept, by each of its terms; blocking for a document row, said otherwise. ... ok
test_every_owner_is_a_package_that_exists (test_question_admission.Scope.test_every_owner_is_a_package_that_exists) ... ok
test_every_waiver_route_is_one_the_document_names (test_question_admission.Scope.test_every_waiver_route_is_one_the_document_names) ... ok
test_the_policy_satisfies_its_schema (test_question_admission.Scope.test_the_policy_satisfies_its_schema) ... ok
test_a_clean_process_reproduces_the_build_under_any_hash_seed (test_question_bank_determinism.BuildScheduleIndependence.test_a_clean_process_reproduces_the_build_under_any_hash_seed) ... ok
test_no_worker_mutates_what_it_reads (test_question_bank_determinism.BuildScheduleIndependence.test_no_worker_mutates_what_it_reads) ... ok
test_repeating_a_build_in_one_process_does_not_drift (test_question_bank_determinism.BuildScheduleIndependence.test_repeating_a_build_in_one_process_does_not_drift) ... ok
test_reversed_and_shuffled_orders_of_independent_workers_change_nothing (test_question_bank_determinism.BuildScheduleIndependence.test_reversed_and_shuffled_orders_of_independent_workers_change_nothing) ... ok
test_running_independent_workers_in_parallel_changes_nothing (test_question_bank_determinism.BuildScheduleIndependence.test_running_independent_workers_in_parallel_changes_nothing) ... ok
test_the_fixture_gives_dedup_and_lineage_something_to_report (test_question_bank_determinism.BuildScheduleIndependence.test_the_fixture_gives_dedup_and_lineage_something_to_report) ... ok
test_a_cycle_is_named_instead_of_looping (test_question_bank_determinism.GraphContract.test_a_cycle_is_named_instead_of_looping) ... ok
test_an_order_that_drops_or_invents_a_worker_is_refused (test_question_bank_determinism.GraphContract.test_an_order_that_drops_or_invents_a_worker_is_refused) ... ok
test_dependents_wait_for_their_needs_under_every_order (test_question_bank_determinism.GraphContract.test_dependents_wait_for_their_needs_under_every_order) ... ok
test_duplicate_worker_ids_are_refused (test_question_bank_determinism.GraphContract.test_duplicate_worker_ids_are_refused) ... ok
test_a_dependent_node_reruns_from_only_the_node_it_needs (test_question_bank_determinism.IsolatedNodeRerun.test_a_dependent_node_reruns_from_only_the_node_it_needs) ... ok
test_a_node_cannot_run_without_what_it_needs (test_question_bank_determinism.IsolatedNodeRerun.test_a_node_cannot_run_without_what_it_needs) ... ok
test_each_independent_node_alone_reproduces_its_receipt (test_question_bank_determinism.IsolatedNodeRerun.test_each_independent_node_alone_reproduces_its_receipt) ... ok
test_no_worker_mutates_the_records_the_workers_share (test_question_bank_determinism.IsolatedNodeRerun.test_no_worker_mutates_the_records_the_workers_share) ... ok
test_the_committed_corpus_builds_identically_however_it_is_scheduled (test_question_bank_determinism.LiveCorpus.test_the_committed_corpus_builds_identically_however_it_is_scheduled) ... ok
test_a_new_subject_is_traceable_end_to_end_without_a_central_branch (test_question_bank_lineage_witnesses.BiologyWitness.test_a_new_subject_is_traceable_end_to_end_without_a_central_branch) ... ok
test_a_drifted_deployment_copy_is_reported_not_assumed (test_question_bank_lineage_witnesses.BrokenChainsAreNamed.test_a_drifted_deployment_copy_is_reported_not_assumed) ... ok
test_a_question_missing_from_its_detail_shard_is_a_named_broken_link (test_question_bank_lineage_witnesses.BrokenChainsAreNamed.test_a_question_missing_from_its_detail_shard_is_a_named_broken_link) ... ok
test_an_unknown_id_has_no_trace (test_question_bank_lineage_witnesses.LiveWitnesses.test_an_unknown_id_has_no_trace) ... ok
test_chemistry_witness_traces_from_bank_to_deployment (test_question_bank_lineage_witnesses.LiveWitnesses.test_chemistry_witness_traces_from_bank_to_deployment) ... ok
test_every_live_question_has_an_unbroken_chain (test_question_bank_lineage_witnesses.LiveWitnesses.test_every_live_question_has_an_unbroken_chain) ... ok
test_physics_witness_traces_from_bank_to_deployment (test_question_bank_lineage_witnesses.LiveWitnesses.test_physics_witness_traces_from_bank_to_deployment) ... ok
test_the_command_line_explains_with_the_same_trace (test_question_bank_lineage_witnesses.LiveWitnesses.test_the_command_line_explains_with_the_same_trace) ... ok
test_a_real_canonical_mathematics_record_enters_through_the_package_adapter (test_question_bank_lineage_witnesses.MathematicsWitness.test_a_real_canonical_mathematics_record_enters_through_the_package_adapter) ... ok
test_canonical_mathematics_linear_equations_are_admitted (test_question_bank_lineage_witnesses.MathematicsWitness.test_canonical_mathematics_linear_equations_are_admitted) ... ok
test_a_near_duplicate_is_reported_and_an_unrelated_pair_is_not (test_question_bank_platform.QuestionBankPlatformTest.test_a_near_duplicate_is_reported_and_an_unrelated_pair_is_not) ... ok
test_a_topic_link_that_does_not_resolve_fails_the_build (test_question_bank_platform.QuestionBankPlatformTest.test_a_topic_link_that_does_not_resolve_fails_the_build) ... ok
test_build_identity_and_worker_receipts_are_deterministic (test_question_bank_platform.QuestionBankPlatformTest.test_build_identity_and_worker_receipts_are_deterministic) ... ok
test_catalog_search_resource_and_explain_are_generated_from_records (test_question_bank_platform.QuestionBankPlatformTest.test_catalog_search_resource_and_explain_are_generated_from_records) ... ok
test_changing_a_topic_link_changes_the_build_identity (test_question_bank_platform.QuestionBankPlatformTest.test_changing_a_topic_link_changes_the_build_identity) ... ok
test_dedup_layers_produce_compact_evidence_without_deleting (test_question_bank_platform.QuestionBankPlatformTest.test_dedup_layers_produce_compact_evidence_without_deleting) ... ok
test_direct_script_entrypoints_import_without_repo_pythonpath (test_question_bank_platform.QuestionBankPlatformTest.test_direct_script_entrypoints_import_without_repo_pythonpath) ... ok
test_duplicate_canonical_id_fails_closed (test_question_bank_platform.QuestionBankPlatformTest.test_duplicate_canonical_id_fails_closed) ... ok
test_exact_dedup_preserves_mathematical_operators (test_question_bank_platform.QuestionBankPlatformTest.test_exact_dedup_preserves_mathematical_operators) ... ok
test_explicit_stable_topic_identity_survives_label_change (test_question_bank_platform.QuestionBankPlatformTest.test_explicit_stable_topic_identity_survives_label_change) ... ok
test_live_projection_builds_shared_contracts_without_changing_denominator (test_question_bank_platform.QuestionBankPlatformTest.test_live_projection_builds_shared_contracts_without_changing_denominator) ... ok
test_live_subtopic_labels_come_from_records_and_the_rest_are_marked (test_question_bank_platform.QuestionBankPlatformTest.test_live_subtopic_labels_come_from_records_and_the_rest_are_marked) ... ok
test_live_summaries_and_views_agree_with_the_catalog (test_question_bank_platform.QuestionBankPlatformTest.test_live_summaries_and_views_agree_with_the_catalog) ... ok
test_near_duplicate_search_says_when_it_declined_to_look (test_question_bank_platform.QuestionBankPlatformTest.test_near_duplicate_search_says_when_it_declined_to_look) ... ok
test_only_an_unambiguous_owning_microtopic_titles_a_capability (test_question_bank_platform.QuestionBankPlatformTest.test_only_an_unambiguous_owning_microtopic_titles_a_capability) ... ok
test_package_adapter_is_shape_driven_and_requires_explicit_opt_in (test_question_bank_platform.QuestionBankPlatformTest.test_package_adapter_is_shape_driven_and_requires_explicit_opt_in) ... ok
test_recorded_topic_link_puts_a_discovered_suite_in_the_question_topic (test_question_bank_platform.QuestionBankPlatformTest.test_recorded_topic_link_puts_a_discovered_suite_in_the_question_topic) ... ok
test_resource_discovery_uses_data_records_not_subject_branches (test_question_bank_platform.QuestionBankPlatformTest.test_resource_discovery_uses_data_records_not_subject_branches) ... ok
test_saved_views_are_membership_in_the_catalog_and_may_not_dangle (test_question_bank_platform.QuestionBankPlatformTest.test_saved_views_are_membership_in_the_catalog_and_may_not_dangle) ... ok
test_subtopic_titles_are_part_of_the_build_identity (test_question_bank_platform.QuestionBankPlatformTest.test_subtopic_titles_are_part_of_the_build_identity) ... ok
test_subtopics_carry_a_canonical_title_or_say_they_have_none (test_question_bank_platform.QuestionBankPlatformTest.test_subtopics_carry_a_canonical_title_or_say_they_have_none) ... ok
test_summaries_carry_what_a_result_list_needs_and_nothing_of_the_study_detail (test_question_bank_platform.QuestionBankPlatformTest.test_summaries_carry_what_a_result_list_needs_and_nothing_of_the_study_detail) ... ok
test_the_build_receipt_carries_whether_the_near_duplicate_search_was_complete (test_question_bank_platform.QuestionBankPlatformTest.test_the_build_receipt_carries_whether_the_near_duplicate_search_was_complete) ... ok
test_truncated_candidate_lists_are_counted (test_question_bank_platform.QuestionBankPlatformTest.test_truncated_candidate_lists_are_counted) ... ok
test_variant_evidence_does_not_expand_quadratically (test_question_bank_platform.QuestionBankPlatformTest.test_variant_evidence_does_not_expand_quadratically) ... ok
test_detail_shards_cover_current_denominator_without_eager_global_payload (test_question_bank_platform_runtime.QuestionBankPlatformRuntimeTest.test_detail_shards_cover_current_denominator_without_eager_global_payload) ... ok
test_lineage_witness_resolves_canonical_bank_path (test_question_bank_platform_runtime.QuestionBankPlatformRuntimeTest.test_lineage_witness_resolves_canonical_bank_path) ... ok
test_manifest_declares_bootstrap_and_on_demand_detail_shards (test_question_bank_platform_runtime.QuestionBankPlatformRuntimeTest.test_manifest_declares_bootstrap_and_on_demand_detail_shards) ... ok
test_browser_projection_is_current (test_question_bank_web.QuestionBankWebTest.test_browser_projection_is_current) ... ok
test_browser_runtimes_parse_and_do_not_use_inner_html (test_question_bank_web.QuestionBankWebTest.test_browser_runtimes_parse_and_do_not_use_inner_html) ... ok
test_canonical_counts_and_topics (test_question_bank_web.QuestionBankWebTest.test_canonical_counts_and_topics) ... ok
test_destinations_include_governed_master_suites (test_question_bank_web.QuestionBankWebTest.test_destinations_include_governed_master_suites) ... ok
test_question_bank_page_has_a_modal_study_dialog (test_question_bank_web.QuestionBankWebTest.test_question_bank_page_has_a_modal_study_dialog) ... ok
test_question_bank_page_has_shared_shell_and_starts_from_the_manifest (test_question_bank_web.QuestionBankWebTest.test_question_bank_page_has_shared_shell_and_starts_from_the_manifest) ... ok
test_selected_d3d4_view_is_exact_and_canonical (test_question_bank_web.QuestionBankWebTest.test_selected_d3d4_view_is_exact_and_canonical) ... ok
test_source_hints_are_not_authored_scaffolds (test_question_bank_web.QuestionBankWebTest.test_source_hints_are_not_authored_scaffolds) ... ok
test_the_runtime_names_no_subject_topic_or_resource_from_the_corpus (test_question_bank_web.QuestionBankWebTest.test_the_runtime_names_no_subject_topic_or_resource_from_the_corpus)
Adding a subject must never need a branch in the runtime (#359 falsifier, derived from the corpus). ... ok
test_adapter_cannot_smuggle_unknown_representation_or_check_type (test_question_review_matrix.QuestionReviewMatrixTests.test_adapter_cannot_smuggle_unknown_representation_or_check_type) ... ok
test_all_subject_adapters_cover_the_same_seven_demands_and_use_controlled_vocabularies (test_question_review_matrix.QuestionReviewMatrixTests.test_all_subject_adapters_cover_the_same_seven_demands_and_use_controlled_vocabularies) ... ok
test_cells_are_semantically_distinct_without_using_ids_as_the_difference (test_question_review_matrix.QuestionReviewMatrixTests.test_cells_are_semantically_distinct_without_using_ids_as_the_difference) ... ok
test_compiler_emits_exactly_twenty_eight_unique_cells (test_question_review_matrix.QuestionReviewMatrixTests.test_compiler_emits_exactly_twenty_eight_unique_cells) ... ok
test_core2b_transfer_uses_protected_move_as_w (test_question_review_matrix.QuestionReviewMatrixTests.test_core2b_transfer_uses_protected_move_as_w) ... ok
test_every_cell_has_twelve_semantic_asks_and_protects_w (test_question_review_matrix.QuestionReviewMatrixTests.test_every_cell_has_twelve_semantic_asks_and_protects_w) ... ok
test_gate_delta_does_not_reimplement_or_score_gate_rules (test_question_review_matrix.QuestionReviewMatrixTests.test_gate_delta_does_not_reimplement_or_score_gate_rules) ... ok
test_gate_delta_refuses_non_gate_reports_and_cross_product_comparisons (test_question_review_matrix.QuestionReviewMatrixTests.test_gate_delta_refuses_non_gate_reports_and_cross_product_comparisons) ... ok
test_gate_delta_uses_tool_written_reports_and_reports_new_closed_and_persisting (test_question_review_matrix.QuestionReviewMatrixTests.test_gate_delta_uses_tool_written_reports_and_reports_new_closed_and_persisting) ... ok
test_generated_projection_is_exact_compiler_output (test_question_review_matrix.QuestionReviewMatrixTests.test_generated_projection_is_exact_compiler_output) ... ok
test_missing_demand_and_scoring_mutations_are_refused (test_question_review_matrix.QuestionReviewMatrixTests.test_missing_demand_and_scoring_mutations_are_refused) ... ok
test_no_numeric_quality_score_contract_exists (test_question_review_matrix.QuestionReviewMatrixTests.test_no_numeric_quality_score_contract_exists) ... ok
test_percentage_never_routes_or_changes_slots (test_question_review_matrix.QuestionReviewMatrixTests.test_percentage_never_routes_or_changes_slots) ... ok
test_pr3_math_pilot_exercises_five_real_source_question_cells (test_question_review_matrix.QuestionReviewMatrixTests.test_pr3_math_pilot_exercises_five_real_source_question_cells) ... FAIL
test_pr3_pilot_records_render_normalization_blockers_instead_of_claiming_acceptance (test_question_review_matrix.QuestionReviewMatrixTests.test_pr3_pilot_records_render_normalization_blockers_instead_of_claiming_acceptance) ... ok
test_primary_demand_and_band_are_orthogonal_axes (test_question_review_matrix.QuestionReviewMatrixTests.test_primary_demand_and_band_are_orthogonal_axes) ... ok
test_product_review_projection_emits_only_actionable_findings (test_question_review_matrix.QuestionReviewMatrixTests.test_product_review_projection_emits_only_actionable_findings) ... ok
test_product_review_projection_refuses_unknown_verdicts_and_severities (test_question_review_matrix.QuestionReviewMatrixTests.test_product_review_projection_refuses_unknown_verdicts_and_severities) ... ok
test_product_review_schema_declares_qrt_traceability_without_new_authority (test_question_review_matrix.QuestionReviewMatrixTests.test_product_review_schema_declares_qrt_traceability_without_new_authority) ... ok
test_resolution_carries_digest_bound_basis (test_question_review_matrix.QuestionReviewMatrixTests.test_resolution_carries_digest_bound_basis) ... ok
test_resolver_refuses_missing_demand_or_band_instead_of_inferring (test_question_review_matrix.QuestionReviewMatrixTests.test_resolver_refuses_missing_demand_or_band_instead_of_inferring) ... ok
test_resolver_selects_one_cell_and_fills_learner_relative_slots (test_question_review_matrix.QuestionReviewMatrixTests.test_resolver_selects_one_cell_and_fills_learner_relative_slots) ... ok
test_same_base_cell_receives_subject_specific_guidance_without_changing_identity (test_question_review_matrix.QuestionReviewMatrixTests.test_same_base_cell_receives_subject_specific_guidance_without_changing_identity) ... ok
test_source_contract_is_valid_and_projection_is_current (test_question_review_matrix.QuestionReviewMatrixTests.test_source_contract_is_valid_and_projection_is_current) ... ok
test_vocabulary_has_exactly_seven_subject_neutral_demands (test_question_review_matrix.QuestionReviewMatrixTests.test_vocabulary_has_exactly_seven_subject_neutral_demands) ... ok
test_joined_atlas_core_portable_browser_contract (test_readiness_join_215.ReadinessJoin215BrowserRuntimeTest.test_joined_atlas_core_portable_browser_contract) ... skipped 'ChromeDriver is not available'
test_a_failure_that_was_already_there_is_not_new (test_regression_delta.CompareTests.test_a_failure_that_was_already_there_is_not_new) ... ok
test_a_head_that_ran_nothing_is_infrastructure_not_a_pass (test_regression_delta.CompareTests.test_a_head_that_ran_nothing_is_infrastructure_not_a_pass) ... ok
test_a_module_that_never_loaded_is_not_blamed_on_this_change (test_regression_delta.CompareTests.test_a_module_that_never_loaded_is_not_blamed_on_this_change) ... ok
test_a_module_that_stopped_loading_is_infrastructure (test_regression_delta.CompareTests.test_a_module_that_stopped_loading_is_infrastructure) ... ok
test_a_swap_is_a_regression_although_the_count_is_unchanged (test_regression_delta.CompareTests.test_a_swap_is_a_regression_although_the_count_is_unchanged) ... ok
test_ids_are_recorded_and_enforced (test_regression_delta.EndToEndTests.test_ids_are_recorded_and_enforced) ... ok
test_current_relative_motion_publication_is_not_accidentally_releasable (test_release_authority.CurrentRepositoryReleaseBoundary.test_current_relative_motion_publication_is_not_accidentally_releasable) ... ok
test_audit_detects_manifest_release_flag_bypass (test_release_authority.ReleaseAuthority.test_audit_detects_manifest_release_flag_bypass) ... ok
test_learner_route_change_stales_existing_release_receipt (test_release_authority.ReleaseAuthority.test_learner_route_change_stales_existing_release_receipt) ... ok
test_manifest_change_stales_existing_release_receipt (test_release_authority.ReleaseAuthority.test_manifest_change_stales_existing_release_receipt) ... ok
test_non_library_publication_cannot_receive_learner_release (test_release_authority.ReleaseAuthority.test_non_library_publication_cannot_receive_learner_release) ... ok
test_publication_manifest_cannot_self_authorize (test_release_authority.ReleaseAuthority.test_publication_manifest_cannot_self_authorize) ... ok
test_request_change_blocks_old_release_receipt (test_release_authority.ReleaseAuthority.test_request_change_blocks_old_release_receipt) ... ok
test_unbacked_learner_facing_record_blocks_release (test_release_authority.ReleaseAuthority.test_unbacked_learner_facing_record_blocks_release) ... ok
test_valid_release_binds_full_governed_chain (test_release_authority.ReleaseAuthority.test_valid_release_binds_full_governed_chain) ... ok
test_manifest_holds_selection_only (test_render_core.Manifest.test_manifest_holds_selection_only) ... ok
test_an_amendment_moves_the_ledger_to_a_deliberate_change_and_keeps_the_old_digest (test_render_core.Migration.test_an_amendment_moves_the_ledger_to_a_deliberate_change_and_keeps_the_old_digest) ... FAIL
test_historical_merge_preserves_family_and_question_records (test_render_core.Migration.test_historical_merge_preserves_family_and_question_records) ... ok
test_math_staged_ids_and_references_remain_in_canonical_package (test_render_core.Migration.test_math_staged_ids_and_references_remain_in_canonical_package) ... FAIL
test_a_draft_says_when_a_role_in_the_product_has_no_records (test_render_core.Renderer.test_a_draft_says_when_a_role_in_the_product_has_no_records)
A run found a Core2 product with no questions built 'successfully' (rc 0) with nothing said. ... ok
test_a_product_with_gaps_is_never_written_as_a_publication (test_render_core.Renderer.test_a_product_with_gaps_is_never_written_as_a_publication) ... 57 gap(s): nothing written. Run `render_core.py gaps` or `--draft`.
ok
test_a_rejected_selection_is_one_line_not_a_traceback (test_render_core.Renderer.test_a_rejected_selection_is_one_line_not_a_traceback)
A run that put a package question in the Core2 selection got a raw traceback. ... ok
test_authored_svg_asset_is_mounted_with_its_stages (test_render_core.Renderer.test_authored_svg_asset_is_mounted_with_its_stages) ... ok
test_authored_svg_without_accessible_name_and_description_is_a_typed_gap (test_render_core.Renderer.test_authored_svg_without_accessible_name_and_description_is_a_typed_gap) ... ok
test_core1a_attempt_remains_after_complete_construction (test_render_core.Renderer.test_core1a_attempt_remains_after_complete_construction) ... ok
test_core1a_browser_audit_contract_is_syntax_valid_and_covers_required_viewports (test_render_core.Renderer.test_core1a_browser_audit_contract_is_syntax_valid_and_covers_required_viewports) ... ok
test_core1a_bucket_orientation_uses_canonical_bucket_and_selected_route (test_render_core.Renderer.test_core1a_bucket_orientation_uses_canonical_bucket_and_selected_route) ... ok
test_core1a_companion_support_follows_each_unit_in_compact_dom_order (test_render_core.Renderer.test_core1a_companion_support_follows_each_unit_in_compact_dom_order) ... ok
test_core1a_construction_units_are_stable_deep_links_with_global_previous_next (test_render_core.Renderer.test_core1a_construction_units_are_stable_deep_links_with_global_previous_next) ... ok
test_core1a_core1b_and_core2_keep_distinct_learner_roles (test_render_core.Renderer.test_core1a_core1b_and_core2_keep_distinct_learner_roles) ... ok
test_core1a_derivation_heavy_witness_uses_teaching_path_without_synthetic_units (test_render_core.Renderer.test_core1a_derivation_heavy_witness_uses_teaching_path_without_synthetic_units) ... ok
test_core1a_difficulty_is_context_not_navigation_or_mastery_state (test_render_core.Renderer.test_core1a_difficulty_is_context_not_navigation_or_mastery_state) ... ok
test_core1a_relation_matrix_preserves_equation_meaning_and_validity_semantics (test_render_core.Renderer.test_core1a_relation_matrix_preserves_equation_meaning_and_validity_semantics) ... ok
test_core1a_repair_and_check_content_occupies_the_blueprint_support_lane (test_render_core.Renderer.test_core1a_repair_and_check_content_occupies_the_blueprint_support_lane) ... ok
test_core1a_structural_forms_compose_without_machine_archetype_classification (test_render_core.Renderer.test_core1a_structural_forms_compose_without_machine_archetype_classification) ... FAIL
test_core1a_tablet_contract_reuses_existing_shared_shell_invariants (test_render_core.Renderer.test_core1a_tablet_contract_reuses_existing_shared_shell_invariants) ... ok
test_core1a_watch_one_preserves_legacy_reasoning_and_check_without_fabricating_why (test_render_core.Renderer.test_core1a_watch_one_preserves_legacy_reasoning_and_check_without_fabricating_why) ... ok
test_core1a_watch_one_uses_structured_why_when_canonical_route_supplies_it (test_render_core.Renderer.test_core1a_watch_one_uses_structured_why_when_canonical_route_supplies_it) ... ok
test_core2a_and_core2b_repairs_return_to_exact_core1a_construction_unit_when_owned (test_render_core.Renderer.test_core2a_and_core2b_repairs_return_to_exact_core1a_construction_unit_when_owned) ... ok
test_every_role_renders_through_its_blueprint_slots_in_the_shell (test_render_core.Renderer.test_every_role_renders_through_its_blueprint_slots_in_the_shell) ... ok
test_missing_inputs_are_typed_gaps_that_the_board_knows (test_render_core.Renderer.test_missing_inputs_are_typed_gaps_that_the_board_knows) ... ok
test_real_motion_core1a_pages_single_file_and_embed_preserve_concept_book_identity (test_render_core.Renderer.test_real_motion_core1a_pages_single_file_and_embed_preserve_concept_book_identity) ... ok
test_relation_mathml_is_rendered_only_from_the_restricted_schema_field (test_render_core.Renderer.test_relation_mathml_is_rendered_only_from_the_restricted_schema_field) ... ok
test_render_receipt_manifest_path_is_repository_relative (test_render_core.Renderer.test_render_receipt_manifest_path_is_repository_relative) ... ok
test_renderer_owns_tablet_asset_and_blueprint_digest (test_render_core.Renderer.test_renderer_owns_tablet_asset_and_blueprint_digest) ... ok
test_repeated_svg_instances_are_id_scoped_with_local_aria_references (test_render_core.Renderer.test_repeated_svg_instances_are_id_scoped_with_local_aria_references) ... ok
test_reveals_are_gated_and_no_record_id_or_placeholder_reaches_the_learner (test_render_core.Renderer.test_reveals_are_gated_and_no_record_id_or_placeholder_reaches_the_learner) ... 
  test_reveals_are_gated_and_no_record_id_or_placeholder_reaches_the_learner (test_render_core.Renderer.test_reveals_are_gated_and_no_record_id_or_placeholder_reaches_the_learner) (page='core1a.html') ... FAIL
  test_reveals_are_gated_and_no_record_id_or_placeholder_reaches_the_learner (test_render_core.Renderer.test_reveals_are_gated_and_no_record_id_or_placeholder_reaches_the_learner) (page='core2.html') ... FAIL
test_single_file_inlines_tablet_shell_and_uses_role_anchors (test_render_core.Renderer.test_single_file_inlines_tablet_shell_and_uses_role_anchors) ... ok
test_single_file_scopes_nested_core1a_section_links_for_exact_repair_return (test_render_core.Renderer.test_single_file_scopes_nested_core1a_section_links_for_exact_repair_return) ... ok
test_source_option_labels_are_printed_once (test_render_core.Renderer.test_source_option_labels_are_printed_once) ... ok
test_unsafe_relation_mathml_fails_to_plain_expression_and_records_gap (test_render_core.Renderer.test_unsafe_relation_mathml_fails_to_plain_expression_and_records_gap) ... ok
test_render_core_is_the_only_renderer_class (test_renderer_inventory.OneRenderer.test_render_core_is_the_only_renderer_class) ... ok
test_bank_first_route_can_emit_core2_only (test_renderer_inventory.OutputRoleScope.test_bank_first_route_can_emit_core2_only) ... ok
test_bank_first_single_file_contains_only_core2 (test_renderer_inventory.OutputRoleScope.test_bank_first_single_file_contains_only_core2) ... ok
test_build_pipeline_exercises_zero_gap_scoped_browser_and_pdf_path_without_turning_quality_into_a_gate (test_renderer_inventory.OutputRoleScope.test_build_pipeline_exercises_zero_gap_scoped_browser_and_pdf_path_without_turning_quality_into_a_gate) ... FAIL
test_first_stage_manifest_may_select_core1_only (test_renderer_inventory.OutputRoleScope.test_first_stage_manifest_may_select_core1_only) ... ok
test_issue352_nlm_pilot_declares_complete_core1_first_stage_scope (test_renderer_inventory.OutputRoleScope.test_issue352_nlm_pilot_declares_complete_core1_first_stage_scope) ... ok
test_legacy_manifest_defaults_to_all_six_roles (test_renderer_inventory.OutputRoleScope.test_legacy_manifest_defaults_to_all_six_roles) ... ok
test_legacy_renderer_still_emits_all_six_roles_when_scope_is_absent (test_renderer_inventory.OutputRoleScope.test_legacy_renderer_still_emits_all_six_roles_when_scope_is_absent) ... ok
test_output_role_scope_rejects_empty_duplicate_or_unknown_roles (test_renderer_inventory.OutputRoleScope.test_output_role_scope_rejects_empty_duplicate_or_unknown_roles) ... ok
test_product_rederive_preserves_explicit_output_scope (test_renderer_inventory.OutputRoleScope.test_product_rederive_preserves_explicit_output_scope) ... ok
test_renderer_emits_zero_gap_declared_first_stage_pages (test_renderer_inventory.OutputRoleScope.test_renderer_emits_zero_gap_declared_first_stage_pages) ... ok
test_rerender_retires_only_receipt_owned_outputs_and_invalidates_prints (test_renderer_inventory.OutputRoleScope.test_rerender_retires_only_receipt_owned_outputs_and_invalidates_prints) ... WARNING: CORE2 is part of this product but selects no records, so its page has no items.
ok
test_scoped_cross_core_links_resolve_in_pages_and_single_file (test_renderer_inventory.OutputRoleScope.test_scoped_cross_core_links_resolve_in_pages_and_single_file) ... ok
test_single_file_contains_only_zero_gap_declared_first_stage_role (test_renderer_inventory.OutputRoleScope.test_single_file_contains_only_zero_gap_declared_first_stage_role) ... ok
test_every_renderer_in_main_is_classified (test_renderer_inventory.RendererInventory.test_every_renderer_in_main_is_classified) ... ok
test_scanner_detects_a_new_html_and_pdf_generator (test_renderer_inventory.RendererInventory.test_scanner_detects_a_new_html_and_pdf_generator) ... ok
test_a_rejected_request_says_why_on_stderr_even_when_the_json_goes_to_a_file (test_research_first_workflow.EntryAndCliTests.test_a_rejected_request_says_why_on_stderr_even_when_the_json_goes_to_a_file)
A cold-start run got exit 1 and no output for a request with no subject: the reason was only inside the file. ... ok
test_browser_entry_matches_python_intake (test_research_first_workflow.EntryAndCliTests.test_browser_entry_matches_python_intake) ... FAIL
test_cli_intake_round_trip (test_research_first_workflow.EntryAndCliTests.test_cli_intake_round_trip) ... ok
test_a_requested_core_wins_over_the_source_state (test_research_first_workflow.FirstStageRouteTests.test_a_requested_core_wins_over_the_source_state) ... ok
test_a_syllabus_alone_starts_with_source_grounded_core1 (test_research_first_workflow.FirstStageRouteTests.test_a_syllabus_alone_starts_with_source_grounded_core1) ... ok
test_an_unknown_core_is_an_input_error_naming_the_valid_ones (test_research_first_workflow.FirstStageRouteTests.test_an_unknown_core_is_an_input_error_naming_the_valid_ones) ... ok
test_core2_without_question_text_is_noted_not_invented (test_research_first_workflow.FirstStageRouteTests.test_core2_without_question_text_is_noted_not_invented) ... ok
test_requested_cores_accept_a_comma_separated_string_in_canonical_order (test_research_first_workflow.FirstStageRouteTests.test_requested_cores_accept_a_comma_separated_string_in_canonical_order) ... ok
test_supplied_questions_start_with_core2_and_its_key_pdf (test_research_first_workflow.FirstStageRouteTests.test_supplied_questions_start_with_core2_and_its_key_pdf) ... ok
test_the_route_does_not_change_the_intake_digest (test_research_first_workflow.FirstStageRouteTests.test_the_route_does_not_change_the_intake_digest) ... ok
test_empty_request_is_invalid_not_held (test_research_first_workflow.IntakeTests.test_empty_request_is_invalid_not_held) ... ok
test_ids_are_content_derived_and_stable (test_research_first_workflow.IntakeTests.test_ids_are_content_derived_and_stable) ... ok
test_missing_knowledge_percentage_never_blocks (test_research_first_workflow.IntakeTests.test_missing_knowledge_percentage_never_blocks) ... ok
test_raw_inputs_start_without_ids_profile_or_scope (test_research_first_workflow.IntakeTests.test_raw_inputs_start_without_ids_profile_or_scope) ... ok
test_reconciliation_surfaces_questions_outside_the_syllabus (test_research_first_workflow.IntakeTests.test_reconciliation_surfaces_questions_outside_the_syllabus) ... ok
test_short_label_is_never_an_identity (test_research_first_workflow.IntakeTests.test_short_label_is_never_an_identity) ... ok
test_disagreement_and_bad_numeric_check_go_back_to_the_author (test_research_library.Board.test_disagreement_and_bad_numeric_check_go_back_to_the_author) ... ok
test_factual_fields_cannot_be_marked_authored (test_research_library.Board.test_factual_fields_cannot_be_marked_authored) ... ok
test_numeric_checks_cannot_run_code (test_research_library.Board.test_numeric_checks_cannot_run_code) ... ok
test_stage_moves_only_when_files_prove_it (test_research_library.Board.test_stage_moves_only_when_files_prove_it) ... ok
test_verifier_must_be_independent_and_current (test_research_library.Board.test_verifier_must_be_independent_and_current) ... ok
test_work_orders_start_with_the_pilot_chapter_and_split_into_lanes (test_research_library.Board.test_work_orders_start_with_the_pilot_chapter_and_split_into_lanes) ... ok
test_explanations_are_never_corroborated (test_research_library.CorroborationFallback.test_explanations_are_never_corroborated) ... ok
test_nta_cdn_is_primary_authority (test_research_library.CorroborationFallback.test_nta_cdn_is_primary_authority) ... ok
test_official_attempt_must_name_a_tier_a_page (test_research_library.CorroborationFallback.test_official_attempt_must_name_a_tier_a_page) ... ok
test_same_publisher_does_not_count_twice (test_research_library.CorroborationFallback.test_same_publisher_does_not_count_twice) ... ok
test_single_tier_c_host_cannot_support_a_key (test_research_library.CorroborationFallback.test_single_tier_c_host_cannot_support_a_key) ... ok
test_two_independent_publishers_and_an_official_attempt_pass (test_research_library.CorroborationFallback.test_two_independent_publishers_and_an_official_attempt_pass) ... ok
test_unverified_sources_from_one_publisher_count_once (test_research_library.CorroborationFallback.test_unverified_sources_from_one_publisher_count_once) ... ok
test_changed_snapshot_bytes_are_refused (test_research_library.EvidenceCheck.test_changed_snapshot_bytes_are_refused) ... ok
test_committed_evidence_is_well_formed (test_research_library.EvidenceCheck.test_committed_evidence_is_well_formed) ... ok
test_one_changed_word_is_caught (test_research_library.EvidenceCheck.test_one_changed_word_is_caught) ... ok
test_question_needs_an_answer_key_card (test_research_library.EvidenceCheck.test_question_needs_an_answer_key_card) ... ok
test_quote_is_matched_through_pdf_spacing_noise (test_research_library.EvidenceCheck.test_quote_is_matched_through_pdf_spacing_noise) ... ok
test_short_quote_and_wrong_page_are_refused (test_research_library.EvidenceCheck.test_short_quote_and_wrong_page_are_refused) ... ok
test_unlisted_host_and_tier_misuse_are_refused (test_research_library.EvidenceCheck.test_unlisted_host_and_tier_misuse_are_refused) ... ok
test_verbatim_quote_in_pinned_source_passes (test_research_library.EvidenceCheck.test_verbatim_quote_in_pinned_source_passes) ... ok
test_manifest_holds_no_page_text_and_flags_low_text_pages (test_research_library.ScanProtocol.test_manifest_holds_no_page_text_and_flags_low_text_pages) ... ok
test_owner_tier_narrowing_is_enforced (test_research_library.ScanProtocol.test_owner_tier_narrowing_is_enforced) ... ok
test_quote_proven_locally_and_from_the_committed_index_alone (test_research_library.ScanProtocol.test_quote_proven_locally_and_from_the_committed_index_alone) ... ok
test_scanned_numbers_need_an_independent_second_reading (test_research_library.ScanProtocol.test_scanned_numbers_need_an_independent_second_reading) ... ok
test_unregistered_scan_is_refused (test_research_library.ScanProtocol.test_unregistered_scan_is_refused) ... ok
test_all_records_valid_against_schema (test_resource_registry.TestResourceRegistry.test_all_records_valid_against_schema) ... ok
test_audience_classification (test_resource_registry.TestResourceRegistry.test_audience_classification) ... ok
test_build_registry_determinism (test_resource_registry.TestResourceRegistry.test_build_registry_determinism) ... ok
test_duplicate_id_detection (test_resource_registry.TestResourceRegistry.test_duplicate_id_detection) ... ok
test_friction_slice_resources_present (test_resource_registry.TestResourceRegistry.test_friction_slice_resources_present) ... ok
test_additional_properties_forbidden (test_resource_schema.TestResourceSchema.test_additional_properties_forbidden) ... ok
test_invalid_audience_enum_fails (test_resource_schema.TestResourceSchema.test_invalid_audience_enum_fails) ... ok
test_invalid_id_pattern_fails (test_resource_schema.TestResourceSchema.test_invalid_id_pattern_fails) ... ok
test_invalid_resource_kind_fails (test_resource_schema.TestResourceSchema.test_invalid_resource_kind_fails) ... ok
test_missing_audience_fails (test_resource_schema.TestResourceSchema.test_missing_audience_fails) ... ok
test_valid_friction_core1a (test_resource_schema.TestResourceSchema.test_valid_friction_core1a) ... ok
test_valid_opaque_explorer (test_resource_schema.TestResourceSchema.test_valid_opaque_explorer) ... ok
test_raw_reviewed_status_does_not_make_release_reviewed (test_review_authority.AcademicReleaseAuthority.test_raw_reviewed_status_does_not_make_release_reviewed) ... ok
test_candidate_to_reviewed_is_digest_bound_and_receipted (test_review_authority.ReviewPromotionAuthority.test_candidate_to_reviewed_is_digest_bound_and_receipted) ... ok
test_record_change_after_review_invalidates_authority (test_review_authority.ReviewPromotionAuthority.test_record_change_after_review_invalidates_authority) ... ok
test_record_edit_after_authoring_invalidates_review_request (test_review_authority.ReviewPromotionAuthority.test_record_edit_after_authoring_invalidates_review_request) ... ok
test_reviewed_status_without_receipt_is_unbacked (test_review_authority.ReviewPromotionAuthority.test_reviewed_status_without_receipt_is_unbacked) ... ok
test_reviewed_to_curated_chains_through_prior_receipt (test_review_authority.ReviewPromotionAuthority.test_reviewed_to_curated_chains_through_prior_receipt) ... ok
test_self_review_is_rejected (test_review_authority.ReviewPromotionAuthority.test_self_review_is_rejected) ... ok
test_source_derived_question_cannot_be_reviewed_without_custody_proof (test_review_authority.ReviewPromotionAuthority.test_source_derived_question_cannot_be_reviewed_without_custody_proof) ... ok
test_source_sufficiency_rejects_unbacked_review_status (test_review_authority.ReviewPromotionAuthority.test_source_sufficiency_rejects_unbacked_review_status) ... ok
test_stage_skip_is_rejected (test_review_authority.ReviewPromotionAuthority.test_stage_skip_is_rejected) ... ok
test_due_returns_only_rows_due_on_or_before_date (test_review_schedule.ReviewSchedule.test_due_returns_only_rows_due_on_or_before_date) ... ok
test_failed_or_uncertain_unhelped_attempt_returns_tomorrow (test_review_schedule.ReviewSchedule.test_failed_or_uncertain_unhelped_attempt_returns_tomorrow) ... ok
test_helped_success_maps_to_three_day_review (test_review_schedule.ReviewSchedule.test_helped_success_maps_to_three_day_review) ... ok
test_independent_success_maps_to_seven_day_review (test_review_schedule.ReviewSchedule.test_independent_success_maps_to_seven_day_review) ... ok
test_independent_transfer_maps_to_fourteen_day_review (test_review_schedule.ReviewSchedule.test_independent_transfer_maps_to_fourteen_day_review) ... ok
test_policy_intervals_are_fixed_and_transparent (test_review_schedule.ReviewSchedule.test_policy_intervals_are_fixed_and_transparent) ... ok
test_schedule_does_not_rewrite_observation_state (test_review_schedule.ReviewSchedule.test_schedule_does_not_rewrite_observation_state) ... ok
test_timestamp_is_normalised_to_calendar_date (test_review_schedule.ReviewSchedule.test_timestamp_is_normalised_to_calendar_date) ... ok
test_unknown_outcome_is_rejected (test_review_schedule.ReviewSchedule.test_unknown_outcome_is_rejected) ... ok
test_complete_matrix_without_bridge_is_session_ready (test_session_readiness.SessionReadiness.test_complete_matrix_without_bridge_is_session_ready) ... ok
test_external_prerequisite_yields_ready_with_bridge (test_session_readiness.SessionReadiness.test_external_prerequisite_yields_ready_with_bridge) ... ok
test_missing_core1b_route_is_only_pilot_ready (test_session_readiness.SessionReadiness.test_missing_core1b_route_is_only_pilot_ready) ... ok
test_missing_diagnostic_is_pilot_ready_not_falsely_session_ready (test_session_readiness.SessionReadiness.test_missing_diagnostic_is_pilot_ready_not_falsely_session_ready) ... ok
test_missing_teaching_path_is_not_ready (test_session_readiness.SessionReadiness.test_missing_teaching_path_is_not_ready) ... ok
test_missing_verification_is_not_ready (test_session_readiness.SessionReadiness.test_missing_verification_is_not_ready) ... ok
test_readiness_uses_shared_delivery_resolver_for_prerequisites (test_session_readiness.SessionReadiness.test_readiness_uses_shared_delivery_resolver_for_prerequisites) ... ok
test_relative_motion_is_session_ready_with_explicit_math_bridge (test_session_readiness.SessionReadiness.test_relative_motion_is_session_ready_with_explicit_math_bridge) ... ok
test_shared_unresolved_delivery_remains_a_readiness_blocker (test_session_readiness.SessionReadiness.test_shared_unresolved_delivery_remains_a_readiness_blocker) ... ok
test_vector_add_sub_modernization_is_ready_without_ambiguity_or_skeleton_rungs (test_session_readiness.SessionReadiness.test_vector_add_sub_modernization_is_ready_without_ambiguity_or_skeleton_rungs) ... ok
test_vector_representation_modernization_has_distinct_capabilities (test_session_readiness.SessionReadiness.test_vector_representation_modernization_has_distinct_capabilities) ... ok
test_execution_packet_pins_diagnostic_and_detects_staleness (test_shared_topic_atlas_core.SharedTopicAtlasCoreTest.test_execution_packet_pins_diagnostic_and_detects_staleness) ... ok
test_invalid_rows_are_isolated_without_fuzzy_mapping (test_shared_topic_atlas_core.SharedTopicAtlasCoreTest.test_invalid_rows_are_isolated_without_fuzzy_mapping) ... ok
test_math_uses_same_resolver_and_keeps_inventory_fallback_truthful (test_shared_topic_atlas_core.SharedTopicAtlasCoreTest.test_math_uses_same_resolver_and_keeps_inventory_fallback_truthful) ... ok
test_measurement_pack_cli_runs_for_physics_and_mathematics (test_shared_topic_atlas_core.SharedTopicAtlasCoreTest.test_measurement_pack_cli_runs_for_physics_and_mathematics) ... ok
test_measurement_pack_separates_measurement_from_routing_context (test_shared_topic_atlas_core.SharedTopicAtlasCoreTest.test_measurement_pack_separates_measurement_from_routing_context) ... ok
test_nlm_exact_unknown_and_capability_fallback_addresses_are_independent (test_shared_topic_atlas_core.SharedTopicAtlasCoreTest.test_nlm_exact_unknown_and_capability_fallback_addresses_are_independent) ... ok
test_nlm_inventory_prefers_explicit_repair_binding_and_activity_does_not_overclaim (test_shared_topic_atlas_core.SharedTopicAtlasCoreTest.test_nlm_inventory_prefers_explicit_repair_binding_and_activity_does_not_overclaim) ... ok
test_plan_request_focus_does_not_change_readiness_or_estimate_route (test_shared_topic_atlas_core.SharedTopicAtlasCoreTest.test_plan_request_focus_does_not_change_readiness_or_estimate_route) ... ok
test_strict_resolver_focus_does_not_change_core_or_segment_authority (test_shared_topic_atlas_core.SharedTopicAtlasCoreTest.test_strict_resolver_focus_does_not_change_core_or_segment_authority) ... ok
test_transient_schema_accepts_browser_envelope_and_rejects_demonstrated (test_shared_topic_atlas_core.SharedTopicAtlasCoreTest.test_transient_schema_accepts_browser_envelope_and_rejects_demonstrated) ... ok
test_audit_detects_each_problem_class (test_site_nav_audit.SiteNavAudit.test_audit_detects_each_problem_class) ... ok
test_no_new_navigation_findings_beyond_the_baseline (test_site_nav_audit.SiteNavAudit.test_no_new_navigation_findings_beyond_the_baseline) ... FAIL
test_shared_header_search_does_not_assign_window_top (test_site_nav_audit.SiteNavAudit.test_shared_header_search_does_not_assign_window_top) ... ok
test_acquisition_snapshot_digest_and_length_are_verified (test_source_pipeline.SourcePipeline.test_acquisition_snapshot_digest_and_length_are_verified) ... ok
test_acquisition_tamper_is_detected (test_source_pipeline.SourcePipeline.test_acquisition_tamper_is_detected) ... ok
test_adaptation_changed_fields_must_match_actual_differences (test_source_pipeline.SourcePipeline.test_adaptation_changed_fields_must_match_actual_differences) ... ok
test_candidate_ingestion_is_valid_but_cannot_self_promote_custody (test_source_pipeline.SourcePipeline.test_candidate_ingestion_is_valid_but_cannot_self_promote_custody) ... ok
test_ingestion_refuses_a_reviewed_question_from_the_same_operation (test_source_pipeline.SourcePipeline.test_ingestion_refuses_a_reviewed_question_from_the_same_operation) ... ok
test_ingestion_refuses_authored_question_as_source_custody (test_source_pipeline.SourcePipeline.test_ingestion_refuses_authored_question_as_source_custody) ... ok
test_ingestion_refuses_unequal_question_id_collision (test_source_pipeline.SourcePipeline.test_ingestion_refuses_unequal_question_id_collision) ... ok
test_newly_transcribed_question_is_not_structural_sufficiency (test_source_pipeline.SourcePipeline.test_newly_transcribed_question_is_not_structural_sufficiency) ... ok
test_original_question_demand_drift_invalidates_custody (test_source_pipeline.SourcePipeline.test_original_question_demand_drift_invalidates_custody) ... ok
test_preserved_condition_cannot_be_empty (test_source_pipeline.SourcePipeline.test_preserved_condition_cannot_be_empty) ... ok
test_preserved_source_figure_requires_caption (test_source_pipeline.SourcePipeline.test_preserved_source_figure_requires_caption) ... ok
test_question_custody_proof_binds_the_demand_signature (test_source_pipeline.SourcePipeline.test_question_custody_proof_binds_the_demand_signature) ... ok
test_question_custody_requires_retained_source_bytes (test_source_pipeline.SourcePipeline.test_question_custody_requires_retained_source_bytes) ... ok
test_resource_snapshot_must_be_the_acquired_bytes (test_source_pipeline.SourcePipeline.test_resource_snapshot_must_be_the_acquired_bytes) ... ok
test_unresolved_component_cannot_establish_core2_custody (test_source_pipeline.SourcePipeline.test_unresolved_component_cannot_establish_core2_custody) ... ok
test_wrong_item_locator_is_rejected (test_source_pipeline.SourcePipeline.test_wrong_item_locator_is_rejected) ... ok
test_authored_question_cannot_establish_core2_source_custody (test_source_receipts.SourceReceipts.test_authored_question_cannot_establish_core2_source_custody) ... ok
test_core2_coverage_ignores_reviewed_question_without_item_custody (test_source_receipts.SourceReceipts.test_core2_coverage_ignores_reviewed_question_without_item_custody) ... ok
test_current_ncert_receipt_reports_source_basis_drift (test_source_receipts.SourceReceipts.test_current_ncert_receipt_reports_source_basis_drift) ... ok
test_legacy_metadata_cannot_promote_itself_to_sufficient (test_source_receipts.SourceReceipts.test_legacy_metadata_cannot_promote_itself_to_sufficient) ... ok
test_migrated_ncert_receipt_is_valid_but_insufficient (test_source_receipts.SourceReceipts.test_migrated_ncert_receipt_is_valid_but_insufficient) ... ok
test_receipt_must_match_the_request_source_basis_exactly (test_source_receipts.SourceReceipts.test_receipt_must_match_the_request_source_basis_exactly) ... ok
test_request_cannot_self_assert_source_inspection_status (test_source_receipts.SourceReceipts.test_request_cannot_self_assert_source_inspection_status) ... ok
test_sufficiency_requires_an_immutable_content_digest (test_source_receipts.SourceReceipts.test_sufficiency_requires_an_immutable_content_digest) ... ok
test_a_page_may_not_be_worse_than_the_ledger_and_a_new_page_has_no_findings (test_standalone_conformance.Ledger.test_a_page_may_not_be_worse_than_the_ledger_and_a_new_page_has_no_findings) ... ok
test_every_governed_page_in_the_repository_is_no_worse_than_the_ledger (test_standalone_conformance.Ledger.test_every_governed_page_in_the_repository_is_no_worse_than_the_ledger)
The gate. A pull request that adds a page with a remote script, or makes a listed page worse, fails here. ... ok
test_the_ledger_names_only_pages_that_exist (test_standalone_conformance.Ledger.test_the_ledger_names_only_pages_that_exist) ... ok
test_text_is_lf_in_every_working_tree (test_standalone_conformance.LineEndings.test_text_is_lf_in_every_working_tree) ... ok
test_every_rule_executes_a_policy_the_shell_actually_has (test_standalone_conformance.Registry.test_every_rule_executes_a_policy_the_shell_actually_has) ... ok
test_the_generated_spec_states_the_policy (test_standalone_conformance.Registry.test_the_generated_spec_states_the_policy) ... ok
test_the_policy_and_the_checker_name_the_same_rules (test_standalone_conformance.Registry.test_the_policy_and_the_checker_name_the_same_rules) ... ok
test_the_schema_accepts_the_registry_and_refuses_one_without_the_policy (test_standalone_conformance.Registry.test_the_schema_accepts_the_registry_and_refuses_one_without_the_policy) ... ok
test_a_clean_page_conforms (test_standalone_conformance.Rules.test_a_clean_page_conforms) ... ok
test_a_reference_that_leaves_the_root_is_said_not_held (test_standalone_conformance.Rules.test_a_reference_that_leaves_the_root_is_said_not_held) ... ok
test_a_rem_is_the_size_the_page_itself_declares_for_its_root (test_standalone_conformance.Rules.test_a_rem_is_the_size_the_page_itself_declares_for_its_root)
The renderer writes html{font-size:calc(var(--g9-type-body) * var(--g9-zoom))} with 17px and 1: 0.85rem is 14.45 px there, not 13.6. ... ok
test_a_remote_script_is_refused_and_a_link_to_a_source_is_not (test_standalone_conformance.Rules.test_a_remote_script_is_refused_and_a_link_to_a_source_is_not)
The finding of pull request 375: a Tailwind script from another host, in a shell that forbids one. ... ok
test_a_root_the_checker_does_not_follow_is_not_guessed (test_standalone_conformance.Rules.test_a_root_the_checker_does_not_follow_is_not_guessed) ... ok
test_a_staged_page_is_judged_where_it_will_be_served (test_standalone_conformance.Rules.test_a_staged_page_is_judged_where_it_will_be_served) ... ok
test_an_id_appears_once (test_standalone_conformance.Rules.test_an_id_appears_once) ... ok
test_configuration_for_a_vendor_script_the_page_does_not_load (test_standalone_conformance.Rules.test_configuration_for_a_vendor_script_the_page_does_not_load) ... ok
test_every_relative_reference_lands_on_a_file_and_every_fragment_on_an_id (test_standalone_conformance.Rules.test_every_relative_reference_lands_on_a_file_and_every_fragment_on_an_id) ... ok
test_maths_that_was_read_as_a_control_character_is_found (test_standalone_conformance.Rules.test_maths_that_was_read_as_a_control_character_is_found)
\vec read as \v + 'ec' is a vertical tab in the source: the maths is gone for good. ... ok
test_raw_tex_needs_something_on_the_page_that_renders_it (test_standalone_conformance.Rules.test_raw_tex_needs_something_on_the_page_that_renders_it) ... ok
test_storage_is_read_inside_a_try_block_only (test_standalone_conformance.Rules.test_storage_is_read_inside_a_try_block_only) ... ok
test_text_under_the_floor_is_refused_from_the_registry_not_from_a_number_in_the_tool (test_standalone_conformance.Rules.test_text_under_the_floor_is_refused_from_the_registry_not_from_a_number_in_the_tool) ... ok
test_zoom_is_never_turned_off (test_standalone_conformance.Rules.test_zoom_is_never_turned_off) ... ok
test_an_arbitrary_worksheet_question_need_not_be_a_canonical_question (test_study_map.WorksheetStudyMap.test_an_arbitrary_worksheet_question_need_not_be_a_canonical_question) ... ok
test_canonical_mapping_detects_drift_from_the_canonical_question (test_study_map.WorksheetStudyMap.test_canonical_mapping_detects_drift_from_the_canonical_question) ... ok
test_duplicate_question_ids_are_refused (test_study_map.WorksheetStudyMap.test_duplicate_question_ids_are_refused) ... ok
test_existing_capability_without_a_matrix_is_an_explicit_gap (test_study_map.WorksheetStudyMap.test_existing_capability_without_a_matrix_is_an_explicit_gap) ... ok
test_external_provider_without_local_matrix_is_a_bridge_not_a_missing_location (test_study_map.WorksheetStudyMap.test_external_provider_without_local_matrix_is_a_bridge_not_a_missing_location) ... ok
test_primary_may_not_be_repeated_as_secondary (test_study_map.WorksheetStudyMap.test_primary_may_not_be_repeated_as_secondary) ... ok
test_realistic_physics_fixture_maps_across_existing_matrices (test_study_map.WorksheetStudyMap.test_realistic_physics_fixture_maps_across_existing_matrices) ... ok
test_schema_refuses_learner_state_in_a_worksheet_map (test_study_map.WorksheetStudyMap.test_schema_refuses_learner_state_in_a_worksheet_map) ... ok
test_secondary_capability_is_not_expanded_into_prerequisites_here (test_study_map.WorksheetStudyMap.test_secondary_capability_is_not_expanded_into_prerequisites_here) ... ok
test_unknown_capability_is_reported_not_invented (test_study_map.WorksheetStudyMap.test_unknown_capability_is_reported_not_invented) ... ok
test_cross_matrix_ladder_positions_do_not_order_the_route (test_study_route.CrossMatrixStudyRoute.test_cross_matrix_ladder_positions_do_not_order_the_route) ... ok
test_declared_extension_stays_labelled_extension (test_study_route.CrossMatrixStudyRoute.test_declared_extension_stays_labelled_extension) ... ok
test_diamond_prerequisite_appears_once (test_study_route.CrossMatrixStudyRoute.test_diamond_prerequisite_appears_once) ... ok
test_external_provider_is_a_valid_but_not_ready_bridge (test_study_route.CrossMatrixStudyRoute.test_external_provider_is_a_valid_but_not_ready_bridge) ... ok
test_prerequisites_order_the_real_cross_matrix_fixture (test_study_route.CrossMatrixStudyRoute.test_prerequisites_order_the_real_cross_matrix_fixture) ... ok
test_question_secondary_is_demand_but_not_magic_prerequisite (test_study_route.CrossMatrixStudyRoute.test_question_secondary_is_demand_but_not_magic_prerequisite) ... ok
test_requested_slice_cycle_is_refused (test_study_route.CrossMatrixStudyRoute.test_requested_slice_cycle_is_refused) ... ok
test_same_missing_location_without_provider_is_invalid (test_study_route.CrossMatrixStudyRoute.test_same_missing_location_without_provider_is_invalid) ... ok
test_syllabus_overlay_stays_distinct_from_question_demand (test_study_route.CrossMatrixStudyRoute.test_syllabus_overlay_stays_distinct_from_question_demand) ... ok
test_unknown_prerequisite_is_explicit (test_study_route.CrossMatrixStudyRoute.test_unknown_prerequisite_is_explicit) ... ok
test_extra_teaching_without_reason_is_rejected (test_study_scope_audit.StudyScopeAudit.test_extra_teaching_without_reason_is_rejected) ... ok
test_prerequisites_are_valid_scope_reasons (test_study_scope_audit.StudyScopeAudit.test_prerequisites_are_valid_scope_reasons) ... ok
test_question_demand_without_a_matrix_is_named_as_not_taught (test_study_scope_audit.StudyScopeAudit.test_question_demand_without_a_matrix_is_named_as_not_taught) ... ok
test_real_physics_slice_is_taught_and_scope_justified (test_study_scope_audit.StudyScopeAudit.test_real_physics_slice_is_taught_and_scope_justified) ... ok
test_blocked_demanded_rungs_require_owner_decision_not_global_failure (test_study_session.StudySessionRunner.test_blocked_demanded_rungs_require_owner_decision_not_global_failure) ... ok
test_confirmed_misconception_repairs_then_uses_fresh_canonical_check (test_study_session.StudySessionRunner.test_confirmed_misconception_repairs_then_uses_fresh_canonical_check) ... ok
test_demonstrated_external_prerequisite_clears_execution_blocker (test_study_session.StudySessionRunner.test_demonstrated_external_prerequisite_clears_execution_blocker) ... ok
test_explicit_failure_on_external_secondary_still_blocks_local_repair (test_study_session.StudySessionRunner.test_explicit_failure_on_external_secondary_still_blocks_local_repair) ... ok
test_human_subtopic_estimate_resolves_to_canonical_matrix (test_study_session.StudySessionRunner.test_human_subtopic_estimate_resolves_to_canonical_matrix) ... ok
test_independent_correct_attempt_drafts_evidence_and_review_without_writing (test_study_session.StudySessionRunner.test_independent_correct_attempt_drafts_evidence_and_review_without_writing) ... ok
test_independent_correct_attempt_without_verification_stays_uncertain (test_study_session.StudySessionRunner.test_independent_correct_attempt_without_verification_stays_uncertain) ... ok
test_invalid_optional_estimate_warns_and_keeps_neutral_session (test_study_session.StudySessionRunner.test_invalid_optional_estimate_warns_and_keeps_neutral_session) ... ok
test_local_failure_can_be_repaired_when_an_unfailed_secondary_is_external (test_study_session.StudySessionRunner.test_local_failure_can_be_repaired_when_an_unfailed_secondary_is_external) ... ok
test_missing_teaching_path_requires_owner_decision_even_when_rung_is_needs_support (test_study_session.StudySessionRunner.test_missing_teaching_path_requires_owner_decision_even_when_rung_is_needs_support) ... ok
test_nlm_r3_persistent_difficulty_routes_to_existing_narrow_repair (test_study_session.StudySessionRunner.test_nlm_r3_persistent_difficulty_routes_to_existing_narrow_repair) ... ok
test_nlm_r8_helped_success_stays_uncertain_and_requires_fresh_verification (test_study_session.StudySessionRunner.test_nlm_r8_helped_success_stays_uncertain_and_requires_fresh_verification) ... ok
test_not_ready_matrix_can_execute_usable_demanded_rungs_with_fallback (test_study_session.StudySessionRunner.test_not_ready_matrix_can_execute_usable_demanded_rungs_with_fallback) ... ok
test_owner_can_select_one_offered_location_for_session_only (test_study_session.StudySessionRunner.test_owner_can_select_one_offered_location_for_session_only) ... ok
test_owner_can_supply_session_external_bridge_without_mutating_canonical_route (test_study_session.StudySessionRunner.test_owner_can_supply_session_external_bridge_without_mutating_canonical_route) ... ok
test_owner_decision_propagates_to_dependents_but_not_unrelated_branch (test_study_session.StudySessionRunner.test_owner_decision_propagates_to_dependents_but_not_unrelated_branch) ... ok
test_plan_keeps_academic_warnings_visible_without_blocking_family_pilot (test_study_session.StudySessionRunner.test_plan_keeps_academic_warnings_visible_without_blocking_family_pilot) ... ok
test_question_not_in_supplied_worksheet_is_refused (test_study_session.StudySessionRunner.test_question_not_in_supplied_worksheet_is_refused) ... ok
test_readable_plan_is_parent_oriented_not_raw_json (test_study_session.StudySessionRunner.test_readable_plan_is_parent_oriented_not_raw_json) ... ok
test_relative_motion_plan_is_ready_with_bridge_and_starts_from_estimate (test_study_session.StudySessionRunner.test_relative_motion_plan_is_ready_with_bridge_and_starts_from_estimate) ... ok
test_session_next_step_surfaces_router_without_persisting_it (test_study_session.StudySessionRunner.test_session_next_step_surfaces_router_without_persisting_it) ... ok
test_starting_visual_does_not_consume_hint_ladder_and_repair_rejoins_verification (test_study_session.StudySessionRunner.test_starting_visual_does_not_consume_hint_ladder_and_repair_rejoins_verification) ... ok
test_unattributed_wrong_attempt_with_external_secondary_requires_attribution (test_study_session.StudySessionRunner.test_unattributed_wrong_attempt_with_external_secondary_requires_attribution) ... ok
test_wrong_external_question_diagnoses_without_inventing_a_hint (test_study_session.StudySessionRunner.test_wrong_external_question_diagnoses_without_inventing_a_hint) ... ok
test_attempt_wrapper_readiness_and_evidence_boundaries (test_study_session_scenario_scan.StudySessionScenarioScan.test_attempt_wrapper_readiness_and_evidence_boundaries) ... ok
test_dependency_and_question_projection_matrix (test_study_session_scenario_scan.StudySessionScenarioScan.test_dependency_and_question_projection_matrix) ... ok
test_estimate_parser_semantic_partitions (test_study_session_scenario_scan.StudySessionScenarioScan.test_estimate_parser_semantic_partitions) ... ok
test_owner_choice_parser_semantic_partitions (test_study_session_scenario_scan.StudySessionScenarioScan.test_owner_choice_parser_semantic_partitions) ... ok
test_route_execution_semantic_partitions (test_study_session_scenario_scan.StudySessionScenarioScan.test_route_execution_semantic_partitions) ... ok
test_bucket_id_can_be_used_when_it_identifies_one_matrix (test_study_start.StudyStartOverlay.test_bucket_id_can_be_used_when_it_identifies_one_matrix) ... ok
test_duplicate_estimate_warns_and_keeps_first_deterministic_choice (test_study_start.StudyStartOverlay.test_duplicate_estimate_warns_and_keeps_first_deterministic_choice) ... ok
test_estimate_below_first_teaching_point_starts_at_first_teaching_point (test_study_start.StudyStartOverlay.test_estimate_below_first_teaching_point_starts_at_first_teaching_point) ... ok
test_estimates_apply_only_inside_their_local_matrices (test_study_start.StudyStartOverlay.test_estimates_apply_only_inside_their_local_matrices) ... ok
test_no_estimate_uses_a_bounded_local_gateway_not_mastery (test_study_start.StudyStartOverlay.test_no_estimate_uses_a_bounded_local_gateway_not_mastery) ... ok
test_out_of_range_estimate_warns_and_falls_back_to_neutral_route (test_study_start.StudyStartOverlay.test_out_of_range_estimate_warns_and_falls_back_to_neutral_route) ... ok
test_quick_check_is_never_written_as_demonstrated_mastery (test_study_start.StudyStartOverlay.test_quick_check_is_never_written_as_demonstrated_mastery) ... ok
test_recordless_matrix_rung_is_not_used_as_a_start_coordinate (test_study_start.StudyStartOverlay.test_recordless_matrix_rung_is_not_used_as_a_start_coordinate) ... ok
test_unknown_matrix_estimate_warns_and_falls_back_to_neutral_route (test_study_start.StudyStartOverlay.test_unknown_matrix_estimate_warns_and_falls_back_to_neutral_route) ... ok
test_the_reference_product_keeps_the_blueprints_tablet_promises (test_tablet_audit.TabletAudit.test_the_reference_product_keeps_the_blueprints_tablet_promises) ... FAIL
test_examside_can_confirm_external_question_demand_without_promoting_school_scope (test_terminal1_pinnacle_micro_scope.Terminal1PinnacleChapterOnlyGuard.test_examside_can_confirm_external_question_demand_without_promoting_school_scope) ... ok
test_existing_extensions_stay_nondefault_until_explicit_demand (test_terminal1_pinnacle_micro_scope.Terminal1PinnacleChapterOnlyGuard.test_existing_extensions_stay_nondefault_until_explicit_demand) ... ok
test_known_local_gaps_remain_demand_gated (test_terminal1_pinnacle_micro_scope.Terminal1PinnacleChapterOnlyGuard.test_known_local_gaps_remain_demand_gated) ... ok
test_no_microtopic_is_silently_promoted_from_chapter_title (test_terminal1_pinnacle_micro_scope.Terminal1PinnacleChapterOnlyGuard.test_no_microtopic_is_silently_promoted_from_chapter_title) ... ok
test_school_authority_is_chapter_level_only (test_terminal1_pinnacle_micro_scope.Terminal1PinnacleChapterOnlyGuard.test_school_authority_is_chapter_level_only) ... ok
test_source_transcription_explicitly_denies_micro_scope_inference (test_terminal1_pinnacle_micro_scope.Terminal1PinnacleChapterOnlyGuard.test_source_transcription_explicitly_denies_micro_scope_inference) ... ok
test_a_package_with_several_schema_problems_reports_them_together (test_test_area.TestDeploy.test_a_package_with_several_schema_problems_reports_them_together) ... ok
test_a_printed_draft_still_says_it_is_a_draft (test_test_area.TestDeploy.test_a_printed_draft_still_says_it_is_a_draft) ... ok
test_a_selection_the_renderer_rejects_is_one_line (test_test_area.TestDeploy.test_a_selection_the_renderer_rejects_is_one_line) ... ok
test_a_test_product_deploys_as_a_labelled_draft_and_shows_the_owner_questions (test_test_area.TestDeploy.test_a_test_product_deploys_as_a_labelled_draft_and_shows_the_owner_questions) ... ok
test_an_empty_role_is_reported_in_the_receipt (test_test_area.TestDeploy.test_an_empty_role_is_reported_in_the_receipt) ... ok
test_every_role_page_links_the_pdf_printed_from_it_and_the_deploy_prints_them_never_a_key_pdf (test_test_area.TestDeploy.test_every_role_page_links_the_pdf_printed_from_it_and_the_deploy_prints_them_never_a_key_pdf) ... ERROR
test_only_test_products_made_of_test_records_can_be_deployed (test_test_area.TestDeploy.test_only_test_products_made_of_test_records_can_be_deployed) ... ok
test_the_hub_and_deployments_pages_report_the_deployment_without_calling_it_done (test_test_area.TestDeploy.test_the_hub_and_deployments_pages_report_the_deployment_without_calling_it_done) ... ERROR
test_the_receipt_and_the_deployments_page_say_what_each_gap_is (test_test_area.TestDeploy.test_the_receipt_and_the_deployments_page_say_what_each_gap_is) ... ok
test_two_components_one_record_lacks_are_two_gaps_not_one (test_test_area.TestDeploy.test_two_components_one_record_lacks_are_two_gaps_not_one) ... ok
test_where_nothing_can_print_the_deploy_says_the_pdf_links_go_nowhere (test_test_area.TestDeploy.test_where_nothing_can_print_the_deploy_says_the_pdf_links_go_nowhere) ... ok
test_a_page_with_no_html_element_cannot_be_stamped (test_test_area.TestInteractive.test_a_page_with_no_html_element_cannot_be_stamped) ... ok
test_an_interactive_page_deploys_as_a_labelled_draft_with_a_receipt (test_test_area.TestInteractive.test_an_interactive_page_deploys_as_a_labelled_draft_with_a_receipt) ... ok
test_an_interactive_page_may_link_its_own_files (test_test_area.TestInteractive.test_an_interactive_page_may_link_its_own_files) ... ok
test_the_source_must_live_under_test_interactive (test_test_area.TestInteractive.test_the_source_must_live_under_test_interactive) ... ok
test_what_an_interactive_page_may_not_be (test_test_area.TestInteractive.test_what_an_interactive_page_may_not_be) ... ok
test_the_schema_option_reports_what_a_product_build_would_refuse (test_test_area.TestLibraryCheck.test_the_schema_option_reports_what_a_product_build_would_refuse) ... ok
test_the_manifest_is_written_even_where_the_products_folder_does_not_exist_yet (test_test_area.TestManifestCommand.test_the_manifest_is_written_even_where_the_products_folder_does_not_exist_yet) ... ok
test_accept_product_refuses_a_test_product (test_test_area.TestNeverAccepted.test_accept_product_refuses_a_test_product) ... ok
test_a_good_owner_bank_passes (test_test_area.TestOwnerBank.test_a_good_owner_bank_passes) ... ok
test_an_owner_question_cannot_carry_an_invented_exam_identity (test_test_area.TestOwnerBank.test_an_owner_question_cannot_carry_an_invented_exam_identity) ... ok
test_no_owner_question_is_in_an_official_exam_bank (test_test_area.TestOwnerBank.test_no_owner_question_is_in_an_official_exam_bank) ... ok
test_the_other_ways_an_owner_bank_can_be_wrong (test_test_area.TestOwnerBank.test_the_other_ways_an_owner_bank_can_be_wrong) ... ok
test_the_renderer_refuses_a_malformed_owner_bank_with_one_line_and_an_owner_bank_in_exam_bank (test_test_area.TestOwnerBank.test_the_renderer_refuses_a_malformed_owner_bank_with_one_line_and_an_owner_bank_in_exam_bank) ... ok
test_a_bank_with_no_digest_is_refused_and_says_how_to_make_one (test_test_area.TestOwnerBankFromIntake.test_a_bank_with_no_digest_is_refused_and_says_how_to_make_one) ... ok
test_a_deep_question_is_held_to_the_deep_ladder_and_route (test_test_area.TestOwnerBankFromIntake.test_a_deep_question_is_held_to_the_deep_ladder_and_route) ... ok
test_a_dropped_question_and_a_different_intake_are_reported (test_test_area.TestOwnerBankFromIntake.test_a_dropped_question_and_a_different_intake_are_reported) ... ok
test_a_question_with_no_hint_ladder_or_route_is_refused_and_says_why (test_test_area.TestOwnerBankFromIntake.test_a_question_with_no_hint_ladder_or_route_is_refused_and_says_why) ... FAIL
test_a_rung_must_point_at_a_move_the_crux_must_name_one_and_an_owner_question_has_no_source_hints (test_test_area.TestOwnerBankFromIntake.test_a_rung_must_point_at_a_move_the_crux_must_name_one_and_an_owner_question_has_no_source_hints) ... ok
test_a_rung_that_gives_the_answer_does_not_count_towards_the_ladder (test_test_area.TestOwnerBankFromIntake.test_a_rung_that_gives_the_answer_does_not_count_towards_the_ladder) ... ok
test_an_owner_question_cannot_take_an_exam_provenance_class (test_test_area.TestOwnerBankFromIntake.test_an_owner_question_cannot_take_an_exam_provenance_class) ... ok
test_editing_the_stem_and_its_digest_together_is_caught_against_the_intake (test_test_area.TestOwnerBankFromIntake.test_editing_the_stem_and_its_digest_together_is_caught_against_the_intake) ... ok
test_every_expected_component_is_supplied_or_waived_with_a_reason (test_test_area.TestOwnerBankFromIntake.test_every_expected_component_is_supplied_or_waived_with_a_reason) ... ok
test_new_copies_the_text_exactly_and_records_where_it_came_from (test_test_area.TestOwnerBankFromIntake.test_new_copies_the_text_exactly_and_records_where_it_came_from) ... ok
test_new_refuses_what_it_cannot_keep_verbatim (test_test_area.TestOwnerBankFromIntake.test_new_refuses_what_it_cannot_keep_verbatim) ... ok
test_the_command_writes_only_under_test_question_bank_and_never_over_an_existing_bank (test_test_area.TestOwnerBankFromIntake.test_the_command_writes_only_under_test_question_bank_and_never_over_an_existing_bank) ... ok
test_the_skeleton_carries_the_deepest_ladder_and_route_and_check_names_what_is_empty (test_test_area.TestOwnerBankFromIntake.test_the_skeleton_carries_the_deepest_ladder_and_route_and_check_names_what_is_empty) ... ok
test_the_skeleton_says_what_is_left_to_fill_and_a_filled_bank_passes (test_test_area.TestOwnerBankFromIntake.test_the_skeleton_says_what_is_left_to_fill_and_a_filled_bank_passes) ... ok
test_tidying_a_stem_is_caught_even_without_the_intake (test_test_area.TestOwnerBankFromIntake.test_tidying_a_stem_is_caught_even_without_the_intake) ... ok
test_a_rung_matrix_that_breaks_the_matrix_schema_says_so_on_the_rungs_page_and_in_the_build (test_test_area.TestPages.test_a_rung_matrix_that_breaks_the_matrix_schema_says_so_on_the_rungs_page_and_in_the_build) ... ERROR
test_committed_pages_are_what_the_generator_writes (test_test_area.TestPages.test_committed_pages_are_what_the_generator_writes) ... ERROR
test_every_test_page_says_it_is_a_sandbox_draft (test_test_area.TestPages.test_every_test_page_says_it_is_a_sandbox_draft) ... ok
test_test_is_not_a_question_bank_subject (test_test_area.TestPages.test_test_is_not_a_question_bank_subject) ... FAIL
test_the_atlas_generator_fails_loudly_when_its_template_changes_shape (test_test_area.TestPages.test_the_atlas_generator_fails_loudly_when_its_template_changes_shape) ... ok
test_the_atlas_header_reaches_the_portal_and_every_test_page (test_test_area.TestPages.test_the_atlas_header_reaches_the_portal_and_every_test_page) ... ok
test_the_atlas_is_bound_to_test_and_keeps_no_trace_of_laws_of_motion (test_test_area.TestPages.test_the_atlas_is_bound_to_test_and_keeps_no_trace_of_laws_of_motion) ... ok
test_the_committed_matrix_passes_the_matrix_check_without_a_finding (test_test_area.TestPages.test_the_committed_matrix_passes_the_matrix_check_without_a_finding) ... ok
test_the_tab_is_in_the_shared_header_and_on_the_hubs_and_the_site_can_reach_test (test_test_area.TestPages.test_the_tab_is_in_the_shared_header_and_on_the_hubs_and_the_site_can_reach_test) ... FAIL
test_check_fails_on_a_stale_mirror_not_only_on_stale_test_pages (test_test_area.TestPagesCommand.test_check_fails_on_a_stale_mirror_not_only_on_stale_test_pages) ... ok
test_no_mirror_leaves_the_mirror_alone (test_test_area.TestPagesCommand.test_no_mirror_leaves_the_mirror_alone) ... ok
test_pages_rebuilds_the_test_pages_and_then_the_mirror (test_test_area.TestPagesCommand.test_pages_rebuilds_the_test_pages_and_then_the_mirror) ... ok
test_test_is_a_real_subject_that_declares_a_contract_and_adds_no_finding (test_test_area.TestSubject.test_test_is_a_real_subject_that_declares_a_contract_and_adds_no_finding) ... ok
test_the_package_schema_accepts_test_and_the_official_bank_is_unchanged (test_test_area.TestSubject.test_the_package_schema_accepts_test_and_the_official_bank_is_unchanged) ... ok
test_a_bank_ref_that_names_no_question_of_the_bank_is_a_gap_that_says_which (test_test_area.TestToughestConcept.test_a_bank_ref_that_names_no_question_of_the_bank_is_a_gap_that_says_which) ... ok
test_a_unit_that_builds_toward_it_and_works_the_question_itself_closes_the_gap_and_shows_why (test_test_area.TestToughestConcept.test_a_unit_that_builds_toward_it_and_works_the_question_itself_closes_the_gap_and_shows_why) ... ok
test_an_official_product_is_judged_at_its_floor_and_is_not_asked_for_this (test_test_area.TestToughestConcept.test_an_official_product_is_judged_at_its_floor_and_is_not_asked_for_this) ... ok
test_naming_the_question_is_not_enough_the_unit_must_work_it_and_point_at_its_step (test_test_area.TestToughestConcept.test_naming_the_question_is_not_enough_the_unit_must_work_it_and_point_at_its_step) ... ok
test_the_deploy_names_the_toughest_concept_and_a_book_that_never_builds_toward_it_is_a_gap (test_test_area.TestToughestConcept.test_the_deploy_names_the_toughest_concept_and_a_book_that_never_builds_toward_it_is_a_gap) ... ok
test_the_unit_takes_the_depth_of_the_hard_question_it_builds_toward (test_test_area.TestToughestConcept.test_the_unit_takes_the_depth_of_the_hard_question_it_builds_toward) ... ok
test_concept_triad_in_core_pages (test_theme_and_owner_isolation.TestThemeAndOwnerIsolation.test_concept_triad_in_core_pages)
Assert core1a.html contains the top .g9-concept-triad-bar. ... ok
test_data_g9_shell_attribute (test_theme_and_owner_isolation.TestThemeAndOwnerIsolation.test_data_g9_shell_attribute)
Ensure <html lang="en" data-g9-shell> attribute is present on all outer pages. ... ok
test_universal_light_theme_default (test_theme_and_owner_isolation.TestThemeAndOwnerIsolation.test_universal_light_theme_default)
Assert that core pages and question bank do not hardcode data-theme="dark". ... ok
test_zero_test_links_in_learner_surfaces (test_theme_and_owner_isolation.TestThemeAndOwnerIsolation.test_zero_test_links_in_learner_surfaces)
Crawl all .html files in public/ (except public/test/) and assert zero occurrences of href=".../test/..." or >TEST<. ... ok
test_a_family_with_no_ladder_row_says_so_rather_than_guessing (test_tools.AuthorBrief.test_a_family_with_no_ladder_row_says_so_rather_than_guessing) ... ok
test_a_percentage_between_rungs_is_a_hole_rather_than_a_depth (test_tools.AuthorBrief.test_a_percentage_between_rungs_is_a_hole_rather_than_a_depth) ... ok
test_a_practice_core_reads_the_same_number_as_routing (test_tools.AuthorBrief.test_a_practice_core_reads_the_same_number_as_routing) ... ok
test_a_rung_with_a_record_binds_to_it_rather_than_restating_it (test_tools.AuthorBrief.test_a_rung_with_a_record_binds_to_it_rather_than_restating_it) ... ok
test_a_teaching_core_resolves_a_percentage_to_a_rung (test_tools.AuthorBrief.test_a_teaching_core_resolves_a_percentage_to_a_rung) ... ok
test_an_absent_rung_gets_the_rung_authoring_contract_not_a_product_one (test_tools.AuthorBrief.test_an_absent_rung_gets_the_rung_authoring_contract_not_a_product_one) ... ok
test_core2a_brief_defines_familiar_demand_not_surface_mutation (test_tools.AuthorBrief.test_core2a_brief_defines_familiar_demand_not_surface_mutation) ... ok
test_core2b_without_a_transfer_row_refuses_rather_than_repeating_the_family (test_tools.AuthorBrief.test_core2b_without_a_transfer_row_refuses_rather_than_repeating_the_family) ... ok
test_every_transfer_row_reaches_the_brief_with_what_it_withholds (test_tools.AuthorBrief.test_every_transfer_row_reaches_the_brief_with_what_it_withholds) ... ok
test_only_the_transfer_product_reads_the_transfer_rows (test_tools.AuthorBrief.test_only_the_transfer_product_reads_the_transfer_rows) ... ok
test_the_ceiling_reaches_the_brief_because_nothing_else_carries_it (test_tools.AuthorBrief.test_the_ceiling_reaches_the_brief_because_nothing_else_carries_it) ... ok
test_the_practice_brief_carries_the_family (test_tools.AuthorBrief.test_the_practice_brief_carries_the_family) ... ok
test_the_support_levels_are_the_purpose_vocabularys (test_tools.AuthorBrief.test_the_support_levels_are_the_purpose_vocabularys) ... ok
test_what_a_support_level_hands_over_comes_from_the_matrix (test_tools.AuthorBrief.test_what_a_support_level_hands_over_comes_from_the_matrix) ... ok
test_a_product_not_compiled_here_is_honest_rather_than_a_finding (test_tools.CapabilityClaims.test_a_product_not_compiled_here_is_honest_rather_than_a_finding) ... ok
test_a_status_that_says_proposed_is_not_a_false_claim (test_tools.CapabilityClaims.test_a_status_that_says_proposed_is_not_a_false_claim) ... ok
test_claiming_a_product_is_compiled_when_nothing_builds_it_is_caught (test_tools.CapabilityClaims.test_claiming_a_product_is_compiled_when_nothing_builds_it_is_caught) ... ok
test_code_that_outruns_its_contract_is_reported_too (test_tools.CapabilityClaims.test_code_that_outruns_its_contract_is_reported_too) ... ok
test_declining_to_say_why_a_product_is_not_compiled_is_caught (test_tools.CapabilityClaims.test_declining_to_say_why_a_product_is_not_compiled_is_caught) ... ok
test_no_contract_in_the_tree_claims_what_nothing_backs (test_tools.CapabilityClaims.test_no_contract_in_the_tree_claims_what_nothing_backs) ... ok
test_planting_a_false_claim_is_caught (test_tools.CapabilityClaims.test_planting_a_false_claim_is_caught) ... ok
test_a_composite_procedure_is_not_mistaken_for_a_rider (test_tools.CapabilityCollisions.test_a_composite_procedure_is_not_mistaken_for_a_rider) ... ok
test_a_discrimination_a_microtopic_teaches_is_not_a_finding (test_tools.CapabilityCollisions.test_a_discrimination_a_microtopic_teaches_is_not_a_finding) ... ok
test_a_fork_quotes_both_criteria_because_that_is_the_merge_evidence (test_tools.CapabilityCollisions.test_a_fork_quotes_both_criteria_because_that_is_the_merge_evidence) ... ok
test_it_reports_rather_than_resolves (test_tools.CapabilityCollisions.test_it_reports_rather_than_resolves) ... ok
test_the_committed_tree_reports_exactly_the_known_two (test_tools.CapabilityCollisions.test_the_committed_tree_reports_exactly_the_known_two) ... ok
test_the_same_id_in_two_packages_is_caught (test_tools.CapabilityCollisions.test_the_same_id_in_two_packages_is_caught) ... ok
test_a_ceiling_word_in_learner_text_is_reported_and_does_not_fail (test_tools.CeilingAudit.test_a_ceiling_word_in_learner_text_is_reported_and_does_not_fail) ... ok
test_a_ceiling_word_in_the_explanation_is_reported_and_does_not_fail (test_tools.CeilingAudit.test_a_ceiling_word_in_the_explanation_is_reported_and_does_not_fail) ... ok
test_a_plural_in_the_jump_still_matches_the_ceiling_word (test_tools.CeilingAudit.test_a_plural_in_the_jump_still_matches_the_ceiling_word) ... ok
test_a_source_rungs_own_output_is_read_from_the_record (test_tools.CeilingAudit.test_a_source_rungs_own_output_is_read_from_the_record) ... ok
test_author_facing_text_does_not_trip_the_reported_finding (test_tools.CeilingAudit.test_author_facing_text_does_not_trip_the_reported_finding) ... ok
test_every_reported_finding_is_a_true_positive (test_tools.CeilingAudit.test_every_reported_finding_is_a_true_positive) ... ok
test_forbidding_a_word_the_rung_teaches_is_refused (test_tools.CeilingAudit.test_forbidding_a_word_the_rung_teaches_is_refused) ... ok
test_no_committed_matrix_forbids_its_own_output (test_tools.CeilingAudit.test_no_committed_matrix_forbids_its_own_output) ... ok
test_the_ceiling_is_compared_to_the_record_a_learner_actually_reads (test_tools.CeilingAudit.test_the_ceiling_is_compared_to_the_record_a_learner_actually_reads) ... ok
test_vector_representation_benchmark_ceiling_failure_is_cleared (test_tools.CeilingAudit.test_vector_representation_benchmark_ceiling_failure_is_cleared) ... ok
test_a_glob_exclusion_that_is_unexplained_or_unanchored_is_refused (test_tools.Guard.test_a_glob_exclusion_that_is_unexplained_or_unanchored_is_refused) ... ok
test_a_planted_literal_is_still_caught (test_tools.Guard.test_a_planted_literal_is_still_caught) ... ok
test_an_exclusion_without_a_reason_is_refused (test_tools.Guard.test_an_exclusion_without_a_reason_is_refused) ... ok
test_every_glob_exclusion_has_a_reason_and_a_directory_anchor (test_tools.Guard.test_every_glob_exclusion_has_a_reason_and_a_directory_anchor) ... ok
test_exclusions_are_declared_with_reasons (test_tools.Guard.test_exclusions_are_declared_with_reasons) ... ok
test_glob_exclusions_cover_hash_named_generated_files_but_not_their_generator (test_tools.Guard.test_glob_exclusions_cover_hash_named_generated_files_but_not_their_generator) ... ok
test_method_document_names_are_not_identifiers_but_real_identifiers_still_are (test_tools.Guard.test_method_document_names_are_not_identifiers_but_real_identifiers_still_are) ... ok
test_rule_id_allowlist_entries_still_name_rules_in_the_quality_contract (test_tools.Guard.test_rule_id_allowlist_entries_still_name_rules_in_the_quality_contract) ... ok
test_selftest_passes (test_tools.Guard.test_selftest_passes) ... ok
test_a_new_neutral_directory_is_guarded_without_a_flag (test_tools.GuardRoots.test_a_new_neutral_directory_is_guarded_without_a_flag) ... ok
test_roots_are_derived_and_exclude_subjects_and_tests (test_tools.GuardRoots.test_roots_are_derived_and_exclude_subjects_and_tests) ... ok
test_a_capability_no_subject_declares_is_refused (test_tools.LearnerEvidence.test_a_capability_no_subject_declares_is_refused) ... ok
test_a_profile_reference_still_resolves_across_the_boundary (test_tools.LearnerEvidence.test_a_profile_reference_still_resolves_across_the_boundary) ... ok
test_an_estimate_without_a_waiver_is_refused (test_tools.LearnerEvidence.test_an_estimate_without_a_waiver_is_refused) ... ok
test_demonstrated_without_an_observation_is_refused (test_tools.LearnerEvidence.test_demonstrated_without_an_observation_is_refused) ... ok
test_fit_cannot_be_claimed_without_diagnosis (test_tools.LearnerEvidence.test_fit_cannot_be_claimed_without_diagnosis) ... ok
test_no_package_holds_a_profile_any_more (test_tools.LearnerEvidence.test_no_package_holds_a_profile_any_more) ... ok
test_the_committed_profiles_pass (test_tools.LearnerEvidence.test_the_committed_profiles_pass) ... ok
test_the_percentage_is_stored_and_never_selected_from (test_tools.LearnerEvidence.test_the_percentage_is_stored_and_never_selected_from) ... ok
test_check_reports_a_stale_generated_file_without_repairing_it (test_tools.Manifest.test_check_reports_a_stale_generated_file_without_repairing_it) ... ok
test_collect_does_not_write_to_the_tree (test_tools.Manifest.test_collect_does_not_write_to_the_tree) ... ok
test_committed_manifest_matches_the_tree (test_tools.Manifest.test_committed_manifest_matches_the_tree) ... FAIL
test_digest_changes_when_a_component_changes (test_tools.Manifest.test_digest_changes_when_a_component_changes) ... ok
test_every_component_carries_a_role (test_tools.Manifest.test_every_component_carries_a_role) ... ok
test_is_deterministic (test_tools.Manifest.test_is_deterministic) ... ok
test_a_constructed_rung_carries_what_no_record_holds_for_it (test_tools.MatrixConformance.test_a_constructed_rung_carries_what_no_record_holds_for_it) ... ok
test_a_fifth_spelling_of_the_four_dimensions_is_refused (test_tools.MatrixConformance.test_a_fifth_spelling_of_the_four_dimensions_is_refused) ... ok
test_a_phase_with_no_invariant_is_refused (test_tools.MatrixConformance.test_a_phase_with_no_invariant_is_refused) ... ok
test_a_repair_route_must_name_a_rung_of_this_ladder (test_tools.MatrixConformance.test_a_repair_route_must_name_a_rung_of_this_ladder) ... ok
test_a_rung_nothing_teaches_must_still_say_what_it_is (test_tools.MatrixConformance.test_a_rung_nothing_teaches_must_still_say_what_it_is) ... ok
test_absent_may_name_the_hole_and_stop (test_tools.MatrixConformance.test_absent_may_name_the_hole_and_stop) ... ok
test_an_absent_claim_over_a_real_record_is_also_refused (test_tools.MatrixConformance.test_an_absent_claim_over_a_real_record_is_also_refused) ... ok
test_every_transfer_row_carries_all_four_parts (test_tools.MatrixConformance.test_every_transfer_row_carries_all_four_parts) ... ok
test_one_row_per_support_level (test_tools.MatrixConformance.test_one_row_per_support_level) ... ok
test_restating_a_record_is_refused (test_tools.MatrixConformance.test_restating_a_record_is_refused) ... ok
test_structure_is_reported_before_meaning_is_read (test_tools.MatrixConformance.test_structure_is_reported_before_meaning_is_read) ... ok
test_support_may_not_hand_over_the_invariant_demand (test_tools.MatrixConformance.test_support_may_not_hand_over_the_invariant_demand) ... ok
test_the_ceiling_audit_never_raises_on_a_malformed_board (test_tools.MatrixConformance.test_the_ceiling_audit_never_raises_on_a_malformed_board) ... ok
test_the_committed_matrix_passes (test_tools.MatrixConformance.test_the_committed_matrix_passes) ... ok
test_the_ladder_must_ascend_and_not_repeat (test_tools.MatrixConformance.test_the_ladder_must_ascend_and_not_repeat) ... ok
test_the_library_decides_whether_a_rung_exists (test_tools.MatrixConformance.test_the_library_decides_whether_a_rung_exists) ... ok
test_withheld_information_must_be_narrower_than_the_demand (test_tools.MatrixConformance.test_withheld_information_must_be_narrower_than_the_demand) ... ok
test_a_claimed_library_basis_must_name_records_the_library_holds (test_tools.PublicationProvenance.test_a_claimed_library_basis_must_name_records_the_library_holds) ... ok
test_a_library_claim_no_plan_supports_is_refused (test_tools.PublicationProvenance.test_a_library_claim_no_plan_supports_is_refused) ... ok
test_a_run_is_not_asked_for_teaching_that_belongs_to_another_bucket (test_tools.PublicationProvenance.test_a_run_is_not_asked_for_teaching_that_belongs_to_another_bucket) ... ok
test_a_run_that_says_nothing_is_refused (test_tools.PublicationProvenance.test_a_run_that_says_nothing_is_refused) ... ok
test_a_rung_authored_after_the_freeze_is_reported_as_stale (test_tools.PublicationProvenance.test_a_rung_authored_after_the_freeze_is_reported_as_stale) ... ok
test_an_unknown_basis_is_not_silently_accepted (test_tools.PublicationProvenance.test_an_unknown_basis_is_not_silently_accepted) ... ok
test_authoring_beside_the_library_is_allowed_and_an_unexplained_one_is_not (test_tools.PublicationProvenance.test_authoring_beside_the_library_is_allowed_and_an_unexplained_one_is_not) ... ok
test_staleness_is_reported_and_does_not_fail_the_build (test_tools.PublicationProvenance.test_staleness_is_reported_and_does_not_fail_the_build) ... ok
test_the_committed_run_declares_its_basis (test_tools.PublicationProvenance.test_the_committed_run_declares_its_basis) ... ok
test_the_compilers_own_record_list_is_read_rather_than_the_plans_text (test_tools.PublicationProvenance.test_the_compilers_own_record_list_is_read_rather_than_the_plans_text) ... ok
test_a_conceptual_rung_carries_no_relation_and_is_still_admitted (test_tools.RelativeMotionEntryRung.test_a_conceptual_rung_carries_no_relation_and_is_still_admitted) ... ok
test_a_diagnostic_can_now_place_a_learner_on_this_ladder (test_tools.RelativeMotionEntryRung.test_a_diagnostic_can_now_place_a_learner_on_this_ladder) ... ok
test_a_qualitative_exit_says_why_it_asserts_no_number (test_tools.RelativeMotionEntryRung.test_a_qualitative_exit_says_why_it_asserts_no_number) ... ok
test_its_capability_asserts_one_thing (test_tools.RelativeMotionEntryRung.test_its_capability_asserts_one_thing) ... ok
test_the_entry_rung_has_a_record_and_the_matrix_defers_to_it (test_tools.RelativeMotionEntryRung.test_the_entry_rung_has_a_record_and_the_matrix_defers_to_it) ... ok
test_the_explanation_respects_its_own_ceiling (test_tools.RelativeMotionEntryRung.test_the_explanation_respects_its_own_ceiling) ... ok
test_the_whole_ladder_is_product_work_with_no_rung_left_to_author (test_tools.RelativeMotionEntryRung.test_the_whole_ladder_is_product_work_with_no_rung_left_to_author) ... ok
test_a_bare_percentage_cannot_be_typed_into_a_request (test_tools.ResolveRequest.test_a_bare_percentage_cannot_be_typed_into_a_request) ... ok
test_a_dangling_profile_is_refused (test_tools.ResolveRequest.test_a_dangling_profile_is_refused) ... ok
test_a_learner_past_every_rung_is_said_so_rather_than_placed_at_the_top (test_tools.ResolveRequest.test_a_learner_past_every_rung_is_said_so_rather_than_placed_at_the_top) ... ok
test_a_practice_core_without_a_purpose_is_refused (test_tools.ResolveRequest.test_a_practice_core_without_a_purpose_is_refused) ... ok
test_a_purpose_for_a_product_nobody_asked_for (test_tools.ResolveRequest.test_a_purpose_for_a_product_nobody_asked_for) ... ok
test_a_purpose_the_vocabulary_does_not_declare (test_tools.ResolveRequest.test_a_purpose_the_vocabulary_does_not_declare) ... ok
test_a_refused_request_yields_the_refusal_rather_than_briefs (test_tools.ResolveRequest.test_a_refused_request_yields_the_refusal_rather_than_briefs) ... ok
test_a_synthetic_profile_is_never_routed (test_tools.ResolveRequest.test_a_synthetic_profile_is_never_routed) ... ok
test_a_withheld_transfer_product_says_why_rather_than_failing_quietly (test_tools.ResolveRequest.test_a_withheld_transfer_product_says_why_rather_than_failing_quietly) ... ok
test_an_owner_estimate_between_rungs_routes_conservatively (test_tools.ResolveRequest.test_an_owner_estimate_between_rungs_routes_conservatively) ... ok
test_an_owner_may_name_the_entry_rung_but_not_invent_one (test_tools.ResolveRequest.test_an_owner_may_name_the_entry_rung_but_not_invent_one) ... ok
test_nobody_can_be_placed_on_a_ladder_whose_lower_rungs_have_no_records (test_tools.ResolveRequest.test_nobody_can_be_placed_on_a_ladder_whose_lower_rungs_have_no_records) ... ok
test_one_request_compiles_every_brief_the_plan_calls_for (test_tools.ResolveRequest.test_one_request_compiles_every_brief_the_plan_calls_for) ... ok
test_placement_reads_the_capability_map_and_never_an_aggregate (test_tools.ResolveRequest.test_placement_reads_the_capability_map_and_never_an_aggregate) ... ok
test_practice_is_blocked_exactly_where_no_rung_has_a_record (test_tools.ResolveRequest.test_practice_is_blocked_exactly_where_no_rung_has_a_record) ... ok
test_practice_is_ready_where_the_ladder_is_taught (test_tools.ResolveRequest.test_practice_is_ready_where_the_ladder_is_taught) ... ok
test_purpose_decides_support_with_no_percentage_involved (test_tools.ResolveRequest.test_purpose_decides_support_with_no_percentage_involved) ... ok
test_rung_work_is_planned_exactly_where_a_record_is_missing (test_tools.ResolveRequest.test_rung_work_is_planned_exactly_where_a_record_is_missing) ... ok
test_selection_not_dilution (test_tools.ResolveRequest.test_selection_not_dilution) ... ok
test_the_committed_request_resolves (test_tools.ResolveRequest.test_the_committed_request_resolves) ... ok
test_transfer_requested_under_a_purpose_that_withholds_it (test_tools.ResolveRequest.test_transfer_requested_under_a_purpose_that_withholds_it) ... ok
test_two_sources_of_placement_at_once_are_refused (test_tools.ResolveRequest.test_two_sources_of_placement_at_once_are_refused) ... ok
test_a_field_with_a_home_resolves (test_tools.SpecConformance.test_a_field_with_a_home_resolves) ... ok
test_a_malformed_path_reads_as_malformed (test_tools.SpecConformance.test_a_malformed_path_reads_as_malformed) ... ok
test_a_missing_block_is_a_finding_distinct_from_an_empty_one (test_tools.SpecConformance.test_a_missing_block_is_a_finding_distinct_from_an_empty_one) ... ok
test_a_node_with_both_properties_and_a_combinator_keeps_its_properties (test_tools.SpecConformance.test_a_node_with_both_properties_and_a_combinator_keeps_its_properties) ... ok
test_a_planted_requirement_with_no_home_is_a_finding (test_tools.SpecConformance.test_a_planted_requirement_with_no_home_is_a_finding) ... ok
test_all_six_role_specs_are_found_from_the_index (test_tools.SpecConformance.test_all_six_role_specs_are_found_from_the_index) ... ok
test_an_ordering_requirement_is_not_satisfied_by_a_scalar (test_tools.SpecConformance.test_an_ordering_requirement_is_not_satisfied_by_a_scalar) ... ok
test_an_unknown_record_type_is_named_as_such (test_tools.SpecConformance.test_an_unknown_record_type_is_named_as_such) ... ok
test_every_requirement_carries_the_phrase_it_came_from (test_tools.SpecConformance.test_every_requirement_carries_the_phrase_it_came_from) ... ok
test_every_spec_carries_a_block (test_tools.SpecConformance.test_every_spec_carries_a_block) ... ok
test_no_committed_path_is_malformed_or_names_an_unknown_record (test_tools.SpecConformance.test_no_committed_path_is_malformed_or_names_an_unknown_record) ... ok
test_the_whole_backlog_is_closed (test_tools.SpecConformance.test_the_whole_backlog_is_closed) ... ok
test_a_container_path_counts_what_is_inside_it (test_tools.SpecDelivery.test_a_container_path_counts_what_is_inside_it) ... ok
test_a_path_that_is_not_there_yields_nothing_rather_than_raising (test_tools.SpecDelivery.test_a_path_that_is_not_there_yields_nothing_rather_than_raising) ... ok
test_a_path_walks_the_arrays_it_crosses (test_tools.SpecDelivery.test_a_path_walks_the_arrays_it_crosses) ... ok
test_a_role_that_compiles_nothing_here_is_said_once_not_per_requirement (test_tools.SpecDelivery.test_a_role_that_compiles_nothing_here_is_said_once_not_per_requirement) ... ok
test_a_short_value_is_undecidable_rather_than_guessed (test_tools.SpecDelivery.test_a_short_value_is_undecidable_rather_than_guessed) ... ok
test_core1a_delivers_the_misconception_it_requires (test_tools.SpecDelivery.test_core1a_delivers_the_misconception_it_requires)
The sharpest finding R1.5 made, now closed. ... ok
test_core1a_delivers_what_it_assumes_and_what_can_be_checked (test_tools.SpecDelivery.test_core1a_delivers_what_it_assumes_and_what_can_be_checked) ... ok
test_something_is_delivered_so_the_check_is_not_vacuous (test_tools.SpecDelivery.test_something_is_delivered_so_the_check_is_not_vacuous) ... ok
test_source_hints_do_not_manufacture_core2_from_authored_practice (test_tools.SpecDelivery.test_source_hints_do_not_manufacture_core2_from_authored_practice) ... ok
test_the_compiler_drops_nothing_the_library_holds (test_tools.SpecDelivery.test_the_compiler_drops_nothing_the_library_holds) ... ok
test_the_two_products_frame_the_wrong_path_differently (test_tools.SpecDelivery.test_the_two_products_frame_the_wrong_path_differently) ... ok
test_the_unwritten_backlog_is_named_rather_than_only_counted (test_tools.SpecDelivery.test_the_unwritten_backlog_is_named_rather_than_only_counted) ... ok
test_a_hollow_library_in_any_subject_is_caught (test_tools.SubjectCoverage.test_a_hollow_library_in_any_subject_is_caught) ... ok
test_a_subject_declaring_a_contract_but_no_adapter_is_named_not_skipped (test_tools.SubjectCoverage.test_a_subject_declaring_a_contract_but_no_adapter_is_named_not_skipped) ... ok
test_every_subject_directory_is_discovered (test_tools.SubjectCoverage.test_every_subject_directory_is_discovered) ... ok
test_the_sweep_passes_on_the_committed_tree (test_tools.SubjectCoverage.test_the_sweep_passes_on_the_committed_tree) ... FAIL
test_every_compilable_bucket_is_actually_checked (test_tools.SweepRunsTheDifferentiationCheck.test_every_compilable_bucket_is_actually_checked) ... ok
test_every_subject_passes_today (test_tools.SweepRunsTheDifferentiationCheck.test_every_subject_passes_today) ... ok
test_removing_an_elicitation_makes_the_sweep_fail (test_tools.SweepRunsTheDifferentiationCheck.test_removing_an_elicitation_makes_the_sweep_fail) ... ok
test_a_subject_without_a_library_is_marked_rather_than_hidden (test_tools.WebData.test_a_subject_without_a_library_is_marked_rather_than_hidden) ... ok
test_every_bucket_carries_an_honest_compile_preview (test_tools.WebData.test_every_bucket_carries_an_honest_compile_preview) ... ok
test_every_declared_subject_appears (test_tools.WebData.test_every_declared_subject_appears) ... ok
test_generated_file_on_disk_matches_a_fresh_build (test_tools.WebData.test_generated_file_on_disk_matches_a_fresh_build) ... ok
test_unsupported_products_are_reported_not_omitted_silently (test_tools.WebData.test_unsupported_products_are_reported_not_omitted_silently) ... ok
test_real_browser_atlas_contract (test_topic_atlas_browser_runtime.TopicAtlasBrowserRuntimeTest.test_real_browser_atlas_contract) ... skipped 'ChromeDriver is not available'
test_generated_web_data_contains_matrices (test_topic_atlas_contract.TopicAtlasContractTest.test_generated_web_data_contains_matrices) ... ok
test_mathematics_linear_equations_proof_case (test_topic_atlas_contract.TopicAtlasContractTest.test_mathematics_linear_equations_proof_case) ... ok
test_motion2d_semantic_leaf_activity_bindings (test_topic_atlas_contract.TopicAtlasContractTest.test_motion2d_semantic_leaf_activity_bindings) ... ok
test_nlm_matrix_structure_and_non_default_r4 (test_topic_atlas_contract.TopicAtlasContractTest.test_nlm_matrix_structure_and_non_default_r4) ... ok
test_r5_teaching_path_step_ids_and_activity_binding (test_topic_atlas_contract.TopicAtlasContractTest.test_r5_teaching_path_step_ids_and_activity_binding) ... ok
test_request_schema_validation_for_atlas_request (test_topic_atlas_contract.TopicAtlasContractTest.test_request_schema_validation_for_atlas_request) ... ok
test_web_data_files_on_disk (test_topic_atlas_contract.TopicAtlasContractTest.test_web_data_files_on_disk) ... ok
test_addresses_and_estimate_routing_preserve_precision_without_mastery (test_topic_atlas_takeover_contract.TopicAtlasTakeoverContractTest.test_addresses_and_estimate_routing_preserve_precision_without_mastery) ... ok
test_atlas_index_20_requires_exact_composite_identity_and_ready_destinations (test_topic_atlas_takeover_contract.TopicAtlasTakeoverContractTest.test_atlas_index_20_requires_exact_composite_identity_and_ready_destinations) ... ok
test_browser_source_does_not_claim_authoritative_planner_execution (test_topic_atlas_takeover_contract.TopicAtlasTakeoverContractTest.test_browser_source_does_not_claim_authoritative_planner_execution) ... ok
test_browser_uses_subject_neutral_native_selection_and_history (test_topic_atlas_takeover_contract.TopicAtlasTakeoverContractTest.test_browser_uses_subject_neutral_native_selection_and_history) ... ok
test_diagnostic_rows_fail_closed_and_narrow_ref_degrades_only_one_level (test_topic_atlas_takeover_contract.TopicAtlasTakeoverContractTest.test_diagnostic_rows_fail_closed_and_narrow_ref_degrades_only_one_level) ... ok
test_measurement_projection_separates_measurement_from_routing_context (test_topic_atlas_takeover_contract.TopicAtlasTakeoverContractTest.test_measurement_projection_separates_measurement_from_routing_context) ... ok
test_only_two_normal_learner_input_channels_remain (test_topic_atlas_takeover_contract.TopicAtlasTakeoverContractTest.test_only_two_normal_learner_input_channels_remain) ... ok
test_plan_level_request_is_schema_valid_without_fabricated_owner_entry (test_topic_atlas_takeover_contract.TopicAtlasTakeoverContractTest.test_plan_level_request_is_schema_valid_without_fabricated_owner_entry) ... ok
test_a_question_whose_capability_no_concept_owns_is_still_named_and_says_so (test_toughest_concept.Rule.test_a_question_whose_capability_no_concept_owns_is_still_named_and_says_so) ... ok
test_a_unit_takes_the_depth_of_the_hardest_question_it_builds_toward (test_toughest_concept.Rule.test_a_unit_takes_the_depth_of_the_hardest_question_it_builds_toward) ... ok
test_conceptual_difficulty_outranks_a_higher_total_that_is_all_algebra (test_toughest_concept.Rule.test_conceptual_difficulty_outranks_a_higher_total_that_is_all_algebra) ... ok
test_nothing_is_chosen_on_a_guess (test_toughest_concept.Rule.test_nothing_is_chosen_on_a_guess) ... ok
test_the_brief_names_the_concept_the_move_missed_and_the_tempting_route (test_toughest_concept.Rule.test_the_brief_names_the_concept_the_move_missed_and_the_tempting_route) ... ok
test_ties_fall_to_the_total_then_the_representation_then_the_chain_then_the_bank_order (test_toughest_concept.Rule.test_ties_fall_to_the_total_then_the_representation_then_the_chain_then_the_bank_order) ... ok
test_renderer_and_pages_builder_implement_blueprint_authority (test_ui_blueprint_contract.UiBlueprintContractTest.test_renderer_and_pages_builder_implement_blueprint_authority) ... ok
test_shared_site_tokens_respect_blueprint_text_floor (test_ui_blueprint_contract.UiBlueprintContractTest.test_shared_site_tokens_respect_blueprint_text_floor) ... ok
test_shell_carries_systemic_learner_web_invariants (test_ui_blueprint_contract.UiBlueprintContractTest.test_shell_carries_systemic_learner_web_invariants) ... ok
test_active_vector_add_sub_matrix_contains_demanded_four_rungs (test_vector_foundations_modernization.VectorFoundationsModernization.test_active_vector_add_sub_matrix_contains_demanded_four_rungs) ... ok
test_angle_decomposition_is_now_real_demand_backed_with_math_bridge (test_vector_foundations_modernization.VectorFoundationsModernization.test_angle_decomposition_is_now_real_demand_backed_with_math_bridge) ... ok
test_each_vector_representation_capability_has_one_teaching_location (test_vector_foundations_modernization.VectorFoundationsModernization.test_each_vector_representation_capability_has_one_teaching_location) ... ok
test_graphical_subtraction_depends_on_signed_components_not_broad_alias (test_vector_foundations_modernization.VectorFoundationsModernization.test_graphical_subtraction_depends_on_signed_components_not_broad_alias) ... ok
test_neetprep_q4_q5_now_route_to_reusable_vector_capability (test_vector_foundations_modernization.VectorFoundationsModernization.test_neetprep_q4_q5_now_route_to_reusable_vector_capability) ... ok
test_vector_add_sub_matrix_is_ready_without_ambiguity (test_vector_foundations_modernization.VectorFoundationsModernization.test_vector_add_sub_matrix_is_ready_without_ambiguity) ... ok
test_vector_representation_has_core1a_core1b_for_every_matrix_rung (test_vector_foundations_modernization.VectorFoundationsModernization.test_vector_representation_has_core1a_core1b_for_every_matrix_rung) ... ok
test_vector_representation_is_ready_with_only_explicit_math_bridge (test_vector_foundations_modernization.VectorFoundationsModernization.test_vector_representation_is_ready_with_only_explicit_math_bridge) ... ok
test_vector_representation_r1_and_r2_are_distinct_capabilities (test_vector_foundations_modernization.VectorFoundationsModernization.test_vector_representation_r1_and_r2_are_distinct_capabilities) ... ok
test_every_template_block_maps_to_exactly_one_blueprint_slot (test_web_blueprint_contract.WebBlueprintContractTests.test_every_template_block_maps_to_exactly_one_blueprint_slot) ... ok
test_incompatible_core_and_unmapped_block_are_named_findings (test_web_blueprint_contract.WebBlueprintContractTests.test_incompatible_core_and_unmapped_block_are_named_findings) ... ok
test_registry_is_structurally_sound_and_has_six_active_core_blueprints_and_the_explorers (test_web_blueprint_contract.WebBlueprintContractTests.test_registry_is_structurally_sound_and_has_six_active_core_blueprints_and_the_explorers) ... ok
test_schema_validates_registry_when_jsonschema_is_available (test_web_blueprint_contract.WebBlueprintContractTests.test_schema_validates_registry_when_jsonschema_is_available) ... ok
test_unknown_or_stale_version_fails_closed (test_web_blueprint_contract.WebBlueprintContractTests.test_unknown_or_stale_version_fails_closed) ... ok
test_adapter_has_no_subject_or_keyword_blueprint_switch (test_web_blueprint_projection.WebBlueprintProjectionTests.test_adapter_has_no_subject_or_keyword_blueprint_switch) ... ok
test_generated_projection_blueprint_is_invariant_across_subject_rows (test_web_blueprint_projection.WebBlueprintProjectionTests.test_generated_projection_blueprint_is_invariant_across_subject_rows) ... ok
test_projection_delivery_is_role_driven_and_subject_neutral (test_web_blueprint_projection.WebBlueprintProjectionTests.test_projection_delivery_is_role_driven_and_subject_neutral) ... ok
test_current_core_projections_are_searchable_by_exact_semantic_refs (test_web_resolver.DerivedArtifactRegistryTests.test_current_core_projections_are_searchable_by_exact_semantic_refs) ... ok
test_run_bundle_webpage_is_persisted_searchable_and_basis_checked (test_web_resolver.DerivedArtifactRegistryTests.test_run_bundle_webpage_is_persisted_searchable_and_basis_checked) ... ok
test_atlas_only_exact_ref_cannot_replace_canonical_record (test_web_resolver.WebResolverTests.test_atlas_only_exact_ref_cannot_replace_canonical_record) ... ok
test_core2a_exact_question_uses_provider_and_saved_artifact (test_web_resolver.WebResolverTests.test_core2a_exact_question_uses_provider_and_saved_artifact) ... ok
test_learn_mode_includes_core1_not_only_ab_variants (test_web_resolver.WebResolverTests.test_learn_mode_includes_core1_not_only_ab_variants) ... ok
test_math_r1_static_representation_is_not_interactive (test_web_resolver.WebResolverTests.test_math_r1_static_representation_is_not_interactive) ... ok
test_motion_explore_adapter_emits_shell_and_local_portable_runtime (test_web_resolver.WebResolverTests.test_motion_explore_adapter_emits_shell_and_local_portable_runtime) ... ok
test_motion_r1_required_explore_reuses_portable_activity (test_web_resolver.WebResolverTests.test_motion_r1_required_explore_reuses_portable_activity) ... ok
test_nlm_r5_activity_does_not_invent_missing_rung_representation (test_web_resolver.WebResolverTests.test_nlm_r5_activity_does_not_invent_missing_rung_representation) ... ok
test_offline_explore_uses_static_fallback_instead_of_remote_locator (test_web_resolver.WebResolverTests.test_offline_explore_uses_static_fallback_instead_of_remote_locator) ... ok
test_static_single_file_explore_renders_declared_shell (test_web_resolver.WebResolverTests.test_static_single_file_explore_renders_declared_shell) ... ok
test_target_preparation_requires_286_receipt_and_independent_authorization (test_web_resolver.WebResolverTests.test_target_preparation_requires_286_receipt_and_independent_authorization) ... ok
test_persisting_core_does_not_invalidate_the_same_semantic_plan (test_web_resolver.WebValidatorTests.test_persisting_core_does_not_invalidate_the_same_semantic_plan) ... ok
test_validator_re_reads_authority_and_rejects_tampered_receipt (test_web_resolver.WebValidatorTests.test_validator_re_reads_authority_and_rejects_tampered_receipt) ... ok
test_manifest_classifies_workbench_es_modules (test_workbench_runtime.WorkbenchRuntimeNodeTests.test_manifest_classifies_workbench_es_modules) ... ok
test_node_runtime_contract (test_workbench_runtime.WorkbenchRuntimeNodeTests.test_node_runtime_contract) ... ok
test_real_browser_contract (test_workbench_runtime.WorkbenchRuntimeNodeTests.test_real_browser_contract) ... skipped 'ChromeDriver is not available in this local environment'
test_demonstrated_question_demand_gets_a_quick_check_not_a_study_detour (test_worksheet_study_plan.WorksheetStudyPlan.test_demonstrated_question_demand_gets_a_quick_check_not_a_study_detour) ... ok
test_detailed_nlm_view_reuses_matrix_difficulty_estimate_and_evidence_layers (test_worksheet_study_plan.WorksheetStudyPlan.test_detailed_nlm_view_reuses_matrix_difficulty_estimate_and_evidence_layers) ... ok
test_external_bridge_is_a_blocker_until_learner_evidence_satisfies_it (test_worksheet_study_plan.WorksheetStudyPlan.test_external_bridge_is_a_blocker_until_learner_evidence_satisfies_it) ... ok
test_no_learner_input_keeps_the_plan_neutral_and_diagnostic (test_worksheet_study_plan.WorksheetStudyPlan.test_no_learner_input_keeps_the_plan_neutral_and_diagnostic) ... ok
test_observation_text_populates_attention_without_inventing_a_diagnosis (test_worksheet_study_plan.WorksheetStudyPlan.test_observation_text_populates_attention_without_inventing_a_diagnosis) ... ok
test_observed_uncertainty_overrides_owner_estimate (test_worksheet_study_plan.WorksheetStudyPlan.test_observed_uncertainty_overrides_owner_estimate) ... ok
test_output_has_the_same_question_to_study_map_shape_as_the_parent_view (test_worksheet_study_plan.WorksheetStudyPlan.test_output_has_the_same_question_to_study_map_shape_as_the_parent_view) ... ok
test_rough_estimate_survives_only_when_no_real_evidence_exists (test_worksheet_study_plan.WorksheetStudyPlan.test_rough_estimate_survives_only_when_no_real_evidence_exists) ... ok
test_synthetic_profile_is_refused_for_real_routing (test_worksheet_study_plan.WorksheetStudyPlan.test_synthetic_profile_is_refused_for_real_routing) ... ok
test_acquisition_links_leave_the_library_index (test_wp4_method.InventoryReadback.test_acquisition_links_leave_the_library_index) ... ok
test_advisory_status_requires_an_owner_acceptance_record (test_wp4_method.InventoryReadback.test_advisory_status_requires_an_owner_acceptance_record) ... ok
test_core2_projects_format_and_independent_key_conflict (test_wp4_method.InventoryReadback.test_core2_projects_format_and_independent_key_conflict) ... ok
test_inventory_denominator_links_and_member_digest (test_wp4_method.InventoryReadback.test_inventory_denominator_links_and_member_digest) ... ok
test_readback_and_inventory_changes_stale_existing_digest (test_wp4_method.InventoryReadback.test_readback_and_inventory_changes_stale_existing_digest) ... ok
test_source_item_without_printed_key_is_valid (test_wp4_method.InventoryReadback.test_source_item_without_printed_key_is_valid) ... ok
test_unit_front_matter_is_honest_without_design_claim (test_wp4_method.InventoryReadback.test_unit_front_matter_is_honest_without_design_claim) ... ok

======================================================================
ERROR: setUpClass (test_assurance_acceptance.Gate)
----------------------------------------------------------------------
Traceback (most recent call last):
  File "C:\CodeB\Grade9v3.5\.codex-recovery\r5-full-suite\tests\test_assurance_acceptance.py", line 46, in setUpClass
    raise RuntimeError(done.stderr[-500:])
RuntimeError: 2 gap(s): nothing written. Run `render_core.py gaps` or `--draft`.


======================================================================
ERROR: test_the_assurance_digest_is_the_bundles_own_and_a_broken_bundle_is_refused (test_assurance_projections.Release.test_the_assurance_digest_is_the_bundles_own_and_a_broken_bundle_is_refused)
----------------------------------------------------------------------
Traceback (most recent call last):
  File "C:\CodeB\Grade9v3.5\.codex-recovery\r5-full-suite\tests\test_assurance_projections.py", line 218, in test_the_assurance_digest_is_the_bundles_own_and_a_broken_bundle_is_refused
    subjects = aggregate.package_subjects([str(self.lib)], Path("/"))
               ^^^^^^^^^^^^^^^^^^^^^^^^^^^^^^^^^^^^^^^^^^^^^^^^^^^^^^
  File "C:\CodeB\Grade9v3.5\.codex-recovery\r5-full-suite\Shared\assurance\aggregate.py", line 100, in package_subjects
    out.append(subject_from("CANONICAL_RECORD", package_id, f.relative_to(repo).as_posix(), repo))
                                                            ^^^^^^^^^^^^^^^^^^^
  File "C:\Users\reall\.cache\codex-runtimes\codex-primary-runtime\dependencies\python\Lib\pathlib.py", line 682, in relative_to
    raise ValueError(f"{str(self)!r} is not in the subpath of {str(other)!r}")
ValueError: 'C:\\Users\\reall\\AppData\\Local\\Temp\\tmptq7y5cmj\\library\\a.json' is not in the subpath of '\\'

======================================================================
ERROR: test_the_icon_sits_in_the_fixed_header_among_the_other_controls (test_blueprint_components.PrintPdf.test_the_icon_sits_in_the_fixed_header_among_the_other_controls)
----------------------------------------------------------------------
Traceback (most recent call last):
  File "C:\CodeB\Grade9v3.5\.codex-recovery\r5-full-suite\tests\test_blueprint_components.py", line 519, in test_the_icon_sits_in_the_fixed_header_among_the_other_controls
    header = re.search(r"<header data-g9-shell-header>.*?</header>", self.pages["core2.html"]).group(0)
             ^^^^^^^^^^^^^^^^^^^^^^^^^^^^^^^^^^^^^^^^^^^^^^^^^^^^^^^^^^^^^^^^^^^^^^^^^^^^^^^^^^^^^^^
AttributeError: 'NoneType' object has no attribute 'group'

======================================================================
ERROR: test_core2a_scaffold_precedes_answer_and_crux_is_visibly_distinct (test_core_projection_pipeline.LearnerFacingStructuredProjection.test_core2a_scaffold_precedes_answer_and_crux_is_visibly_distinct)
----------------------------------------------------------------------
Traceback (most recent call last):
  File "C:\CodeB\Grade9v3.5\.codex-recovery\r5-full-suite\tests\test_core_projection_pipeline.py", line 363, in test_core2a_scaffold_precedes_answer_and_crux_is_visibly_distinct
    html = self.render()["CORE2A"]
           ^^^^^^^^^^^^^
  File "C:\CodeB\Grade9v3.5\.codex-recovery\r5-full-suite\tests\test_core_projection_pipeline.py", line 349, in render
    publish(
  File "C:\CodeB\Grade9v3.5\.codex-recovery\r5-full-suite\Shared\publication_host\host.py", line 47, in publish
    verified = build_directory(out, write)
               ^^^^^^^^^^^^^^^^^^^^^^^^^^^
  File "C:\CodeB\Grade9v3.5\.codex-recovery\r5-full-suite\Shared\publication_host\storage.py", line 56, in build_directory
    result = action(staging)
             ^^^^^^^^^^^^^^^
  File "C:\CodeB\Grade9v3.5\.codex-recovery\r5-full-suite\Shared\publication_host\host.py", line 45, in write
    return verify_publication(staging, basis, adapter)
           ^^^^^^^^^^^^^^^^^^^^^^^^^^^^^^^^^^^^^^^^^^^
  File "C:\CodeB\Grade9v3.5\.codex-recovery\r5-full-suite\Shared\publication_host\audit.py", line 61, in verify_publication
    require(required_files <= set(indexed), "MANIFEST_ARTIFACT_MISSING")
  File "C:\CodeB\Grade9v3.5\.codex-recovery\r5-full-suite\Shared\contracts.py", line 25, in require
    raise ContractError(code, detail)
Shared.contracts.ContractError: MANIFEST_ARTIFACT_MISSING

======================================================================
ERROR: test_core2b_protected_decision_is_absent_from_pre_attempt_support (test_core_projection_pipeline.LearnerFacingStructuredProjection.test_core2b_protected_decision_is_absent_from_pre_attempt_support)
----------------------------------------------------------------------
Traceback (most recent call last):
  File "C:\CodeB\Grade9v3.5\.codex-recovery\r5-full-suite\tests\test_core_projection_pipeline.py", line 379, in test_core2b_protected_decision_is_absent_from_pre_attempt_support
    html = self.render(transfer=True)["CORE2B"]
           ^^^^^^^^^^^^^^^^^^^^^^^^^^
  File "C:\CodeB\Grade9v3.5\.codex-recovery\r5-full-suite\tests\test_core_projection_pipeline.py", line 349, in render
    publish(
  File "C:\CodeB\Grade9v3.5\.codex-recovery\r5-full-suite\Shared\publication_host\host.py", line 47, in publish
    verified = build_directory(out, write)
               ^^^^^^^^^^^^^^^^^^^^^^^^^^^
  File "C:\CodeB\Grade9v3.5\.codex-recovery\r5-full-suite\Shared\publication_host\storage.py", line 56, in build_directory
    result = action(staging)
             ^^^^^^^^^^^^^^^
  File "C:\CodeB\Grade9v3.5\.codex-recovery\r5-full-suite\Shared\publication_host\host.py", line 45, in write
    return verify_publication(staging, basis, adapter)
           ^^^^^^^^^^^^^^^^^^^^^^^^^^^^^^^^^^^^^^^^^^^
  File "C:\CodeB\Grade9v3.5\.codex-recovery\r5-full-suite\Shared\publication_host\audit.py", line 61, in verify_publication
    require(required_files <= set(indexed), "MANIFEST_ARTIFACT_MISSING")
  File "C:\CodeB\Grade9v3.5\.codex-recovery\r5-full-suite\Shared\contracts.py", line 25, in require
    raise ContractError(code, detail)
Shared.contracts.ContractError: MANIFEST_ARTIFACT_MISSING

======================================================================
ERROR: test_real_motion2d_publish_keeps_protected_decision_after_attempt (test_core_projection_pipeline.Motion2DRealWitness.test_real_motion2d_publish_keeps_protected_decision_after_attempt)
----------------------------------------------------------------------
Traceback (most recent call last):
  File "C:\CodeB\Grade9v3.5\.codex-recovery\r5-full-suite\tests\test_core_projection_pipeline.py", line 612, in test_real_motion2d_publish_keeps_protected_decision_after_attempt
    publish(
  File "C:\CodeB\Grade9v3.5\.codex-recovery\r5-full-suite\Shared\publication_host\host.py", line 47, in publish
    verified = build_directory(out, write)
               ^^^^^^^^^^^^^^^^^^^^^^^^^^^
  File "C:\CodeB\Grade9v3.5\.codex-recovery\r5-full-suite\Shared\publication_host\storage.py", line 56, in build_directory
    result = action(staging)
             ^^^^^^^^^^^^^^^
  File "C:\CodeB\Grade9v3.5\.codex-recovery\r5-full-suite\Shared\publication_host\host.py", line 45, in write
    return verify_publication(staging, basis, adapter)
           ^^^^^^^^^^^^^^^^^^^^^^^^^^^^^^^^^^^^^^^^^^^
  File "C:\CodeB\Grade9v3.5\.codex-recovery\r5-full-suite\Shared\publication_host\audit.py", line 61, in verify_publication
    require(required_files <= set(indexed), "MANIFEST_ARTIFACT_MISSING")
  File "C:\CodeB\Grade9v3.5\.codex-recovery\r5-full-suite\Shared\contracts.py", line 25, in require
    raise ContractError(code, detail)
Shared.contracts.ContractError: MANIFEST_ARTIFACT_MISSING

======================================================================
ERROR: test_all_web_modes_and_observation_follow_template_payloads (test_learner_state.LearnerState.test_all_web_modes_and_observation_follow_template_payloads)
----------------------------------------------------------------------
Traceback (most recent call last):
  File "C:\CodeB\Grade9v3.5\.codex-recovery\r5-full-suite\tests\test_learner_state.py", line 41, in setUp
    self.assertEqual(render_core.main(["build", "--manifest", str(manifest), "--out", str(self.out)]), 0)
                     ^^^^^^^^^^^^^^^^^^^^^^^^^^^^^^^^^^^^^^^^^^^^^^^^^^^^^^^^^^^^^^^^^^^^^^^^^^^^^^^^
  File "C:\CodeB\Grade9v3.5\.codex-recovery\r5-full-suite\Shared\tools\render_core.py", line 3180, in main
    pages, gaps, digest, _advisories, _waived = build_report(
                                                ^^^^^^^^^^^^^
  File "C:\CodeB\Grade9v3.5\.codex-recovery\r5-full-suite\Shared\tools\render_core.py", line 3017, in build_report
    ctx = context(manifest_path)
          ^^^^^^^^^^^^^^^^^^^^^^
  File "C:\CodeB\Grade9v3.5\.codex-recovery\r5-full-suite\Shared\tools\render_core.py", line 2765, in context
    raise ValueError(f"PRODUCT_STRUCTURE_INVALID: {path}: {shown}"
ValueError: PRODUCT_STRUCTURE_INVALID: C:\Users\reall\AppData\Local\Temp\tmpmzwpmsep\linear-equations.fixture.json: questions/11/answer/verification_status: 'VERIFIED_CANONICAL' is not one of ['NOT_RUN', 'CHECKED_BY_AUTHOR', 'INDEPENDENTLY_CHECKED', 'DISPUTED']; questions/11/status: 'PUBLISHED' is not one of ['DISCOVERED', 'CANDIDATE', 'REVIEWED', 'CURATED', 'DISPUTED', 'STALE', 'RETIRED']; questions/12/answer/verification_status: 'VERIFIED_CANONICAL' is not one of ['NOT_RUN', 'CHECKED_BY_AUTHOR', 'INDEPENDENTLY_CHECKED', 'DISPUTED']; questions/12/status: 'PUBLISHED' is not one of ['DISCOVERED', 'CANDIDATE', 'REVIEWED', 'CURATED', 'DISPUTED', 'STALE', 'RETIRED']; questions/13/answer/verification_status: 'VERIFIED_CANONICAL' is not one of ['NOT_RUN', 'CHECKED_BY_AUTHOR', 'INDEPENDENTLY_CHECKED', 'DISPUTED']; questions/13/status: 'PUBLISHED' is not one of ['DISCOVERED', 'CANDIDATE', 'REVIEWED', 'CURATED', 'DISPUTED', 'STALE', 'RETIRED'] (+30 more)

======================================================================
ERROR: test_no_key_is_one_note_with_verified_answer (test_learner_state.LearnerState.test_no_key_is_one_note_with_verified_answer)
----------------------------------------------------------------------
Traceback (most recent call last):
  File "C:\CodeB\Grade9v3.5\.codex-recovery\r5-full-suite\tests\test_learner_state.py", line 41, in setUp
    self.assertEqual(render_core.main(["build", "--manifest", str(manifest), "--out", str(self.out)]), 0)
                     ^^^^^^^^^^^^^^^^^^^^^^^^^^^^^^^^^^^^^^^^^^^^^^^^^^^^^^^^^^^^^^^^^^^^^^^^^^^^^^^^
  File "C:\CodeB\Grade9v3.5\.codex-recovery\r5-full-suite\Shared\tools\render_core.py", line 3180, in main
    pages, gaps, digest, _advisories, _waived = build_report(
                                                ^^^^^^^^^^^^^
  File "C:\CodeB\Grade9v3.5\.codex-recovery\r5-full-suite\Shared\tools\render_core.py", line 3017, in build_report
    ctx = context(manifest_path)
          ^^^^^^^^^^^^^^^^^^^^^^
  File "C:\CodeB\Grade9v3.5\.codex-recovery\r5-full-suite\Shared\tools\render_core.py", line 2765, in context
    raise ValueError(f"PRODUCT_STRUCTURE_INVALID: {path}: {shown}"
ValueError: PRODUCT_STRUCTURE_INVALID: C:\Users\reall\AppData\Local\Temp\tmp2_3keivq\linear-equations.fixture.json: questions/11/answer/verification_status: 'VERIFIED_CANONICAL' is not one of ['NOT_RUN', 'CHECKED_BY_AUTHOR', 'INDEPENDENTLY_CHECKED', 'DISPUTED']; questions/11/status: 'PUBLISHED' is not one of ['DISCOVERED', 'CANDIDATE', 'REVIEWED', 'CURATED', 'DISPUTED', 'STALE', 'RETIRED']; questions/12/answer/verification_status: 'VERIFIED_CANONICAL' is not one of ['NOT_RUN', 'CHECKED_BY_AUTHOR', 'INDEPENDENTLY_CHECKED', 'DISPUTED']; questions/12/status: 'PUBLISHED' is not one of ['DISCOVERED', 'CANDIDATE', 'REVIEWED', 'CURATED', 'DISPUTED', 'STALE', 'RETIRED']; questions/13/answer/verification_status: 'VERIFIED_CANONICAL' is not one of ['NOT_RUN', 'CHECKED_BY_AUTHOR', 'INDEPENDENTLY_CHECKED', 'DISPUTED']; questions/13/status: 'PUBLISHED' is not one of ['DISCOVERED', 'CANDIDATE', 'REVIEWED', 'CURATED', 'DISPUTED', 'STALE', 'RETIRED'] (+30 more)

======================================================================
ERROR: test_r1_r4_r7_r8_raw_html_and_projection (test_learner_state.LearnerState.test_r1_r4_r7_r8_raw_html_and_projection)
----------------------------------------------------------------------
Traceback (most recent call last):
  File "C:\CodeB\Grade9v3.5\.codex-recovery\r5-full-suite\tests\test_learner_state.py", line 41, in setUp
    self.assertEqual(render_core.main(["build", "--manifest", str(manifest), "--out", str(self.out)]), 0)
                     ^^^^^^^^^^^^^^^^^^^^^^^^^^^^^^^^^^^^^^^^^^^^^^^^^^^^^^^^^^^^^^^^^^^^^^^^^^^^^^^^
  File "C:\CodeB\Grade9v3.5\.codex-recovery\r5-full-suite\Shared\tools\render_core.py", line 3180, in main
    pages, gaps, digest, _advisories, _waived = build_report(
                                                ^^^^^^^^^^^^^
  File "C:\CodeB\Grade9v3.5\.codex-recovery\r5-full-suite\Shared\tools\render_core.py", line 3017, in build_report
    ctx = context(manifest_path)
          ^^^^^^^^^^^^^^^^^^^^^^
  File "C:\CodeB\Grade9v3.5\.codex-recovery\r5-full-suite\Shared\tools\render_core.py", line 2765, in context
    raise ValueError(f"PRODUCT_STRUCTURE_INVALID: {path}: {shown}"
ValueError: PRODUCT_STRUCTURE_INVALID: C:\Users\reall\AppData\Local\Temp\tmpnzzb8mz_\linear-equations.fixture.json: questions/11/answer/verification_status: 'VERIFIED_CANONICAL' is not one of ['NOT_RUN', 'CHECKED_BY_AUTHOR', 'INDEPENDENTLY_CHECKED', 'DISPUTED']; questions/11/status: 'PUBLISHED' is not one of ['DISCOVERED', 'CANDIDATE', 'REVIEWED', 'CURATED', 'DISPUTED', 'STALE', 'RETIRED']; questions/12/answer/verification_status: 'VERIFIED_CANONICAL' is not one of ['NOT_RUN', 'CHECKED_BY_AUTHOR', 'INDEPENDENTLY_CHECKED', 'DISPUTED']; questions/12/status: 'PUBLISHED' is not one of ['DISCOVERED', 'CANDIDATE', 'REVIEWED', 'CURATED', 'DISPUTED', 'STALE', 'RETIRED']; questions/13/answer/verification_status: 'VERIFIED_CANONICAL' is not one of ['NOT_RUN', 'CHECKED_BY_AUTHOR', 'INDEPENDENTLY_CHECKED', 'DISPUTED']; questions/13/status: 'PUBLISHED' is not one of ['DISCOVERED', 'CANDIDATE', 'REVIEWED', 'CURATED', 'DISPUTED', 'STALE', 'RETIRED'] (+30 more)

======================================================================
ERROR: test_r2_r3_r4_r5_chromium (test_learner_state.LearnerState.test_r2_r3_r4_r5_chromium)
----------------------------------------------------------------------
Traceback (most recent call last):
  File "C:\CodeB\Grade9v3.5\.codex-recovery\r5-full-suite\tests\test_learner_state.py", line 41, in setUp
    self.assertEqual(render_core.main(["build", "--manifest", str(manifest), "--out", str(self.out)]), 0)
                     ^^^^^^^^^^^^^^^^^^^^^^^^^^^^^^^^^^^^^^^^^^^^^^^^^^^^^^^^^^^^^^^^^^^^^^^^^^^^^^^^
  File "C:\CodeB\Grade9v3.5\.codex-recovery\r5-full-suite\Shared\tools\render_core.py", line 3180, in main
    pages, gaps, digest, _advisories, _waived = build_report(
                                                ^^^^^^^^^^^^^
  File "C:\CodeB\Grade9v3.5\.codex-recovery\r5-full-suite\Shared\tools\render_core.py", line 3017, in build_report
    ctx = context(manifest_path)
          ^^^^^^^^^^^^^^^^^^^^^^
  File "C:\CodeB\Grade9v3.5\.codex-recovery\r5-full-suite\Shared\tools\render_core.py", line 2765, in context
    raise ValueError(f"PRODUCT_STRUCTURE_INVALID: {path}: {shown}"
ValueError: PRODUCT_STRUCTURE_INVALID: C:\Users\reall\AppData\Local\Temp\tmpjdj8vrvr\linear-equations.fixture.json: questions/11/answer/verification_status: 'VERIFIED_CANONICAL' is not one of ['NOT_RUN', 'CHECKED_BY_AUTHOR', 'INDEPENDENTLY_CHECKED', 'DISPUTED']; questions/11/status: 'PUBLISHED' is not one of ['DISCOVERED', 'CANDIDATE', 'REVIEWED', 'CURATED', 'DISPUTED', 'STALE', 'RETIRED']; questions/12/answer/verification_status: 'VERIFIED_CANONICAL' is not one of ['NOT_RUN', 'CHECKED_BY_AUTHOR', 'INDEPENDENTLY_CHECKED', 'DISPUTED']; questions/12/status: 'PUBLISHED' is not one of ['DISCOVERED', 'CANDIDATE', 'REVIEWED', 'CURATED', 'DISPUTED', 'STALE', 'RETIRED']; questions/13/answer/verification_status: 'VERIFIED_CANONICAL' is not one of ['NOT_RUN', 'CHECKED_BY_AUTHOR', 'INDEPENDENTLY_CHECKED', 'DISPUTED']; questions/13/status: 'PUBLISHED' is not one of ['DISCOVERED', 'CANDIDATE', 'REVIEWED', 'CURATED', 'DISPUTED', 'STALE', 'RETIRED'] (+30 more)

======================================================================
ERROR: test_r6_pdf_text (test_learner_state.LearnerState.test_r6_pdf_text)
----------------------------------------------------------------------
Traceback (most recent call last):
  File "C:\CodeB\Grade9v3.5\.codex-recovery\r5-full-suite\tests\test_learner_state.py", line 41, in setUp
    self.assertEqual(render_core.main(["build", "--manifest", str(manifest), "--out", str(self.out)]), 0)
                     ^^^^^^^^^^^^^^^^^^^^^^^^^^^^^^^^^^^^^^^^^^^^^^^^^^^^^^^^^^^^^^^^^^^^^^^^^^^^^^^^
  File "C:\CodeB\Grade9v3.5\.codex-recovery\r5-full-suite\Shared\tools\render_core.py", line 3180, in main
    pages, gaps, digest, _advisories, _waived = build_report(
                                                ^^^^^^^^^^^^^
  File "C:\CodeB\Grade9v3.5\.codex-recovery\r5-full-suite\Shared\tools\render_core.py", line 3017, in build_report
    ctx = context(manifest_path)
          ^^^^^^^^^^^^^^^^^^^^^^
  File "C:\CodeB\Grade9v3.5\.codex-recovery\r5-full-suite\Shared\tools\render_core.py", line 2765, in context
    raise ValueError(f"PRODUCT_STRUCTURE_INVALID: {path}: {shown}"
ValueError: PRODUCT_STRUCTURE_INVALID: C:\Users\reall\AppData\Local\Temp\tmpgtc7973d\linear-equations.fixture.json: questions/11/answer/verification_status: 'VERIFIED_CANONICAL' is not one of ['NOT_RUN', 'CHECKED_BY_AUTHOR', 'INDEPENDENTLY_CHECKED', 'DISPUTED']; questions/11/status: 'PUBLISHED' is not one of ['DISCOVERED', 'CANDIDATE', 'REVIEWED', 'CURATED', 'DISPUTED', 'STALE', 'RETIRED']; questions/12/answer/verification_status: 'VERIFIED_CANONICAL' is not one of ['NOT_RUN', 'CHECKED_BY_AUTHOR', 'INDEPENDENTLY_CHECKED', 'DISPUTED']; questions/12/status: 'PUBLISHED' is not one of ['DISCOVERED', 'CANDIDATE', 'REVIEWED', 'CURATED', 'DISPUTED', 'STALE', 'RETIRED']; questions/13/answer/verification_status: 'VERIFIED_CANONICAL' is not one of ['NOT_RUN', 'CHECKED_BY_AUTHOR', 'INDEPENDENTLY_CHECKED', 'DISPUTED']; questions/13/status: 'PUBLISHED' is not one of ['DISCOVERED', 'CANDIDATE', 'REVIEWED', 'CURATED', 'DISPUTED', 'STALE', 'RETIRED'] (+30 more)

======================================================================
ERROR: test_response_derivation (test_learner_state.LearnerState.test_response_derivation)
----------------------------------------------------------------------
Traceback (most recent call last):
  File "C:\CodeB\Grade9v3.5\.codex-recovery\r5-full-suite\tests\test_learner_state.py", line 41, in setUp
    self.assertEqual(render_core.main(["build", "--manifest", str(manifest), "--out", str(self.out)]), 0)
                     ^^^^^^^^^^^^^^^^^^^^^^^^^^^^^^^^^^^^^^^^^^^^^^^^^^^^^^^^^^^^^^^^^^^^^^^^^^^^^^^^
  File "C:\CodeB\Grade9v3.5\.codex-recovery\r5-full-suite\Shared\tools\render_core.py", line 3180, in main
    pages, gaps, digest, _advisories, _waived = build_report(
                                                ^^^^^^^^^^^^^
  File "C:\CodeB\Grade9v3.5\.codex-recovery\r5-full-suite\Shared\tools\render_core.py", line 3017, in build_report
    ctx = context(manifest_path)
          ^^^^^^^^^^^^^^^^^^^^^^
  File "C:\CodeB\Grade9v3.5\.codex-recovery\r5-full-suite\Shared\tools\render_core.py", line 2765, in context
    raise ValueError(f"PRODUCT_STRUCTURE_INVALID: {path}: {shown}"
ValueError: PRODUCT_STRUCTURE_INVALID: C:\Users\reall\AppData\Local\Temp\tmp80ao3nir\linear-equations.fixture.json: questions/11/answer/verification_status: 'VERIFIED_CANONICAL' is not one of ['NOT_RUN', 'CHECKED_BY_AUTHOR', 'INDEPENDENTLY_CHECKED', 'DISPUTED']; questions/11/status: 'PUBLISHED' is not one of ['DISCOVERED', 'CANDIDATE', 'REVIEWED', 'CURATED', 'DISPUTED', 'STALE', 'RETIRED']; questions/12/answer/verification_status: 'VERIFIED_CANONICAL' is not one of ['NOT_RUN', 'CHECKED_BY_AUTHOR', 'INDEPENDENTLY_CHECKED', 'DISPUTED']; questions/12/status: 'PUBLISHED' is not one of ['DISCOVERED', 'CANDIDATE', 'REVIEWED', 'CURATED', 'DISPUTED', 'STALE', 'RETIRED']; questions/13/answer/verification_status: 'VERIFIED_CANONICAL' is not one of ['NOT_RUN', 'CHECKED_BY_AUTHOR', 'INDEPENDENTLY_CHECKED', 'DISPUTED']; questions/13/status: 'PUBLISHED' is not one of ['DISCOVERED', 'CANDIDATE', 'REVIEWED', 'CURATED', 'DISPUTED', 'STALE', 'RETIRED'] (+30 more)

======================================================================
ERROR: test_schema_accepts_typed_response_and_source_key (test_learner_state.LearnerState.test_schema_accepts_typed_response_and_source_key)
----------------------------------------------------------------------
Traceback (most recent call last):
  File "C:\CodeB\Grade9v3.5\.codex-recovery\r5-full-suite\tests\test_learner_state.py", line 41, in setUp
    self.assertEqual(render_core.main(["build", "--manifest", str(manifest), "--out", str(self.out)]), 0)
                     ^^^^^^^^^^^^^^^^^^^^^^^^^^^^^^^^^^^^^^^^^^^^^^^^^^^^^^^^^^^^^^^^^^^^^^^^^^^^^^^^
  File "C:\CodeB\Grade9v3.5\.codex-recovery\r5-full-suite\Shared\tools\render_core.py", line 3180, in main
    pages, gaps, digest, _advisories, _waived = build_report(
                                                ^^^^^^^^^^^^^
  File "C:\CodeB\Grade9v3.5\.codex-recovery\r5-full-suite\Shared\tools\render_core.py", line 3017, in build_report
    ctx = context(manifest_path)
          ^^^^^^^^^^^^^^^^^^^^^^
  File "C:\CodeB\Grade9v3.5\.codex-recovery\r5-full-suite\Shared\tools\render_core.py", line 2765, in context
    raise ValueError(f"PRODUCT_STRUCTURE_INVALID: {path}: {shown}"
ValueError: PRODUCT_STRUCTURE_INVALID: C:\Users\reall\AppData\Local\Temp\tmp2s3evm3v\linear-equations.fixture.json: questions/11/answer/verification_status: 'VERIFIED_CANONICAL' is not one of ['NOT_RUN', 'CHECKED_BY_AUTHOR', 'INDEPENDENTLY_CHECKED', 'DISPUTED']; questions/11/status: 'PUBLISHED' is not one of ['DISCOVERED', 'CANDIDATE', 'REVIEWED', 'CURATED', 'DISPUTED', 'STALE', 'RETIRED']; questions/12/answer/verification_status: 'VERIFIED_CANONICAL' is not one of ['NOT_RUN', 'CHECKED_BY_AUTHOR', 'INDEPENDENTLY_CHECKED', 'DISPUTED']; questions/12/status: 'PUBLISHED' is not one of ['DISCOVERED', 'CANDIDATE', 'REVIEWED', 'CURATED', 'DISPUTED', 'STALE', 'RETIRED']; questions/13/answer/verification_status: 'VERIFIED_CANONICAL' is not one of ['NOT_RUN', 'CHECKED_BY_AUTHOR', 'INDEPENDENTLY_CHECKED', 'DISPUTED']; questions/13/status: 'PUBLISHED' is not one of ['DISCOVERED', 'CANDIDATE', 'REVIEWED', 'CURATED', 'DISPUTED', 'STALE', 'RETIRED'] (+30 more)

======================================================================
ERROR: test_compiles_inputs_that_actually_publish (test_library.Compilation.test_compiles_inputs_that_actually_publish)
----------------------------------------------------------------------
Traceback (most recent call last):
  File "C:\CodeB\Grade9v3.5\.codex-recovery\r5-full-suite\tests\test_library.py", line 175, in test_compiles_inputs_that_actually_publish
    result = publish(inputs / "plan.json", inputs / "baseline.json", inputs,
             ^^^^^^^^^^^^^^^^^^^^^^^^^^^^^^^^^^^^^^^^^^^^^^^^^^^^^^^^^^^^^^^
  File "C:\CodeB\Grade9v3.5\.codex-recovery\r5-full-suite\Shared\publication_host\host.py", line 47, in publish
    verified = build_directory(out, write)
               ^^^^^^^^^^^^^^^^^^^^^^^^^^^
  File "C:\CodeB\Grade9v3.5\.codex-recovery\r5-full-suite\Shared\publication_host\storage.py", line 56, in build_directory
    result = action(staging)
             ^^^^^^^^^^^^^^^
  File "C:\CodeB\Grade9v3.5\.codex-recovery\r5-full-suite\Shared\publication_host\host.py", line 45, in write
    return verify_publication(staging, basis, adapter)
           ^^^^^^^^^^^^^^^^^^^^^^^^^^^^^^^^^^^^^^^^^^^
  File "C:\CodeB\Grade9v3.5\.codex-recovery\r5-full-suite\Shared\publication_host\audit.py", line 61, in verify_publication
    require(required_files <= set(indexed), "MANIFEST_ARTIFACT_MISSING")
  File "C:\CodeB\Grade9v3.5\.codex-recovery\r5-full-suite\Shared\contracts.py", line 25, in require
    raise ContractError(code, detail)
Shared.contracts.ContractError: MANIFEST_ARTIFACT_MISSING

======================================================================
ERROR: test_the_basis_digest_covers_the_inputs_and_not_the_renderer (test_mathematics.EndToEnd.test_the_basis_digest_covers_the_inputs_and_not_the_renderer)
----------------------------------------------------------------------
Traceback (most recent call last):
  File "C:\CodeB\Grade9v3.5\.codex-recovery\r5-full-suite\tests\test_mathematics.py", line 264, in test_the_basis_digest_covers_the_inputs_and_not_the_renderer
    first, _ = self._publish(name="run-a")
               ^^^^^^^^^^^^^^^^^^^^^^^^^^^
  File "C:\CodeB\Grade9v3.5\.codex-recovery\r5-full-suite\tests\test_mathematics.py", line 229, in _publish
    return publish(inputs / "plan.json", inputs / "baseline.json", inputs, out,
           ^^^^^^^^^^^^^^^^^^^^^^^^^^^^^^^^^^^^^^^^^^^^^^^^^^^^^^^^^^^^^^^^^^^^
  File "C:\CodeB\Grade9v3.5\.codex-recovery\r5-full-suite\Shared\publication_host\host.py", line 17, in publish
    rendered, evidence = compose(ctx)
                         ^^^^^^^^^^^^
  File "C:\CodeB\Grade9v3.5\.codex-recovery\r5-full-suite\Shared\publication_host\compose.py", line 49, in compose
    markup, answer = _block(ctx, block, files, numeric, figures, reviews, core)
                     ^^^^^^^^^^^^^^^^^^^^^^^^^^^^^^^^^^^^^^^^^^^^^^^^^^^^^^^^^^
  File "C:\CodeB\Grade9v3.5\.codex-recovery\r5-full-suite\Shared\publication_host\compose.py", line 79, in _block
    body = equation_mathml(ctx, block) + '<p>' + escape(block["meaning"]) + '</p>'
           ^^^^^^^^^^^^^^^^^^^^^^^^^^^
  File "C:\CodeB\Grade9v3.5\.codex-recovery\r5-full-suite\Shared\publication_host\science.py", line 114, in equation_mathml
    equation_review(ctx, block)
  File "C:\CodeB\Grade9v3.5\.codex-recovery\r5-full-suite\Shared\publication_host\science.py", line 130, in equation_review
    require(isinstance(change, dict), "EQUATION_SOURCE_MISMATCH", block["id"])
  File "C:\CodeB\Grade9v3.5\.codex-recovery\r5-full-suite\Shared\contracts.py", line 25, in require
    raise ContractError(code, detail)
Shared.contracts.ContractError: EQUATION_SOURCE_MISMATCH: CORE1-REL-MATH-LINEAR-SOLUTION

======================================================================
ERROR: test_the_bucket_publishes_and_its_exact_answer_is_verified (test_mathematics.EndToEnd.test_the_bucket_publishes_and_its_exact_answer_is_verified)
----------------------------------------------------------------------
Traceback (most recent call last):
  File "C:\CodeB\Grade9v3.5\.codex-recovery\r5-full-suite\tests\test_mathematics.py", line 233, in test_the_bucket_publishes_and_its_exact_answer_is_verified
    result, out = self._publish()
                  ^^^^^^^^^^^^^^^
  File "C:\CodeB\Grade9v3.5\.codex-recovery\r5-full-suite\tests\test_mathematics.py", line 229, in _publish
    return publish(inputs / "plan.json", inputs / "baseline.json", inputs, out,
           ^^^^^^^^^^^^^^^^^^^^^^^^^^^^^^^^^^^^^^^^^^^^^^^^^^^^^^^^^^^^^^^^^^^^
  File "C:\CodeB\Grade9v3.5\.codex-recovery\r5-full-suite\Shared\publication_host\host.py", line 17, in publish
    rendered, evidence = compose(ctx)
                         ^^^^^^^^^^^^
  File "C:\CodeB\Grade9v3.5\.codex-recovery\r5-full-suite\Shared\publication_host\compose.py", line 49, in compose
    markup, answer = _block(ctx, block, files, numeric, figures, reviews, core)
                     ^^^^^^^^^^^^^^^^^^^^^^^^^^^^^^^^^^^^^^^^^^^^^^^^^^^^^^^^^^
  File "C:\CodeB\Grade9v3.5\.codex-recovery\r5-full-suite\Shared\publication_host\compose.py", line 79, in _block
    body = equation_mathml(ctx, block) + '<p>' + escape(block["meaning"]) + '</p>'
           ^^^^^^^^^^^^^^^^^^^^^^^^^^^
  File "C:\CodeB\Grade9v3.5\.codex-recovery\r5-full-suite\Shared\publication_host\science.py", line 114, in equation_mathml
    equation_review(ctx, block)
  File "C:\CodeB\Grade9v3.5\.codex-recovery\r5-full-suite\Shared\publication_host\science.py", line 130, in equation_review
    require(isinstance(change, dict), "EQUATION_SOURCE_MISMATCH", block["id"])
  File "C:\CodeB\Grade9v3.5\.codex-recovery\r5-full-suite\Shared\contracts.py", line 25, in require
    raise ContractError(code, detail)
Shared.contracts.ContractError: EQUATION_SOURCE_MISMATCH: CORE1-REL-MATH-LINEAR-SOLUTION

======================================================================
ERROR: test_the_axis_brackets_the_marks_with_integer_ticks (test_mathematics.NumberLineScene.test_the_axis_brackets_the_marks_with_integer_ticks)
----------------------------------------------------------------------
Traceback (most recent call last):
  File "C:\CodeB\Grade9v3.5\.codex-recovery\r5-full-suite\tests\test_mathematics.py", line 120, in test_the_axis_brackets_the_marks_with_integer_ticks
    publish(inputs / "plan.json", inputs / "baseline.json", inputs, out, load_mathematics())
  File "C:\CodeB\Grade9v3.5\.codex-recovery\r5-full-suite\Shared\publication_host\host.py", line 17, in publish
    rendered, evidence = compose(ctx)
                         ^^^^^^^^^^^^
  File "C:\CodeB\Grade9v3.5\.codex-recovery\r5-full-suite\Shared\publication_host\compose.py", line 49, in compose
    markup, answer = _block(ctx, block, files, numeric, figures, reviews, core)
                     ^^^^^^^^^^^^^^^^^^^^^^^^^^^^^^^^^^^^^^^^^^^^^^^^^^^^^^^^^^
  File "C:\CodeB\Grade9v3.5\.codex-recovery\r5-full-suite\Shared\publication_host\compose.py", line 79, in _block
    body = equation_mathml(ctx, block) + '<p>' + escape(block["meaning"]) + '</p>'
           ^^^^^^^^^^^^^^^^^^^^^^^^^^^
  File "C:\CodeB\Grade9v3.5\.codex-recovery\r5-full-suite\Shared\publication_host\science.py", line 114, in equation_mathml
    equation_review(ctx, block)
  File "C:\CodeB\Grade9v3.5\.codex-recovery\r5-full-suite\Shared\publication_host\science.py", line 130, in equation_review
    require(isinstance(change, dict), "EQUATION_SOURCE_MISMATCH", block["id"])
  File "C:\CodeB\Grade9v3.5\.codex-recovery\r5-full-suite\Shared\contracts.py", line 25, in require
    raise ContractError(code, detail)
Shared.contracts.ContractError: EQUATION_SOURCE_MISMATCH: CORE1-REL-MATH-LINEAR-SOLUTION

======================================================================
ERROR: test_the_digest_distinguishes_marks_a_tolerance_would_not (test_mathematics.NumberLineScene.test_the_digest_distinguishes_marks_a_tolerance_would_not)
----------------------------------------------------------------------
Traceback (most recent call last):
  File "C:\CodeB\Grade9v3.5\.codex-recovery\r5-full-suite\tests\test_mathematics.py", line 141, in test_the_digest_distinguishes_marks_a_tolerance_would_not
    publish(inputs / "plan.json", inputs / "baseline.json", inputs, out, load_mathematics())
  File "C:\CodeB\Grade9v3.5\.codex-recovery\r5-full-suite\Shared\publication_host\host.py", line 17, in publish
    rendered, evidence = compose(ctx)
                         ^^^^^^^^^^^^
  File "C:\CodeB\Grade9v3.5\.codex-recovery\r5-full-suite\Shared\publication_host\compose.py", line 49, in compose
    markup, answer = _block(ctx, block, files, numeric, figures, reviews, core)
                     ^^^^^^^^^^^^^^^^^^^^^^^^^^^^^^^^^^^^^^^^^^^^^^^^^^^^^^^^^^
  File "C:\CodeB\Grade9v3.5\.codex-recovery\r5-full-suite\Shared\publication_host\compose.py", line 79, in _block
    body = equation_mathml(ctx, block) + '<p>' + escape(block["meaning"]) + '</p>'
           ^^^^^^^^^^^^^^^^^^^^^^^^^^^
  File "C:\CodeB\Grade9v3.5\.codex-recovery\r5-full-suite\Shared\publication_host\science.py", line 114, in equation_mathml
    equation_review(ctx, block)
  File "C:\CodeB\Grade9v3.5\.codex-recovery\r5-full-suite\Shared\publication_host\science.py", line 130, in equation_review
    require(isinstance(change, dict), "EQUATION_SOURCE_MISMATCH", block["id"])
  File "C:\CodeB\Grade9v3.5\.codex-recovery\r5-full-suite\Shared\contracts.py", line 25, in require
    raise ContractError(code, detail)
Shared.contracts.ContractError: EQUATION_SOURCE_MISMATCH: CORE1-REL-MATH-LINEAR-SOLUTION

======================================================================
ERROR: test_two_marks_on_the_same_pixel_stay_separately_visible (test_mathematics.NumberLineScene.test_two_marks_on_the_same_pixel_stay_separately_visible)
----------------------------------------------------------------------
Traceback (most recent call last):
  File "C:\CodeB\Grade9v3.5\.codex-recovery\r5-full-suite\tests\test_mathematics.py", line 129, in test_two_marks_on_the_same_pixel_stay_separately_visible
    publish(inputs / "plan.json", inputs / "baseline.json", inputs, out, load_mathematics())
  File "C:\CodeB\Grade9v3.5\.codex-recovery\r5-full-suite\Shared\publication_host\host.py", line 17, in publish
    rendered, evidence = compose(ctx)
                         ^^^^^^^^^^^^
  File "C:\CodeB\Grade9v3.5\.codex-recovery\r5-full-suite\Shared\publication_host\compose.py", line 49, in compose
    markup, answer = _block(ctx, block, files, numeric, figures, reviews, core)
                     ^^^^^^^^^^^^^^^^^^^^^^^^^^^^^^^^^^^^^^^^^^^^^^^^^^^^^^^^^^
  File "C:\CodeB\Grade9v3.5\.codex-recovery\r5-full-suite\Shared\publication_host\compose.py", line 79, in _block
    body = equation_mathml(ctx, block) + '<p>' + escape(block["meaning"]) + '</p>'
           ^^^^^^^^^^^^^^^^^^^^^^^^^^^
  File "C:\CodeB\Grade9v3.5\.codex-recovery\r5-full-suite\Shared\publication_host\science.py", line 114, in equation_mathml
    equation_review(ctx, block)
  File "C:\CodeB\Grade9v3.5\.codex-recovery\r5-full-suite\Shared\publication_host\science.py", line 130, in equation_review
    require(isinstance(change, dict), "EQUATION_SOURCE_MISMATCH", block["id"])
  File "C:\CodeB\Grade9v3.5\.codex-recovery\r5-full-suite\Shared\contracts.py", line 25, in require
    raise ContractError(code, detail)
Shared.contracts.ContractError: EQUATION_SOURCE_MISMATCH: CORE1-REL-MATH-LINEAR-SOLUTION

======================================================================
ERROR: test_publication_renders_familiar_support_and_protects_transfer_decision (test_motion2d_canonical.Motion2DCanonicalData.test_publication_renders_familiar_support_and_protects_transfer_decision)
----------------------------------------------------------------------
Traceback (most recent call last):
  File "C:\CodeB\Grade9v3.5\.codex-recovery\r5-full-suite\tests\test_motion2d_canonical.py", line 285, in test_publication_renders_familiar_support_and_protects_transfer_decision
    publish(
  File "C:\CodeB\Grade9v3.5\.codex-recovery\r5-full-suite\Shared\publication_host\host.py", line 47, in publish
    verified = build_directory(out, write)
               ^^^^^^^^^^^^^^^^^^^^^^^^^^^
  File "C:\CodeB\Grade9v3.5\.codex-recovery\r5-full-suite\Shared\publication_host\storage.py", line 56, in build_directory
    result = action(staging)
             ^^^^^^^^^^^^^^^
  File "C:\CodeB\Grade9v3.5\.codex-recovery\r5-full-suite\Shared\publication_host\host.py", line 45, in write
    return verify_publication(staging, basis, adapter)
           ^^^^^^^^^^^^^^^^^^^^^^^^^^^^^^^^^^^^^^^^^^^
  File "C:\CodeB\Grade9v3.5\.codex-recovery\r5-full-suite\Shared\publication_host\audit.py", line 61, in verify_publication
    require(required_files <= set(indexed), "MANIFEST_ARTIFACT_MISSING")
  File "C:\CodeB\Grade9v3.5\.codex-recovery\r5-full-suite\Shared\contracts.py", line 25, in require
    raise ContractError(code, detail)
Shared.contracts.ContractError: MANIFEST_ARTIFACT_MISSING

======================================================================
ERROR: test_a_record_omitted_with_a_reason_is_no_longer_a_shortfall_and_the_reason_is_kept (test_product_coverage.Denominator.test_a_record_omitted_with_a_reason_is_no_longer_a_shortfall_and_the_reason_is_kept)
----------------------------------------------------------------------
Traceback (most recent call last):
  File "C:\CodeB\Grade9v3.5\.codex-recovery\r5-full-suite\tests\test_product_coverage.py", line 75, in test_a_record_omitted_with_a_reason_is_no_longer_a_shortfall_and_the_reason_is_kept
    _, gaps, _, advisories, _ = render_core.build_report(written(manifest, Path(tmp)), "PAGES", "REFERENCE")
                                ^^^^^^^^^^^^^^^^^^^^^^^^^^^^^^^^^^^^^^^^^^^^^^^^^^^^^^^^^^^^^^^^^^^^^^^^^^^^
  File "C:\CodeB\Grade9v3.5\.codex-recovery\r5-full-suite\Shared\tools\render_core.py", line 3017, in build_report
    ctx = context(manifest_path)
          ^^^^^^^^^^^^^^^^^^^^^^
  File "C:\CodeB\Grade9v3.5\.codex-recovery\r5-full-suite\Shared\tools\render_core.py", line 2765, in context
    raise ValueError(f"PRODUCT_STRUCTURE_INVALID: {path}: {shown}"
ValueError: PRODUCT_STRUCTURE_INVALID: C:\CodeB\Grade9v3.5\.codex-recovery\r5-full-suite\Mathematics\library\linear-equations.v1.json: questions/11/answer/verification_status: 'VERIFIED_CANONICAL' is not one of ['NOT_RUN', 'CHECKED_BY_AUTHOR', 'INDEPENDENTLY_CHECKED', 'DISPUTED']; questions/11/status: 'PUBLISHED' is not one of ['DISCOVERED', 'CANDIDATE', 'REVIEWED', 'CURATED', 'DISPUTED', 'STALE', 'RETIRED']; questions/12/answer/verification_status: 'VERIFIED_CANONICAL' is not one of ['NOT_RUN', 'CHECKED_BY_AUTHOR', 'INDEPENDENTLY_CHECKED', 'DISPUTED']; questions/12/status: 'PUBLISHED' is not one of ['DISCOVERED', 'CANDIDATE', 'REVIEWED', 'CURATED', 'DISPUTED', 'STALE', 'RETIRED']; questions/13/answer/verification_status: 'VERIFIED_CANONICAL' is not one of ['NOT_RUN', 'CHECKED_BY_AUTHOR', 'INDEPENDENTLY_CHECKED', 'DISPUTED']; questions/13/status: 'PUBLISHED' is not one of ['DISCOVERED', 'CANDIDATE', 'REVIEWED', 'CURATED', 'DISPUTED', 'STALE', 'RETIRED'] (+30 more)

======================================================================
ERROR: test_a_shortfall_is_an_advisory_for_an_official_product_and_a_gap_for_new_authoring (test_product_coverage.Denominator.test_a_shortfall_is_an_advisory_for_an_official_product_and_a_gap_for_new_authoring)
----------------------------------------------------------------------
Traceback (most recent call last):
  File "C:\CodeB\Grade9v3.5\.codex-recovery\r5-full-suite\tests\test_product_coverage.py", line 54, in test_a_shortfall_is_an_advisory_for_an_official_product_and_a_gap_for_new_authoring
    _, gaps, _, advisories, _ = render_core.build_report(LINEAR, "PAGES", "FLOOR")
                                ^^^^^^^^^^^^^^^^^^^^^^^^^^^^^^^^^^^^^^^^^^^^^^^^^^
  File "C:\CodeB\Grade9v3.5\.codex-recovery\r5-full-suite\Shared\tools\render_core.py", line 3017, in build_report
    ctx = context(manifest_path)
          ^^^^^^^^^^^^^^^^^^^^^^
  File "C:\CodeB\Grade9v3.5\.codex-recovery\r5-full-suite\Shared\tools\render_core.py", line 2765, in context
    raise ValueError(f"PRODUCT_STRUCTURE_INVALID: {path}: {shown}"
ValueError: PRODUCT_STRUCTURE_INVALID: C:\CodeB\Grade9v3.5\.codex-recovery\r5-full-suite\Mathematics\library\linear-equations.v1.json: questions/11/answer/verification_status: 'VERIFIED_CANONICAL' is not one of ['NOT_RUN', 'CHECKED_BY_AUTHOR', 'INDEPENDENTLY_CHECKED', 'DISPUTED']; questions/11/status: 'PUBLISHED' is not one of ['DISCOVERED', 'CANDIDATE', 'REVIEWED', 'CURATED', 'DISPUTED', 'STALE', 'RETIRED']; questions/12/answer/verification_status: 'VERIFIED_CANONICAL' is not one of ['NOT_RUN', 'CHECKED_BY_AUTHOR', 'INDEPENDENTLY_CHECKED', 'DISPUTED']; questions/12/status: 'PUBLISHED' is not one of ['DISCOVERED', 'CANDIDATE', 'REVIEWED', 'CURATED', 'DISPUTED', 'STALE', 'RETIRED']; questions/13/answer/verification_status: 'VERIFIED_CANONICAL' is not one of ['NOT_RUN', 'CHECKED_BY_AUTHOR', 'INDEPENDENTLY_CHECKED', 'DISPUTED']; questions/13/status: 'PUBLISHED' is not one of ['DISCOVERED', 'CANDIDATE', 'REVIEWED', 'CURATED', 'DISPUTED', 'STALE', 'RETIRED'] (+30 more)

======================================================================
ERROR: test_every_committed_run_verifies_against_its_own_runtime (test_publication_engine.CommittedPublications.test_every_committed_run_verifies_against_its_own_runtime) (publication='Physics\\content\\relative-motion-g9\\publication')
----------------------------------------------------------------------
Traceback (most recent call last):
  File "C:\CodeB\Grade9v3.5\.codex-recovery\r5-full-suite\tests\test_publication_engine.py", line 84, in test_every_committed_run_verifies_against_its_own_runtime
    self.assertEqual(verify(publication)["status"], "PASS")
                     ^^^^^^^^^^^^^^^^^^^
  File "C:\CodeB\Grade9v3.5\.codex-recovery\r5-full-suite\Shared\tools\republish.py", line 58, in verify
    result = verify_publication(publication, basis, adapter_for(publication, repo))
             ^^^^^^^^^^^^^^^^^^^^^^^^^^^^^^^^^^^^^^^^^^^^^^^^^^^^^^^^^^^^^^^^^^^^^^
  File "C:\CodeB\Grade9v3.5\.codex-recovery\r5-full-suite\Shared\publication_host\audit.py", line 52, in verify_publication
    require(manifest.get("runtime_digest") == digest(runtime), "PUBLICATION_RUNTIME_STALE")
  File "C:\CodeB\Grade9v3.5\.codex-recovery\r5-full-suite\Shared\contracts.py", line 25, in require
    raise ContractError(code, detail)
Shared.contracts.ContractError: PUBLICATION_RUNTIME_STALE

======================================================================
ERROR: test_every_committed_run_verifies_against_its_own_runtime (test_publication_engine.CommittedPublications.test_every_committed_run_verifies_against_its_own_runtime) (publication='Physics\\content\\relative-motion-library\\publication')
----------------------------------------------------------------------
Traceback (most recent call last):
  File "C:\CodeB\Grade9v3.5\.codex-recovery\r5-full-suite\tests\test_publication_engine.py", line 84, in test_every_committed_run_verifies_against_its_own_runtime
    self.assertEqual(verify(publication)["status"], "PASS")
                     ^^^^^^^^^^^^^^^^^^^
  File "C:\CodeB\Grade9v3.5\.codex-recovery\r5-full-suite\Shared\tools\republish.py", line 58, in verify
    result = verify_publication(publication, basis, adapter_for(publication, repo))
             ^^^^^^^^^^^^^^^^^^^^^^^^^^^^^^^^^^^^^^^^^^^^^^^^^^^^^^^^^^^^^^^^^^^^^^
  File "C:\CodeB\Grade9v3.5\.codex-recovery\r5-full-suite\Shared\publication_host\audit.py", line 52, in verify_publication
    require(manifest.get("runtime_digest") == digest(runtime), "PUBLICATION_RUNTIME_STALE")
  File "C:\CodeB\Grade9v3.5\.codex-recovery\r5-full-suite\Shared\contracts.py", line 25, in require
    raise ContractError(code, detail)
Shared.contracts.ContractError: PUBLICATION_RUNTIME_STALE

======================================================================
ERROR: test_regeneration_reports_the_change_when_it_is_asked_for (test_publication_engine.CommittedPublications.test_regeneration_reports_the_change_when_it_is_asked_for)
----------------------------------------------------------------------
Traceback (most recent call last):
  File "C:\CodeB\Grade9v3.5\.codex-recovery\r5-full-suite\tests\test_publication_engine.py", line 110, in test_regeneration_reports_the_change_when_it_is_asked_for
    report = regenerate(publication, accept_output_change=True, repo=root)
             ^^^^^^^^^^^^^^^^^^^^^^^^^^^^^^^^^^^^^^^^^^^^^^^^^^^^^^^^^^^^^
  File "C:\CodeB\Grade9v3.5\.codex-recovery\r5-full-suite\Shared\tools\republish.py", line 68, in regenerate
    result = publish(inputs / "plan.json", inputs / "baseline.json", inputs, fresh,
             ^^^^^^^^^^^^^^^^^^^^^^^^^^^^^^^^^^^^^^^^^^^^^^^^^^^^^^^^^^^^^^^^^^^^^^
  File "C:\CodeB\Grade9v3.5\.codex-recovery\r5-full-suite\Shared\publication_host\host.py", line 47, in publish
    verified = build_directory(out, write)
               ^^^^^^^^^^^^^^^^^^^^^^^^^^^
  File "C:\CodeB\Grade9v3.5\.codex-recovery\r5-full-suite\Shared\publication_host\storage.py", line 56, in build_directory
    result = action(staging)
             ^^^^^^^^^^^^^^^
  File "C:\CodeB\Grade9v3.5\.codex-recovery\r5-full-suite\Shared\publication_host\host.py", line 45, in write
    return verify_publication(staging, basis, adapter)
           ^^^^^^^^^^^^^^^^^^^^^^^^^^^^^^^^^^^^^^^^^^^
  File "C:\CodeB\Grade9v3.5\.codex-recovery\r5-full-suite\Shared\publication_host\audit.py", line 61, in verify_publication
    require(required_files <= set(indexed), "MANIFEST_ARTIFACT_MISSING")
  File "C:\CodeB\Grade9v3.5\.codex-recovery\r5-full-suite\Shared\contracts.py", line 25, in require
    raise ContractError(code, detail)
Shared.contracts.ContractError: MANIFEST_ARTIFACT_MISSING

======================================================================
ERROR: setUpClass (test_publication_engine.ElicitedRevealIsClosedAndOrdered)
----------------------------------------------------------------------
Traceback (most recent call last):
  File "C:\CodeB\Grade9v3.5\.codex-recovery\r5-full-suite\tests\test_publication_engine.py", line 245, in setUpClass
    publish(root / "inputs/plan.json", root / "inputs/baseline.json", root / "inputs",
  File "C:\CodeB\Grade9v3.5\.codex-recovery\r5-full-suite\Shared\publication_host\host.py", line 17, in publish
    rendered, evidence = compose(ctx)
                         ^^^^^^^^^^^^
  File "C:\CodeB\Grade9v3.5\.codex-recovery\r5-full-suite\Shared\publication_host\compose.py", line 49, in compose
    markup, answer = _block(ctx, block, files, numeric, figures, reviews, core)
                     ^^^^^^^^^^^^^^^^^^^^^^^^^^^^^^^^^^^^^^^^^^^^^^^^^^^^^^^^^^
  File "C:\CodeB\Grade9v3.5\.codex-recovery\r5-full-suite\Shared\publication_host\compose.py", line 79, in _block
    body = equation_mathml(ctx, block) + '<p>' + escape(block["meaning"]) + '</p>'
           ^^^^^^^^^^^^^^^^^^^^^^^^^^^
  File "C:\CodeB\Grade9v3.5\.codex-recovery\r5-full-suite\Shared\publication_host\science.py", line 114, in equation_mathml
    equation_review(ctx, block)
  File "C:\CodeB\Grade9v3.5\.codex-recovery\r5-full-suite\Shared\publication_host\science.py", line 130, in equation_review
    require(isinstance(change, dict), "EQUATION_SOURCE_MISMATCH", block["id"])
  File "C:\CodeB\Grade9v3.5\.codex-recovery\r5-full-suite\Shared\contracts.py", line 25, in require
    raise ContractError(code, detail)
Shared.contracts.ContractError: EQUATION_SOURCE_MISMATCH: CORE1-REL-MATH-LINEAR-SOLUTION

======================================================================
ERROR: test_composed_products_match_the_committed_publication_byte_for_byte (test_publication_engine.PortRegression.test_composed_products_match_the_committed_publication_byte_for_byte)
----------------------------------------------------------------------
Traceback (most recent call last):
  File "C:\CodeB\Grade9v3.5\.codex-recovery\r5-full-suite\tests\test_publication_engine.py", line 60, in test_composed_products_match_the_committed_publication_byte_for_byte
    publish(RUN / "inputs/plan.json", RUN / "inputs/baseline.json",
  File "C:\CodeB\Grade9v3.5\.codex-recovery\r5-full-suite\Shared\publication_host\host.py", line 47, in publish
    verified = build_directory(out, write)
               ^^^^^^^^^^^^^^^^^^^^^^^^^^^
  File "C:\CodeB\Grade9v3.5\.codex-recovery\r5-full-suite\Shared\publication_host\storage.py", line 56, in build_directory
    result = action(staging)
             ^^^^^^^^^^^^^^^
  File "C:\CodeB\Grade9v3.5\.codex-recovery\r5-full-suite\Shared\publication_host\host.py", line 45, in write
    return verify_publication(staging, basis, adapter)
           ^^^^^^^^^^^^^^^^^^^^^^^^^^^^^^^^^^^^^^^^^^^
  File "C:\CodeB\Grade9v3.5\.codex-recovery\r5-full-suite\Shared\publication_host\audit.py", line 61, in verify_publication
    require(required_files <= set(indexed), "MANIFEST_ARTIFACT_MISSING")
  File "C:\CodeB\Grade9v3.5\.codex-recovery\r5-full-suite\Shared\contracts.py", line 25, in require
    raise ContractError(code, detail)
Shared.contracts.ContractError: MANIFEST_ARTIFACT_MISSING

======================================================================
ERROR: test_publishes_with_the_basis_digest_recorded_before_the_port (test_publication_engine.PortRegression.test_publishes_with_the_basis_digest_recorded_before_the_port)
----------------------------------------------------------------------
Traceback (most recent call last):
  File "C:\CodeB\Grade9v3.5\.codex-recovery\r5-full-suite\tests\test_publication_engine.py", line 49, in test_publishes_with_the_basis_digest_recorded_before_the_port
    result = publish(RUN / "inputs/plan.json", RUN / "inputs/baseline.json",
             ^^^^^^^^^^^^^^^^^^^^^^^^^^^^^^^^^^^^^^^^^^^^^^^^^^^^^^^^^^^^^^^
  File "C:\CodeB\Grade9v3.5\.codex-recovery\r5-full-suite\Shared\publication_host\host.py", line 47, in publish
    verified = build_directory(out, write)
               ^^^^^^^^^^^^^^^^^^^^^^^^^^^
  File "C:\CodeB\Grade9v3.5\.codex-recovery\r5-full-suite\Shared\publication_host\storage.py", line 56, in build_directory
    result = action(staging)
             ^^^^^^^^^^^^^^^
  File "C:\CodeB\Grade9v3.5\.codex-recovery\r5-full-suite\Shared\publication_host\host.py", line 45, in write
    return verify_publication(staging, basis, adapter)
           ^^^^^^^^^^^^^^^^^^^^^^^^^^^^^^^^^^^^^^^^^^^
  File "C:\CodeB\Grade9v3.5\.codex-recovery\r5-full-suite\Shared\publication_host\audit.py", line 61, in verify_publication
    require(required_files <= set(indexed), "MANIFEST_ARTIFACT_MISSING")
  File "C:\CodeB\Grade9v3.5\.codex-recovery\r5-full-suite\Shared\contracts.py", line 25, in require
    raise ContractError(code, detail)
Shared.contracts.ContractError: MANIFEST_ARTIFACT_MISSING

======================================================================
ERROR: test_the_committed_scene_instance_renders_in_a_publication (test_publication_engine.VectorSubtractionIsAConstruction.test_the_committed_scene_instance_renders_in_a_publication)
----------------------------------------------------------------------
Traceback (most recent call last):
  File "C:\CodeB\Grade9v3.5\.codex-recovery\r5-full-suite\tests\test_publication_engine.py", line 444, in test_the_committed_scene_instance_renders_in_a_publication
    publish(root / "inputs/plan.json", root / "inputs/baseline.json", root / "inputs",
  File "C:\CodeB\Grade9v3.5\.codex-recovery\r5-full-suite\Shared\publication_host\host.py", line 47, in publish
    verified = build_directory(out, write)
               ^^^^^^^^^^^^^^^^^^^^^^^^^^^
  File "C:\CodeB\Grade9v3.5\.codex-recovery\r5-full-suite\Shared\publication_host\storage.py", line 56, in build_directory
    result = action(staging)
             ^^^^^^^^^^^^^^^
  File "C:\CodeB\Grade9v3.5\.codex-recovery\r5-full-suite\Shared\publication_host\host.py", line 45, in write
    return verify_publication(staging, basis, adapter)
           ^^^^^^^^^^^^^^^^^^^^^^^^^^^^^^^^^^^^^^^^^^^
  File "C:\CodeB\Grade9v3.5\.codex-recovery\r5-full-suite\Shared\publication_host\audit.py", line 61, in verify_publication
    require(required_files <= set(indexed), "MANIFEST_ARTIFACT_MISSING")
  File "C:\CodeB\Grade9v3.5\.codex-recovery\r5-full-suite\Shared\contracts.py", line 25, in require
    raise ContractError(code, detail)
Shared.contracts.ContractError: MANIFEST_ARTIFACT_MISSING

======================================================================
ERROR: test_a_pre_attempt_figure_captioned_with_its_purpose_fails (test_quality_gate.Gate.test_a_pre_attempt_figure_captioned_with_its_purpose_fails)
----------------------------------------------------------------------
Traceback (most recent call last):
  File "C:\CodeB\Grade9v3.5\.codex-recovery\r5-full-suite\tests\test_quality_gate.py", line 211, in test_a_pre_attempt_figure_captioned_with_its_purpose_fails
    out = self.build(complete_fixture(self.tmp))
          ^^^^^^^^^^^^^^^^^^^^^^^^^^^^^^^^^^^^^^
  File "C:\CodeB\Grade9v3.5\.codex-recovery\r5-full-suite\tests\test_quality_gate.py", line 100, in build
    self.assertEqual(render_core.main(args), 0)
                     ^^^^^^^^^^^^^^^^^^^^^^
  File "C:\CodeB\Grade9v3.5\.codex-recovery\r5-full-suite\Shared\tools\render_core.py", line 3180, in main
    pages, gaps, digest, _advisories, _waived = build_report(
                                                ^^^^^^^^^^^^^
  File "C:\CodeB\Grade9v3.5\.codex-recovery\r5-full-suite\Shared\tools\render_core.py", line 3017, in build_report
    ctx = context(manifest_path)
          ^^^^^^^^^^^^^^^^^^^^^^
  File "C:\CodeB\Grade9v3.5\.codex-recovery\r5-full-suite\Shared\tools\render_core.py", line 2765, in context
    raise ValueError(f"PRODUCT_STRUCTURE_INVALID: {path}: {shown}"
ValueError: PRODUCT_STRUCTURE_INVALID: C:\Users\reall\AppData\Local\Temp\tmpds7tq2ta\linear-equations.fixture.json: questions/11/answer/verification_status: 'VERIFIED_CANONICAL' is not one of ['NOT_RUN', 'CHECKED_BY_AUTHOR', 'INDEPENDENTLY_CHECKED', 'DISPUTED']; questions/11/status: 'PUBLISHED' is not one of ['DISCOVERED', 'CANDIDATE', 'REVIEWED', 'CURATED', 'DISPUTED', 'STALE', 'RETIRED']; questions/12/answer/verification_status: 'VERIFIED_CANONICAL' is not one of ['NOT_RUN', 'CHECKED_BY_AUTHOR', 'INDEPENDENTLY_CHECKED', 'DISPUTED']; questions/12/status: 'PUBLISHED' is not one of ['DISCOVERED', 'CANDIDATE', 'REVIEWED', 'CURATED', 'DISPUTED', 'STALE', 'RETIRED']; questions/13/answer/verification_status: 'VERIFIED_CANONICAL' is not one of ['NOT_RUN', 'CHECKED_BY_AUTHOR', 'INDEPENDENTLY_CHECKED', 'DISPUTED']; questions/13/status: 'PUBLISHED' is not one of ['DISCOVERED', 'CANDIDATE', 'REVIEWED', 'CURATED', 'DISPUTED', 'STALE', 'RETIRED'] (+30 more)

======================================================================
ERROR: test_a_pre_attempt_figure_that_only_hides_later_stages_fails (test_quality_gate.Gate.test_a_pre_attempt_figure_that_only_hides_later_stages_fails)
----------------------------------------------------------------------
Traceback (most recent call last):
  File "C:\CodeB\Grade9v3.5\.codex-recovery\r5-full-suite\tests\test_quality_gate.py", line 171, in test_a_pre_attempt_figure_that_only_hides_later_stages_fails
    out = self.build(complete_fixture(self.tmp))
          ^^^^^^^^^^^^^^^^^^^^^^^^^^^^^^^^^^^^^^
  File "C:\CodeB\Grade9v3.5\.codex-recovery\r5-full-suite\tests\test_quality_gate.py", line 100, in build
    self.assertEqual(render_core.main(args), 0)
                     ^^^^^^^^^^^^^^^^^^^^^^
  File "C:\CodeB\Grade9v3.5\.codex-recovery\r5-full-suite\Shared\tools\render_core.py", line 3180, in main
    pages, gaps, digest, _advisories, _waived = build_report(
                                                ^^^^^^^^^^^^^
  File "C:\CodeB\Grade9v3.5\.codex-recovery\r5-full-suite\Shared\tools\render_core.py", line 3017, in build_report
    ctx = context(manifest_path)
          ^^^^^^^^^^^^^^^^^^^^^^
  File "C:\CodeB\Grade9v3.5\.codex-recovery\r5-full-suite\Shared\tools\render_core.py", line 2765, in context
    raise ValueError(f"PRODUCT_STRUCTURE_INVALID: {path}: {shown}"
ValueError: PRODUCT_STRUCTURE_INVALID: C:\Users\reall\AppData\Local\Temp\tmp87kubavw\linear-equations.fixture.json: questions/11/answer/verification_status: 'VERIFIED_CANONICAL' is not one of ['NOT_RUN', 'CHECKED_BY_AUTHOR', 'INDEPENDENTLY_CHECKED', 'DISPUTED']; questions/11/status: 'PUBLISHED' is not one of ['DISCOVERED', 'CANDIDATE', 'REVIEWED', 'CURATED', 'DISPUTED', 'STALE', 'RETIRED']; questions/12/answer/verification_status: 'VERIFIED_CANONICAL' is not one of ['NOT_RUN', 'CHECKED_BY_AUTHOR', 'INDEPENDENTLY_CHECKED', 'DISPUTED']; questions/12/status: 'PUBLISHED' is not one of ['DISCOVERED', 'CANDIDATE', 'REVIEWED', 'CURATED', 'DISPUTED', 'STALE', 'RETIRED']; questions/13/answer/verification_status: 'VERIFIED_CANONICAL' is not one of ['NOT_RUN', 'CHECKED_BY_AUTHOR', 'INDEPENDENTLY_CHECKED', 'DISPUTED']; questions/13/status: 'PUBLISHED' is not one of ['DISCOVERED', 'CANDIDATE', 'REVIEWED', 'CURATED', 'DISPUTED', 'STALE', 'RETIRED'] (+30 more)

======================================================================
ERROR: test_a_report_cannot_claim_pass_with_findings (test_quality_gate.Gate.test_a_report_cannot_claim_pass_with_findings)
----------------------------------------------------------------------
Traceback (most recent call last):
  File "C:\CodeB\Grade9v3.5\.codex-recovery\r5-full-suite\tests\test_quality_gate.py", line 262, in test_a_report_cannot_claim_pass_with_findings
    report = quality_gate.gate(self.build(complete_fixture(self.tmp)), "Mathematics", "FIXTURE-MATH-LINEAR", static=True)
                               ^^^^^^^^^^^^^^^^^^^^^^^^^^^^^^^^^^^^^^
  File "C:\CodeB\Grade9v3.5\.codex-recovery\r5-full-suite\tests\test_quality_gate.py", line 100, in build
    self.assertEqual(render_core.main(args), 0)
                     ^^^^^^^^^^^^^^^^^^^^^^
  File "C:\CodeB\Grade9v3.5\.codex-recovery\r5-full-suite\Shared\tools\render_core.py", line 3180, in main
    pages, gaps, digest, _advisories, _waived = build_report(
                                                ^^^^^^^^^^^^^
  File "C:\CodeB\Grade9v3.5\.codex-recovery\r5-full-suite\Shared\tools\render_core.py", line 3017, in build_report
    ctx = context(manifest_path)
          ^^^^^^^^^^^^^^^^^^^^^^
  File "C:\CodeB\Grade9v3.5\.codex-recovery\r5-full-suite\Shared\tools\render_core.py", line 2765, in context
    raise ValueError(f"PRODUCT_STRUCTURE_INVALID: {path}: {shown}"
ValueError: PRODUCT_STRUCTURE_INVALID: C:\Users\reall\AppData\Local\Temp\tmpf8j0qz53\linear-equations.fixture.json: questions/11/answer/verification_status: 'VERIFIED_CANONICAL' is not one of ['NOT_RUN', 'CHECKED_BY_AUTHOR', 'INDEPENDENTLY_CHECKED', 'DISPUTED']; questions/11/status: 'PUBLISHED' is not one of ['DISCOVERED', 'CANDIDATE', 'REVIEWED', 'CURATED', 'DISPUTED', 'STALE', 'RETIRED']; questions/12/answer/verification_status: 'VERIFIED_CANONICAL' is not one of ['NOT_RUN', 'CHECKED_BY_AUTHOR', 'INDEPENDENTLY_CHECKED', 'DISPUTED']; questions/12/status: 'PUBLISHED' is not one of ['DISCOVERED', 'CANDIDATE', 'REVIEWED', 'CURATED', 'DISPUTED', 'STALE', 'RETIRED']; questions/13/answer/verification_status: 'VERIFIED_CANONICAL' is not one of ['NOT_RUN', 'CHECKED_BY_AUTHOR', 'INDEPENDENTLY_CHECKED', 'DISPUTED']; questions/13/status: 'PUBLISHED' is not one of ['DISCOVERED', 'CANDIDATE', 'REVIEWED', 'CURATED', 'DISPUTED', 'STALE', 'RETIRED'] (+30 more)

======================================================================
ERROR: test_complete_product_passes_and_the_report_is_valid (test_quality_gate.Gate.test_complete_product_passes_and_the_report_is_valid)
----------------------------------------------------------------------
Traceback (most recent call last):
  File "C:\CodeB\Grade9v3.5\.codex-recovery\r5-full-suite\tests\test_quality_gate.py", line 109, in test_complete_product_passes_and_the_report_is_valid
    out = self.build(complete_fixture(self.tmp))
          ^^^^^^^^^^^^^^^^^^^^^^^^^^^^^^^^^^^^^^
  File "C:\CodeB\Grade9v3.5\.codex-recovery\r5-full-suite\tests\test_quality_gate.py", line 100, in build
    self.assertEqual(render_core.main(args), 0)
                     ^^^^^^^^^^^^^^^^^^^^^^
  File "C:\CodeB\Grade9v3.5\.codex-recovery\r5-full-suite\Shared\tools\render_core.py", line 3180, in main
    pages, gaps, digest, _advisories, _waived = build_report(
                                                ^^^^^^^^^^^^^
  File "C:\CodeB\Grade9v3.5\.codex-recovery\r5-full-suite\Shared\tools\render_core.py", line 3017, in build_report
    ctx = context(manifest_path)
          ^^^^^^^^^^^^^^^^^^^^^^
  File "C:\CodeB\Grade9v3.5\.codex-recovery\r5-full-suite\Shared\tools\render_core.py", line 2765, in context
    raise ValueError(f"PRODUCT_STRUCTURE_INVALID: {path}: {shown}"
ValueError: PRODUCT_STRUCTURE_INVALID: C:\Users\reall\AppData\Local\Temp\tmpvypwbt9o\linear-equations.fixture.json: questions/11/answer/verification_status: 'VERIFIED_CANONICAL' is not one of ['NOT_RUN', 'CHECKED_BY_AUTHOR', 'INDEPENDENTLY_CHECKED', 'DISPUTED']; questions/11/status: 'PUBLISHED' is not one of ['DISCOVERED', 'CANDIDATE', 'REVIEWED', 'CURATED', 'DISPUTED', 'STALE', 'RETIRED']; questions/12/answer/verification_status: 'VERIFIED_CANONICAL' is not one of ['NOT_RUN', 'CHECKED_BY_AUTHOR', 'INDEPENDENTLY_CHECKED', 'DISPUTED']; questions/12/status: 'PUBLISHED' is not one of ['DISCOVERED', 'CANDIDATE', 'REVIEWED', 'CURATED', 'DISPUTED', 'STALE', 'RETIRED']; questions/13/answer/verification_status: 'VERIFIED_CANONICAL' is not one of ['NOT_RUN', 'CHECKED_BY_AUTHOR', 'INDEPENDENTLY_CHECKED', 'DISPUTED']; questions/13/status: 'PUBLISHED' is not one of ['DISCOVERED', 'CANDIDATE', 'REVIEWED', 'CURATED', 'DISPUTED', 'STALE', 'RETIRED'] (+30 more)

======================================================================
ERROR: test_complete_records_render_without_gaps (test_quality_gate.Gate.test_complete_records_render_without_gaps)
----------------------------------------------------------------------
Traceback (most recent call last):
  File "C:\CodeB\Grade9v3.5\.codex-recovery\r5-full-suite\tests\test_quality_gate.py", line 104, in test_complete_records_render_without_gaps
    _, gaps, _ = render_core.build(complete_fixture(self.tmp))
                 ^^^^^^^^^^^^^^^^^^^^^^^^^^^^^^^^^^^^^^^^^^^^^
  File "C:\CodeB\Grade9v3.5\.codex-recovery\r5-full-suite\Shared\tools\render_core.py", line 2994, in build
    pages, gaps, digest, _advisories, _waived = build_report(manifest_path, mode)
                                                ^^^^^^^^^^^^^^^^^^^^^^^^^^^^^^^^^
  File "C:\CodeB\Grade9v3.5\.codex-recovery\r5-full-suite\Shared\tools\render_core.py", line 3017, in build_report
    ctx = context(manifest_path)
          ^^^^^^^^^^^^^^^^^^^^^^
  File "C:\CodeB\Grade9v3.5\.codex-recovery\r5-full-suite\Shared\tools\render_core.py", line 2765, in context
    raise ValueError(f"PRODUCT_STRUCTURE_INVALID: {path}: {shown}"
ValueError: PRODUCT_STRUCTURE_INVALID: C:\Users\reall\AppData\Local\Temp\tmpown0a0i_\linear-equations.fixture.json: questions/11/answer/verification_status: 'VERIFIED_CANONICAL' is not one of ['NOT_RUN', 'CHECKED_BY_AUTHOR', 'INDEPENDENTLY_CHECKED', 'DISPUTED']; questions/11/status: 'PUBLISHED' is not one of ['DISCOVERED', 'CANDIDATE', 'REVIEWED', 'CURATED', 'DISPUTED', 'STALE', 'RETIRED']; questions/12/answer/verification_status: 'VERIFIED_CANONICAL' is not one of ['NOT_RUN', 'CHECKED_BY_AUTHOR', 'INDEPENDENTLY_CHECKED', 'DISPUTED']; questions/12/status: 'PUBLISHED' is not one of ['DISCOVERED', 'CANDIDATE', 'REVIEWED', 'CURATED', 'DISPUTED', 'STALE', 'RETIRED']; questions/13/answer/verification_status: 'VERIFIED_CANONICAL' is not one of ['NOT_RUN', 'CHECKED_BY_AUTHOR', 'INDEPENDENTLY_CHECKED', 'DISPUTED']; questions/13/status: 'PUBLISHED' is not one of ['DISCOVERED', 'CANDIDATE', 'REVIEWED', 'CURATED', 'DISPUTED', 'STALE', 'RETIRED'] (+30 more)

======================================================================
ERROR: test_core1_mounts_the_compact_anchor_figure (test_quality_gate.Gate.test_core1_mounts_the_compact_anchor_figure)
----------------------------------------------------------------------
Traceback (most recent call last):
  File "C:\CodeB\Grade9v3.5\.codex-recovery\r5-full-suite\tests\test_quality_gate.py", line 207, in test_core1_mounts_the_compact_anchor_figure
    html = (self.build(manifest) / "core1.html").read_text(encoding="utf-8")
            ^^^^^^^^^^^^^^^^^^^^
  File "C:\CodeB\Grade9v3.5\.codex-recovery\r5-full-suite\tests\test_quality_gate.py", line 100, in build
    self.assertEqual(render_core.main(args), 0)
                     ^^^^^^^^^^^^^^^^^^^^^^
  File "C:\CodeB\Grade9v3.5\.codex-recovery\r5-full-suite\Shared\tools\render_core.py", line 3180, in main
    pages, gaps, digest, _advisories, _waived = build_report(
                                                ^^^^^^^^^^^^^
  File "C:\CodeB\Grade9v3.5\.codex-recovery\r5-full-suite\Shared\tools\render_core.py", line 3017, in build_report
    ctx = context(manifest_path)
          ^^^^^^^^^^^^^^^^^^^^^^
  File "C:\CodeB\Grade9v3.5\.codex-recovery\r5-full-suite\Shared\tools\render_core.py", line 2765, in context
    raise ValueError(f"PRODUCT_STRUCTURE_INVALID: {path}: {shown}"
ValueError: PRODUCT_STRUCTURE_INVALID: C:\Users\reall\AppData\Local\Temp\tmps3dte0kv\linear-equations.fixture.json: questions/11/answer/verification_status: 'VERIFIED_CANONICAL' is not one of ['NOT_RUN', 'CHECKED_BY_AUTHOR', 'INDEPENDENTLY_CHECKED', 'DISPUTED']; questions/11/status: 'PUBLISHED' is not one of ['DISCOVERED', 'CANDIDATE', 'REVIEWED', 'CURATED', 'DISPUTED', 'STALE', 'RETIRED']; questions/12/answer/verification_status: 'VERIFIED_CANONICAL' is not one of ['NOT_RUN', 'CHECKED_BY_AUTHOR', 'INDEPENDENTLY_CHECKED', 'DISPUTED']; questions/12/status: 'PUBLISHED' is not one of ['DISCOVERED', 'CANDIDATE', 'REVIEWED', 'CURATED', 'DISPUTED', 'STALE', 'RETIRED']; questions/13/answer/verification_status: 'VERIFIED_CANONICAL' is not one of ['NOT_RUN', 'CHECKED_BY_AUTHOR', 'INDEPENDENTLY_CHECKED', 'DISPUTED']; questions/13/status: 'PUBLISHED' is not one of ['DISCOVERED', 'CANDIDATE', 'REVIEWED', 'CURATED', 'DISPUTED', 'STALE', 'RETIRED'] (+30 more)

======================================================================
ERROR: test_core1b_mounts_its_own_task_figure (test_quality_gate.Gate.test_core1b_mounts_its_own_task_figure)
----------------------------------------------------------------------
Traceback (most recent call last):
  File "C:\CodeB\Grade9v3.5\.codex-recovery\r5-full-suite\tests\test_quality_gate.py", line 192, in test_core1b_mounts_its_own_task_figure
    html = (self.build(manifest) / "core1b.html").read_text(encoding="utf-8")
            ^^^^^^^^^^^^^^^^^^^^
  File "C:\CodeB\Grade9v3.5\.codex-recovery\r5-full-suite\tests\test_quality_gate.py", line 100, in build
    self.assertEqual(render_core.main(args), 0)
                     ^^^^^^^^^^^^^^^^^^^^^^
  File "C:\CodeB\Grade9v3.5\.codex-recovery\r5-full-suite\Shared\tools\render_core.py", line 3180, in main
    pages, gaps, digest, _advisories, _waived = build_report(
                                                ^^^^^^^^^^^^^
  File "C:\CodeB\Grade9v3.5\.codex-recovery\r5-full-suite\Shared\tools\render_core.py", line 3017, in build_report
    ctx = context(manifest_path)
          ^^^^^^^^^^^^^^^^^^^^^^
  File "C:\CodeB\Grade9v3.5\.codex-recovery\r5-full-suite\Shared\tools\render_core.py", line 2765, in context
    raise ValueError(f"PRODUCT_STRUCTURE_INVALID: {path}: {shown}"
ValueError: PRODUCT_STRUCTURE_INVALID: C:\Users\reall\AppData\Local\Temp\tmprdyob2h8\linear-equations.fixture.json: questions/11/answer/verification_status: 'VERIFIED_CANONICAL' is not one of ['NOT_RUN', 'CHECKED_BY_AUTHOR', 'INDEPENDENTLY_CHECKED', 'DISPUTED']; questions/11/status: 'PUBLISHED' is not one of ['DISCOVERED', 'CANDIDATE', 'REVIEWED', 'CURATED', 'DISPUTED', 'STALE', 'RETIRED']; questions/12/answer/verification_status: 'VERIFIED_CANONICAL' is not one of ['NOT_RUN', 'CHECKED_BY_AUTHOR', 'INDEPENDENTLY_CHECKED', 'DISPUTED']; questions/12/status: 'PUBLISHED' is not one of ['DISCOVERED', 'CANDIDATE', 'REVIEWED', 'CURATED', 'DISPUTED', 'STALE', 'RETIRED']; questions/13/answer/verification_status: 'VERIFIED_CANONICAL' is not one of ['NOT_RUN', 'CHECKED_BY_AUTHOR', 'INDEPENDENTLY_CHECKED', 'DISPUTED']; questions/13/status: 'PUBLISHED' is not one of ['DISCOVERED', 'CANDIDATE', 'REVIEWED', 'CURATED', 'DISPUTED', 'STALE', 'RETIRED'] (+30 more)

======================================================================
ERROR: test_every_owner_input_must_resolve_to_a_rendered_unit (test_quality_gate.Gate.test_every_owner_input_must_resolve_to_a_rendered_unit)
----------------------------------------------------------------------
Traceback (most recent call last):
  File "C:\CodeB\Grade9v3.5\.codex-recovery\r5-full-suite\tests\test_quality_gate.py", line 243, in test_every_owner_input_must_resolve_to_a_rendered_unit
    report = quality_gate.gate(self.build(manifest), "Mathematics", "FIXTURE-MATH-LINEAR", static=True)
                               ^^^^^^^^^^^^^^^^^^^^
  File "C:\CodeB\Grade9v3.5\.codex-recovery\r5-full-suite\tests\test_quality_gate.py", line 100, in build
    self.assertEqual(render_core.main(args), 0)
                     ^^^^^^^^^^^^^^^^^^^^^^
  File "C:\CodeB\Grade9v3.5\.codex-recovery\r5-full-suite\Shared\tools\render_core.py", line 3180, in main
    pages, gaps, digest, _advisories, _waived = build_report(
                                                ^^^^^^^^^^^^^
  File "C:\CodeB\Grade9v3.5\.codex-recovery\r5-full-suite\Shared\tools\render_core.py", line 3017, in build_report
    ctx = context(manifest_path)
          ^^^^^^^^^^^^^^^^^^^^^^
  File "C:\CodeB\Grade9v3.5\.codex-recovery\r5-full-suite\Shared\tools\render_core.py", line 2765, in context
    raise ValueError(f"PRODUCT_STRUCTURE_INVALID: {path}: {shown}"
ValueError: PRODUCT_STRUCTURE_INVALID: C:\Users\reall\AppData\Local\Temp\tmpvc79dyfz\linear-equations.fixture.json: questions/11/answer/verification_status: 'VERIFIED_CANONICAL' is not one of ['NOT_RUN', 'CHECKED_BY_AUTHOR', 'INDEPENDENTLY_CHECKED', 'DISPUTED']; questions/11/status: 'PUBLISHED' is not one of ['DISCOVERED', 'CANDIDATE', 'REVIEWED', 'CURATED', 'DISPUTED', 'STALE', 'RETIRED']; questions/12/answer/verification_status: 'VERIFIED_CANONICAL' is not one of ['NOT_RUN', 'CHECKED_BY_AUTHOR', 'INDEPENDENTLY_CHECKED', 'DISPUTED']; questions/12/status: 'PUBLISHED' is not one of ['DISCOVERED', 'CANDIDATE', 'REVIEWED', 'CURATED', 'DISPUTED', 'STALE', 'RETIRED']; questions/13/answer/verification_status: 'VERIFIED_CANONICAL' is not one of ['NOT_RUN', 'CHECKED_BY_AUTHOR', 'INDEPENDENTLY_CHECKED', 'DISPUTED']; questions/13/status: 'PUBLISHED' is not one of ['DISCOVERED', 'CANDIDATE', 'REVIEWED', 'CURATED', 'DISPUTED', 'STALE', 'RETIRED'] (+30 more)

======================================================================
ERROR: test_lineage_to_a_core1a_worked_anchor_links_to_its_microtopic (test_quality_gate.Gate.test_lineage_to_a_core1a_worked_anchor_links_to_its_microtopic)
----------------------------------------------------------------------
Traceback (most recent call last):
  File "C:\CodeB\Grade9v3.5\.codex-recovery\r5-full-suite\tests\test_quality_gate.py", line 142, in test_lineage_to_a_core1a_worked_anchor_links_to_its_microtopic
    out = self.build(manifest, draft=True)         # no Core2A practice is a gap; only the link matters here
          ^^^^^^^^^^^^^^^^^^^^^^^^^^^^^^^^
  File "C:\CodeB\Grade9v3.5\.codex-recovery\r5-full-suite\tests\test_quality_gate.py", line 100, in build
    self.assertEqual(render_core.main(args), 0)
                     ^^^^^^^^^^^^^^^^^^^^^^
  File "C:\CodeB\Grade9v3.5\.codex-recovery\r5-full-suite\Shared\tools\render_core.py", line 3180, in main
    pages, gaps, digest, _advisories, _waived = build_report(
                                                ^^^^^^^^^^^^^
  File "C:\CodeB\Grade9v3.5\.codex-recovery\r5-full-suite\Shared\tools\render_core.py", line 3017, in build_report
    ctx = context(manifest_path)
          ^^^^^^^^^^^^^^^^^^^^^^
  File "C:\CodeB\Grade9v3.5\.codex-recovery\r5-full-suite\Shared\tools\render_core.py", line 2765, in context
    raise ValueError(f"PRODUCT_STRUCTURE_INVALID: {path}: {shown}"
ValueError: PRODUCT_STRUCTURE_INVALID: C:\Users\reall\AppData\Local\Temp\tmpe68_241s\linear-equations.fixture.json: questions/11/answer/verification_status: 'VERIFIED_CANONICAL' is not one of ['NOT_RUN', 'CHECKED_BY_AUTHOR', 'INDEPENDENTLY_CHECKED', 'DISPUTED']; questions/11/status: 'PUBLISHED' is not one of ['DISCOVERED', 'CANDIDATE', 'REVIEWED', 'CURATED', 'DISPUTED', 'STALE', 'RETIRED']; questions/12/answer/verification_status: 'VERIFIED_CANONICAL' is not one of ['NOT_RUN', 'CHECKED_BY_AUTHOR', 'INDEPENDENTLY_CHECKED', 'DISPUTED']; questions/12/status: 'PUBLISHED' is not one of ['DISCOVERED', 'CANDIDATE', 'REVIEWED', 'CURATED', 'DISPUTED', 'STALE', 'RETIRED']; questions/13/answer/verification_status: 'VERIFIED_CANONICAL' is not one of ['NOT_RUN', 'CHECKED_BY_AUTHOR', 'INDEPENDENTLY_CHECKED', 'DISPUTED']; questions/13/status: 'PUBLISHED' is not one of ['DISCOVERED', 'CANDIDATE', 'REVIEWED', 'CURATED', 'DISPUTED', 'STALE', 'RETIRED'] (+30 more)

======================================================================
ERROR: test_one_scene_reused_for_different_items_fails (test_quality_gate.Gate.test_one_scene_reused_for_different_items_fails)
----------------------------------------------------------------------
Traceback (most recent call last):
  File "C:\CodeB\Grade9v3.5\.codex-recovery\r5-full-suite\tests\test_quality_gate.py", line 258, in test_one_scene_reused_for_different_items_fails
    report = quality_gate.gate(self.build(manifest), "Mathematics", "FIXTURE-MATH-LINEAR", static=True)
                               ^^^^^^^^^^^^^^^^^^^^
  File "C:\CodeB\Grade9v3.5\.codex-recovery\r5-full-suite\tests\test_quality_gate.py", line 100, in build
    self.assertEqual(render_core.main(args), 0)
                     ^^^^^^^^^^^^^^^^^^^^^^
  File "C:\CodeB\Grade9v3.5\.codex-recovery\r5-full-suite\Shared\tools\render_core.py", line 3180, in main
    pages, gaps, digest, _advisories, _waived = build_report(
                                                ^^^^^^^^^^^^^
  File "C:\CodeB\Grade9v3.5\.codex-recovery\r5-full-suite\Shared\tools\render_core.py", line 3017, in build_report
    ctx = context(manifest_path)
          ^^^^^^^^^^^^^^^^^^^^^^
  File "C:\CodeB\Grade9v3.5\.codex-recovery\r5-full-suite\Shared\tools\render_core.py", line 2765, in context
    raise ValueError(f"PRODUCT_STRUCTURE_INVALID: {path}: {shown}"
ValueError: PRODUCT_STRUCTURE_INVALID: C:\Users\reall\AppData\Local\Temp\tmp6xbankgk\linear-equations.fixture.json: questions/11/answer/verification_status: 'VERIFIED_CANONICAL' is not one of ['NOT_RUN', 'CHECKED_BY_AUTHOR', 'INDEPENDENTLY_CHECKED', 'DISPUTED']; questions/11/status: 'PUBLISHED' is not one of ['DISCOVERED', 'CANDIDATE', 'REVIEWED', 'CURATED', 'DISPUTED', 'STALE', 'RETIRED']; questions/12/answer/verification_status: 'VERIFIED_CANONICAL' is not one of ['NOT_RUN', 'CHECKED_BY_AUTHOR', 'INDEPENDENTLY_CHECKED', 'DISPUTED']; questions/12/status: 'PUBLISHED' is not one of ['DISCOVERED', 'CANDIDATE', 'REVIEWED', 'CURATED', 'DISPUTED', 'STALE', 'RETIRED']; questions/13/answer/verification_status: 'VERIFIED_CANONICAL' is not one of ['NOT_RUN', 'CHECKED_BY_AUTHOR', 'INDEPENDENTLY_CHECKED', 'DISPUTED']; questions/13/status: 'PUBLISHED' is not one of ['DISCOVERED', 'CANDIDATE', 'REVIEWED', 'CURATED', 'DISPUTED', 'STALE', 'RETIRED'] (+30 more)

======================================================================
ERROR: test_pre_attempt_figure_that_shows_the_result_fails (test_quality_gate.Gate.test_pre_attempt_figure_that_shows_the_result_fails)
----------------------------------------------------------------------
Traceback (most recent call last):
  File "C:\CodeB\Grade9v3.5\.codex-recovery\r5-full-suite\tests\test_quality_gate.py", line 155, in test_pre_attempt_figure_that_shows_the_result_fails
    report = quality_gate.gate(self.build(manifest), "Mathematics", "FIXTURE-MATH-LINEAR", static=True)
                               ^^^^^^^^^^^^^^^^^^^^
  File "C:\CodeB\Grade9v3.5\.codex-recovery\r5-full-suite\tests\test_quality_gate.py", line 100, in build
    self.assertEqual(render_core.main(args), 0)
                     ^^^^^^^^^^^^^^^^^^^^^^
  File "C:\CodeB\Grade9v3.5\.codex-recovery\r5-full-suite\Shared\tools\render_core.py", line 3180, in main
    pages, gaps, digest, _advisories, _waived = build_report(
                                                ^^^^^^^^^^^^^
  File "C:\CodeB\Grade9v3.5\.codex-recovery\r5-full-suite\Shared\tools\render_core.py", line 3017, in build_report
    ctx = context(manifest_path)
          ^^^^^^^^^^^^^^^^^^^^^^
  File "C:\CodeB\Grade9v3.5\.codex-recovery\r5-full-suite\Shared\tools\render_core.py", line 2765, in context
    raise ValueError(f"PRODUCT_STRUCTURE_INVALID: {path}: {shown}"
ValueError: PRODUCT_STRUCTURE_INVALID: C:\Users\reall\AppData\Local\Temp\tmpq9ar6muq\linear-equations.fixture.json: questions/11/answer/verification_status: 'VERIFIED_CANONICAL' is not one of ['NOT_RUN', 'CHECKED_BY_AUTHOR', 'INDEPENDENTLY_CHECKED', 'DISPUTED']; questions/11/status: 'PUBLISHED' is not one of ['DISCOVERED', 'CANDIDATE', 'REVIEWED', 'CURATED', 'DISPUTED', 'STALE', 'RETIRED']; questions/12/answer/verification_status: 'VERIFIED_CANONICAL' is not one of ['NOT_RUN', 'CHECKED_BY_AUTHOR', 'INDEPENDENTLY_CHECKED', 'DISPUTED']; questions/12/status: 'PUBLISHED' is not one of ['DISCOVERED', 'CANDIDATE', 'REVIEWED', 'CURATED', 'DISPUTED', 'STALE', 'RETIRED']; questions/13/answer/verification_status: 'VERIFIED_CANONICAL' is not one of ['NOT_RUN', 'CHECKED_BY_AUTHOR', 'INDEPENDENTLY_CHECKED', 'DISPUTED']; questions/13/status: 'PUBLISHED' is not one of ['DISCOVERED', 'CANDIDATE', 'REVIEWED', 'CURATED', 'DISPUTED', 'STALE', 'RETIRED'] (+30 more)

======================================================================
ERROR: test_success_criteria_and_ids_stay_out_of_the_pre_attempt_page (test_quality_gate.Gate.test_success_criteria_and_ids_stay_out_of_the_pre_attempt_page)
----------------------------------------------------------------------
Traceback (most recent call last):
  File "C:\CodeB\Grade9v3.5\.codex-recovery\r5-full-suite\tests\test_quality_gate.py", line 228, in test_success_criteria_and_ids_stay_out_of_the_pre_attempt_page
    out = self.build(manifest)
          ^^^^^^^^^^^^^^^^^^^^
  File "C:\CodeB\Grade9v3.5\.codex-recovery\r5-full-suite\tests\test_quality_gate.py", line 100, in build
    self.assertEqual(render_core.main(args), 0)
                     ^^^^^^^^^^^^^^^^^^^^^^
  File "C:\CodeB\Grade9v3.5\.codex-recovery\r5-full-suite\Shared\tools\render_core.py", line 3180, in main
    pages, gaps, digest, _advisories, _waived = build_report(
                                                ^^^^^^^^^^^^^
  File "C:\CodeB\Grade9v3.5\.codex-recovery\r5-full-suite\Shared\tools\render_core.py", line 3017, in build_report
    ctx = context(manifest_path)
          ^^^^^^^^^^^^^^^^^^^^^^
  File "C:\CodeB\Grade9v3.5\.codex-recovery\r5-full-suite\Shared\tools\render_core.py", line 2765, in context
    raise ValueError(f"PRODUCT_STRUCTURE_INVALID: {path}: {shown}"
ValueError: PRODUCT_STRUCTURE_INVALID: C:\Users\reall\AppData\Local\Temp\tmpw6uhkskn\linear-equations.fixture.json: questions/11/answer/verification_status: 'VERIFIED_CANONICAL' is not one of ['NOT_RUN', 'CHECKED_BY_AUTHOR', 'INDEPENDENTLY_CHECKED', 'DISPUTED']; questions/11/status: 'PUBLISHED' is not one of ['DISCOVERED', 'CANDIDATE', 'REVIEWED', 'CURATED', 'DISPUTED', 'STALE', 'RETIRED']; questions/12/answer/verification_status: 'VERIFIED_CANONICAL' is not one of ['NOT_RUN', 'CHECKED_BY_AUTHOR', 'INDEPENDENTLY_CHECKED', 'DISPUTED']; questions/12/status: 'PUBLISHED' is not one of ['DISCOVERED', 'CANDIDATE', 'REVIEWED', 'CURATED', 'DISPUTED', 'STALE', 'RETIRED']; questions/13/answer/verification_status: 'VERIFIED_CANONICAL' is not one of ['NOT_RUN', 'CHECKED_BY_AUTHOR', 'INDEPENDENTLY_CHECKED', 'DISPUTED']; questions/13/status: 'PUBLISHED' is not one of ['DISCOVERED', 'CANDIDATE', 'REVIEWED', 'CURATED', 'DISPUTED', 'STALE', 'RETIRED'] (+30 more)

======================================================================
ERROR: test_ungated_answer_and_broken_lineage_fail (test_quality_gate.Gate.test_ungated_answer_and_broken_lineage_fail)
----------------------------------------------------------------------
Traceback (most recent call last):
  File "C:\CodeB\Grade9v3.5\.codex-recovery\r5-full-suite\tests\test_quality_gate.py", line 128, in test_ungated_answer_and_broken_lineage_fail
    out = self.build(complete_fixture(self.tmp))
          ^^^^^^^^^^^^^^^^^^^^^^^^^^^^^^^^^^^^^^
  File "C:\CodeB\Grade9v3.5\.codex-recovery\r5-full-suite\tests\test_quality_gate.py", line 100, in build
    self.assertEqual(render_core.main(args), 0)
                     ^^^^^^^^^^^^^^^^^^^^^^
  File "C:\CodeB\Grade9v3.5\.codex-recovery\r5-full-suite\Shared\tools\render_core.py", line 3180, in main
    pages, gaps, digest, _advisories, _waived = build_report(
                                                ^^^^^^^^^^^^^
  File "C:\CodeB\Grade9v3.5\.codex-recovery\r5-full-suite\Shared\tools\render_core.py", line 3017, in build_report
    ctx = context(manifest_path)
          ^^^^^^^^^^^^^^^^^^^^^^
  File "C:\CodeB\Grade9v3.5\.codex-recovery\r5-full-suite\Shared\tools\render_core.py", line 2765, in context
    raise ValueError(f"PRODUCT_STRUCTURE_INVALID: {path}: {shown}"
ValueError: PRODUCT_STRUCTURE_INVALID: C:\Users\reall\AppData\Local\Temp\tmpztr3ttbm\linear-equations.fixture.json: questions/11/answer/verification_status: 'VERIFIED_CANONICAL' is not one of ['NOT_RUN', 'CHECKED_BY_AUTHOR', 'INDEPENDENTLY_CHECKED', 'DISPUTED']; questions/11/status: 'PUBLISHED' is not one of ['DISCOVERED', 'CANDIDATE', 'REVIEWED', 'CURATED', 'DISPUTED', 'STALE', 'RETIRED']; questions/12/answer/verification_status: 'VERIFIED_CANONICAL' is not one of ['NOT_RUN', 'CHECKED_BY_AUTHOR', 'INDEPENDENTLY_CHECKED', 'DISPUTED']; questions/12/status: 'PUBLISHED' is not one of ['DISCOVERED', 'CANDIDATE', 'REVIEWED', 'CURATED', 'DISPUTED', 'STALE', 'RETIRED']; questions/13/answer/verification_status: 'VERIFIED_CANONICAL' is not one of ['NOT_RUN', 'CHECKED_BY_AUTHOR', 'INDEPENDENTLY_CHECKED', 'DISPUTED']; questions/13/status: 'PUBLISHED' is not one of ['DISCOVERED', 'CANDIDATE', 'REVIEWED', 'CURATED', 'DISPUTED', 'STALE', 'RETIRED'] (+30 more)

======================================================================
ERROR: test_withheld_stages_are_absent_from_the_markup_not_hidden (test_quality_gate.Gate.test_withheld_stages_are_absent_from_the_markup_not_hidden)
----------------------------------------------------------------------
Traceback (most recent call last):
  File "C:\CodeB\Grade9v3.5\.codex-recovery\r5-full-suite\tests\test_quality_gate.py", line 159, in test_withheld_stages_are_absent_from_the_markup_not_hidden
    out = self.build(complete_fixture(self.tmp))
          ^^^^^^^^^^^^^^^^^^^^^^^^^^^^^^^^^^^^^^
  File "C:\CodeB\Grade9v3.5\.codex-recovery\r5-full-suite\tests\test_quality_gate.py", line 100, in build
    self.assertEqual(render_core.main(args), 0)
                     ^^^^^^^^^^^^^^^^^^^^^^
  File "C:\CodeB\Grade9v3.5\.codex-recovery\r5-full-suite\Shared\tools\render_core.py", line 3180, in main
    pages, gaps, digest, _advisories, _waived = build_report(
                                                ^^^^^^^^^^^^^
  File "C:\CodeB\Grade9v3.5\.codex-recovery\r5-full-suite\Shared\tools\render_core.py", line 3017, in build_report
    ctx = context(manifest_path)
          ^^^^^^^^^^^^^^^^^^^^^^
  File "C:\CodeB\Grade9v3.5\.codex-recovery\r5-full-suite\Shared\tools\render_core.py", line 2765, in context
    raise ValueError(f"PRODUCT_STRUCTURE_INVALID: {path}: {shown}"
ValueError: PRODUCT_STRUCTURE_INVALID: C:\Users\reall\AppData\Local\Temp\tmp18mfyox2\linear-equations.fixture.json: questions/11/answer/verification_status: 'VERIFIED_CANONICAL' is not one of ['NOT_RUN', 'CHECKED_BY_AUTHOR', 'INDEPENDENTLY_CHECKED', 'DISPUTED']; questions/11/status: 'PUBLISHED' is not one of ['DISCOVERED', 'CANDIDATE', 'REVIEWED', 'CURATED', 'DISPUTED', 'STALE', 'RETIRED']; questions/12/answer/verification_status: 'VERIFIED_CANONICAL' is not one of ['NOT_RUN', 'CHECKED_BY_AUTHOR', 'INDEPENDENTLY_CHECKED', 'DISPUTED']; questions/12/status: 'PUBLISHED' is not one of ['DISCOVERED', 'CANDIDATE', 'REVIEWED', 'CURATED', 'DISPUTED', 'STALE', 'RETIRED']; questions/13/answer/verification_status: 'VERIFIED_CANONICAL' is not one of ['NOT_RUN', 'CHECKED_BY_AUTHOR', 'INDEPENDENTLY_CHECKED', 'DISPUTED']; questions/13/status: 'PUBLISHED' is not one of ['DISCOVERED', 'CANDIDATE', 'REVIEWED', 'CURATED', 'DISPUTED', 'STALE', 'RETIRED'] (+30 more)

======================================================================
ERROR: test_every_role_page_links_the_pdf_printed_from_it_and_the_deploy_prints_them_never_a_key_pdf (test_test_area.TestDeploy.test_every_role_page_links_the_pdf_printed_from_it_and_the_deploy_prints_them_never_a_key_pdf)
----------------------------------------------------------------------
Traceback (most recent call last):
  File "C:\CodeB\Grade9v3.5\.codex-recovery\r5-full-suite\tests\test_test_area.py", line 242, in test_every_role_page_links_the_pdf_printed_from_it_and_the_deploy_prints_them_never_a_key_pdf
    self.assertEqual(link.group(1), name.replace(".html", ".pdf"))
                     ^^^^^^^^^^
AttributeError: 'NoneType' object has no attribute 'group'

======================================================================
ERROR: test_the_hub_and_deployments_pages_report_the_deployment_without_calling_it_done (test_test_area.TestDeploy.test_the_hub_and_deployments_pages_report_the_deployment_without_calling_it_done)
----------------------------------------------------------------------
Traceback (most recent call last):
  File "C:\CodeB\Grade9v3.5\.codex-recovery\r5-full-suite\tests\test_test_area.py", line 303, in test_the_hub_and_deployments_pages_report_the_deployment_without_calling_it_done
    pages = build_test_site.render_all()
            ^^^^^^^^^^^^^^^^^^^^^^^^^^^^
  File "C:\CodeB\Grade9v3.5\.codex-recovery\r5-full-suite\Shared\tools\build_test_site.py", line 320, in render_all
    return {"index.html": hub_page(), "atlas/index.html": atlas_page(), "rungs/index.html": rungs_page(),
                                                          ^^^^^^^^^^^^
  File "C:\CodeB\Grade9v3.5\.codex-recovery\r5-full-suite\Shared\tools\build_test_site.py", line 310, in atlas_page
    raise ValueError(f"the Topic Atlas template changed: expected exactly one {old[:60]!r}")
ValueError: the Topic Atlas template changed: expected exactly one '<html lang="en">'

======================================================================
ERROR: test_a_rung_matrix_that_breaks_the_matrix_schema_says_so_on_the_rungs_page_and_in_the_build (test_test_area.TestPages.test_a_rung_matrix_that_breaks_the_matrix_schema_says_so_on_the_rungs_page_and_in_the_build)
----------------------------------------------------------------------
Traceback (most recent call last):
  File "C:\CodeB\Grade9v3.5\.codex-recovery\r5-full-suite\tests\test_test_area.py", line 137, in test_a_rung_matrix_that_breaks_the_matrix_schema_says_so_on_the_rungs_page_and_in_the_build
    build_test_site.write()
  File "C:\CodeB\Grade9v3.5\.codex-recovery\r5-full-suite\Shared\tools\build_test_site.py", line 325, in write
    for name, text in render_all().items():
                      ^^^^^^^^^^^^
  File "C:\CodeB\Grade9v3.5\.codex-recovery\r5-full-suite\Shared\tools\build_test_site.py", line 320, in render_all
    return {"index.html": hub_page(), "atlas/index.html": atlas_page(), "rungs/index.html": rungs_page(),
                                                          ^^^^^^^^^^^^
  File "C:\CodeB\Grade9v3.5\.codex-recovery\r5-full-suite\Shared\tools\build_test_site.py", line 310, in atlas_page
    raise ValueError(f"the Topic Atlas template changed: expected exactly one {old[:60]!r}")
ValueError: the Topic Atlas template changed: expected exactly one '<html lang="en">'

======================================================================
ERROR: test_committed_pages_are_what_the_generator_writes (test_test_area.TestPages.test_committed_pages_are_what_the_generator_writes)
----------------------------------------------------------------------
Traceback (most recent call last):
  File "C:\CodeB\Grade9v3.5\.codex-recovery\r5-full-suite\tests\test_test_area.py", line 128, in test_committed_pages_are_what_the_generator_writes
    self.assertEqual(build_test_site.check(), [])
                     ^^^^^^^^^^^^^^^^^^^^^^^
  File "C:\CodeB\Grade9v3.5\.codex-recovery\r5-full-suite\Shared\tools\build_test_site.py", line 337, in check
    for name, text in render_all().items():
                      ^^^^^^^^^^^^
  File "C:\CodeB\Grade9v3.5\.codex-recovery\r5-full-suite\Shared\tools\build_test_site.py", line 320, in render_all
    return {"index.html": hub_page(), "atlas/index.html": atlas_page(), "rungs/index.html": rungs_page(),
                                                          ^^^^^^^^^^^^
  File "C:\CodeB\Grade9v3.5\.codex-recovery\r5-full-suite\Shared\tools\build_test_site.py", line 310, in atlas_page
    raise ValueError(f"the Topic Atlas template changed: expected exactly one {old[:60]!r}")
ValueError: the Topic Atlas template changed: expected exactly one '<html lang="en">'

======================================================================
FAIL: test_the_committed_index_is_current (test_assurance_projections.SearchIndex.test_the_committed_index_is_current)
----------------------------------------------------------------------
Traceback (most recent call last):
  File "C:\CodeB\Grade9v3.5\.codex-recovery\r5-full-suite\tests\test_assurance_projections.py", line 125, in test_the_committed_index_is_current
    self.assertEqual(verify_search_index.main(argv), 0, "rebuild it with Shared/tools/build_search_index.py")
AssertionError: 1 != 0 : rebuild it with Shared/tools/build_search_index.py

======================================================================
FAIL: test_enforce_passes_at_the_committed_baseline (test_assurance_verifiers.Ratchet.test_enforce_passes_at_the_committed_baseline)
----------------------------------------------------------------------
Traceback (most recent call last):
  File "C:\CodeB\Grade9v3.5\.codex-recovery\r5-full-suite\tests\test_assurance_verifiers.py", line 312, in test_enforce_passes_at_the_committed_baseline
    self.assertEqual(assurance_run.main(argv + ["--enforce"]), 0, "main at its committed baseline")
AssertionError: 1 != 0 : main at its committed baseline

======================================================================
FAIL: test_the_committed_baseline_is_current_and_holds_only_what_main_has (test_assurance_verifiers.Ratchet.test_the_committed_baseline_is_current_and_holds_only_what_main_has)
----------------------------------------------------------------------
Traceback (most recent call last):
  File "C:\CodeB\Grade9v3.5\.codex-recovery\r5-full-suite\tests\test_assurance_verifiers.py", line 305, in test_the_committed_baseline_is_current_and_holds_only_what_main_has
    self.assertEqual(sorted(found - known), [], "a new canonical finding: fix it, or (if it is old debt) rewrite the baseline with assurance_run.py --write-baseline")
AssertionError: Lists differ: ['REFERENCE_INTEGRITY|CANONICAL_RECORD:LIB[2282 chars]ONS'] != []

First list contains 19 additional elements.
First extra element 0:
'REFERENCE_INTEGRITY|CANONICAL_RECORD:LIB-MATH-LINEAR-EQUATIONS|LIBRARY_UNRESOLVED_REFERENCE|Q-MAT-LEQ-01-EXEMPLAR8-Q17'

Diff is 2391 characters long. Set self.maxDiff to None to see it. : a new canonical finding: fix it, or (if it is old debt) rewrite the baseline with assurance_run.py --write-baseline

======================================================================
FAIL: test_secondary_reference_is_collapsed_but_the_crux_and_practice_path_stay_visible (test_blueprint_components.Core1aBenchmark.test_secondary_reference_is_collapsed_but_the_crux_and_practice_path_stay_visible)
----------------------------------------------------------------------
Traceback (most recent call last):
  File "C:\CodeB\Grade9v3.5\.codex-recovery\r5-full-suite\tests\test_blueprint_components.py", line 252, in test_secondary_reference_is_collapsed_but_the_crux_and_practice_path_stay_visible
    self.assertTrue(matches, kind)
AssertionError: [] is not true : core1a-question-bridge

======================================================================
FAIL: test_the_page_opens_in_the_blueprints_theme_and_the_learner_can_switch (test_blueprint_components.Core1aBenchmark.test_the_page_opens_in_the_blueprints_theme_and_the_learner_can_switch)
----------------------------------------------------------------------
Traceback (most recent call last):
  File "C:\CodeB\Grade9v3.5\.codex-recovery\r5-full-suite\tests\test_blueprint_components.py", line 244, in test_the_page_opens_in_the_blueprints_theme_and_the_learner_can_switch
    self.assertEqual(self.blueprint["presentation_policy"]["default_theme"], "dark")
AssertionError: 'light' != 'dark'
- light
+ dark


======================================================================
FAIL: test_each_role_page_links_the_pdf_printed_from_itself_and_the_index_links_none (test_blueprint_components.PrintPdf.test_each_role_page_links_the_pdf_printed_from_itself_and_the_index_links_none)
----------------------------------------------------------------------
Traceback (most recent call last):
  File "C:\CodeB\Grade9v3.5\.codex-recovery\r5-full-suite\tests\test_blueprint_components.py", line 508, in test_each_role_page_links_the_pdf_printed_from_itself_and_the_index_links_none
    self.assertIn(f'href="{name.removesuffix(".html")}.pdf"', link, name)
AssertionError: 'href="core1.pdf"' not found in '' : core1.html

======================================================================
FAIL: test_every_presentation_the_schema_allows_has_its_own_css (test_blueprint_components.Registry.test_every_presentation_the_schema_allows_has_its_own_css)
----------------------------------------------------------------------
Traceback (most recent call last):
  File "C:\CodeB\Grade9v3.5\.codex-recovery\r5-full-suite\tests\test_blueprint_components.py", line 47, in test_every_presentation_the_schema_allows_has_its_own_css
    self.assertTrue(re.search(r"\." + re.escape(cls) + r"(?![\w-])", rules), f"{name} has no .{cls} rule")
AssertionError: None is not true : DISCLOSURE_EQUATION_CARD has no .g9-c-disclosure-equation-card rule

======================================================================
FAIL: test_a_per_unit_component_is_expected_once_for_each_construction_unit (test_blueprint_components.Reporting.test_a_per_unit_component_is_expected_once_for_each_construction_unit)
----------------------------------------------------------------------
Traceback (most recent call last):
  File "C:\CodeB\Grade9v3.5\.codex-recovery\r5-full-suite\tests\test_blueprint_components.py", line 179, in test_a_per_unit_component_is_expected_once_for_each_construction_unit
    self.assertIn("MIC / CU-2: STAGED_VISUAL is absent", problems)
AssertionError: 'MIC / CU-2: STAGED_VISUAL is absent' not found in ['MIC: CONCEPT_HEADER is absent', 'MIC / CU-1: UNIT_HEADER is absent', 'MIC / CU-2: UNIT_HEADER is absent', 'MIC / CU-1: CONSTRUCTION_STEPS is absent', 'MIC / CU-2: CONSTRUCTION_STEPS is absent', 'MIC: KEY_STEP is absent', 'MIC / CU-1: WORKED_EXAMPLE is absent', 'MIC / CU-2: WORKED_EXAMPLE is absent', 'MIC / CU-1: TRAP_REPAIR is absent', 'MIC / CU-2: TRAP_REPAIR is absent', 'MIC / CU-1: QUICK_CHECK is absent', 'MIC / CU-2: QUICK_CHECK is absent', 'MIC: EXIT_RECALL is absent']

======================================================================
FAIL: test_reciprocal_navigation_integrity (test_browser_tablet_accessibility.TestBrowserTabletAccessibility.test_reciprocal_navigation_integrity)
----------------------------------------------------------------------
Traceback (most recent call last):
  File "C:\CodeB\Grade9v3.5\.codex-recovery\r5-full-suite\tests\test_browser_tablet_accessibility.py", line 58, in test_reciprocal_navigation_integrity
    self.assertIn("core2.html", ws_text)
AssertionError: 'core2.html' not found in '<!doctype html>\n<html lang="en" data-g9-shell>\n<head>\n  <meta charset="utf-8">\n  <meta name="viewport" content="width=device-width, initial-scale=1">\n  <title>Newton&#x27;s Laws of Motion Workspace · Grade9V3.5</title>\n  <link rel="stylesheet" href="../../css/modern-learner.css">\n</head>\n<body>\n  <header class="g9-shell-header">\n    <div class="g9-header-inner">\n      <a class="g9-brand" href="../../index.html">\n        <span class="logo-icon">⚡</span>\n        <span class="brand-title">Grade9V3.5</span>\n        <span class="g9-brand-badge">Learner Platform</span>\n      </a>\n      <nav class="g9-header-nav" aria-label="Portal Navigation">\n        <a href="../../index.html">Home</a>\n        <a href="../../physics/index.html">Physics</a>\n        <a href="../../chemistry/index.html">Chemistry</a>\n        <a href="../../mathematics/index.html">Mathematics</a>\n        <a href="../../question-bank/index.html">Question Bank</a>\n        <a href="../../atlas/index.html">Atlas &amp; Rungs</a>\n      </nav>\n      <div class="g9-header-actions">\n        \n        <details class="g9-header-dropdown">\n          <summary class="g9-header-btn g9-drive-btn" aria-label="Google Drive Source PDFs" title="Access Original Source PDFs in Google Drive">\n            <svg class="g9-btn-icon" width="16" height="16" viewBox="0 0 87.3 78" aria-hidden="true" style="vertical-align: middle;">\n  <path d="m6.6 66.85 3.85 6.65c.8 1.4 1.95 2.5 3.3 3.3l13.75-23.8H0c0 1.55.4 3.1 1.2 4.5z" fill="#0066da"/>\n  <path d="M43.65 25 29.9 1.2c-1.35.8-2.5 1.9-3.3 3.3l-25.4 44C.4 49.9 0 51.45 0 53h27.5z" fill="#00ac47"/>\n  <path d="M73.55 76.8c1.35-.8 2.5-1.9 3.3-3.3l1.6-2.75 7.65-13.25c.8-1.4 1.2-2.95 1.2-4.5H59.8l5.85 10.15z" fill="#ea4335"/>\n  <path d="M43.65 25 57.4 1.2C56.05.4 54.5 0 52.9 0H34.4c-1.6 0-3.15.45-4.5 1.2z" fill="#00832d"/>\n  <path d="M59.8 53H27.5L13.75 76.8c1.35.8 2.9 1.2 4.5 1.2h50.8c1.6 0 3.15-.45 4.5-1.2z" fill="#2684fc"/>\n  <path d="m73.4 26.5-12.7-22c-.8-1.4-1.95-2.5-3.3-3.3L43.65 25 59.8 53h27.5c0-1.55-.4-3.1-1.2-4.5z" fill="#ffba00"/>\n</svg>\n            <span class="g9-btn-text">Source PDFs</span>\n            <span class="g9-btn-caret" aria-hidden="true">▾</span>\n          </summary>\n          <div class="g9-dropdown-menu">\n            <div class="g9-dropdown-header">Google Drive Source PDFs</div>\n            \n      <a href="https://drive.google.com/file/d/1jz2v_6oxak0LSWj2o-hYINIHoJOXl0zD/view" target="_blank" rel="noopener" class="g9-dropdown-item">\n        <span class="g9-item-icon">📄</span>\n        <div class="g9-item-info">\n          <strong>Core 1 Study Guide</strong>\n          <small>physics-nlm-revised-core1.pdf (103 KB)</small>\n        </div>\n      </a>\n      <a href="https://drive.google.com/file/d/1gKA0mLn6lhtRcQQ3dFFcUM-BcWatEl64/view" target="_blank" rel="noopener" class="g9-dropdown-item">\n        <span class="g9-item-icon">📄</span>\n        <div class="g9-item-info">\n          <strong>Core 2 Problem Suite</strong>\n          <small>physics-nlm-revised-core2.pdf (172 KB)</small>\n        </div>\n      </a>\n      <div class="g9-dropdown-divider"></div>\n      <a href="https://drive.google.com/drive/folders/1ipfk8TDM7ACDqbPdjRc3ZIE6UTFQMvyw" target="_blank" rel="noopener" class="g9-dropdown-item">\n        <span class="g9-item-icon">📁</span>\n        <div class="g9-item-info">\n          <strong>Grade 9 Drive Repository</strong>\n          <small>Open Full Google Drive Folder</small>\n        </div>\n      </a>\n          </div>\n        </details>\n        <button type="button" class="g9-header-btn g9-search-btn" data-g9-action="search" title="Search Grade9V3 (Ctrl/⌘ K)" aria-label="Search">\n          <span class="g9-btn-icon">🔍</span>\n          <span class="g9-btn-text">Search</span>\n        </button>\n        <button type="button" class="g9-header-btn g9-display-btn" data-g9-action="display" title="Display & Theme Settings" aria-label="Display & Theme">\n          <span class="g9-btn-icon">🌙 / ☀️</span>\n          <span class="g9-btn-text">Display</span>\n        </button>\n      </div>\n    </div>\n  </header>\n  \n<nav class="g9-breadcrumb-bar" aria-label="Breadcrumb">\n  <div class="g9-breadcrumbs">\n    <a href="../../index.html">Home</a> <span>/</span> <a href="../../physics/index.html">Physics</a> <span>/</span> <span>Newton&#x27;s Laws of Motion</span>\n  </div>\n</nav>\n\n  <main class="g9-container">\n    \n  <div class="g9-hero">\n    <h1 class="g9-hero-title">Newton&#x27;s Laws of Motion Workspace</h1>\n    <p class="g9-hero-subtitle">Explore each concept below through structured derivation, problem solving, or interactive visual models.</p>\n  </div>\n\n  <div class="g9-concepts-list">\n    \n  <div class="g9-concept-card" id="MIC-PHY-NLM-FIRST-LAW">\n    <div class="g9-concept-header">\n      <span class="g9-concept-badge">Core Concept</span>\n      <h2 class="g9-concept-title">First Law &amp; Inertia</h2>\n      <p class="g9-concept-desc">Organised learning path connecting mathematical construction, authentic past-paper practice, and visual simulation.</p>\n    </div>\n    <div class="g9-action-row">\n      <a class="g9-btn-action g9-btn-explore" href="../../physics/nlm/explorers/atwood-pulleys/index.html" target="_blank" rel="noopener" title="Atwood Machines &amp; Pulley Constraints">⚡ Try visually</a>\n      <a class="g9-btn-action g9-btn-learn" href="../../standalone/practice/core1a-physics-nlm-tablet.html" title="Core Study · Newton&#x27;s Laws of Motion Master Suite">📖 Core Study</a>\n      <a class="g9-btn-action g9-btn-qb g9-btn-practice" href="../../question-bank/index.html?subject=Physics&topic=nlm&mode=study">🎯 Practice in Question Bank (Core 2) &rarr;</a>\n      <a class="g9-btn-action g9-btn-atlas" href="../../atlas/index.html#nlm" title="View Curriculum & Pedagogical Rungs">🪜 View Rung Ladder</a>\n    </div>\n  </div>\n  <div class="g9-concept-card" id="MIC-PHY-NLM-FRICTION">\n    <div class="g9-concept-header">\n      <span class="g9-concept-badge">Core Concept</span>\n      <h2 class="g9-concept-title">Limiting &amp; Kinetic Friction</h2>\n      <p class="g9-concept-desc">Organised learning path connecting mathematical construction, authentic past-paper practice, and visual simulation.</p>\n    </div>\n    <div class="g9-action-row">\n      <a class="g9-btn-action g9-btn-explore" href="../../physics/nlm/explorers/friction-threshold/index.html" target="_blank" rel="noopener" title="Static-to-Kinetic Friction Threshold Explorer">⚡ Try visually</a>\n      <a class="g9-btn-action g9-btn-learn" href="../../standalone/practice/friction/core1a.html" title="Core Study · Friction — Learn">📖 Core Study</a>\n      <a class="g9-btn-action g9-btn-qb g9-btn-practice" href="../../question-bank/index.html?subject=Physics&topic=nlm&mode=study">🎯 Practice in Question Bank (Core 2) &rarr;</a>\n      <a class="g9-btn-action g9-btn-atlas" href="../../atlas/index.html#nlm" title="View Curriculum & Pedagogical Rungs">🪜 View Rung Ladder</a>\n    </div>\n  </div>\n  <div class="g9-concept-card" id="MIC-PHY-NLM-FRICTION-QUANT">\n    <div class="g9-concept-header">\n      <span class="g9-concept-badge">Core Concept</span>\n      <h2 class="g9-concept-title">Quantitative Friction &amp; Connected Bodies</h2>\n      <p class="g9-concept-desc">Organised learning path connecting mathematical construction, authentic past-paper practice, and visual simulation.</p>\n    </div>\n    <div class="g9-action-row">\n      <a class="g9-btn-action g9-btn-learn" href="../../standalone/practice/friction/core1a.html" title="Core Study · Friction — Learn">📖 Core Study</a>\n      <a class="g9-btn-action g9-btn-qb g9-btn-practice" href="../../question-bank/index.html?subject=Physics&topic=nlm&mode=study">🎯 Practice in Question Bank (Core 2) &rarr;</a>\n      <a class="g9-btn-action g9-btn-atlas" href="../../atlas/index.html#nlm" title="View Curriculum & Pedagogical Rungs">🪜 View Rung Ladder</a>\n    </div>\n  </div>\n  </div>\n\n  </main>\n  <footer class="g9-footer">\n    <p>Grade9V3.5 Concept-Centred Learner Platform · Authentic Question Bank & Concepts</p>\n  </footer>\n<script src="../../js/display-controls.js"></script>\n<script src="../../js/site-header.js" data-site-root="../../"></script></body>\n</html>\n'

======================================================================
FAIL: test_committed_corpus_is_intact (test_calibration_corpus.CalibrationCorpusTest.test_committed_corpus_is_intact)
----------------------------------------------------------------------
Traceback (most recent call last):
  File "C:\CodeB\Grade9v3.5\.codex-recovery\r5-full-suite\tests\test_calibration_corpus.py", line 13, in test_committed_corpus_is_intact
    self.assertEqual(calibration_corpus.check(), [])
AssertionError: Lists differ: [{'code': 'SPECIMEN_FILE_UNLISTED', 'where[4953 chars] ''}] != []

First list contains 40 additional elements.
First extra element 0:
{'code': 'SPECIMEN_FILE_UNLISTED', 'where': 'specimens\\S1-motion2d-six-core-html\\core1.html', 'detail': ''}

Diff is 5445 characters long. Set self.maxDiff to None to see it.

======================================================================
FAIL: test_reference_custody_must_be_decided (test_calibration_corpus.CalibrationCorpusTest.test_reference_custody_must_be_decided)
----------------------------------------------------------------------
Traceback (most recent call last):
  File "C:\CodeB\Grade9v3.5\.codex-recovery\r5-full-suite\tests\test_calibration_corpus.py", line 36, in test_reference_custody_must_be_decided
    self.assertEqual(codes, {"REFERENCE_CUSTODY_UNSET"})
AssertionError: Items in the first set but not the second:
'SPECIMEN_FILE_UNLISTED'

======================================================================
FAIL: test_full_pages_build_contains_witness_and_preserves_exact_cross_core_anchors (test_core2_v2_motion2d.Core2V2Motion2DIntegration.test_full_pages_build_contains_witness_and_preserves_exact_cross_core_anchors)
----------------------------------------------------------------------
Traceback (most recent call last):
  File "C:\CodeB\Grade9v3.5\.codex-recovery\r5-full-suite\tests\test_core2_v2_motion2d.py", line 64, in test_full_pages_build_contains_witness_and_preserves_exact_cross_core_anchors
    self.assertEqual(gaps, [])
AssertionError: Lists differ: [{'duty': 'MOUNT_REPRESENTATION', 'record'[395 chars]ON'}] != []

First list contains 2 additional elements.
First extra element 0:
{'duty': 'MOUNT_REPRESENTATION', 'record': 'PYQ-PHY-JEEADV-2021-P1-Q06', 'detail': "REP-PYQ-JEEADV-2021-P1-Q06 is not a representation in the product's packages", 'core': 'CORE2', 'product': 'PRODUCT-PHY-KIN-2D-MOTION'}

+ []
- [{'core': 'CORE2',
-   'detail': 'REP-PYQ-JEEADV-2021-P1-Q06 is not a representation in the '
-             "product's packages",
-   'duty': 'MOUNT_REPRESENTATION',
-   'product': 'PRODUCT-PHY-KIN-2D-MOTION',
-   'record': 'PYQ-PHY-JEEADV-2021-P1-Q06'},
-  {'core': 'CORE2',
-   'detail': 'REP-PYQ-JEEADV-2013-P1-Q07 is not a representation in the '
-             "product's packages",
-   'duty': 'MOUNT_REPRESENTATION',
-   'product': 'PRODUCT-PHY-KIN-2D-MOTION',
-   'record': 'PYQ-PHY-JEEADV-2013-P1-Q07'}]

======================================================================
FAIL: test_real_product_pages_and_single_file_are_semantically_equivalent_and_deterministic (test_core2_v2_motion2d.Core2V2Motion2DIntegration.test_real_product_pages_and_single_file_are_semantically_equivalent_and_deterministic)
----------------------------------------------------------------------
Traceback (most recent call last):
  File "C:\CodeB\Grade9v3.5\.codex-recovery\r5-full-suite\tests\test_core2_v2_motion2d.py", line 77, in test_real_product_pages_and_single_file_are_semantically_equivalent_and_deterministic
    self.assertEqual(page_gaps, [])
AssertionError: Lists differ: [{'duty': 'MOUNT_REPRESENTATION', 'record'[395 chars]ON'}] != []

First list contains 2 additional elements.
First extra element 0:
{'duty': 'MOUNT_REPRESENTATION', 'record': 'PYQ-PHY-JEEADV-2021-P1-Q06', 'detail': "REP-PYQ-JEEADV-2021-P1-Q06 is not a representation in the product's packages", 'core': 'CORE2', 'product': 'PRODUCT-PHY-KIN-2D-MOTION'}

+ []
- [{'core': 'CORE2',
-   'detail': 'REP-PYQ-JEEADV-2021-P1-Q06 is not a representation in the '
-             "product's packages",
-   'duty': 'MOUNT_REPRESENTATION',
-   'product': 'PRODUCT-PHY-KIN-2D-MOTION',
-   'record': 'PYQ-PHY-JEEADV-2021-P1-Q06'},
-  {'core': 'CORE2',
-   'detail': 'REP-PYQ-JEEADV-2013-P1-Q07 is not a representation in the '
-             "product's packages",
-   'duty': 'MOUNT_REPRESENTATION',
-   'product': 'PRODUCT-PHY-KIN-2D-MOTION',
-   'record': 'PYQ-PHY-JEEADV-2013-P1-Q07'}]

======================================================================
FAIL: test_current_tree_has_nonvacuous_family_progression_report (test_core_progression.CrossCoreProgression.test_current_tree_has_nonvacuous_family_progression_report)
----------------------------------------------------------------------
Traceback (most recent call last):
  File "C:\CodeB\Grade9v3.5\.codex-recovery\r5-full-suite\tests\test_core_progression.py", line 20, in test_current_tree_has_nonvacuous_family_progression_report
    self.assertTrue(report["passed"], report["findings"])
AssertionError: False is not true : [{'point': 'CORE_PROGRESSION_TRANSFER_PARENT_MISSING', 'where': 'Q-MAT-LEQ-01-EXEMPLAR8-Q20', 'detail': 'Core2B question has no concrete canonical question parent'}, {'point': 'CORE_PROGRESSION_TRANSFER_PARENT_MISSING', 'where': 'Q-MAT-LEQ-02-NCERT8-EX2-1-Q5', 'detail': 'Core2B question has no concrete canonical question parent'}, {'point': 'CORE_PROGRESSION_TRANSFER_PARENT_MISSING', 'where': 'Q-MAT-LEQ-03-NCERT8-EX2-2-Q10', 'detail': 'Core2B question has no concrete canonical question parent'}, {'point': 'CORE_PROGRESSION_TRANSFER_PARENT_MISSING', 'where': 'Q-MAT-LEQ-04-EXEMPLAR9-4-1-Q3', 'detail': 'Core2B question has no concrete canonical question parent'}, {'point': 'CORE_PROGRESSION_TRANSFER_PARENT_MISSING', 'where': 'Q-MAT-LEQ-04-EXEMPLAR9-4-3-Q7', 'detail': 'Core2B question has no concrete canonical question parent'}, {'point': 'CORE_PROGRESSION_TRANSFER_PARENT_NOT_CORE2A', 'where': 'Q-ELEC-2B-OHMIC-01', 'detail': 'Q-ELEC-1A-OHMIC-01 is not a familiar Core2A exposure'}, {'point': 'CORE_PROGRESSION_TRANSFER_PARENT_NOT_CORE2A', 'where': 'Q-OSC-2B-ENERGY-01', 'detail': 'Q-OSC-1A-ENERGY-01 is not a familiar Core2A exposure'}, {'point': 'CORE_PROGRESSION_TRANSFER_PARENT_NOT_CORE2A', 'where': 'Q-VDU-2B-DIRECTION-01', 'detail': 'Q-VDU-1A-DIRECTION-01 is not a familiar Core2A exposure'}]

======================================================================
FAIL: test_committed_gcdr_activities_pass_the_guard (test_explorer_design_contract.ExplorerDesignContractTest.test_committed_gcdr_activities_pass_the_guard)
----------------------------------------------------------------------
Traceback (most recent call last):
  File "C:\CodeB\Grade9v3.5\.codex-recovery\r5-full-suite\tests\test_explorer_design_contract.py", line 18, in test_committed_gcdr_activities_pass_the_guard
    self.assertEqual(explorer_design_guard.findings(REPO), [])
AssertionError: Lists differ: [{'file': 'Physics\\library\\phy-kin-2d-mo[15441 chars]ml'}] != []

First list contains 48 additional elements.
First extra element 0:
{'file': 'Physics\\library\\phy-kin-2d-motion.v1.json', 'resource': 'ACT-KIN-2D-SHARED-CLOCK', 'point': 'STALE_RUNTIME_AUDIT_RECEIPT', 'detail': 'audit_4_runtime_release_integrity.implementation_locator receipt digest does not match current implementation public/physics/motion-2d/explorers/shared-clock/index.html'}

Diff is 17845 characters long. Set self.maxDiff to None to see it.

======================================================================
FAIL: test_motion2d_explorers_pass_runtime_integrity_slice (test_gcdr_runtime_audit.GCDRRuntimeAuditTest.test_motion2d_explorers_pass_runtime_integrity_slice)
----------------------------------------------------------------------
Traceback (most recent call last):
  File "C:\CodeB\Grade9v3.5\.codex-recovery\r5-full-suite\tests\test_gcdr_runtime_audit.py", line 17, in test_motion2d_explorers_pass_runtime_integrity_slice
    self.assertTrue(report["passed"])
AssertionError: False is not true

======================================================================
FAIL: test_master_suite_guard_passes (test_gcdr_v13_contracts.GcdrV13ContractsTest.test_master_suite_guard_passes)
----------------------------------------------------------------------
Traceback (most recent call last):
  File "C:\CodeB\Grade9v3.5\.codex-recovery\r5-full-suite\tests\test_gcdr_v13_contracts.py", line 18, in test_master_suite_guard_passes
    self.assertEqual(gcdr_suite_guard.findings(REPO), [])
AssertionError: Lists differ: [{'suite': 'GCDR-SUITE-CHEMICAL-BONDING', [5614 chars]']"}] != []

First list contains 18 additional elements.
First extra element 0:
{'suite': 'GCDR-SUITE-CHEMICAL-BONDING', 'point': 'REMOTE_DEPENDENCY_DRIFT', 'detail': "public/chemistry/bonding/explorers/chemical_bonding/index.html: declared=['https://cdn.jsdelivr.net/npm/katex@0.16.8/dist/katex.min.css', 'https://cdn.jsdelivr.net/npm/katex@0.16.8/dist/katex.min.js', 'https://cdn.tailwindcss.com'] actual=['https://cdn.tailwindcss.com']"}

Diff is 6884 characters long. Set self.maxDiff to None to see it.

======================================================================
FAIL: test_every_committed_bridge_names_a_drawn_part_and_a_used_symbol (test_library.DepictionIsBackedByTheContract.test_every_committed_bridge_names_a_drawn_part_and_a_used_symbol) (figure='REP-MAT-LEQ-01-SIDE-BY-SIDE-TABLE', symbol='L(s)')
----------------------------------------------------------------------
Traceback (most recent call last):
  File "C:\CodeB\Grade9v3.5\.codex-recovery\r5-full-suite\tests\test_library.py", line 1320, in test_every_committed_bridge_names_a_drawn_part_and_a_used_symbol
    self.assertIn(bridge["symbol"],
AssertionError: 'L(s)' not found in {'s', 'x', 'L(x)', 'R(x)'}

======================================================================
FAIL: test_every_committed_bridge_names_a_drawn_part_and_a_used_symbol (test_library.DepictionIsBackedByTheContract.test_every_committed_bridge_names_a_drawn_part_and_a_used_symbol) (figure='REP-MAT-LEQ-01-SIDE-BY-SIDE-TABLE', symbol='R(s)')
----------------------------------------------------------------------
Traceback (most recent call last):
  File "C:\CodeB\Grade9v3.5\.codex-recovery\r5-full-suite\tests\test_library.py", line 1320, in test_every_committed_bridge_names_a_drawn_part_and_a_used_symbol
    self.assertIn(bridge["symbol"],
AssertionError: 'R(s)' not found in {'s', 'x', 'L(x)', 'R(x)'}

======================================================================
FAIL: test_every_committed_bridge_names_a_drawn_part_and_a_used_symbol (test_library.DepictionIsBackedByTheContract.test_every_committed_bridge_names_a_drawn_part_and_a_used_symbol) (figure='REP-MAT-LEQ-02-BALANCE', symbol='L')
----------------------------------------------------------------------
Traceback (most recent call last):
  File "C:\CodeB\Grade9v3.5\.codex-recovery\r5-full-suite\tests\test_library.py", line 1320, in test_every_committed_bridge_names_a_drawn_part_and_a_used_symbol
    self.assertIn(bridge["symbol"],
AssertionError: 'L' not found in {'c', 'k', 'L, R', 't'}

======================================================================
FAIL: test_every_committed_bridge_names_a_drawn_part_and_a_used_symbol (test_library.DepictionIsBackedByTheContract.test_every_committed_bridge_names_a_drawn_part_and_a_used_symbol) (figure='REP-MAT-LEQ-02-BALANCE', symbol='L − c = R − c')
----------------------------------------------------------------------
Traceback (most recent call last):
  File "C:\CodeB\Grade9v3.5\.codex-recovery\r5-full-suite\tests\test_library.py", line 1320, in test_every_committed_bridge_names_a_drawn_part_and_a_used_symbol
    self.assertIn(bridge["symbol"],
AssertionError: 'L − c = R − c' not found in {'c', 'k', 'L, R', 't'}

======================================================================
FAIL: test_every_committed_bridge_names_a_drawn_part_and_a_used_symbol (test_library.DepictionIsBackedByTheContract.test_every_committed_bridge_names_a_drawn_part_and_a_used_symbol) (figure='REP-MAT-LEQ-02-BALANCE', symbol='x = s')
----------------------------------------------------------------------
Traceback (most recent call last):
  File "C:\CodeB\Grade9v3.5\.codex-recovery\r5-full-suite\tests\test_library.py", line 1320, in test_every_committed_bridge_names_a_drawn_part_and_a_used_symbol
    self.assertIn(bridge["symbol"],
AssertionError: 'x = s' not found in {'c', 'k', 'L, R', 't'}

======================================================================
FAIL: test_every_committed_bridge_names_a_drawn_part_and_a_used_symbol (test_library.DepictionIsBackedByTheContract.test_every_committed_bridge_names_a_drawn_part_and_a_used_symbol) (figure='REP-MAT-LEQ-03-BRACKET-AREA-MODEL', symbol='−2')
----------------------------------------------------------------------
Traceback (most recent call last):
  File "C:\CodeB\Grade9v3.5\.codex-recovery\r5-full-suite\tests\test_library.py", line 1320, in test_every_committed_bridge_names_a_drawn_part_and_a_used_symbol
    self.assertIn(bridge["symbol"],
AssertionError: '−2' not found in {'m', 'L, R'}

======================================================================
FAIL: test_every_committed_bridge_names_a_drawn_part_and_a_used_symbol (test_library.DepictionIsBackedByTheContract.test_every_committed_bridge_names_a_drawn_part_and_a_used_symbol) (figure='REP-MAT-LEQ-03-BRACKET-AREA-MODEL', symbol='(−2)(2x), (−2)(−7)')
----------------------------------------------------------------------
Traceback (most recent call last):
  File "C:\CodeB\Grade9v3.5\.codex-recovery\r5-full-suite\tests\test_library.py", line 1320, in test_every_committed_bridge_names_a_drawn_part_and_a_used_symbol
    self.assertIn(bridge["symbol"],
AssertionError: '(−2)(2x), (−2)(−7)' not found in {'m', 'L, R'}

======================================================================
FAIL: test_every_committed_bridge_names_a_drawn_part_and_a_used_symbol (test_library.DepictionIsBackedByTheContract.test_every_committed_bridge_names_a_drawn_part_and_a_used_symbol) (figure='REP-MAT-LEQ-03-BRACKET-AREA-MODEL', symbol='−4x + 14')
----------------------------------------------------------------------
Traceback (most recent call last):
  File "C:\CodeB\Grade9v3.5\.codex-recovery\r5-full-suite\tests\test_library.py", line 1320, in test_every_committed_bridge_names_a_drawn_part_and_a_used_symbol
    self.assertIn(bridge["symbol"],
AssertionError: '−4x + 14' not found in {'m', 'L, R'}

======================================================================
FAIL: test_every_committed_bridge_names_a_drawn_part_and_a_used_symbol (test_library.DepictionIsBackedByTheContract.test_every_committed_bridge_names_a_drawn_part_and_a_used_symbol) (figure='REP-MAT-LEQ-04-SOLUTION-LINE', symbol='ax + by + c = 0')
----------------------------------------------------------------------
Traceback (most recent call last):
  File "C:\CodeB\Grade9v3.5\.codex-recovery\r5-full-suite\tests\test_library.py", line 1320, in test_every_committed_bridge_names_a_drawn_part_and_a_used_symbol
    self.assertIn(bridge["symbol"],
AssertionError: 'ax + by + c = 0' not found in {'b', 'a, b', 'c', '(x₀, y₀)', 'a', 'x, y'}

======================================================================
FAIL: test_every_committed_bridge_names_a_drawn_part_and_a_used_symbol (test_library.DepictionIsBackedByTheContract.test_every_committed_bridge_names_a_drawn_part_and_a_used_symbol) (figure='REP-MAT-LEQ-04-SOLUTION-LINE', symbol='(x, 0), (0, y)')
----------------------------------------------------------------------
Traceback (most recent call last):
  File "C:\CodeB\Grade9v3.5\.codex-recovery\r5-full-suite\tests\test_library.py", line 1320, in test_every_committed_bridge_names_a_drawn_part_and_a_used_symbol
    self.assertIn(bridge["symbol"],
AssertionError: '(x, 0), (0, y)' not found in {'b', 'a, b', 'c', '(x₀, y₀)', 'a', 'x, y'}

======================================================================
FAIL: test_every_committed_representation_is_backed (test_library.DepictionIsBackedByTheContract.test_every_committed_representation_is_backed) (subject='Mathematics')
----------------------------------------------------------------------
Traceback (most recent call last):
  File "C:\CodeB\Grade9v3.5\.codex-recovery\r5-full-suite\tests\test_library.py", line 1237, in test_every_committed_representation_is_backed
    self.assertEqual(report["findings"], [])
AssertionError: Lists differ: [{'point': 'REPRESENTATION_KIND_UNDECLARED[3152 chars] y"}] != []

First list contains 14 additional elements.
First extra element 0:
{'point': 'REPRESENTATION_KIND_UNDECLARED', 'record': 'REP-MAT-LEQ-01-SIDE-BY-SIDE-TABLE', 'detail': "depicts by 'TABLE_OF_VALUES', which this subject does not declare; it declares FUNCTION_PLOT, GEOMETRIC_CONSTRUCTION, NUMBER_LINE"}

Diff is 3664 characters long. Set self.maxDiff to None to see it.

======================================================================
FAIL: test_a_genuine_difference_claim_is_admitted (test_library.ElicitationClaimsAreChecked.test_a_genuine_difference_claim_is_admitted)
----------------------------------------------------------------------
Traceback (most recent call last):
  File "C:\CodeB\Grade9v3.5\.codex-recovery\r5-full-suite\tests\test_library.py", line 1139, in test_a_genuine_difference_claim_is_admitted
    self.assertTrue(check(package)["admitted"], check(package)["findings"])
AssertionError: False is not true : [{'point': 'STRUCTURE', 'detail': "['questions', 6, 'answer', 'verification_status']: 'VERIFIED_CANONICAL' is not one of ['NOT_RUN', 'CHECKED_BY_AUTHOR', 'INDEPENDENTLY_CHECKED', 'DISPUTED']"}, {'point': 'STRUCTURE', 'detail': "['questions', 6, 'status']: 'PUBLISHED' is not one of ['DISCOVERED', 'CANDIDATE', 'REVIEWED', 'CURATED', 'DISPUTED', 'STALE', 'RETIRED']"}, {'point': 'STRUCTURE', 'detail': "['questions', 7, 'answer', 'verification_status']: 'VERIFIED_CANONICAL' is not one of ['NOT_RUN', 'CHECKED_BY_AUTHOR', 'INDEPENDENTLY_CHECKED', 'DISPUTED']"}, {'point': 'STRUCTURE', 'detail': "['questions', 7, 'status']: 'PUBLISHED' is not one of ['DISCOVERED', 'CANDIDATE', 'REVIEWED', 'CURATED', 'DISPUTED', 'STALE', 'RETIRED']"}, {'point': 'STRUCTURE', 'detail': "['questions', 8, 'answer', 'verification_status']: 'VERIFIED_CANONICAL' is not one of ['NOT_RUN', 'CHECKED_BY_AUTHOR', 'INDEPENDENTLY_CHECKED', 'DISPUTED']"}, {'point': 'STRUCTURE', 'detail': "['questions', 8, 'status']: 'PUBLISHED' is not one of ['DISCOVERED', 'CANDIDATE', 'REVIEWED', 'CURATED', 'DISPUTED', 'STALE', 'RETIRED']"}, {'point': 'STRUCTURE', 'detail': "['questions', 11, 'answer', 'verification_status']: 'VERIFIED_CANONICAL' is not one of ['NOT_RUN', 'CHECKED_BY_AUTHOR', 'INDEPENDENTLY_CHECKED', 'DISPUTED']"}, {'point': 'STRUCTURE', 'detail': "['questions', 11, 'status']: 'PUBLISHED' is not one of ['DISCOVERED', 'CANDIDATE', 'REVIEWED', 'CURATED', 'DISPUTED', 'STALE', 'RETIRED']"}, {'point': 'STRUCTURE', 'detail': "['questions', 12, 'answer', 'verification_status']: 'VERIFIED_CANONICAL' is not one of ['NOT_RUN', 'CHECKED_BY_AUTHOR', 'INDEPENDENTLY_CHECKED', 'DISPUTED']"}, {'point': 'STRUCTURE', 'detail': "['questions', 12, 'status']: 'PUBLISHED' is not one of ['DISCOVERED', 'CANDIDATE', 'REVIEWED', 'CURATED', 'DISPUTED', 'STALE', 'RETIRED']"}]

======================================================================
FAIL: test_a_repair_route_pointing_at_a_real_teaching_step_is_allowed (test_library.FieldsAddedMustCarryWhatTheyPromise.test_a_repair_route_pointing_at_a_real_teaching_step_is_allowed)
----------------------------------------------------------------------
Traceback (most recent call last):
  File "C:\CodeB\Grade9v3.5\.codex-recovery\r5-full-suite\tests\test_library.py", line 894, in test_a_repair_route_pointing_at_a_real_teaching_step_is_allowed
    self.assertTrue(check(package)["admitted"], check(package)["findings"])
AssertionError: False is not true : [{'point': 'STRUCTURE', 'detail': "['questions', 6, 'answer', 'verification_status']: 'VERIFIED_CANONICAL' is not one of ['NOT_RUN', 'CHECKED_BY_AUTHOR', 'INDEPENDENTLY_CHECKED', 'DISPUTED']"}, {'point': 'STRUCTURE', 'detail': "['questions', 6, 'status']: 'PUBLISHED' is not one of ['DISCOVERED', 'CANDIDATE', 'REVIEWED', 'CURATED', 'DISPUTED', 'STALE', 'RETIRED']"}, {'point': 'STRUCTURE', 'detail': "['questions', 7, 'answer', 'verification_status']: 'VERIFIED_CANONICAL' is not one of ['NOT_RUN', 'CHECKED_BY_AUTHOR', 'INDEPENDENTLY_CHECKED', 'DISPUTED']"}, {'point': 'STRUCTURE', 'detail': "['questions', 7, 'status']: 'PUBLISHED' is not one of ['DISCOVERED', 'CANDIDATE', 'REVIEWED', 'CURATED', 'DISPUTED', 'STALE', 'RETIRED']"}, {'point': 'STRUCTURE', 'detail': "['questions', 8, 'answer', 'verification_status']: 'VERIFIED_CANONICAL' is not one of ['NOT_RUN', 'CHECKED_BY_AUTHOR', 'INDEPENDENTLY_CHECKED', 'DISPUTED']"}, {'point': 'STRUCTURE', 'detail': "['questions', 8, 'status']: 'PUBLISHED' is not one of ['DISCOVERED', 'CANDIDATE', 'REVIEWED', 'CURATED', 'DISPUTED', 'STALE', 'RETIRED']"}, {'point': 'STRUCTURE', 'detail': "['questions', 11, 'answer', 'verification_status']: 'VERIFIED_CANONICAL' is not one of ['NOT_RUN', 'CHECKED_BY_AUTHOR', 'INDEPENDENTLY_CHECKED', 'DISPUTED']"}, {'point': 'STRUCTURE', 'detail': "['questions', 11, 'status']: 'PUBLISHED' is not one of ['DISCOVERED', 'CANDIDATE', 'REVIEWED', 'CURATED', 'DISPUTED', 'STALE', 'RETIRED']"}, {'point': 'STRUCTURE', 'detail': "['questions', 12, 'answer', 'verification_status']: 'VERIFIED_CANONICAL' is not one of ['NOT_RUN', 'CHECKED_BY_AUTHOR', 'INDEPENDENTLY_CHECKED', 'DISPUTED']"}, {'point': 'STRUCTURE', 'detail': "['questions', 12, 'status']: 'PUBLISHED' is not one of ['DISCOVERED', 'CANDIDATE', 'REVIEWED', 'CURATED', 'DISPUTED', 'STALE', 'RETIRED']"}]

======================================================================
FAIL: test_an_index_inside_the_breakdown_is_allowed (test_library.FieldsAddedMustCarryWhatTheyPromise.test_an_index_inside_the_breakdown_is_allowed)
----------------------------------------------------------------------
Traceback (most recent call last):
  File "C:\CodeB\Grade9v3.5\.codex-recovery\r5-full-suite\tests\test_library.py", line 869, in test_an_index_inside_the_breakdown_is_allowed
    self.assertTrue(check(package)["admitted"], check(package)["findings"])
AssertionError: False is not true : [{'point': 'STRUCTURE', 'detail': "['questions', 6, 'answer', 'verification_status']: 'VERIFIED_CANONICAL' is not one of ['NOT_RUN', 'CHECKED_BY_AUTHOR', 'INDEPENDENTLY_CHECKED', 'DISPUTED']"}, {'point': 'STRUCTURE', 'detail': "['questions', 6, 'status']: 'PUBLISHED' is not one of ['DISCOVERED', 'CANDIDATE', 'REVIEWED', 'CURATED', 'DISPUTED', 'STALE', 'RETIRED']"}, {'point': 'STRUCTURE', 'detail': "['questions', 7, 'answer', 'verification_status']: 'VERIFIED_CANONICAL' is not one of ['NOT_RUN', 'CHECKED_BY_AUTHOR', 'INDEPENDENTLY_CHECKED', 'DISPUTED']"}, {'point': 'STRUCTURE', 'detail': "['questions', 7, 'status']: 'PUBLISHED' is not one of ['DISCOVERED', 'CANDIDATE', 'REVIEWED', 'CURATED', 'DISPUTED', 'STALE', 'RETIRED']"}, {'point': 'STRUCTURE', 'detail': "['questions', 8, 'answer', 'verification_status']: 'VERIFIED_CANONICAL' is not one of ['NOT_RUN', 'CHECKED_BY_AUTHOR', 'INDEPENDENTLY_CHECKED', 'DISPUTED']"}, {'point': 'STRUCTURE', 'detail': "['questions', 8, 'status']: 'PUBLISHED' is not one of ['DISCOVERED', 'CANDIDATE', 'REVIEWED', 'CURATED', 'DISPUTED', 'STALE', 'RETIRED']"}, {'point': 'STRUCTURE', 'detail': "['questions', 11, 'answer', 'verification_status']: 'VERIFIED_CANONICAL' is not one of ['NOT_RUN', 'CHECKED_BY_AUTHOR', 'INDEPENDENTLY_CHECKED', 'DISPUTED']"}, {'point': 'STRUCTURE', 'detail': "['questions', 11, 'status']: 'PUBLISHED' is not one of ['DISCOVERED', 'CANDIDATE', 'REVIEWED', 'CURATED', 'DISPUTED', 'STALE', 'RETIRED']"}, {'point': 'STRUCTURE', 'detail': "['questions', 12, 'answer', 'verification_status']: 'VERIFIED_CANONICAL' is not one of ['NOT_RUN', 'CHECKED_BY_AUTHOR', 'INDEPENDENTLY_CHECKED', 'DISPUTED']"}, {'point': 'STRUCTURE', 'detail': "['questions', 12, 'status']: 'PUBLISHED' is not one of ['DISCOVERED', 'CANDIDATE', 'REVIEWED', 'CURATED', 'DISPUTED', 'STALE', 'RETIRED']"}]

======================================================================
FAIL: test_the_committed_packages_still_admit_with_none_of_the_new_fields_set (test_library.FieldsAddedMustCarryWhatTheyPromise.test_the_committed_packages_still_admit_with_none_of_the_new_fields_set) (package='linear-equations.v1.json')
----------------------------------------------------------------------
Traceback (most recent call last):
  File "C:\CodeB\Grade9v3.5\.codex-recovery\r5-full-suite\tests\test_library.py", line 836, in test_the_committed_packages_still_admit_with_none_of_the_new_fields_set
    self.assertTrue(check(json.loads(path.read_text(encoding="utf-8")))["admitted"])
AssertionError: False is not true

======================================================================
FAIL: test_the_same_hint_in_the_last_position_is_allowed (test_library.FieldsAddedMustCarryWhatTheyPromise.test_the_same_hint_in_the_last_position_is_allowed)
----------------------------------------------------------------------
Traceback (most recent call last):
  File "C:\CodeB\Grade9v3.5\.codex-recovery\r5-full-suite\tests\test_library.py", line 855, in test_the_same_hint_in_the_last_position_is_allowed
    self.assertTrue(check(package)["admitted"], check(package)["findings"])
AssertionError: False is not true : [{'point': 'STRUCTURE', 'detail': "['questions', 6, 'answer', 'verification_status']: 'VERIFIED_CANONICAL' is not one of ['NOT_RUN', 'CHECKED_BY_AUTHOR', 'INDEPENDENTLY_CHECKED', 'DISPUTED']"}, {'point': 'STRUCTURE', 'detail': "['questions', 6, 'status']: 'PUBLISHED' is not one of ['DISCOVERED', 'CANDIDATE', 'REVIEWED', 'CURATED', 'DISPUTED', 'STALE', 'RETIRED']"}, {'point': 'STRUCTURE', 'detail': "['questions', 7, 'answer', 'verification_status']: 'VERIFIED_CANONICAL' is not one of ['NOT_RUN', 'CHECKED_BY_AUTHOR', 'INDEPENDENTLY_CHECKED', 'DISPUTED']"}, {'point': 'STRUCTURE', 'detail': "['questions', 7, 'status']: 'PUBLISHED' is not one of ['DISCOVERED', 'CANDIDATE', 'REVIEWED', 'CURATED', 'DISPUTED', 'STALE', 'RETIRED']"}, {'point': 'STRUCTURE', 'detail': "['questions', 8, 'answer', 'verification_status']: 'VERIFIED_CANONICAL' is not one of ['NOT_RUN', 'CHECKED_BY_AUTHOR', 'INDEPENDENTLY_CHECKED', 'DISPUTED']"}, {'point': 'STRUCTURE', 'detail': "['questions', 8, 'status']: 'PUBLISHED' is not one of ['DISCOVERED', 'CANDIDATE', 'REVIEWED', 'CURATED', 'DISPUTED', 'STALE', 'RETIRED']"}, {'point': 'STRUCTURE', 'detail': "['questions', 11, 'answer', 'verification_status']: 'VERIFIED_CANONICAL' is not one of ['NOT_RUN', 'CHECKED_BY_AUTHOR', 'INDEPENDENTLY_CHECKED', 'DISPUTED']"}, {'point': 'STRUCTURE', 'detail': "['questions', 11, 'status']: 'PUBLISHED' is not one of ['DISCOVERED', 'CANDIDATE', 'REVIEWED', 'CURATED', 'DISPUTED', 'STALE', 'RETIRED']"}, {'point': 'STRUCTURE', 'detail': "['questions', 12, 'answer', 'verification_status']: 'VERIFIED_CANONICAL' is not one of ['NOT_RUN', 'CHECKED_BY_AUTHOR', 'INDEPENDENTLY_CHECKED', 'DISPUTED']"}, {'point': 'STRUCTURE', 'detail': "['questions', 12, 'status']: 'PUBLISHED' is not one of ['DISCOVERED', 'CANDIDATE', 'REVIEWED', 'CURATED', 'DISPUTED', 'STALE', 'RETIRED']"}]

======================================================================
FAIL: test_every_committed_package_agrees_with_the_gates (test_library.GateAuthorityOverSubjectTruth.test_every_committed_package_agrees_with_the_gates) (subject='Physics')
----------------------------------------------------------------------
Traceback (most recent call last):
  File "C:\CodeB\Grade9v3.5\.codex-recovery\r5-full-suite\tests\test_library.py", line 473, in test_every_committed_package_agrees_with_the_gates
    self.assertTrue(authority.audit(root)["passed"], authority.audit(root))
AssertionError: False is not true : {'subject': 'Physics', 'gate_relations': 58, 'packages': [{'package': 'phy-elec-current-ohm.v1.json', 'findings': [{'point': 'GATE_RELATION_UNKNOWN', 'record': 'REL-ELEC-CURRENT-CONSERVATION', 'detail': 'binds to REL-ELEC-CURRENT-CONSERVATION, which no gate registry for this subject declares'}, {'point': 'GATE_RELATION_UNKNOWN', 'record': 'REL-ELEC-OHMIC-MODEL', 'detail': 'binds to REL-ELEC-OHMIC-MODEL, which no gate registry for this subject declares'}]}, {'package': 'phy-fluid-bernoulli-equation.v1.json', 'findings': []}, {'package': 'phy-grav-universal-law.v1.json', 'findings': []}, {'package': 'phy-kin-1d-motion.v1.json', 'findings': []}, {'package': 'phy-kin-2d-motion.v1.json', 'findings': []}, {'package': 'phy-mag-field-lorentz.v1.json', 'findings': []}, {'package': 'phy-nlm-first-law.v1.json', 'findings': []}, {'package': 'phy-nlm-momentum-transfer.v1.json', 'findings': []}, {'package': 'phy-optics-reflection-mirrors.v1.json', 'findings': []}, {'package': 'phy-optics-refraction-lenses.v1.json', 'findings': []}, {'package': 'phy-osc-shm-waves.v1.json', 'findings': [{'point': 'GATE_RELATION_UNKNOWN', 'record': 'REL-OSC-STABLE-EQUILIBRIUM', 'detail': 'binds to REL-OSC-STABLE-EQUILIBRIUM, which no gate registry for this subject declares'}, {'point': 'GATE_RELATION_UNKNOWN', 'record': 'REL-OSC-ENERGY-EXCHANGE', 'detail': 'binds to REL-OSC-ENERGY-EXCHANGE, which no gate registry for this subject declares'}]}, {'package': 'phy-rot-rigid-body.v1.json', 'findings': []}, {'package': 'phy-simple-machines.v1.json', 'findings': []}, {'package': 'phy-sound.v1.json', 'findings': []}, {'package': 'phy-thermo-first-second-law.v1.json', 'findings': []}, {'package': 'phy-vec-add-sub.v1.json', 'findings': []}, {'package': 'phy-vector-direction-unit.v1.json', 'findings': []}, {'package': 'phy-work-energy-power.v1.json', 'findings': []}, {'package': 'relative-motion.v1.json', 'findings': []}, {'package': 'vector-representation.v1.json', 'findings': []}], 'passed': False}

======================================================================
FAIL: test_a_planted_collision_is_refused (test_library.NestedIdsAreAddressableAndUnambiguous.test_a_planted_collision_is_refused)
----------------------------------------------------------------------
Traceback (most recent call last):
  File "C:\CodeB\Grade9v3.5\.codex-recovery\r5-full-suite\tests\test_library.py", line 1201, in test_a_planted_collision_is_refused
    self.assertEqual(raised.exception.code, "LIBRARY_NESTED_ID_COLLISION")
AssertionError: 'LIBRARY_UNRESOLVED_REFERENCE' != 'LIBRARY_NESTED_ID_COLLISION'
- LIBRARY_UNRESOLVED_REFERENCE
+ LIBRARY_NESTED_ID_COLLISION


======================================================================
FAIL: test_the_decimal_a_tolerance_would_accept_is_rejected (test_mathematics.EndToEnd.test_the_decimal_a_tolerance_would_accept_is_rejected)
----------------------------------------------------------------------
Traceback (most recent call last):
  File "C:\CodeB\Grade9v3.5\.codex-recovery\r5-full-suite\tests\test_mathematics.py", line 259, in test_the_decimal_a_tolerance_would_accept_is_rejected
    self.assertEqual(caught.exception.code, "PUBLISHED_ANSWER_MISMATCH")
AssertionError: 'EQUATION_SOURCE_MISMATCH' != 'PUBLISHED_ANSWER_MISMATCH'
- EQUATION_SOURCE_MISMATCH
+ PUBLISHED_ANSWER_MISMATCH


======================================================================
FAIL: test_a_figure_may_not_draw_a_value_it_did_not_declare (test_mathematics.NumberLineScene.test_a_figure_may_not_draw_a_value_it_did_not_declare)
----------------------------------------------------------------------
Traceback (most recent call last):
  File "C:\CodeB\Grade9v3.5\.codex-recovery\r5-full-suite\tests\test_mathematics.py", line 172, in test_a_figure_may_not_draw_a_value_it_did_not_declare
    self.assertEqual(caught.exception.code, "FIGURE_SOURCE_BINDING_MISSING")
AssertionError: 'EQUATION_SOURCE_MISMATCH' != 'FIGURE_SOURCE_BINDING_MISSING'
- EQUATION_SOURCE_MISMATCH
+ FIGURE_SOURCE_BINDING_MISSING


======================================================================
FAIL: test_a_mark_that_does_not_declare_inclusion_is_refused (test_mathematics.NumberLineScene.test_a_mark_that_does_not_declare_inclusion_is_refused)
----------------------------------------------------------------------
Traceback (most recent call last):
  File "C:\CodeB\Grade9v3.5\.codex-recovery\r5-full-suite\tests\test_mathematics.py", line 157, in test_a_mark_that_does_not_declare_inclusion_is_refused
    self.assertEqual(caught.exception.code, "NUMBER_LINE_ENDPOINT_UNDECLARED")
AssertionError: 'EQUATION_SOURCE_MISMATCH' != 'NUMBER_LINE_ENDPOINT_UNDECLARED'
- EQUATION_SOURCE_MISMATCH
+ NUMBER_LINE_ENDPOINT_UNDECLARED


======================================================================
FAIL: test_every_package_loads_against_the_schema (test_package_depth.Migration.test_every_package_loads_against_the_schema) (package='linear-equations.v1.json')
----------------------------------------------------------------------
Traceback (most recent call last):
  File "C:\CodeB\Grade9v3.5\.codex-recovery\r5-full-suite\tests\test_package_depth.py", line 39, in test_every_package_loads_against_the_schema
    self.assertEqual(errors, [])
AssertionError: Lists differ: ["questions/6/status: 'PUBLISHED' is not o[5023 chars]D']"] != []

First list contains 36 additional elements.
First extra element 0:
"questions/6/status: 'PUBLISHED' is not one of ['DISCOVERED', 'CANDIDATE', 'REVIEWED', 'CURATED', 'DISPUTED', 'STALE', 'RETIRED']"

Diff is 5399 characters long. Set self.maxDiff to None to see it.

======================================================================
FAIL: test_attempt_prompts_are_complete_questions (test_physics_practice_content_quality.TestPracticeContentQuality.test_attempt_prompts_are_complete_questions)
----------------------------------------------------------------------
Traceback (most recent call last):
  File "C:\CodeB\Grade9v3.5\.codex-recovery\r5-full-suite\tests\test_physics_practice_content_quality.py", line 48, in test_attempt_prompts_are_complete_questions
    self.assertEqual(len(ps), count, f"{name}: expected {count} attempt prompts")
AssertionError: 0 != 14 : core2-motion-1d-straight-line-tablet.html: expected 14 attempt prompts

======================================================================
FAIL: test_reported_figure_label_contradictions_are_removed (test_physics_practice_content_quality.TestPracticeContentQuality.test_reported_figure_label_contradictions_are_removed)
----------------------------------------------------------------------
Traceback (most recent call last):
  File "C:\CodeB\Grade9v3.5\.codex-recovery\r5-full-suite\tests\test_physics_practice_content_quality.py", line 113, in test_reported_figure_label_contradictions_are_removed
    self.assertNotIn("Quadrant II", vectors)
AssertionError: 'Quadrant II' unexpectedly found in '<!DOCTYPE html>\n<html lang="en" data-theme="dark">\n<head>\n  <meta charset="UTF-8">\n  <meta name="viewport" content="width=device-width, initial-scale=1.0, maximum-scale=5.0">\n  <title>GRADE 9 PHYSICS - Vector Algebra &amp; Resolution Master Suite</title>\n  <meta name="description" content="Complete 12.7-inch tablet study suite for Vector Algebra: Scalars vs Vectors, Component Resolution, Triangle/Parallelogram Law, Dot & Cross Products, and 25+ Structured Vector Challenges.">\n  <style>\n/* ==========================================================================\n   Physics: Vectors Standalone Stylesheet\n   WCAG 2.5.5 >= 48px touch targets, >= 120px textareas, no micro-fonts (<13.5px)\n   100% Offline Standalone · Dark/Light Mode · Responsive Stage/Support Grid\n   ========================================================================== */\n\n:root {\n  --tab12-container-max: 1400px;\n  --tab12-touch-min: 48px;\n  --tab12-base-font: 16px;\n  --tab12-radius-sm: 8px;\n  --tab12-radius-md: 12px;\n  --tab12-radius-lg: 16px;\n\n  --bg-app: #080d1a;\n  --bg-surface: #0f172a;\n  --bg-card: #152238;\n  --bg-card-subtle: #1a2942;\n  --border: #263859;\n  --border-light: #334b75;\n  --text-primary: #f8fafc;\n  --text-secondary: #94a3b8;\n  --text-muted: #64748b;\n  --accent: #38bdf8;\n  --accent-glow: rgba(56, 189, 248, 0.25);\n  --success: #34d399;\n  --warning: #f59e0b;\n  --danger: #f87171;\n  --purple: #c084fc;\n}\n\n[data-theme="light"] {\n  --bg-app: #f1f5f9;\n  --bg-surface: #ffffff;\n  --bg-card: #ffffff;\n  --bg-card-subtle: #f8fafc;\n  --border: #cbd5e1;\n  --border-light: #e2e8f0;\n  --text-primary: #0f172a;\n  --text-secondary: #475569;\n  --text-muted: #64748b;\n  --accent: #0284c7;\n  --accent-glow: rgba(2, 132, 199, 0.15);\n  --success: #059669;\n  --warning: #d97706;\n  --danger: #dc2626;\n  --purple: #7e22ce;\n}\n\n*, *::before, *::after {\n  box-sizing: border-box;\n  margin: 0;\n  padding: 0;\n}\n\nhtml {\n  font-size: var(--tab12-base-font);\n  font-family: -apple-system, BlinkMacSystemFont, "Segoe UI", Roboto, Helvetica, Arial, sans-serif;\n  color: var(--text-primary);\n  background-color: var(--bg-app);\n  scroll-behavior: smooth;\n  -webkit-text-size-adjust: 100%;\n}\n\nbody {\n  line-height: 1.6;\n  min-height: 100vh;\n  display: flex;\n  flex-direction: column;\n}\n\nbutton, .btn, .tab-btn, summary {\n  min-height: var(--tab12-touch-min);\n  min-width: var(--tab12-touch-min);\n  padding: 10px 18px;\n  font-size: 15px;\n  font-weight: 600;\n  border-radius: var(--tab12-radius-sm);\n  display: inline-flex;\n  align-items: center;\n  justify-content: center;\n  cursor: pointer;\n  touch-action: manipulation;\n  transition: all 0.18s ease;\n  border: 1px solid transparent;\n}\n\nbutton:focus-visible, .btn:focus-visible, summary:focus-visible {\n  outline: 3px solid var(--accent);\n  outline-offset: 2px;\n}\n\ntextarea.tablet-safe-input {\n  min-height: 120px;\n  width: 100%;\n  padding: 14px;\n  font-family: monospace, inherit;\n  font-size: 14.5px;\n  line-height: 1.5;\n  background-color: var(--bg-surface);\n  color: var(--text-primary);\n  border: 1.5px solid var(--border);\n  border-radius: var(--tab12-radius-sm);\n  resize: vertical;\n  display: block;\n}\n\ntextarea.tablet-safe-input:focus {\n  border-color: var(--accent);\n  background-color: var(--bg-card);\n}\n\nheader.app-header {\n  background-color: var(--bg-surface);\n  border-bottom: 1.5px solid var(--border);\n  padding: 14px 24px;\n  position: sticky;\n  top: 0;\n  z-index: 100;\n  box-shadow: 0 4px 12px rgba(0,0,0,0.15);\n}\n\n.header-inner {\n  max-width: var(--tab12-container-max);\n  margin: 0 auto;\n  display: flex;\n  align-items: center;\n  justify-content: space-between;\n  gap: 16px;\n}\n\n.header-brand h1 {\n  font-size: 20px;\n  font-weight: 800;\n  letter-spacing: -0.02em;\n  color: var(--text-primary);\n  display: flex;\n  align-items: center;\n  gap: 10px;\n}\n\n.subject-badge {\n  font-size: 12px;\n  text-transform: uppercase;\n  letter-spacing: 0.06em;\n  padding: 4px 10px;\n  border-radius: 999px;\n  background-color: rgba(56, 189, 248, 0.15);\n  color: var(--accent);\n  border: 1px solid var(--accent);\n  font-weight: 700;\n}\n\n.theme-toggle-btn {\n  background-color: var(--bg-card);\n  color: var(--text-primary);\n  border: 1.5px solid var(--border);\n}\n\nnav.tab-nav {\n  background-color: var(--bg-surface);\n  border-bottom: 1px solid var(--border);\n  padding: 8px 24px 0 24px;\n  overflow-x: auto;\n}\n\n.tab-nav-inner {\n  max-width: var(--tab12-container-max);\n  margin: 0 auto;\n  display: flex;\n  gap: 8px;\n}\n\n.tab-btn {\n  background: transparent;\n  color: var(--text-secondary);\n  border: none;\n  border-bottom: 3px solid transparent;\n  border-radius: var(--tab12-radius-sm) var(--tab12-radius-sm) 0 0;\n  padding: 12px 18px;\n  white-space: nowrap;\n}\n\n.tab-btn.active {\n  color: var(--accent);\n  border-bottom-color: var(--accent);\n  background: var(--bg-app);\n}\n\nmain.layout-container {\n  max-width: var(--tab12-container-max);\n  margin: 20px auto;\n  padding: 0 20px;\n  width: 100%;\n  flex: 1;\n  display: grid;\n  grid-template-columns: 1fr 380px;\n  gap: 24px;\n}\n\n@media (max-width: 1040px) {\n  main.layout-container {\n    grid-template-columns: 1fr;\n  }\n}\n\n.stage-area {\n  display: flex;\n  flex-direction: column;\n  gap: 20px;\n}\n\n.tab-content {\n  display: none;\n}\n\n.tab-content.active {\n  display: block;\n}\n\n.content-card {\n  background-color: var(--bg-card);\n  border: 1.5px solid var(--border);\n  border-radius: var(--tab12-radius-md);\n  padding: 24px;\n  margin-bottom: 20px;\n}\n\n.content-card h2 {\n  font-size: 20px;\n  font-weight: 700;\n  margin-bottom: 12px;\n  color: var(--text-primary);\n  display: flex;\n  align-items: center;\n  gap: 10px;\n}\n\n.content-card h3 {\n  font-size: 17px;\n  font-weight: 600;\n  margin: 18px 0 10px 0;\n  color: var(--accent);\n}\n\n.formula-box {\n  background: var(--bg-card-subtle);\n  border-left: 4px solid var(--accent);\n  padding: 14px 18px;\n  border-radius: 0 var(--tab12-radius-sm) var(--tab12-radius-sm) 0;\n  margin: 14px 0;\n  font-family: monospace;\n  font-size: 15px;\n  color: var(--text-primary);\n}\n\n.callout-box {\n  background: rgba(56, 189, 248, 0.08);\n  border: 1.5px solid var(--accent);\n  border-radius: var(--tab12-radius-sm);\n  padding: 16px 20px;\n  margin: 16px 0;\n}\n\n.q-card {\n  background: var(--bg-card);\n  border: 1.5px solid var(--border);\n  border-radius: var(--tab12-radius-md);\n  padding: 20px;\n  margin-bottom: 18px;\n}\n\n.q-header {\n  display: flex;\n  align-items: center;\n  justify-content: space-between;\n  gap: 12px;\n  margin-bottom: 10px;\n}\n\n.q-badge {\n  background: rgba(192, 132, 252, 0.15);\n  border: 1px solid var(--purple);\n  color: var(--purple);\n  padding: 4px 10px;\n  border-radius: 999px;\n  font-size: 12px;\n  font-weight: 700;\n}\n\n.tag-pill {\n  display: inline-block;\n  padding: 3px 10px;\n  border-radius: 999px;\n  font-size: 12px;\n  font-weight: 600;\n  background: var(--bg-surface);\n  border: 1px solid var(--border);\n  color: var(--text-secondary);\n}\n\n.q-title {\n  font-size: 16px;\n  font-weight: 700;\n  color: var(--text-primary);\n  margin-bottom: 8px;\n}\n\n.q-prompt {\n  font-size: 15px;\n  color: var(--text-secondary);\n  margin-bottom: 14px;\n}\n\ndetails.solution-detail {\n  background: var(--bg-card-subtle);\n  border: 1px solid var(--border-light);\n  border-radius: var(--tab12-radius-sm);\n  overflow: hidden;\n  margin-top: 12px;\n}\n\ndetails.solution-detail summary {\n  padding: 12px 16px;\n  background: rgba(255,255,255,0.02);\n  color: var(--accent);\n  user-select: none;\n}\n\n.solution-content {\n  padding: 16px;\n  border-top: 1px solid var(--border);\n  font-size: 14.5px;\n  color: var(--text-primary);\n  line-height: 1.6;\n}\n\n.support-rail {\n  display: flex;\n  flex-direction: column;\n  gap: 20px;\n}\n\n.support-widget {\n  background-color: var(--bg-card);\n  border: 1.5px solid var(--border);\n  border-radius: var(--tab12-radius-md);\n  padding: 20px;\n}\n\n.support-widget h3 {\n  font-size: 16px;\n  font-weight: 700;\n  color: var(--text-primary);\n  margin-bottom: 12px;\n  display: flex;\n  align-items: center;\n  gap: 8px;\n}\n\n.calc-row {\n  display: grid;\n  grid-template-columns: 1fr 1fr;\n  gap: 10px;\n  margin-bottom: 10px;\n}\n\n.calc-input-group label {\n  display: block;\n  font-size: 13px;\n  font-weight: 600;\n  color: var(--text-secondary);\n  margin-bottom: 4px;\n}\n\n.calc-input-group input {\n  width: 100%;\n  min-height: 48px;\n  padding: 8px 12px;\n  background: var(--bg-surface);\n  border: 1px solid var(--border);\n  border-radius: var(--tab12-radius-sm);\n  color: var(--text-primary);\n  font-size: 14.5px;\n}\n\n.calc-result {\n  background: rgba(56, 189, 248, 0.1);\n  border: 1.5px solid var(--accent);\n  padding: 12px;\n  border-radius: var(--tab12-radius-sm);\n  font-weight: 700;\n  color: var(--accent);\n  text-align: center;\n  font-size: 15px;\n  margin-top: 12px;\n}\n  </style>\n<style id="pr375-u4-remediation">\n/* PR #375 U4 remediation: accessibility, reflow and alternate viewports. */\n*, *::before, *::after { box-sizing: border-box; }\n:where(a, button, input, select, textarea, summary, [tabindex]):focus-visible {\n  outline: 3px solid #38bdf8 !important;\n  outline-offset: 2px !important;\n}\nimg, svg, canvas { max-width: 100%; }\ninput, select, textarea { max-width: 100%; }\n::placeholder { color: #94a3b8 !important; opacity: 1 !important; }\n[data-theme="light"] ::placeholder { color: #475569 !important; }\n.u4-clear-button { color: #f8fafc !important; }\n[data-theme="light"] .u4-clear-button { color: #0f172a !important; }\n\n/* Never communicate correctness by colour alone. */\n.opt-btn.selected-correct::after {\n  content: " ✓ Correct";\n  margin-inline-start: .4rem;\n  font-weight: 800;\n}\n.opt-btn.selected-incorrect::after {\n  content: " ✕ Incorrect";\n  margin-inline-start: .4rem;\n  font-weight: 800;\n}\n\n/* Contrast repairs for the learner-visible light theme. */\n[data-theme="light"] .step-content-calc {\n  color: #7c2d12 !important;\n  background: #fff7ed !important;\n  border: 1px solid #c2410c !important;\n}\n[data-theme="light"] .answer-banner,\n[data-theme="light"] .badge-success,\n[data-theme="light"] .saved-pill {\n  color: #065f46 !important;\n}\n[data-theme="light"] .badge-warning,\n[data-theme="light"] .hint-tag,\n[data-theme="light"] .diag-header-another {\n  color: #7c2d12 !important;\n}\n[data-theme="light"] .step-label,\n[data-theme="light"] details > summary {\n  color: #075985 !important;\n}\n[data-theme="light"] .formula-box,\n[data-theme="light"] .math-banner {\n  color: #422006 !important;\n  background: #fef3c7 !important;\n  border-color: #92400e !important;\n}\n[data-theme="light"] footer { color: #475569 !important; }\n\n/* Default dark-theme contrast repairs from U4. */\nhtml[data-theme="dark"] .step-label { color: #7dd3fc !important; }\nhtml[data-theme="dark"] details > summary { color: #7dd3fc !important; }\n.q-count, .open-btn { color: #93c5fd !important; }\n.tag-2d, .tag-1d, .tag-vec, .tag-ncert, .tag-sba, .tag-proj, .tag-cons { color: #ffffff !important; }\nfooter { color: #94a3b8 !important; }\n\n/* The offline 1D master lost Tailwind preflight + custom theme utilities. */\nbody.u4-tailwind-offline {\n  margin: 0 !important;\n  background: #090d16 !important;\n  color: #f1f5f9 !important;\n  font-family: ui-sans-serif, system-ui, -apple-system, BlinkMacSystemFont, "Segoe UI", sans-serif !important;\n}\n.u4-tailwind-offline.bg-background, .u4-tailwind-offline .bg-background { background-color: #090d16 !important; }\n.u4-tailwind-offline .bg-card { background-color: #111827 !important; }\n.u4-tailwind-offline .border-border { border-color: #334155 !important; }\n.u4-tailwind-offline .bg-slate-950\\/90 { background-color: rgba(2, 6, 23, .94) !important; }\n.u4-tailwind-offline .bg-slate-900 { background-color: #0f172a !important; }\n.u4-tailwind-offline .bg-slate-800 { background-color: #1e293b !important; }\n.u4-tailwind-offline .max-w-7xl { max-width: 80rem !important; }\n.u4-tailwind-offline .overflow-x-auto { overflow-x: auto !important; }\n.u4-tailwind-offline .whitespace-nowrap { white-space: nowrap !important; }\n.u4-tailwind-offline .font-sans { font-family: ui-sans-serif, system-ui, sans-serif !important; }\n.u4-tailwind-offline .text-slate-500,\n.u4-tailwind-offline .text-slate-600 { color: #cbd5e1 !important; }\n.u4-tailwind-offline .text-slate-400 { color: #a8b5c7 !important; }\n.u4-tailwind-offline header { max-width: 100%; }\n\n/* Reflow at phone width and at a 200% zoom-equivalent viewport. */\n@media (max-width: 700px) {\n  header.sticky, .sticky-header, .top-nav.sticky { position: static !important; top: auto !important; }\n}\n@media (max-width: 480px) {\n  .header-actions,\n  .g9-nav-group,\n  .g9-header-actions,\n  .top-nav-header,\n  .course-badge-row,\n  .workspace-title-row {\n    max-width: 100% !important;\n    min-width: 0 !important;\n    flex-wrap: wrap !important;\n  }\n  .g9-block, nav, ol, ul, main, section, article, .app-container, .container {\n    max-width: 100% !important;\n    min-width: 0 !important;\n  }\n  ol, ul { padding-inline-start: 1.5rem !important; }\n  #jump-select { width: 100% !important; max-width: 100% !important; }\n  .tab-btn { white-space: normal !important; min-width: 0 !important; flex: 1 1 140px !important; }\n  .tabs, .tab-strip, .tab-nav, .tab-bar, .g9-tabs, [class*="tabs-row"] {\n    display: flex !important;\n    flex-wrap: wrap !important;\n    white-space: normal !important;\n    max-width: 100% !important;\n    min-width: 0 !important;\n  }\n  .g9-nav-group > *, .header-actions > * { max-width: 100% !important; }\n  pre { white-space: pre-wrap !important; overflow-wrap: anywhere !important; max-width: 100% !important; }\n  table { display: block; max-width: 100% !important; overflow-x: auto !important; }\n}\n\n@media (prefers-reduced-motion: reduce) {\n  *, *::before, *::after {\n    animation-duration: .001ms !important;\n    animation-iteration-count: 1 !important;\n    transition-duration: .001ms !important;\n    scroll-behavior: auto !important;\n  }\n}\n\n@media (forced-colors: active) {\n  svg text { fill: CanvasText !important; stroke: transparent !important; }\n  :where(a, button, input, select, textarea, summary, [tabindex]):focus-visible {\n    outline: 3px solid Highlight !important;\n  }\n}\n</style>\n<style id="pr375-u4-residual-remediation">\n@media (max-width: 480px) {\n  /* Generated CORE1A section-route pills used 24rem + padding, producing ~467px boxes. */\n  [data-g9-section-route] a,\n  [data-g9-concept-route] a,\n  article[data-g9-role="CORE1A"] > .slot-identity [data-g9-section-route] a {\n    width: 100% !important;\n    max-width: 100% !important;\n    min-width: 0 !important;\n    box-sizing: border-box !important;\n    white-space: normal !important;\n    line-height: 1.4 !important;\n    overflow: visible !important;\n    text-overflow: clip !important;\n    overflow-wrap: anywhere !important;\n  }\n\n  /* Consolidated and interactive headers must reflow as complete units, not just their children. */\n  .header-inner,\n  header.g9-shell {\n    width: 100% !important;\n    max-width: 100% !important;\n    min-width: 0 !important;\n    height: auto !important;\n    flex-wrap: wrap !important;\n    justify-content: flex-start !important;\n    align-items: flex-start !important;\n  }\n  .header-inner > *,\n  header.g9-shell > .g9-nav-group {\n    flex: 1 1 100% !important;\n    width: 100% !important;\n    max-width: 100% !important;\n    min-width: 0 !important;\n  }\n  .header-brand,\n  .header-brand h1,\n  .header-actions,\n  header.g9-shell .g9-nav-group,\n  header.g9-shell .g9-breadcrumb {\n    max-width: 100% !important;\n    min-width: 0 !important;\n    flex-wrap: wrap !important;\n    white-space: normal !important;\n  }\n  .header-brand h1 { align-items: flex-start !important; }\n  .header-actions { width: 100% !important; justify-content: flex-start !important; }\n  header.g9-shell { padding-block: 8px !important; }\n  header.g9-shell .g9-breadcrumb { flex: 1 1 100% !important; overflow-wrap: anywhere !important; }\n}\n</style>\n<style id="pr375-u1-remediation">\nhtml{-webkit-text-size-adjust:100%;text-size-adjust:100%} body{overflow-wrap:anywhere} p,li{line-height:1.4}\n:where(p,li,label,button,input,select,textarea,summary,td,th,figcaption,.btn,.q-badge,.tag-pill,.hint-badge,.hint-tag,.subject-badge,.step-label,.diag-header,.formula-box,#saveStatus,.save-status,.tag,.q-count,.open-btn,.stat .label,section.section-header h2,.study-kicker,.brand-badge,.hero-pill,.badge,.core-tag,.telemetry-title,.control-label,.card-action,.breadcrumb){font-size:max(14px,1em)!important}\n:where(a[href="index.html"],header a,nav a,.breadcrumb a,a.g9-bridge-link,[data-g9-block="entry_assumptions"] a){min-height:48px!important;min-width:48px!important;display:inline-flex!important;align-items:center!important;justify-content:center;padding-block:10px!important;box-sizing:border-box!important}\n@media(min-width:1100px){article[data-g9-role="CORE1A"] .g9-split{grid-template-columns:minmax(0,1fr)!important}article[data-g9-role="CORE1A"] .g9-col-support{position:static!important;top:auto!important}}\narticle[data-g9-role="CORE1A"]>.slot-identity [data-g9-section-route] a{white-space:normal!important;overflow:visible!important;text-overflow:clip!important;line-height:1.35!important;min-height:48px!important}\n\n.badge,.study-kicker{font-size:14px!important}\n</style>\n<style id="u2-practice-hub-target">\na[href="index.html"]{min-height:48px!important;min-width:48px!important;box-sizing:border-box;display:inline-flex;align-items:center;justify-content:center}\n</style>\n  <!-- KaTeX Typography (Khan Academy Standard) -->\n  <link rel="stylesheet" href="../../vendor/katex/0.16.8/katex.min.css">\n  <script src="../../vendor/katex/0.16.8/katex.min.js"></script>\n  <script src="../../vendor/katex/0.16.8/contrib/auto-render.min.js"></script>\n</head>\n<body>\n\n  <header class="app-header">\n    <div class="header-inner">\n      <div class="header-brand">\n        <h1>\n          <span>🧭</span> Vector Algebra &amp; Resolution Master Suite\n          <span class="subject-badge">Physics</span>\n        </h1>\n      </div>\n      <div class="header-actions" style="display:flex;align-items:center;gap:10px;">\n        <a href="index.html" class="nav-hub-btn" aria-label="Back to Practice Hub" title="Back to Practice Hub" style="display:inline-flex;align-items:center;justify-content:center;min-height:48px;padding:0 16px;border-radius:8px;background:var(--bg-card,#1e293b);color:var(--text-primary,#f8fafc);border:1.5px solid var(--border,#334155);font-size:14px;font-weight:600;text-decoration:none;cursor:pointer;white-space:nowrap;">← Practice Hub</a>\n        <button id="themeToggle" class="theme-toggle-btn" aria-label="Toggle Theme">🌓 Mode</button>\n      </div>\n    </div>\n  </header>\n\n    <nav class="tab-nav">\n    <div class="tab-nav-inner">\n      <button class="tab-btn active" onclick="switchTab(\'tab-core1\')">Core 1 Vector Concepts (11 Units)</button>\n      <button class="tab-btn" onclick="switchTab(\'tab-challenges\')">Core 2 Vector Challenges (29)</button>\n    </div>\n  </nav>\n\n  <main class="layout-container">\n    \n    <div class="stage-area">\n      <!-- Tab 1: Core 1 Vector Concepts (11 Units) -->\n      <div id="tab-core1" class="tab-content active">\n        <div class="content-card">\n          <h2><span>🧭</span> Vector Reasoning Foundations (Core 1)</h2>\n          <p>\n            Build vector reasoning as a reusable system before transfer: Physical Meaning &rarr; Geometric Diagram &rarr; Component Projections &rarr; Dot/Cross Interpretation &rarr; Sanity Check.\n          </p>\n          <div class="formula-box">\n            <div><strong>Vector Form:</strong> &nbsp;&nbsp;&nbsp;&nbsp;&nbsp;&nbsp;&nbsp;&nbsp;&nbsp; \\(\\vec{A} = A_x\\,\\hat{i} + A_y\\,\\hat{j} + A_z\\,\\hat{k}\\)</div>\n            <div><strong>Resultant:</strong> &nbsp;&nbsp;&nbsp;&nbsp;&nbsp;&nbsp;&nbsp;&nbsp;&nbsp;&nbsp;&nbsp; \\(|\\vec{A} + \\vec{B}| = \\sqrt{A^2 + B^2 + 2AB\\cos\\theta}\\)</div>\n            <div><strong>Relative Velocity:</strong> &nbsp;&nbsp;&nbsp; \\(\\vec{v}_{AB} = \\vec{v}_A - \\vec{v}_B\\) (observer vector is subtracted)</div>\n            <div><strong>Scalar Product:</strong> &nbsp;&nbsp;&nbsp;&nbsp;&nbsp;&nbsp; \\(\\vec{A} \\cdot \\vec{B} = AB\\cos\\theta = A_x B_x + A_y B_y\\)</div>\n          </div>\n        </div>\n\n<!-- Unit 01: VECTORS 01 - Scalars, vectors and sign -->\n        <article class="content-card" id="unit-01" style="margin-bottom: 28px; border: 1.5px solid var(--border); border-radius: var(--tab12-radius-md); padding: 24px; background: var(--bg-card);">\n          <div style="display:flex; justify-content:space-between; align-items:flex-start; flex-wrap:wrap; gap:10px; margin-bottom:14px; border-bottom:1px solid var(--border); padding-bottom:12px;">\n            <div>\n              <span class="q-badge" style="background:rgba(56,189,248,0.15); border:1px solid var(--accent); color:var(--accent); font-weight:800; font-size:12px; padding:4px 10px; border-radius:999px;">Concept Unit 01</span>\n              <h2 style="font-size:20px; font-weight:700; margin:8px 0 4px; color:var(--text-primary);">VECTORS 01 - Scalars, vectors and sign</h2>\n              <p style="font-size:14px; color:var(--accent); font-weight:600; margin:0;">Direction is information; sign belongs to a declared axis</p>\n            </div>\n            <span class="tag-pill" style="font-size:12px; font-weight:700; background:rgba(192,132,252,0.15); border:1px solid var(--purple); color:var(--purple);">VEC-01 · Core 1</span>\n          </div>\n\n          <!-- Publication-grade Diagram -->\n          <div style="background:var(--bg-surface); border:1px solid var(--border); border-radius:var(--tab12-radius-sm); padding:16px; margin-bottom:20px;">\n            <svg xmlns="http://www.w3.org/2000/svg" viewBox="0 0 540 220" role="img" aria-label="1D signed axis and displacement vectors" style="width:100%;max-width:540px;height:auto;display:block;margin:12px auto;">\n  <defs>\n    <marker id="arr-vx" viewBox="0 0 10 10" refX="9" refY="5" markerWidth="6" markerHeight="6" orient="auto-start-reverse"><path d="M0 0 L10 5 L0 10 Z" fill="currentColor"/></marker>\n    <marker id="arr-ve" viewBox="0 0 10 10" refX="9" refY="5" markerWidth="6" markerHeight="6" orient="auto-start-reverse"><path d="M0 0 L10 5 L0 10 Z" fill="#38bdf8"/></marker>\n    <marker id="arr-vw" viewBox="0 0 10 10" refX="9" refY="5" markerWidth="6" markerHeight="6" orient="auto-start-reverse"><path d="M0 0 L10 5 L0 10 Z" fill="#f43f5e"/></marker>\n  </defs>\n  <!-- Declared +x Axis -->\n  <line x1="50" y1="130" x2="480" y2="130" stroke="currentColor" stroke-width="2" marker-end="url(#arr-vx)"/>\n  <text x="495" y="135" font-size="14" font-weight="800" fill="currentColor">+x (East)</text>\n  <!-- Origin -->\n  <line x1="220" y1="120" x2="220" y2="140" stroke="currentColor" stroke-width="2"/>\n  <text x="220" y="155" text-anchor="middle" font-size="13" font-weight="700" fill="currentColor">0</text>\n  <!-- +8 m East displacement -->\n  <line x1="220" y1="90" x2="380" y2="90" stroke="#38bdf8" stroke-width="3.5" marker-end="url(#arr-ve)"/>\n  <text x="300" y="78" text-anchor="middle" font-size="13" font-weight="800" fill="#38bdf8">+8 m East (along +x)</text>\n  <!-- -5 m West displacement -->\n  <line x1="220" y1="50" x2="120" y2="50" stroke="#f43f5e" stroke-width="3.5" marker-end="url(#arr-vw)"/>\n  <text x="170" y="38" text-anchor="middle" font-size="13" font-weight="800" fill="#f43f5e">-5 m West (opposite +x)</text>\n  <!-- Rule banner -->\n  <rect x="110" y="175" width="320" height="28" rx="6" fill="rgba(56,189,248,0.12)" stroke="#38bdf8"/>\n  <text x="270" y="194" text-anchor="middle" font-size="12" font-weight="700" fill="#38bdf8">Sign has meaning ONLY after positive axis is declared</text>\n</svg>\n          </div>\n\n          <!-- Dual explanation grid -->\n          <div style="display:grid; grid-template-columns:repeat(auto-fit, minmax(280px, 1fr)); gap:18px; margin-bottom:20px;">\n            <div style="background:var(--bg-card-subtle); border-left:4px solid var(--accent); padding:14px 16px; border-radius:0 var(--tab12-radius-sm) var(--tab12-radius-sm) 0;">\n              <h4 style="font-size:14px; font-weight:800; text-transform:uppercase; letter-spacing:0.05em; color:var(--accent); margin-bottom:6px;">What is happening?</h4>\n              <p style="font-size:14.5px; line-height:1.6; margin:0; color:var(--text-primary);">A scalar is complete with magnitude alone. A vector needs magnitude and direction. In one dimension, direction can be encoded by sign only after you declare the positive axis.</p>\n            </div>\n            <div style="background:var(--bg-card-subtle); border-left:4px solid var(--success); padding:14px 16px; border-radius:0 var(--tab12-radius-sm) var(--tab12-radius-sm) 0;">\n              <h4 style="font-size:14px; font-weight:800; text-transform:uppercase; letter-spacing:0.05em; color:var(--success); margin-bottom:6px;">Key Idea</h4>\n              <p style="font-size:14.5px; line-height:1.6; margin:0; color:var(--text-primary);">Do not classify from the unit. Ask whether reversing direction changes the physical state. Then declare an axis before attaching + or - signs.</p>\n            </div>\n          </div>\n\n          <!-- How it works numbered sequence -->\n          <div style="background:rgba(255,255,255,0.02); border:1px solid var(--border-light); border-radius:var(--tab12-radius-sm); padding:16px 20px; margin-bottom:20px;">\n            <h4 style="font-size:14px; font-weight:800; text-transform:uppercase; letter-spacing:0.05em; color:var(--text-secondary); margin-bottom:10px;">How It Works</h4>\n            <ol style="margin:0; padding-left:22px; display:grid; gap:8px;">\n              <li style="font-size:14px; line-height:1.5; color:var(--text-primary);">Recognise: displacement, velocity, acceleration, force and momentum are vectors; distance, speed, time and mass are scalars.</li><li style="font-size:14px; line-height:1.5; color:var(--text-primary);">Represent: in 1D, choose +x first; then words such as east/west become signed components.</li><li style="font-size:14px; line-height:1.5; color:var(--text-primary);">Interpret: a negative answer is not a failed calculation. It points opposite the chosen positive axis.</li><li style="font-size:14px; line-height:1.5; color:var(--text-primary);">Validity: the sign changes if the axis convention changes; the physical motion does not.</li>\n            </ol>\n          </div>\n\n          <!-- Work the Idea: Worked Example -->\n          <div style="border:1px solid var(--border); border-radius:var(--tab12-radius-sm); overflow:hidden; margin-bottom:16px; background:var(--bg-card-subtle);">\n            <div style="background:rgba(56,189,248,0.08); padding:10px 16px; border-bottom:1px solid var(--border); display:flex; align-items:center; gap:8px;">\n              <span style="font-weight:800; font-size:13px; color:var(--accent);">⚡ WORKED EXAMPLE</span>\n            </div>\n            <div style="padding:14px 16px; font-size:14.5px; line-height:1.6;">\n              Example. Take east as +x. A trolley moves 5 m east then 9 m west. Displacement = +5 + (-9) = -4 m = 4 m west. Distance = 5 + 9 = 14 m.\n            </div>\n          </div>\n\n          <!-- Watch out & Quick Check -->\n          <div style="display:grid; grid-template-columns:repeat(auto-fit, minmax(280px, 1fr)); gap:16px;">\n            <div style="background:rgba(245,158,11,0.08); border:1px solid var(--warning); border-radius:var(--tab12-radius-sm); padding:14px 16px;">\n              <h4 style="font-size:13px; font-weight:800; text-transform:uppercase; letter-spacing:0.05em; color:var(--warning); margin-bottom:6px;">⚠️ Watch Out</h4>\n              <p style="font-size:14px; line-height:1.5; margin:0; color:var(--text-primary);">Do not use “negative = smaller” or “negative = wrong”. For a vector component, negative normally means opposite the declared positive axis.</p>\n            </div>\n            <div style="background:rgba(52,211,153,0.08); border:1px solid var(--success); border-radius:var(--tab12-radius-sm); padding:14px 16px;">\n              <h4 style="font-size:13px; font-weight:800; text-transform:uppercase; letter-spacing:0.05em; color:var(--success); margin-bottom:6px;">✅ Quick Check</h4>\n              <p style="font-size:14px; line-height:1.5; margin:0 0 6px; color:var(--text-primary);">Take north as +y. A displacement is 7 m south.</p>\n              <details style="margin-top:6px; cursor:pointer;">\n                <summary style="font-size:13px; font-weight:700; color:var(--success); padding:4px 0;">Reveal Answer</summary>\n                <div style="padding-top:6px; font-size:13.5px; font-weight:600; color:var(--text-primary);">-7 m.</div>\n              </details>\n            </div>\n          </div>\n        </article>\n    \n\n        <!-- Unit 02: VECTORS 02 - Draw, compare and reverse vectors -->\n        <article class="content-card" id="unit-02" style="margin-bottom: 28px; border: 1.5px solid var(--border); border-radius: var(--tab12-radius-md); padding: 24px; background: var(--bg-card);">\n          <div style="display:flex; justify-content:space-between; align-items:flex-start; flex-wrap:wrap; gap:10px; margin-bottom:14px; border-bottom:1px solid var(--border); padding-bottom:12px;">\n            <div>\n              <span class="q-badge" style="background:rgba(56,189,248,0.15); border:1px solid var(--accent); color:var(--accent); font-weight:800; font-size:12px; padding:4px 10px; border-radius:999px;">Concept Unit 02</span>\n              <h2 style="font-size:20px; font-weight:700; margin:8px 0 4px; color:var(--text-primary);">VECTORS 02 - Draw, compare and reverse vectors</h2>\n              <p style="font-size:14px; color:var(--accent); font-weight:600; margin:0;">Length represents magnitude; the arrowhead represents direction</p>\n            </div>\n            <span class="tag-pill" style="font-size:12px; font-weight:700; background:rgba(192,132,252,0.15); border:1px solid var(--purple); color:var(--purple);">VEC-02 · Core 1</span>\n          </div>\n\n          <!-- Publication-grade Diagram -->\n          <div style="background:var(--bg-surface); border:1px solid var(--border); border-radius:var(--tab12-radius-sm); padding:16px; margin-bottom:20px;">\n            <svg xmlns="http://www.w3.org/2000/svg" viewBox="0 0 540 220" role="img" aria-label="Equal, parallel and opposite vectors" style="width:100%;max-width:540px;height:auto;display:block;margin:12px auto;">\n  <defs>\n    <marker id="arr-va" viewBox="0 0 10 10" refX="9" refY="5" markerWidth="6" markerHeight="6" orient="auto-start-reverse"><path d="M0 0 L10 5 L0 10 Z" fill="#38bdf8"/></marker>\n    <marker id="arr-neg" viewBox="0 0 10 10" refX="9" refY="5" markerWidth="6" markerHeight="6" orient="auto-start-reverse"><path d="M0 0 L10 5 L0 10 Z" fill="#f43f5e"/></marker>\n  </defs>\n  <!-- Vector A -->\n  <line x1="70" y1="150" x2="180" y2="70" stroke="#38bdf8" stroke-width="3.5" marker-end="url(#arr-va)"/>\n  <text x="110" y="95" font-size="15" font-weight="800" fill="#38bdf8">Vector A</text>\n  <text x="110" y="170" text-anchor="middle" font-size="12" fill="var(--text-secondary,#94a3b8)">Length = Magnitude</text>\n  <!-- Equal Vector B = A -->\n  <line x1="220" y1="150" x2="330" y2="70" stroke="#38bdf8" stroke-width="3.5" marker-end="url(#arr-va)"/>\n  <text x="260" y="95" font-size="15" font-weight="800" fill="#38bdf8">Vector B = A</text>\n  <text x="275" y="170" text-anchor="middle" font-size="12" fill="#34d399">Same length &amp; direction</text>\n  <!-- Opposite Vector -A -->\n  <line x1="470" y1="70" x2="360" y2="150" stroke="#f43f5e" stroke-width="3.5" marker-end="url(#arr-neg)"/>\n  <text x="430" y="125" font-size="15" font-weight="800" fill="#f43f5e">-A (Opposite)</text>\n  <text x="420" y="170" text-anchor="middle" font-size="12" fill="#f43f5e">Same length, inverted arrow</text>\n</svg>\n          </div>\n\n          <!-- Dual explanation grid -->\n          <div style="display:grid; grid-template-columns:repeat(auto-fit, minmax(280px, 1fr)); gap:18px; margin-bottom:20px;">\n            <div style="background:var(--bg-card-subtle); border-left:4px solid var(--accent); padding:14px 16px; border-radius:0 var(--tab12-radius-sm) var(--tab12-radius-sm) 0;">\n              <h4 style="font-size:14px; font-weight:800; text-transform:uppercase; letter-spacing:0.05em; color:var(--accent); margin-bottom:6px;">What is happening?</h4>\n              <p style="font-size:14.5px; line-height:1.6; margin:0; color:var(--text-primary);">A vector diagram is a physical representation, not decoration. Translating a free vector without rotating or resizing it leaves the vector unchanged. Reversing it creates the opposite vector.</p>\n            </div>\n            <div style="background:var(--bg-card-subtle); border-left:4px solid var(--success); padding:14px 16px; border-radius:0 var(--tab12-radius-sm) var(--tab12-radius-sm) 0;">\n              <h4 style="font-size:14px; font-weight:800; text-transform:uppercase; letter-spacing:0.05em; color:var(--success); margin-bottom:6px;">Key Idea</h4>\n              <p style="font-size:14.5px; line-height:1.6; margin:0; color:var(--text-primary);">Equal vectors need both the same magnitude and the same direction. The opposite vector -A has the same magnitude as A but points exactly the other way.</p>\n            </div>\n          </div>\n\n          <!-- How it works numbered sequence -->\n          <div style="background:rgba(255,255,255,0.02); border:1px solid var(--border-light); border-radius:var(--tab12-radius-sm); padding:16px 20px; margin-bottom:20px;">\n            <h4 style="font-size:14px; font-weight:800; text-transform:uppercase; letter-spacing:0.05em; color:var(--text-secondary); margin-bottom:10px;">How It Works</h4>\n            <ol style="margin:0; padding-left:22px; display:grid; gap:8px;">\n              <li style="font-size:14px; line-height:1.5; color:var(--text-primary);">Read: direction runs from tail to head.</li><li style="font-size:14px; line-height:1.5; color:var(--text-primary);">Scale: relative arrow length should track relative magnitude.</li><li style="font-size:14px; line-height:1.5; color:var(--text-primary);">Translate: a free vector may slide without changing.</li><li style="font-size:14px; line-height:1.5; color:var(--text-primary);">Reverse: -A reverses direction, not magnitude.</li>\n            </ol>\n          </div>\n\n          <!-- Work the Idea: Worked Example -->\n          <div style="border:1px solid var(--border); border-radius:var(--tab12-radius-sm); overflow:hidden; margin-bottom:16px; background:var(--bg-card-subtle);">\n            <div style="background:rgba(56,189,248,0.08); padding:10px 16px; border-bottom:1px solid var(--border); display:flex; align-items:center; gap:8px;">\n              <span style="font-weight:800; font-size:13px; color:var(--accent);">⚡ WORKED EXAMPLE</span>\n            </div>\n            <div style="padding:14px 16px; font-size:14.5px; line-height:1.6;">\n              Example. A 6 N force east and a 6 N force west have equal magnitudes, but they are not equal vectors. They are opposites.\n            </div>\n          </div>\n\n          <!-- Watch out & Quick Check -->\n          <div style="display:grid; grid-template-columns:repeat(auto-fit, minmax(280px, 1fr)); gap:16px;">\n            <div style="background:rgba(245,158,11,0.08); border:1px solid var(--warning); border-radius:var(--tab12-radius-sm); padding:14px 16px;">\n              <h4 style="font-size:13px; font-weight:800; text-transform:uppercase; letter-spacing:0.05em; color:var(--warning); margin-bottom:6px;">⚠️ Watch Out</h4>\n              <p style="font-size:14px; line-height:1.5; margin:0; color:var(--text-primary);">Do not compare arrows only by length. Two arrows with the same length but different directions are different vectors.</p>\n            </div>\n            <div style="background:rgba(52,211,153,0.08); border:1px solid var(--success); border-radius:var(--tab12-radius-sm); padding:14px 16px;">\n              <h4 style="font-size:13px; font-weight:800; text-transform:uppercase; letter-spacing:0.05em; color:var(--success); margin-bottom:6px;">✅ Quick Check</h4>\n              <p style="font-size:14px; line-height:1.5; margin:0 0 6px; color:var(--text-primary);">If B is equal to A but drawn elsewhere on the</p>\n              <details style="margin-top:6px; cursor:pointer;">\n                <summary style="font-size:13px; font-weight:700; color:var(--success); padding:4px 0;">Reveal Answer</summary>\n                <div style="padding-top:6px; font-size:13.5px; font-weight:600; color:var(--text-primary);">No. Same magnitude and direction are</div>\n              </details>\n            </div>\n          </div>\n        </article>\n    \n\n        <!-- Unit 03: VECTORS 03 - Components, quadrants and angle reference -->\n        <article class="content-card" id="unit-03" style="margin-bottom: 28px; border: 1.5px solid var(--border); border-radius: var(--tab12-radius-md); padding: 24px; background: var(--bg-card);">\n          <div style="display:flex; justify-content:space-between; align-items:flex-start; flex-wrap:wrap; gap:10px; margin-bottom:14px; border-bottom:1px solid var(--border); padding-bottom:12px;">\n            <div>\n              <span class="q-badge" style="background:rgba(56,189,248,0.15); border:1px solid var(--accent); color:var(--accent); font-weight:800; font-size:12px; padding:4px 10px; border-radius:999px;">Concept Unit 03</span>\n              <h2 style="font-size:20px; font-weight:700; margin:8px 0 4px; color:var(--text-primary);">VECTORS 03 - Components, quadrants and angle reference</h2>\n              <p style="font-size:14px; color:var(--accent); font-weight:600; margin:0;">Choose the frame first; then project the arrow</p>\n            </div>\n            <span class="tag-pill" style="font-size:12px; font-weight:700; background:rgba(192,132,252,0.15); border:1px solid var(--purple); color:var(--purple);">VEC-03 · Core 1</span>\n          </div>\n\n          <!-- Publication-grade Diagram -->\n          <div style="background:var(--bg-surface); border:1px solid var(--border); border-radius:var(--tab12-radius-sm); padding:16px; margin-bottom:20px;">\n            <svg xmlns="http://www.w3.org/2000/svg" viewBox="0 0 540 220" role="img" aria-label="Vector components in Cartesian quadrants" style="width:100%;max-width:540px;height:auto;display:block;margin:12px auto;">\n  <defs>\n    <marker id="arr-v3" viewBox="0 0 10 10" refX="9" refY="5" markerWidth="6" markerHeight="6" orient="auto-start-reverse"><path d="M0 0 L10 5 L0 10 Z" fill="#34d399"/></marker>\n    <marker id="arr-cx" viewBox="0 0 10 10" refX="9" refY="5" markerWidth="6" markerHeight="6" orient="auto-start-reverse"><path d="M0 0 L10 5 L0 10 Z" fill="#38bdf8"/></marker>\n  </defs>\n  <!-- Axes -->\n  <line x1="60" y1="130" x2="480" y2="130" stroke="var(--border,#475569)" stroke-width="1.5"/>\n  <text x="490" y="135" font-size="12" font-weight="700" fill="currentColor">+x</text>\n  <line x1="270" y1="200" x2="270" y2="30" stroke="var(--border,#475569)" stroke-width="1.5"/>\n  <text x="275" y="30" font-size="12" font-weight="700" fill="currentColor">+y</text>\n  <!-- Vector in Quadrant II -->\n  <line x1="270" y1="130" x2="150" y2="50" stroke="#34d399" stroke-width="4" marker-end="url(#arr-v3)"/>\n  <text x="180" y="70" font-size="15" font-weight="800" fill="#34d399">v</text>\n  <!-- Component projections -->\n  <line x1="270" y1="130" x2="150" y2="130" stroke="#38bdf8" stroke-width="3" marker-end="url(#arr-cx)"/>\n  <text x="210" y="152" text-anchor="middle" font-size="12" font-weight="800" fill="#38bdf8">v_x = -v cos θ &lt; 0</text>\n  <line x1="150" y1="130" x2="150" y2="55" stroke="#38bdf8" stroke-width="3" marker-end="url(#arr-cx)"/>\n  <text x="95" y="95" text-anchor="middle" font-size="12" font-weight="800" fill="#38bdf8">v_y = +v sin θ &gt; 0</text>\n  <!-- Angle arc -->\n  <path d="M 230 130 A 40 40 0 0 1 245 113" fill="none" stroke="#fbbf24" stroke-width="2"/>\n  <text x="228" y="118" font-size="12" font-weight="800" fill="#fbbf24">θ</text>\n  <!-- Quadrant II pill -->\n  <rect x="330" y="50" width="160" height="50" rx="6" fill="rgba(56,189,248,0.1)" stroke="#38bdf8"/>\n  <text x="410" y="72" text-anchor="middle" font-size="12" font-weight="800" fill="#38bdf8">QUADRANT II</text>\n  <text x="410" y="90" text-anchor="middle" font-size="12" fill="currentColor">x &lt; 0,  y &gt; 0</text>\n</svg>\n          </div>\n\n          <!-- Dual explanation grid -->\n          <div style="display:grid; grid-template-columns:repeat(auto-fit, minmax(280px, 1fr)); gap:18px; margin-bottom:20px;">\n            <div style="background:var(--bg-card-subtle); border-left:4px solid var(--accent); padding:14px 16px; border-radius:0 var(--tab12-radius-sm) var(--tab12-radius-sm) 0;">\n              <h4 style="font-size:14px; font-weight:800; text-transform:uppercase; letter-spacing:0.05em; color:var(--accent); margin-bottom:6px;">What is happening?</h4>\n              <p style="font-size:14.5px; line-height:1.6; margin:0; color:var(--text-primary);">Components are the signed projections of one vector onto chosen axes. They are not extra physical vectors; they are another description of the same arrow.</p>\n            </div>\n            <div style="background:var(--bg-card-subtle); border-left:4px solid var(--success); padding:14px 16px; border-radius:0 var(--tab12-radius-sm) var(--tab12-radius-sm) 0;">\n              <h4 style="font-size:14px; font-weight:800; text-transform:uppercase; letter-spacing:0.05em; color:var(--success); margin-bottom:6px;">Key Idea</h4>\n              <p style="font-size:14.5px; line-height:1.6; margin:0; color:var(--text-primary);">Geometry decides sine/cosine. The component adjacent to the stated angle uses cosine; the opposite component uses sine. Signs come from the arrow direction.</p>\n            </div>\n          </div>\n\n          <!-- How it works numbered sequence -->\n          <div style="background:rgba(255,255,255,0.02); border:1px solid var(--border-light); border-radius:var(--tab12-radius-sm); padding:16px 20px; margin-bottom:20px;">\n            <h4 style="font-size:14px; font-weight:800; text-transform:uppercase; letter-spacing:0.05em; color:var(--text-secondary); margin-bottom:10px;">How It Works</h4>\n            <ol style="margin:0; padding-left:22px; display:grid; gap:8px;">\n              <li style="font-size:14px; line-height:1.5; color:var(--text-primary);">Frame: mark +x and +y before calculating.</li><li style="font-size:14px; line-height:1.5; color:var(--text-primary);">Project: identify adjacent and opposite sides relative to the stated angle.</li><li style="font-size:14px; line-height:1.5; color:var(--text-primary);">Sign: decide the quadrant before writing the final component values.</li><li style="font-size:14px; line-height:1.5; color:var(--text-primary);">Reconstruct: perpendicular components must satisfy A²=Aₓ²+Aᵧ².</li>\n            </ol>\n          </div>\n\n          <!-- Work the Idea: Worked Example -->\n          <div style="border:1px solid var(--border); border-radius:var(--tab12-radius-sm); overflow:hidden; margin-bottom:16px; background:var(--bg-card-subtle);">\n            <div style="background:rgba(56,189,248,0.08); padding:10px 16px; border-bottom:1px solid var(--border); display:flex; align-items:center; gap:8px;">\n              <span style="font-weight:800; font-size:13px; color:var(--accent);">⚡ WORKED EXAMPLE</span>\n            </div>\n            <div style="padding:14px 16px; font-size:14.5px; line-height:1.6;">\n              Example. A 10 N vector is 30° above the negative x-axis. Aₓ = -10 cos30° = -5√3 N Aᵧ = +10 sin30° = +5 N.\n            </div>\n          </div>\n\n          <!-- Watch out & Quick Check -->\n          <div style="display:grid; grid-template-columns:repeat(auto-fit, minmax(280px, 1fr)); gap:16px;">\n            <div style="background:rgba(245,158,11,0.08); border:1px solid var(--warning); border-radius:var(--tab12-radius-sm); padding:14px 16px;">\n              <h4 style="font-size:13px; font-weight:800; text-transform:uppercase; letter-spacing:0.05em; color:var(--warning); margin-bottom:6px;">⚠️ Watch Out</h4>\n              <p style="font-size:14px; line-height:1.5; margin:0; color:var(--text-primary);">Do not memorize “cosine means x”. If the angle is measured from the y-axis, the y-component may be the adjacent side instead.</p>\n            </div>\n            <div style="background:rgba(52,211,153,0.08); border:1px solid var(--success); border-radius:var(--tab12-radius-sm); padding:14px 16px;">\n              <h4 style="font-size:13px; font-weight:800; text-transform:uppercase; letter-spacing:0.05em; color:var(--success); margin-bottom:6px;">✅ Quick Check</h4>\n              <p style="font-size:14px; line-height:1.5; margin:0 0 6px; color:var(--text-primary);">A vector has Aₓ=-6 and Aᵧ=+8. Which quadrant?</p>\n              <details style="margin-top:6px; cursor:pointer;">\n                <summary style="font-size:13px; font-weight:700; color:var(--success); padding:4px 0;">Reveal Answer</summary>\n                <div style="padding-top:6px; font-size:13.5px; font-weight:600; color:var(--text-primary);">Quadrant II; magnitude 10.</div>\n              </details>\n            </div>\n          </div>\n        </article>\n    \n\n        <!-- Unit 04: VECTORS 04 - Add vectors and find a resultant -->\n        <article class="content-card" id="unit-04" style="margin-bottom: 28px; border: 1.5px solid var(--border); border-radius: var(--tab12-radius-md); padding: 24px; background: var(--bg-card);">\n          <div style="display:flex; justify-content:space-between; align-items:flex-start; flex-wrap:wrap; gap:10px; margin-bottom:14px; border-bottom:1px solid var(--border); padding-bottom:12px;">\n            <div>\n              <span class="q-badge" style="background:rgba(56,189,248,0.15); border:1px solid var(--accent); color:var(--accent); font-weight:800; font-size:12px; padding:4px 10px; border-radius:999px;">Concept Unit 04</span>\n              <h2 style="font-size:20px; font-weight:700; margin:8px 0 4px; color:var(--text-primary);">VECTORS 04 - Add vectors and find a resultant</h2>\n              <p style="font-size:14px; color:var(--accent); font-weight:600; margin:0;">Head-to-tail geometry and component addition must agree</p>\n            </div>\n            <span class="tag-pill" style="font-size:12px; font-weight:700; background:rgba(192,132,252,0.15); border:1px solid var(--purple); color:var(--purple);">VEC-04 · Core 1</span>\n          </div>\n\n          <!-- Publication-grade Diagram -->\n          <div style="background:var(--bg-surface); border:1px solid var(--border); border-radius:var(--tab12-radius-sm); padding:16px; margin-bottom:20px;">\n            <svg xmlns="http://www.w3.org/2000/svg" viewBox="0 0 540 220" role="img" aria-label="Head to tail vector addition" style="width:100%;max-width:540px;height:auto;display:block;margin:12px auto;">\n  <defs>\n    <marker id="arr-va4" viewBox="0 0 10 10" refX="9" refY="5" markerWidth="6" markerHeight="6" orient="auto-start-reverse"><path d="M0 0 L10 5 L0 10 Z" fill="#38bdf8"/></marker>\n    <marker id="arr-vb4" viewBox="0 0 10 10" refX="9" refY="5" markerWidth="6" markerHeight="6" orient="auto-start-reverse"><path d="M0 0 L10 5 L0 10 Z" fill="#c084fc"/></marker>\n    <marker id="arr-vr4" viewBox="0 0 10 10" refX="9" refY="5" markerWidth="6" markerHeight="6" orient="auto-start-reverse"><path d="M0 0 L10 5 L0 10 Z" fill="#34d399"/></marker>\n  </defs>\n  <!-- Vector A -->\n  <line x1="80" y1="160" x2="230" y2="160" stroke="#38bdf8" stroke-width="3.5" marker-end="url(#arr-va4)"/>\n  <text x="155" y="180" text-anchor="middle" font-size="14" font-weight="800" fill="#38bdf8">A</text>\n  <!-- Vector B from head of A -->\n  <line x1="230" y1="160" x2="350" y2="70" stroke="#c084fc" stroke-width="3.5" marker-end="url(#arr-vb4)"/>\n  <text x="310" y="125" font-size="14" font-weight="800" fill="#c084fc">B</text>\n  <!-- Resultant R from tail of A to head of B -->\n  <line x1="80" y1="160" x2="344" y2="75" stroke="#34d399" stroke-width="4" marker-end="url(#arr-vr4)"/>\n  <text x="190" y="95" font-size="15" font-weight="800" fill="#34d399">R = A + B</text>\n  <!-- Component pill right -->\n  <rect x="380" y="60" width="130" height="90" rx="8" fill="rgba(52,211,153,0.1)" stroke="#34d399"/>\n  <text x="445" y="85" text-anchor="middle" font-size="12" font-weight="800" fill="#34d399">COMPONENTS</text>\n  <text x="445" y="112" text-anchor="middle" font-size="12" fill="currentColor">R_x = A_x + B_x</text>\n  <text x="445" y="132" text-anchor="middle" font-size="12" fill="currentColor">R_y = A_y + B_y</text>\n</svg>\n          </div>\n\n          <!-- Dual explanation grid -->\n          <div style="display:grid; grid-template-columns:repeat(auto-fit, minmax(280px, 1fr)); gap:18px; margin-bottom:20px;">\n            <div style="background:var(--bg-card-subtle); border-left:4px solid var(--accent); padding:14px 16px; border-radius:0 var(--tab12-radius-sm) var(--tab12-radius-sm) 0;">\n              <h4 style="font-size:14px; font-weight:800; text-transform:uppercase; letter-spacing:0.05em; color:var(--accent); margin-bottom:6px;">What is happening?</h4>\n              <p style="font-size:14.5px; line-height:1.6; margin:0; color:var(--text-primary);">Vector addition combines directional changes. Place vectors head-to-tail; the resultant runs from the first tail to the final head. In components, add x with x and y with y.</p>\n            </div>\n            <div style="background:var(--bg-card-subtle); border-left:4px solid var(--success); padding:14px 16px; border-radius:0 var(--tab12-radius-sm) var(--tab12-radius-sm) 0;">\n              <h4 style="font-size:14px; font-weight:800; text-transform:uppercase; letter-spacing:0.05em; color:var(--success); margin-bottom:6px;">Key Idea</h4>\n              <p style="font-size:14.5px; line-height:1.6; margin:0; color:var(--text-primary);">The resultant is not the path length. Geometry and components are two views of the same addition.</p>\n            </div>\n          </div>\n\n          <!-- How it works numbered sequence -->\n          <div style="background:rgba(255,255,255,0.02); border:1px solid var(--border-light); border-radius:var(--tab12-radius-sm); padding:16px 20px; margin-bottom:20px;">\n            <h4 style="font-size:14px; font-weight:800; text-transform:uppercase; letter-spacing:0.05em; color:var(--text-secondary); margin-bottom:10px;">How It Works</h4>\n            <ol style="margin:0; padding-left:22px; display:grid; gap:8px;">\n              <li style="font-size:14px; line-height:1.5; color:var(--text-primary);">Diagram route: place vectors head-to-tail and draw the closing diagonal.</li><li style="font-size:14px; line-height:1.5; color:var(--text-primary);">Component route: Rₓ=ΣAₓ, Rᵧ=ΣAᵧ.</li><li style="font-size:14px; line-height:1.5; color:var(--text-primary);">Magnitude: for perpendicular components, |R|=√(Rₓ²+Rᵧ²).</li><li style="font-size:14px; line-height:1.5; color:var(--text-primary);">Direction: use signs to fix the quadrant before using an inverse tangent.</li>\n            </ol>\n          </div>\n\n          <!-- Work the Idea: Worked Example -->\n          <div style="border:1px solid var(--border); border-radius:var(--tab12-radius-sm); overflow:hidden; margin-bottom:16px; background:var(--bg-card-subtle);">\n            <div style="background:rgba(56,189,248,0.08); padding:10px 16px; border-bottom:1px solid var(--border); display:flex; align-items:center; gap:8px;">\n              <span style="font-weight:800; font-size:13px; color:var(--accent);">⚡ WORKED EXAMPLE</span>\n            </div>\n            <div style="padding:14px 16px; font-size:14.5px; line-height:1.6;">\n              Example. 9 m east then 12 m north gives R=(9,12) m. |R|=√(9²+12²)=15 m. θ=tan⁻¹(12/9)=53.1° north of east.\n            </div>\n          </div>\n\n          <!-- Watch out & Quick Check -->\n          <div style="display:grid; grid-template-columns:repeat(auto-fit, minmax(280px, 1fr)); gap:16px;">\n            <div style="background:rgba(245,158,11,0.08); border:1px solid var(--warning); border-radius:var(--tab12-radius-sm); padding:14px 16px;">\n              <h4 style="font-size:13px; font-weight:800; text-transform:uppercase; letter-spacing:0.05em; color:var(--warning); margin-bottom:6px;">⚠️ Watch Out</h4>\n              <p style="font-size:14px; line-height:1.5; margin:0; color:var(--text-primary);">Do not add magnitudes blindly when directions differ. 9+12=21 m is the path distance, not the resultant displacement.</p>\n            </div>\n            <div style="background:rgba(52,211,153,0.08); border:1px solid var(--success); border-radius:var(--tab12-radius-sm); padding:14px 16px;">\n              <h4 style="font-size:13px; font-weight:800; text-transform:uppercase; letter-spacing:0.05em; color:var(--success); margin-bottom:6px;">✅ Quick Check</h4>\n              <p style="font-size:14px; line-height:1.5; margin:0 0 6px; color:var(--text-primary);">A walker moves 3 m east then 4 m north.</p>\n              <details style="margin-top:6px; cursor:pointer;">\n                <summary style="font-size:13px; font-weight:700; color:var(--success); padding:4px 0;">Reveal Answer</summary>\n                <div style="padding-top:6px; font-size:13.5px; font-weight:600; color:var(--text-primary);">5 m.</div>\n              </details>\n            </div>\n          </div>\n        </article>\n    \n\n        <!-- Unit 05: VECTORS 05 - Subtract vectors and build change vectors -->\n        <article class="content-card" id="unit-05" style="margin-bottom: 28px; border: 1.5px solid var(--border); border-radius: var(--tab12-radius-md); padding: 24px; background: var(--bg-card);">\n          <div style="display:flex; justify-content:space-between; align-items:flex-start; flex-wrap:wrap; gap:10px; margin-bottom:14px; border-bottom:1px solid var(--border); padding-bottom:12px;">\n            <div>\n              <span class="q-badge" style="background:rgba(56,189,248,0.15); border:1px solid var(--accent); color:var(--accent); font-weight:800; font-size:12px; padding:4px 10px; border-radius:999px;">Concept Unit 05</span>\n              <h2 style="font-size:20px; font-weight:700; margin:8px 0 4px; color:var(--text-primary);">VECTORS 05 - Subtract vectors and build change vectors</h2>\n              <p style="font-size:14px; color:var(--accent); font-weight:600; margin:0;">Final minus initial is a geometric operation</p>\n            </div>\n            <span class="tag-pill" style="font-size:12px; font-weight:700; background:rgba(192,132,252,0.15); border:1px solid var(--purple); color:var(--purple);">VEC-05 · Core 1</span>\n          </div>\n\n          <!-- Publication-grade Diagram -->\n          <div style="background:var(--bg-surface); border:1px solid var(--border); border-radius:var(--tab12-radius-sm); padding:16px; margin-bottom:20px;">\n            <svg xmlns="http://www.w3.org/2000/svg" viewBox="0 0 540 220" role="img" aria-label="Vector subtraction and change vector" style="width:100%;max-width:540px;height:auto;display:block;margin:12px auto;">\n  <defs>\n    <marker id="arr-vi" viewBox="0 0 10 10" refX="9" refY="5" markerWidth="6" markerHeight="6" orient="auto-start-reverse"><path d="M0 0 L10 5 L0 10 Z" fill="#38bdf8"/></marker>\n    <marker id="arr-vf" viewBox="0 0 10 10" refX="9" refY="5" markerWidth="6" markerHeight="6" orient="auto-start-reverse"><path d="M0 0 L10 5 L0 10 Z" fill="#38bdf8"/></marker>\n    <marker id="arr-dv" viewBox="0 0 10 10" refX="9" refY="5" markerWidth="6" markerHeight="6" orient="auto-start-reverse"><path d="M0 0 L10 5 L0 10 Z" fill="#f43f5e"/></marker>\n  </defs>\n  <!-- Initial vector v_i -->\n  <line x1="120" y1="160" x2="260" y2="160" stroke="#38bdf8" stroke-width="3" marker-end="url(#arr-vi)"/>\n  <text x="190" y="180" text-anchor="middle" font-size="14" font-weight="800" fill="#38bdf8">v_initial</text>\n  <!-- Final vector v_f from common origin -->\n  <line x1="120" y1="160" x2="240" y2="60" stroke="#38bdf8" stroke-width="3" marker-end="url(#arr-vf)"/>\n  <text x="160" y="95" font-size="14" font-weight="800" fill="#38bdf8">v_final</text>\n  <!-- Change vector Delta v from head of v_i to head of v_f -->\n  <line x1="260" y1="160" x2="244" y2="68" stroke="#f43f5e" stroke-width="3.5" marker-end="url(#arr-dv)"/>\n  <text x="275" y="110" font-size="14" font-weight="800" fill="#f43f5e">Δv = v_f - v_i</text>\n  <!-- Rule banner -->\n  <rect x="330" y="70" width="170" height="70" rx="8" fill="rgba(244,63,94,0.1)" stroke="#f43f5e"/>\n  <text x="415" y="95" text-anchor="middle" font-size="12" font-weight="800" fill="#f43f5e">SUBTRACTION</text>\n  <text x="415" y="120" text-anchor="middle" font-size="12" fill="currentColor">Draw from TIP of v_i to TIP of v_f</text>\n</svg>\n          </div>\n\n          <!-- Dual explanation grid -->\n          <div style="display:grid; grid-template-columns:repeat(auto-fit, minmax(280px, 1fr)); gap:18px; margin-bottom:20px;">\n            <div style="background:var(--bg-card-subtle); border-left:4px solid var(--accent); padding:14px 16px; border-radius:0 var(--tab12-radius-sm) var(--tab12-radius-sm) 0;">\n              <h4 style="font-size:14px; font-weight:800; text-transform:uppercase; letter-spacing:0.05em; color:var(--accent); margin-bottom:6px;">What is happening?</h4>\n              <p style="font-size:14.5px; line-height:1.6; margin:0; color:var(--text-primary);">Vector subtraction means add the opposite: A-B=A+(-B). Changes use the same rule: Δv=v_f-v_i and Δp=p_f-p_i.</p>\n            </div>\n            <div style="background:var(--bg-card-subtle); border-left:4px solid var(--success); padding:14px 16px; border-radius:0 var(--tab12-radius-sm) var(--tab12-radius-sm) 0;">\n              <h4 style="font-size:14px; font-weight:800; text-transform:uppercase; letter-spacing:0.05em; color:var(--success); margin-bottom:6px;">Key Idea</h4>\n              <p style="font-size:14.5px; line-height:1.6; margin:0; color:var(--text-primary);">A change vector compares two states. Equal magnitudes do not imply zero change when directions differ.</p>\n            </div>\n          </div>\n\n          <!-- How it works numbered sequence -->\n          <div style="background:rgba(255,255,255,0.02); border:1px solid var(--border-light); border-radius:var(--tab12-radius-sm); padding:16px 20px; margin-bottom:20px;">\n            <h4 style="font-size:14px; font-weight:800; text-transform:uppercase; letter-spacing:0.05em; color:var(--text-secondary); margin-bottom:10px;">How It Works</h4>\n            <ol style="margin:0; padding-left:22px; display:grid; gap:8px;">\n              <li style="font-size:14px; line-height:1.5; color:var(--text-primary);">State: draw or write the initial and final vectors from a common origin.</li><li style="font-size:14px; line-height:1.5; color:var(--text-primary);">Reverse: subtracting a vector means reversing it before addition.</li><li style="font-size:14px; line-height:1.5; color:var(--text-primary);">Compute: subtract corresponding components.</li><li style="font-size:14px; line-height:1.5; color:var(--text-primary);">Interpret: the change vector has its own magnitude and direction.</li>\n            </ol>\n          </div>\n\n          <!-- Work the Idea: Worked Example -->\n          <div style="border:1px solid var(--border); border-radius:var(--tab12-radius-sm); overflow:hidden; margin-bottom:16px; background:var(--bg-card-subtle);">\n            <div style="background:rgba(56,189,248,0.08); padding:10px 16px; border-bottom:1px solid var(--border); display:flex; align-items:center; gap:8px;">\n              <span style="font-weight:800; font-size:13px; color:var(--accent);">⚡ WORKED EXAMPLE</span>\n            </div>\n            <div style="padding:14px 16px; font-size:14.5px; line-height:1.6;">\n              Example. vᵢ=(6,0) m/s and v_f=(0,6) m/s. Δv=(-6,6) m/s |Δv|=√72=6√2 m/s.\n            </div>\n          </div>\n\n          <!-- Watch out & Quick Check -->\n          <div style="display:grid; grid-template-columns:repeat(auto-fit, minmax(280px, 1fr)); gap:16px;">\n            <div style="background:rgba(245,158,11,0.08); border:1px solid var(--warning); border-radius:var(--tab12-radius-sm); padding:14px 16px;">\n              <h4 style="font-size:13px; font-weight:800; text-transform:uppercase; letter-spacing:0.05em; color:var(--warning); margin-bottom:6px;">⚠️ Watch Out</h4>\n              <p style="font-size:14px; line-height:1.5; margin:0; color:var(--text-primary);">Do not say “speed did not change, so velocity did not change”. Turning changes velocity even at constant speed.</p>\n            </div>\n            <div style="background:rgba(52,211,153,0.08); border:1px solid var(--success); border-radius:var(--tab12-radius-sm); padding:14px 16px;">\n              <h4 style="font-size:13px; font-weight:800; text-transform:uppercase; letter-spacing:0.05em; color:var(--success); margin-bottom:6px;">✅ Quick Check</h4>\n              <p style="font-size:14px; line-height:1.5; margin:0 0 6px; color:var(--text-primary);">Velocity changes from +5 m/s to -2 m/s. What is</p>\n              <details style="margin-top:6px; cursor:pointer;">\n                <summary style="font-size:13px; font-weight:700; color:var(--success); padding:4px 0;">Reveal Answer</summary>\n                <div style="padding-top:6px; font-size:13.5px; font-weight:600; color:var(--text-primary);">-7 m/s.</div>\n              </details>\n            </div>\n          </div>\n        </article>\n    \n\n        <!-- Unit 06: VECTORS 06 - Recover magnitude and direction -->\n        <article class="content-card" id="unit-06" style="margin-bottom: 28px; border: 1.5px solid var(--border); border-radius: var(--tab12-radius-md); padding: 24px; background: var(--bg-card);">\n          <div style="display:flex; justify-content:space-between; align-items:flex-start; flex-wrap:wrap; gap:10px; margin-bottom:14px; border-bottom:1px solid var(--border); padding-bottom:12px;">\n            <div>\n              <span class="q-badge" style="background:rgba(56,189,248,0.15); border:1px solid var(--accent); color:var(--accent); font-weight:800; font-size:12px; padding:4px 10px; border-radius:999px;">Concept Unit 06</span>\n              <h2 style="font-size:20px; font-weight:700; margin:8px 0 4px; color:var(--text-primary);">VECTORS 06 - Recover magnitude and direction</h2>\n              <p style="font-size:14px; color:var(--accent); font-weight:600; margin:0;">Components are coordinates of the vector state</p>\n            </div>\n            <span class="tag-pill" style="font-size:12px; font-weight:700; background:rgba(192,132,252,0.15); border:1px solid var(--purple); color:var(--purple);">VEC-06 · Core 1</span>\n          </div>\n\n          <!-- Publication-grade Diagram -->\n          <div style="background:var(--bg-surface); border:1px solid var(--border); border-radius:var(--tab12-radius-sm); padding:16px; margin-bottom:20px;">\n            <svg xmlns="http://www.w3.org/2000/svg" viewBox="0 0 540 220" role="img" aria-label="Recovering magnitude and direction from components" style="width:100%;max-width:540px;height:auto;display:block;margin:12px auto;">\n  <defs>\n    <marker id="arr-m6" viewBox="0 0 10 10" refX="9" refY="5" markerWidth="6" markerHeight="6" orient="auto-start-reverse"><path d="M0 0 L10 5 L0 10 Z" fill="#34d399"/></marker>\n  </defs>\n  <!-- Base component triangle -->\n  <line x1="100" y1="160" x2="260" y2="160" stroke="#38bdf8" stroke-width="3"/>\n  <text x="180" y="180" text-anchor="middle" font-size="13" font-weight="800" fill="#38bdf8">A_x = 3</text>\n  <line x1="260" y1="160" x2="260" y2="60" stroke="#38bdf8" stroke-width="3"/>\n  <text x="290" y="115" font-size="13" font-weight="800" fill="#38bdf8">A_y = 4</text>\n  <!-- Hypotenuse Vector -->\n  <line x1="100" y1="160" x2="255" y2="64" stroke="#34d399" stroke-width="4" marker-end="url(#arr-m6)"/>\n  <text x="150" y="95" font-size="15" font-weight="800" fill="#34d399">|A| = 5</text>\n  <!-- Angle -->\n  <path d="M 140 160 A 40 40 0 0 0 133 139" fill="none" stroke="#fbbf24" stroke-width="2"/>\n  <text x="150" y="148" font-size="12" font-weight="800" fill="#fbbf24">θ = 53°</text>\n  <!-- Formulas card -->\n  <rect x="330" y="55" width="170" height="95" rx="8" fill="rgba(56,189,248,0.08)" stroke="#38bdf8"/>\n  <text x="415" y="82" text-anchor="middle" font-size="13" font-weight="800" fill="#38bdf8">RECONSTRUCTION</text>\n  <text x="415" y="110" text-anchor="middle" font-size="12" fill="currentColor">|A| = √(Ax² + Ay²)</text>\n  <text x="415" y="132" text-anchor="middle" font-size="12" fill="currentColor">tan θ = |Ay| / |Ax|</text>\n</svg>\n          </div>\n\n          <!-- Dual explanation grid -->\n          <div style="display:grid; grid-template-columns:repeat(auto-fit, minmax(280px, 1fr)); gap:18px; margin-bottom:20px;">\n            <div style="background:var(--bg-card-subtle); border-left:4px solid var(--accent); padding:14px 16px; border-radius:0 var(--tab12-radius-sm) var(--tab12-radius-sm) 0;">\n              <h4 style="font-size:14px; font-weight:800; text-transform:uppercase; letter-spacing:0.05em; color:var(--accent); margin-bottom:6px;">What is happening?</h4>\n              <p style="font-size:14.5px; line-height:1.6; margin:0; color:var(--text-primary);">When Rₓ and Rᵧ are known, the magnitude follows from the component triangle. The direction needs both a reference axis and the correct quadrant.</p>\n            </div>\n            <div style="background:var(--bg-card-subtle); border-left:4px solid var(--success); padding:14px 16px; border-radius:0 var(--tab12-radius-sm) var(--tab12-radius-sm) 0;">\n              <h4 style="font-size:14px; font-weight:800; text-transform:uppercase; letter-spacing:0.05em; color:var(--success); margin-bottom:6px;">Key Idea</h4>\n              <p style="font-size:14.5px; line-height:1.6; margin:0; color:var(--text-primary);">Magnitude alone is not a complete vector answer. Report direction whenever the question asks for a vector.</p>\n            </div>\n          </div>\n\n          <!-- How it works numbered sequence -->\n          <div style="background:rgba(255,255,255,0.02); border:1px solid var(--border-light); border-radius:var(--tab12-radius-sm); padding:16px 20px; margin-bottom:20px;">\n            <h4 style="font-size:14px; font-weight:800; text-transform:uppercase; letter-spacing:0.05em; color:var(--text-secondary); margin-bottom:10px;">How It Works</h4>\n            <ol style="margin:0; padding-left:22px; display:grid; gap:8px;">\n              <li style="font-size:14px; line-height:1.5; color:var(--text-primary);">Magnitude: |R|=√(Rₓ²+Rᵧ²) for perpendicular Cartesian components.</li><li style="font-size:14px; line-height:1.5; color:var(--text-primary);">Reference angle: tan α=|Rᵧ/Rₓ|.</li><li style="font-size:14px; line-height:1.5; color:var(--text-primary);">Quadrant: use the signs of Rₓ and Rᵧ to convert α into a physical direction.</li><li style="font-size:14px; line-height:1.5; color:var(--text-primary);">Check: reconstruct the components from the final magnitude and direction.</li>\n            </ol>\n          </div>\n\n          <!-- Work the Idea: Worked Example -->\n          <div style="border:1px solid var(--border); border-radius:var(--tab12-radius-sm); overflow:hidden; margin-bottom:16px; background:var(--bg-card-subtle);">\n            <div style="background:rgba(56,189,248,0.08); padding:10px 16px; border-bottom:1px solid var(--border); display:flex; align-items:center; gap:8px;">\n              <span style="font-weight:800; font-size:13px; color:var(--accent);">⚡ WORKED EXAMPLE</span>\n            </div>\n            <div style="padding:14px 16px; font-size:14.5px; line-height:1.6;">\n              Example. F=(9,-12) N. |F|=15 N. Reference angle = tan⁻¹(12/9)=53.1°. Signs (+,-) place it in quadrant IV: 53.1° south of east.\n            </div>\n          </div>\n\n          <!-- Watch out & Quick Check -->\n          <div style="display:grid; grid-template-columns:repeat(auto-fit, minmax(280px, 1fr)); gap:16px;">\n            <div style="background:rgba(245,158,11,0.08); border:1px solid var(--warning); border-radius:var(--tab12-radius-sm); padding:14px 16px;">\n              <h4 style="font-size:13px; font-weight:800; text-transform:uppercase; letter-spacing:0.05em; color:var(--warning); margin-bottom:6px;">⚠️ Watch Out</h4>\n              <p style="font-size:14px; line-height:1.5; margin:0; color:var(--text-primary);">A calculator inverse tangent can return only a reference angle. It cannot choose the physical quadrant for you.</p>\n            </div>\n            <div style="background:rgba(52,211,153,0.08); border:1px solid var(--success); border-radius:var(--tab12-radius-sm); padding:14px 16px;">\n              <h4 style="font-size:13px; font-weight:800; text-transform:uppercase; letter-spacing:0.05em; color:var(--success); margin-bottom:6px;">✅ Quick Check</h4>\n              <p style="font-size:14px; line-height:1.5; margin:0 0 6px; color:var(--text-primary);">R=(-3,-4). Give magnitude and compass-style</p>\n              <details style="margin-top:6px; cursor:pointer;">\n                <summary style="font-size:13px; font-weight:700; color:var(--success); padding:4px 0;">Reveal Answer</summary>\n                <div style="padding-top:6px; font-size:13.5px; font-weight:600; color:var(--text-primary);">5 units; 53.1° south of west.</div>\n              </details>\n            </div>\n          </div>\n        </article>\n    \n\n        <!-- Unit 07: VECTORS 07 - Relative velocity -->\n        <article class="content-card" id="unit-07" style="margin-bottom: 28px; border: 1.5px solid var(--border); border-radius: var(--tab12-radius-md); padding: 24px; background: var(--bg-card);">\n          <div style="display:flex; justify-content:space-between; align-items:flex-start; flex-wrap:wrap; gap:10px; margin-bottom:14px; border-bottom:1px solid var(--border); padding-bottom:12px;">\n            <div>\n              <span class="q-badge" style="background:rgba(56,189,248,0.15); border:1px solid var(--accent); color:var(--accent); font-weight:800; font-size:12px; padding:4px 10px; border-radius:999px;">Concept Unit 07</span>\n              <h2 style="font-size:20px; font-weight:700; margin:8px 0 4px; color:var(--text-primary);">VECTORS 07 - Relative velocity</h2>\n              <p style="font-size:14px; color:var(--accent); font-weight:600; margin:0;">The observer is the vector you subtract</p>\n            </div>\n            <span class="tag-pill" style="font-size:12px; font-weight:700; background:rgba(192,132,252,0.15); border:1px solid var(--purple); color:var(--purple);">VEC-07 · Core 1</span>\n          </div>\n\n          <!-- Publication-grade Diagram -->\n          <div style="background:var(--bg-surface); border:1px solid var(--border); border-radius:var(--tab12-radius-sm); padding:16px; margin-bottom:20px;">\n            <svg xmlns="http://www.w3.org/2000/svg" viewBox="0 0 540 220" role="img" aria-label="Relative velocity subtraction" style="width:100%;max-width:540px;height:auto;display:block;margin:12px auto;">\n  <defs>\n    <marker id="arr-car" viewBox="0 0 10 10" refX="9" refY="5" markerWidth="6" markerHeight="6" orient="auto-start-reverse"><path d="M0 0 L10 5 L0 10 Z" fill="#38bdf8"/></marker>\n    <marker id="arr-rel" viewBox="0 0 10 10" refX="9" refY="5" markerWidth="6" markerHeight="6" orient="auto-start-reverse"><path d="M0 0 L10 5 L0 10 Z" fill="#34d399"/></marker>\n  </defs>\n  <!-- Car A -->\n  <rect x="70" y="50" width="80" height="40" rx="6" fill="rgba(56,189,248,0.2)" stroke="#38bdf8"/>\n  <text x="110" y="75" text-anchor="middle" font-size="13" font-weight="800" fill="currentColor">Car A</text>\n  <line x1="150" y1="70" x2="270" y2="70" stroke="#38bdf8" stroke-width="3" marker-end="url(#arr-car)"/>\n  <text x="210" y="60" text-anchor="middle" font-size="12" font-weight="800" fill="#38bdf8">v_A = 20 m/s</text>\n  <!-- Car B -->\n  <rect x="70" y="120" width="80" height="40" rx="6" fill="rgba(192,132,252,0.2)" stroke="#c084fc"/>\n  <text x="110" y="145" text-anchor="middle" font-size="13" font-weight="800" fill="currentColor">Car B</text>\n  <line x1="150" y1="140" x2="230" y2="140" stroke="#c084fc" stroke-width="3" marker-end="url(#arr-car)"/>\n  <text x="190" y="130" text-anchor="middle" font-size="12" font-weight="800" fill="#c084fc">v_B = 15 m/s</text>\n  <!-- Relative velocity vector -->\n  <rect x="310" y="60" width="190" height="90" rx="8" fill="rgba(52,211,153,0.1)" stroke="#34d399"/>\n  <text x="405" y="85" text-anchor="middle" font-size="13" font-weight="800" fill="#34d399">RELATIVE VELOCITY</text>\n  <line x1="340" y1="110" x2="400" y2="110" stroke="#34d399" stroke-width="3" marker-end="url(#arr-rel)"/>\n  <text x="440" y="115" font-size="12" font-weight="800" fill="#34d399">v_AB = v_A - v_B</text>\n  <text x="405" y="138" text-anchor="middle" font-size="12" fill="currentColor">= 20 - 15 = +5 m/s</text>\n</svg>\n          </div>\n\n          <!-- Dual explanation grid -->\n          <div style="display:grid; grid-template-columns:repeat(auto-fit, minmax(280px, 1fr)); gap:18px; margin-bottom:20px;">\n            <div style="background:var(--bg-card-subtle); border-left:4px solid var(--accent); padding:14px 16px; border-radius:0 var(--tab12-radius-sm) var(--tab12-radius-sm) 0;">\n              <h4 style="font-size:14px; font-weight:800; text-transform:uppercase; letter-spacing:0.05em; color:var(--accent); margin-bottom:6px;">What is happening?</h4>\n              <p style="font-size:14.5px; line-height:1.6; margin:0; color:var(--text-primary);">Relative velocity asks what one observer sees another object doing. “Velocity of A relative to B” means subtract the observer B from A.</p>\n            </div>\n            <div style="background:var(--bg-card-subtle); border-left:4px solid var(--success); padding:14px 16px; border-radius:0 var(--tab12-radius-sm) var(--tab12-radius-sm) 0;">\n              <h4 style="font-size:14px; font-weight:800; text-transform:uppercase; letter-spacing:0.05em; color:var(--success); margin-bottom:6px;">Key Idea</h4>\n              <p style="font-size:14.5px; line-height:1.6; margin:0; color:var(--text-primary);">Order follows the words: v_A/B = v_A - v_B. Express both velocities in the same axes before subtracting.</p>\n            </div>\n          </div>\n\n          <!-- How it works numbered sequence -->\n          <div style="background:rgba(255,255,255,0.02); border:1px solid var(--border-light); border-radius:var(--tab12-radius-sm); padding:16px 20px; margin-bottom:20px;">\n            <h4 style="font-size:14px; font-weight:800; text-transform:uppercase; letter-spacing:0.05em; color:var(--text-secondary); margin-bottom:10px;">How It Works</h4>\n            <ol style="margin:0; padding-left:22px; display:grid; gap:8px;">\n              <li style="font-size:14px; line-height:1.5; color:var(--text-primary);">Name roles: object A, observer B.</li><li style="font-size:14px; line-height:1.5; color:var(--text-primary);">Same frame: write both ground-frame velocity vectors using one coordinate system.</li><li style="font-size:14px; line-height:1.5; color:var(--text-primary);">Subtract: component-by-component.</li><li style="font-size:14px; line-height:1.5; color:var(--text-primary);">Special case: if A and B move together with identical velocity, v_A/B must be zero.</li>\n            </ol>\n          </div>\n\n          <!-- Work the Idea: Worked Example -->\n          <div style="border:1px solid var(--border); border-radius:var(--tab12-radius-sm); overflow:hidden; margin-bottom:16px; background:var(--bg-card-subtle);">\n            <div style="background:rgba(56,189,248,0.08); padding:10px 16px; border-bottom:1px solid var(--border); display:flex; align-items:center; gap:8px;">\n              <span style="font-weight:800; font-size:13px; color:var(--accent);">⚡ WORKED EXAMPLE</span>\n            </div>\n            <div style="padding:14px 16px; font-size:14.5px; line-height:1.6;">\n              Example. Cyclist A moves east at 8 m/s and B east at 5 m/s. v_A/B = +8-(+5)=+3 m/s: A moves 3 m/s east relative to B.\n            </div>\n          </div>\n\n          <!-- Watch out & Quick Check -->\n          <div style="display:grid; grid-template-columns:repeat(auto-fit, minmax(280px, 1fr)); gap:16px;">\n            <div style="background:rgba(245,158,11,0.08); border:1px solid var(--warning); border-radius:var(--tab12-radius-sm); padding:14px 16px;">\n              <h4 style="font-size:13px; font-weight:800; text-transform:uppercase; letter-spacing:0.05em; color:var(--warning); margin-bottom:6px;">⚠️ Watch Out</h4>\n              <p style="font-size:14px; line-height:1.5; margin:0; color:var(--text-primary);">Do not reverse the order. v_A/B and v_B/A are opposites.</p>\n            </div>\n            <div style="background:rgba(52,211,153,0.08); border:1px solid var(--success); border-radius:var(--tab12-radius-sm); padding:14px 16px;">\n              <h4 style="font-size:13px; font-weight:800; text-transform:uppercase; letter-spacing:0.05em; color:var(--success); margin-bottom:6px;">✅ Quick Check</h4>\n              <p style="font-size:14px; line-height:1.5; margin:0 0 6px; color:var(--text-primary);">If A and B have identical velocity vectors, what is</p>\n              <details style="margin-top:6px; cursor:pointer;">\n                <summary style="font-size:13px; font-weight:700; color:var(--success); padding:4px 0;">Reveal Answer</summary>\n                <div style="padding-top:6px; font-size:13.5px; font-weight:600; color:var(--text-primary);">0.</div>\n              </details>\n            </div>\n          </div>\n        </article>\n    \n\n        <!-- Unit 08: VECTORS 08 - Tangent and radial directions -->\n        <article class="content-card" id="unit-08" style="margin-bottom: 28px; border: 1.5px solid var(--border); border-radius: var(--tab12-radius-md); padding: 24px; background: var(--bg-card);">\n          <div style="display:flex; justify-content:space-between; align-items:flex-start; flex-wrap:wrap; gap:10px; margin-bottom:14px; border-bottom:1px solid var(--border); padding-bottom:12px;">\n            <div>\n              <span class="q-badge" style="background:rgba(56,189,248,0.15); border:1px solid var(--accent); color:var(--accent); font-weight:800; font-size:12px; padding:4px 10px; border-radius:999px;">Concept Unit 08</span>\n              <h2 style="font-size:20px; font-weight:700; margin:8px 0 4px; color:var(--text-primary);">VECTORS 08 - Tangent and radial directions</h2>\n              <p style="font-size:14px; color:var(--accent); font-weight:600; margin:0;">Circular motion separates velocity direction from acceleration direction</p>\n            </div>\n            <span class="tag-pill" style="font-size:12px; font-weight:700; background:rgba(192,132,252,0.15); border:1px solid var(--purple); color:var(--purple);">VEC-08 · Core 1</span>\n          </div>\n\n          <!-- Publication-grade Diagram -->\n          <div style="background:var(--bg-surface); border:1px solid var(--border); border-radius:var(--tab12-radius-sm); padding:16px; margin-bottom:20px;">\n            <svg xmlns="http://www.w3.org/2000/svg" viewBox="0 0 540 220" role="img" aria-label="Tangent velocity and radial acceleration" style="width:100%;max-width:540px;height:auto;display:block;margin:12px auto;">\n  <defs>\n    <marker id="arr-tan" viewBox="0 0 10 10" refX="9" refY="5" markerWidth="6" markerHeight="6" orient="auto-start-reverse"><path d="M0 0 L10 5 L0 10 Z" fill="#34d399"/></marker>\n    <marker id="arr-rad" viewBox="0 0 10 10" refX="9" refY="5" markerWidth="6" markerHeight="6" orient="auto-start-reverse"><path d="M0 0 L10 5 L0 10 Z" fill="#ef4444"/></marker>\n  </defs>\n  <!-- Circle path -->\n  <circle cx="270" cy="120" r="70" fill="none" stroke="var(--border,#475569)" stroke-width="2" stroke-dasharray="4 4"/>\n  <circle cx="270" cy="120" r="4" fill="currentColor"/>\n  <text x="270" y="140" text-anchor="middle" font-size="11" fill="var(--text-secondary,#94a3b8)">Center</text>\n  <!-- Particle at top -->\n  <circle cx="270" cy="50" r="7" fill="#38bdf8"/>\n  <!-- Tangent velocity -->\n  <line x1="270" y1="50" x2="360" y2="50" stroke="#34d399" stroke-width="3.5" marker-end="url(#arr-tan)"/>\n  <text x="320" y="40" font-size="13" font-weight="800" fill="#34d399">v_t (Tangent)</text>\n  <!-- Inward radial acceleration -->\n  <line x1="270" y1="50" x2="270" y2="95" stroke="#ef4444" stroke-width="3.5" marker-end="url(#arr-rad)"/>\n  <text x="280" y="80" font-size="13" font-weight="800" fill="#ef4444">a_c (Radial)</text>\n  <!-- 90 degree angle indicator -->\n  <rect x="270" y="50" width="10" height="10" fill="none" stroke="currentColor"/>\n  <!-- Callout left -->\n  <rect x="60" y="70" width="150" height="70" rx="8" fill="rgba(56,189,248,0.08)" stroke="#38bdf8"/>\n  <text x="135" y="95" text-anchor="middle" font-size="12" font-weight="800" fill="#38bdf8">ORTHOGONAL</text>\n  <text x="135" y="115" text-anchor="middle" font-size="12" fill="currentColor">v_t ⊥ a_c at all times</text>\n</svg>\n          </div>\n\n          <!-- Dual explanation grid -->\n          <div style="display:grid; grid-template-columns:repeat(auto-fit, minmax(280px, 1fr)); gap:18px; margin-bottom:20px;">\n            <div style="background:var(--bg-card-subtle); border-left:4px solid var(--accent); padding:14px 16px; border-radius:0 var(--tab12-radius-sm) var(--tab12-radius-sm) 0;">\n              <h4 style="font-size:14px; font-weight:800; text-transform:uppercase; letter-spacing:0.05em; color:var(--accent); margin-bottom:6px;">What is happening?</h4>\n              <p style="font-size:14.5px; line-height:1.6; margin:0; color:var(--text-primary);">At any point on a circular path, instantaneous velocity is tangent to the path. Centripetal acceleration points radially inward toward the centre.</p>\n            </div>\n            <div style="background:var(--bg-card-subtle); border-left:4px solid var(--success); padding:14px 16px; border-radius:0 var(--tab12-radius-sm) var(--tab12-radius-sm) 0;">\n              <h4 style="font-size:14px; font-weight:800; text-transform:uppercase; letter-spacing:0.05em; color:var(--success); margin-bottom:6px;">Key Idea</h4>\n              <p style="font-size:14.5px; line-height:1.6; margin:0; color:var(--text-primary);">Constant speed does not mean constant velocity. Direction changes continuously, so the velocity vector changes and acceleration is nonzero.</p>\n            </div>\n          </div>\n\n          <!-- How it works numbered sequence -->\n          <div style="background:rgba(255,255,255,0.02); border:1px solid var(--border-light); border-radius:var(--tab12-radius-sm); padding:16px 20px; margin-bottom:20px;">\n            <h4 style="font-size:14px; font-weight:800; text-transform:uppercase; letter-spacing:0.05em; color:var(--text-secondary); margin-bottom:10px;">How It Works</h4>\n            <ol style="margin:0; padding-left:22px; display:grid; gap:8px;">\n              <li style="font-size:14px; line-height:1.5; color:var(--text-primary);">Draw: mark the radius from the particle to the centre.</li><li style="font-size:14px; line-height:1.5; color:var(--text-primary);">Velocity: draw a tangent perpendicular to the radius.</li><li style="font-size:14px; line-height:1.5; color:var(--text-primary);">Acceleration: point inward along the radius.</li><li style="font-size:14px; line-height:1.5; color:var(--text-primary);">Release: if the inward constraint disappears, the object initially continues along the tangent.</li>\n            </ol>\n          </div>\n\n          <!-- Work the Idea: Worked Example -->\n          <div style="border:1px solid var(--border); border-radius:var(--tab12-radius-sm); overflow:hidden; margin-bottom:16px; background:var(--bg-card-subtle);">\n            <div style="background:rgba(56,189,248,0.08); padding:10px 16px; border-bottom:1px solid var(--border); display:flex; align-items:center; gap:8px;">\n              <span style="font-weight:800; font-size:13px; color:var(--accent);">⚡ WORKED EXAMPLE</span>\n            </div>\n            <div style="padding:14px 16px; font-size:14.5px; line-height:1.6;">\n              Example. At the rightmost point of a circle, acceleration points left toward the centre. Velocity is vertical along the tangent; up/down depends on the direction of travel.\n            </div>\n          </div>\n\n          <!-- Watch out & Quick Check -->\n          <div style="display:grid; grid-template-columns:repeat(auto-fit, minmax(280px, 1fr)); gap:16px;">\n            <div style="background:rgba(245,158,11,0.08); border:1px solid var(--warning); border-radius:var(--tab12-radius-sm); padding:14px 16px;">\n              <h4 style="font-size:13px; font-weight:800; text-transform:uppercase; letter-spacing:0.05em; color:var(--warning); margin-bottom:6px;">⚠️ Watch Out</h4>\n              <p style="font-size:14px; line-height:1.5; margin:0; color:var(--text-primary);">Do not draw the release direction radially outward. “Centrifugal” is not the instantaneous velocity direction in an inertial frame.</p>\n            </div>\n            <div style="background:rgba(52,211,153,0.08); border:1px solid var(--success); border-radius:var(--tab12-radius-sm); padding:14px 16px;">\n              <h4 style="font-size:13px; font-weight:800; text-transform:uppercase; letter-spacing:0.05em; color:var(--success); margin-bottom:6px;">✅ Quick Check</h4>\n              <p style="font-size:14px; line-height:1.5; margin:0 0 6px; color:var(--text-primary);">A stone moves clockwise. At the top of the circle</p>\n              <details style="margin-top:6px; cursor:pointer;">\n                <summary style="font-size:13px; font-weight:700; color:var(--success); padding:4px 0;">Reveal Answer</summary>\n                <div style="padding-top:6px; font-size:13.5px; font-weight:600; color:var(--text-primary);">Rightward along the tangent.</div>\n              </details>\n            </div>\n          </div>\n        </article>\n    \n\n        <!-- Unit 09: VECTORS 09 - Interaction pairs and body ownership -->\n        <article class="content-card" id="unit-09" style="margin-bottom: 28px; border: 1.5px solid var(--border); border-radius: var(--tab12-radius-md); padding: 24px; background: var(--bg-card);">\n          <div style="display:flex; justify-content:space-between; align-items:flex-start; flex-wrap:wrap; gap:10px; margin-bottom:14px; border-bottom:1px solid var(--border); padding-bottom:12px;">\n            <div>\n              <span class="q-badge" style="background:rgba(56,189,248,0.15); border:1px solid var(--accent); color:var(--accent); font-weight:800; font-size:12px; padding:4px 10px; border-radius:999px;">Concept Unit 09</span>\n              <h2 style="font-size:20px; font-weight:700; margin:8px 0 4px; color:var(--text-primary);">VECTORS 09 - Interaction pairs and body ownership</h2>\n              <p style="font-size:14px; color:var(--accent); font-weight:600; margin:0;">Equal-and-opposite forces can act on different bodies</p>\n            </div>\n            <span class="tag-pill" style="font-size:12px; font-weight:700; background:rgba(192,132,252,0.15); border:1px solid var(--purple); color:var(--purple);">VEC-09 · Core 1</span>\n          </div>\n\n          <!-- Publication-grade Diagram -->\n          <div style="background:var(--bg-surface); border:1px solid var(--border); border-radius:var(--tab12-radius-sm); padding:16px; margin-bottom:20px;">\n            <svg xmlns="http://www.w3.org/2000/svg" viewBox="0 0 540 220" role="img" aria-label="Interaction pairs and body ownership" style="width:100%;max-width:540px;height:auto;display:block;margin:12px auto;">\n  <defs>\n    <marker id="arr-fa" viewBox="0 0 10 10" refX="9" refY="5" markerWidth="6" markerHeight="6" orient="auto-start-reverse"><path d="M0 0 L10 5 L0 10 Z" fill="#38bdf8"/></marker>\n    <marker id="arr-fb" viewBox="0 0 10 10" refX="9" refY="5" markerWidth="6" markerHeight="6" orient="auto-start-reverse"><path d="M0 0 L10 5 L0 10 Z" fill="#c084fc"/></marker>\n  </defs>\n  <!-- Floor -->\n  <line x1="60" y1="160" x2="480" y2="160" stroke="var(--border,#334155)" stroke-width="2"/>\n  <!-- Block A -->\n  <rect x="140" y="80" width="80" height="80" rx="6" fill="rgba(56,189,248,0.15)" stroke="#38bdf8" stroke-width="2"/>\n  <text x="180" y="125" text-anchor="middle" font-size="18" font-weight="800" fill="#38bdf8">A</text>\n  <!-- Block B -->\n  <rect x="250" y="80" width="100" height="80" rx="6" fill="rgba(192,132,252,0.15)" stroke="#c084fc" stroke-width="2"/>\n  <text x="300" y="125" text-anchor="middle" font-size="18" font-weight="800" fill="#c084fc">B</text>\n  <!-- Contact force on B by A -->\n  <line x1="250" y1="120" x2="320" y2="120" stroke="#38bdf8" stroke-width="3.5" marker-end="url(#arr-fa)"/>\n  <text x="285" y="105" text-anchor="middle" font-size="11" font-weight="800" fill="#38bdf8">F_BA</text>\n  <!-- Contact force on A by B -->\n  <line x1="220" y1="120" x2="150" y2="120" stroke="#c084fc" stroke-width="3.5" marker-end="url(#arr-fb)"/>\n  <text x="185" y="105" text-anchor="middle" font-size="11" font-weight="800" fill="#c084fc">F_AB</text>\n  <!-- Bottom rule -->\n  <text x="270" y="195" text-anchor="middle" font-size="13" font-weight="800" fill="var(--accent,#38bdf8)">Different bodies: F_AB acts on A, F_BA acts on B</text>\n</svg>\n          </div>\n\n          <!-- Dual explanation grid -->\n          <div style="display:grid; grid-template-columns:repeat(auto-fit, minmax(280px, 1fr)); gap:18px; margin-bottom:20px;">\n            <div style="background:var(--bg-card-subtle); border-left:4px solid var(--accent); padding:14px 16px; border-radius:0 var(--tab12-radius-sm) var(--tab12-radius-sm) 0;">\n              <h4 style="font-size:14px; font-weight:800; text-transform:uppercase; letter-spacing:0.05em; color:var(--accent); margin-bottom:6px;">What is happening?</h4>\n              <p style="font-size:14.5px; line-height:1.6; margin:0; color:var(--text-primary);">Newton-III pairs are vector pairs with equal magnitude and opposite direction, but they act on different bodies. Net-force equations contain only forces acting on the chosen body.</p>\n            </div>\n            <div style="background:var(--bg-card-subtle); border-left:4px solid var(--success); padding:14px 16px; border-radius:0 var(--tab12-radius-sm) var(--tab12-radius-sm) 0;">\n              <h4 style="font-size:14px; font-weight:800; text-transform:uppercase; letter-spacing:0.05em; color:var(--success); margin-bottom:6px;">Key Idea</h4>\n              <p style="font-size:14.5px; line-height:1.6; margin:0; color:var(--text-primary);">Body ownership prevents false cancellation. Always label force as “A on B”.</p>\n            </div>\n          </div>\n\n          <!-- How it works numbered sequence -->\n          <div style="background:rgba(255,255,255,0.02); border:1px solid var(--border-light); border-radius:var(--tab12-radius-sm); padding:16px 20px; margin-bottom:20px;">\n            <h4 style="font-size:14px; font-weight:800; text-transform:uppercase; letter-spacing:0.05em; color:var(--text-secondary); margin-bottom:10px;">How It Works</h4>\n            <ol style="margin:0; padding-left:22px; display:grid; gap:8px;">\n              <li style="font-size:14px; line-height:1.5; color:var(--text-primary);">Choose body: decide whose force diagram you are drawing.</li><li style="font-size:14px; line-height:1.5; color:var(--text-primary);">Name interaction: table on book, book on table, Earth on book, etc.</li><li style="font-size:14px; line-height:1.5; color:var(--text-primary);">Pair: F_A on B = -F_B on A.</li><li style="font-size:14px; line-height:1.5; color:var(--text-primary);">Net force: only sum forces acting on the same chosen body.</li>\n            </ol>\n          </div>\n\n          <!-- Work the Idea: Worked Example -->\n          <div style="border:1px solid var(--border); border-radius:var(--tab12-radius-sm); overflow:hidden; margin-bottom:16px; background:var(--bg-card-subtle);">\n            <div style="background:rgba(56,189,248,0.08); padding:10px 16px; border-bottom:1px solid var(--border); display:flex; align-items:center; gap:8px;">\n              <span style="font-weight:800; font-size:13px; color:var(--accent);">⚡ WORKED EXAMPLE</span>\n            </div>\n            <div style="padding:14px 16px; font-size:14.5px; line-height:1.6;">\n              Example. The normal force of the table on the book and the normal force of the book on the table form a third-law pair. They do not cancel on the book because only one of them acts on the book.\n            </div>\n          </div>\n\n          <!-- Watch out & Quick Check -->\n          <div style="display:grid; grid-template-columns:repeat(auto-fit, minmax(280px, 1fr)); gap:16px;">\n            <div style="background:rgba(245,158,11,0.08); border:1px solid var(--warning); border-radius:var(--tab12-radius-sm); padding:14px 16px;">\n              <h4 style="font-size:13px; font-weight:800; text-transform:uppercase; letter-spacing:0.05em; color:var(--warning); margin-bottom:6px;">⚠️ Watch Out</h4>\n              <p style="font-size:14px; line-height:1.5; margin:0; color:var(--text-primary);">Weight and normal may balance on a resting book, but they are not a Newton-III pair because both act on the same body.</p>\n            </div>\n            <div style="background:rgba(52,211,153,0.08); border:1px solid var(--success); border-radius:var(--tab12-radius-sm); padding:14px 16px;">\n              <h4 style="font-size:13px; font-weight:800; text-transform:uppercase; letter-spacing:0.05em; color:var(--success); margin-bottom:6px;">✅ Quick Check</h4>\n              <p style="font-size:14px; line-height:1.5; margin:0 0 6px; color:var(--text-primary);">Can forces acting on different bodies cancel in</p>\n              <details style="margin-top:6px; cursor:pointer;">\n                <summary style="font-size:13px; font-weight:700; color:var(--success); padding:4px 0;">Reveal Answer</summary>\n                <div style="padding-top:6px; font-size:13.5px; font-weight:600; color:var(--text-primary);">No.</div>\n              </details>\n            </div>\n          </div>\n        </article>\n    \n\n        <!-- Unit 10: VECTORS 10 - Angle between vectors and work -->\n        <article class="content-card" id="unit-10" style="margin-bottom: 28px; border: 1.5px solid var(--border); border-radius: var(--tab12-radius-md); padding: 24px; background: var(--bg-card);">\n          <div style="display:flex; justify-content:space-between; align-items:flex-start; flex-wrap:wrap; gap:10px; margin-bottom:14px; border-bottom:1px solid var(--border); padding-bottom:12px;">\n            <div>\n              <span class="q-badge" style="background:rgba(56,189,248,0.15); border:1px solid var(--accent); color:var(--accent); font-weight:800; font-size:12px; padding:4px 10px; border-radius:999px;">Concept Unit 10</span>\n              <h2 style="font-size:20px; font-weight:700; margin:8px 0 4px; color:var(--text-primary);">VECTORS 10 - Angle between vectors and work</h2>\n              <p style="font-size:14px; color:var(--accent); font-weight:600; margin:0;">The angle between force and displacement controls the sign</p>\n            </div>\n            <span class="tag-pill" style="font-size:12px; font-weight:700; background:rgba(192,132,252,0.15); border:1px solid var(--purple); color:var(--purple);">VEC-10 · Core 1</span>\n          </div>\n\n          <!-- Publication-grade Diagram -->\n          <div style="background:var(--bg-surface); border:1px solid var(--border); border-radius:var(--tab12-radius-sm); padding:16px; margin-bottom:20px;">\n            <svg xmlns="http://www.w3.org/2000/svg" viewBox="0 0 540 220" role="img" aria-label="Angle between vectors controls work done" style="width:100%;max-width:540px;height:auto;display:block;margin:12px auto;">\n  <defs>\n    <marker id="arr-f10" viewBox="0 0 10 10" refX="9" refY="5" markerWidth="6" markerHeight="6" orient="auto-start-reverse"><path d="M0 0 L10 5 L0 10 Z" fill="#38bdf8"/></marker>\n    <marker id="arr-d10" viewBox="0 0 10 10" refX="9" refY="5" markerWidth="6" markerHeight="6" orient="auto-start-reverse"><path d="M0 0 L10 5 L0 10 Z" fill="#34d399"/></marker>\n  </defs>\n  <!-- Ground -->\n  <line x1="60" y1="160" x2="480" y2="160" stroke="var(--border,#334155)" stroke-width="2"/>\n  <!-- Crate -->\n  <rect x="120" y="110" width="70" height="50" rx="6" fill="rgba(56,189,248,0.12)" stroke="#38bdf8"/>\n  <!-- Displacement vector -->\n  <line x1="190" y1="135" x2="340" y2="135" stroke="#34d399" stroke-width="3.5" marker-end="url(#arr-d10)"/>\n  <text x="265" y="152" text-anchor="middle" font-size="13" font-weight="800" fill="#34d399">Δr (Displacement)</text>\n  <!-- Pulling force at angle theta -->\n  <line x1="190" y1="135" x2="290" y2="55" stroke="#38bdf8" stroke-width="3.5" marker-end="url(#arr-f10)"/>\n  <text x="260" y="70" font-size="14" font-weight="800" fill="#38bdf8">F</text>\n  <!-- Angle arc -->\n  <path d="M 230 135 A 40 40 0 0 0 220 111" fill="none" stroke="#fbbf24" stroke-width="2"/>\n  <text x="238" y="125" font-size="12" font-weight="800" fill="#fbbf24">θ</text>\n  <!-- Work formula -->\n  <rect x="360" y="65" width="140" height="70" rx="8" fill="rgba(52,211,153,0.1)" stroke="#34d399"/>\n  <text x="430" y="92" text-anchor="middle" font-size="12" font-weight="800" fill="#34d399">DOT PRODUCT</text>\n  <text x="430" y="118" text-anchor="middle" font-size="13" font-weight="700" fill="currentColor">W = F · Δr · cos θ</text>\n</svg>\n          </div>\n\n          <!-- Dual explanation grid -->\n          <div style="display:grid; grid-template-columns:repeat(auto-fit, minmax(280px, 1fr)); gap:18px; margin-bottom:20px;">\n            <div style="background:var(--bg-card-subtle); border-left:4px solid var(--accent); padding:14px 16px; border-radius:0 var(--tab12-radius-sm) var(--tab12-radius-sm) 0;">\n              <h4 style="font-size:14px; font-weight:800; text-transform:uppercase; letter-spacing:0.05em; color:var(--accent); margin-bottom:6px;">What is happening?</h4>\n              <p style="font-size:14.5px; line-height:1.6; margin:0; color:var(--text-primary);">Work is a scalar built from two vectors. Its sign depends on the angle between force and displacement: parallel gives positive work; opposite gives negative work.</p>\n            </div>\n            <div style="background:var(--bg-card-subtle); border-left:4px solid var(--success); padding:14px 16px; border-radius:0 var(--tab12-radius-sm) var(--tab12-radius-sm) 0;">\n              <h4 style="font-size:14px; font-weight:800; text-transform:uppercase; letter-spacing:0.05em; color:var(--success); margin-bottom:6px;">Key Idea</h4>\n              <p style="font-size:14.5px; line-height:1.6; margin:0; color:var(--text-primary);">Read the angle from the physical arrows before using the equation.</p>\n            </div>\n          </div>\n\n          <!-- How it works numbered sequence -->\n          <div style="background:rgba(255,255,255,0.02); border:1px solid var(--border-light); border-radius:var(--tab12-radius-sm); padding:16px 20px; margin-bottom:20px;">\n            <h4 style="font-size:14px; font-weight:800; text-transform:uppercase; letter-spacing:0.05em; color:var(--text-secondary); margin-bottom:10px;">How It Works</h4>\n            <ol style="margin:0; padding-left:22px; display:grid; gap:8px;">\n              <li style="font-size:14px; line-height:1.5; color:var(--text-primary);">Represent: draw F and s from a common reference.</li><li style="font-size:14px; line-height:1.5; color:var(--text-primary);">Angle: identify θ between the vectors.</li><li style="font-size:14px; line-height:1.5; color:var(--text-primary);">Relation: W=Fs cosθ.</li><li style="font-size:14px; line-height:1.5; color:var(--text-primary);">Checks: θ=0° gives +Fs, θ=90° gives 0, θ=180° gives -Fs.</li>\n            </ol>\n          </div>\n\n          <!-- Work the Idea: Worked Example -->\n          <div style="border:1px solid var(--border); border-radius:var(--tab12-radius-sm); overflow:hidden; margin-bottom:16px; background:var(--bg-card-subtle);">\n            <div style="background:rgba(56,189,248,0.08); padding:10px 16px; border-bottom:1px solid var(--border); display:flex; align-items:center; gap:8px;">\n              <span style="font-weight:800; font-size:13px; color:var(--accent);">⚡ WORKED EXAMPLE</span>\n            </div>\n            <div style="padding:14px 16px; font-size:14.5px; line-height:1.6;">\n              Example. A 200 N braking force acts opposite a 15 m displacement. θ=180° W=(200)(15)cos180°=-3000 J.\n            </div>\n          </div>\n\n          <!-- Watch out & Quick Check -->\n          <div style="display:grid; grid-template-columns:repeat(auto-fit, minmax(280px, 1fr)); gap:16px;">\n            <div style="background:rgba(245,158,11,0.08); border:1px solid var(--warning); border-radius:var(--tab12-radius-sm); padding:14px 16px;">\n              <h4 style="font-size:13px; font-weight:800; text-transform:uppercase; letter-spacing:0.05em; color:var(--warning); margin-bottom:6px;">⚠️ Watch Out</h4>\n              <p style="font-size:14px; line-height:1.5; margin:0; color:var(--text-primary);">Do not infer the work sign from the word “force” alone. Direction relative to displacement decides the sign.</p>\n            </div>\n            <div style="background:rgba(52,211,153,0.08); border:1px solid var(--success); border-radius:var(--tab12-radius-sm); padding:14px 16px;">\n              <h4 style="font-size:13px; font-weight:800; text-transform:uppercase; letter-spacing:0.05em; color:var(--success); margin-bottom:6px;">✅ Quick Check</h4>\n              <p style="font-size:14px; line-height:1.5; margin:0 0 6px; color:var(--text-primary);">If force is perpendicular to displacement, what</p>\n              <details style="margin-top:6px; cursor:pointer;">\n                <summary style="font-size:13px; font-weight:700; color:var(--success); padding:4px 0;">Reveal Answer</summary>\n                <div style="padding-top:6px; font-size:13.5px; font-weight:600; color:var(--text-primary);">0 J.</div>\n              </details>\n            </div>\n          </div>\n        </article>\n    \n\n        <!-- Unit 11: VECTORS 11 - Bridge to Motion in 2D -->\n        <article class="content-card" id="unit-11" style="margin-bottom: 28px; border: 1.5px solid var(--border); border-radius: var(--tab12-radius-md); padding: 24px; background: var(--bg-card);">\n          <div style="display:flex; justify-content:space-between; align-items:flex-start; flex-wrap:wrap; gap:10px; margin-bottom:14px; border-bottom:1px solid var(--border); padding-bottom:12px;">\n            <div>\n              <span class="q-badge" style="background:rgba(56,189,248,0.15); border:1px solid var(--accent); color:var(--accent); font-weight:800; font-size:12px; padding:4px 10px; border-radius:999px;">Concept Unit 11</span>\n              <h2 style="font-size:20px; font-weight:700; margin:8px 0 4px; color:var(--text-primary);">VECTORS 11 - Bridge to Motion in 2D</h2>\n              <p style="font-size:14px; color:var(--accent); font-weight:600; margin:0;">One vector state becomes two component equations</p>\n            </div>\n            <span class="tag-pill" style="font-size:12px; font-weight:700; background:rgba(192,132,252,0.15); border:1px solid var(--purple); color:var(--purple);">VEC-11 · Core 1</span>\n          </div>\n\n          <!-- Publication-grade Diagram -->\n          <div style="background:var(--bg-surface); border:1px solid var(--border); border-radius:var(--tab12-radius-sm); padding:16px; margin-bottom:20px;">\n            <svg xmlns="http://www.w3.org/2000/svg" viewBox="0 0 540 220" role="img" aria-label="Bridge to Motion in 2D orthogonal axes" style="width:100%;max-width:540px;height:auto;display:block;margin:12px auto;">\n  <defs>\n    <marker id="arr-pj" viewBox="0 0 10 10" refX="9" refY="5" markerWidth="6" markerHeight="6" orient="auto-start-reverse"><path d="M0 0 L10 5 L0 10 Z" fill="#38bdf8"/></marker>\n  </defs>\n  <!-- Ground -->\n  <line x1="50" y1="170" x2="480" y2="170" stroke="var(--border,#334155)" stroke-width="2"/>\n  <!-- Parabolic arc -->\n  <path d="M 80 170 Q 230 20 380 170" fill="none" stroke="#38bdf8" stroke-width="3" stroke-dasharray="6 4"/>\n  <!-- Launch vector -->\n  <line x1="80" y1="170" x2="160" y2="90" stroke="#34d399" stroke-width="3.5" marker-end="url(#arr-pj)"/>\n  <text x="110" y="110" font-size="13" font-weight="800" fill="#34d399">u</text>\n  <!-- Apex -->\n  <circle cx="230" cy="58" r="5" fill="#fbbf24"/>\n  <text x="230" y="45" text-anchor="middle" font-size="11" font-weight="700" fill="#fbbf24">Apex (v_y = 0)</text>\n  <!-- Orthogonal equation cards -->\n  <rect x="380" y="45" width="140" height="50" rx="6" fill="rgba(56,189,248,0.12)" stroke="#38bdf8"/>\n  <text x="450" y="66" text-anchor="middle" font-size="11" font-weight="800" fill="#38bdf8">X: a_x = 0</text>\n  <text x="450" y="84" text-anchor="middle" font-size="11" fill="currentColor">x(t) = (u cos θ) t</text>\n  <rect x="380" y="105" width="140" height="50" rx="6" fill="rgba(52,211,153,0.12)" stroke="#34d399"/>\n  <text x="450" y="126" text-anchor="middle" font-size="11" font-weight="800" fill="#34d399">Y: a_y = -g</text>\n  <text x="450" y="144" text-anchor="middle" font-size="11" fill="currentColor">y(t) = u_y t - ½gt²</text>\n</svg>\n          </div>\n\n          <!-- Dual explanation grid -->\n          <div style="display:grid; grid-template-columns:repeat(auto-fit, minmax(280px, 1fr)); gap:18px; margin-bottom:20px;">\n            <div style="background:var(--bg-card-subtle); border-left:4px solid var(--accent); padding:14px 16px; border-radius:0 var(--tab12-radius-sm) var(--tab12-radius-sm) 0;">\n              <h4 style="font-size:14px; font-weight:800; text-transform:uppercase; letter-spacing:0.05em; color:var(--accent); margin-bottom:6px;">What is happening?</h4>\n              <p style="font-size:14.5px; line-height:1.6; margin:0; color:var(--text-primary);">Motion in a plane becomes manageable when position, velocity and acceleration are split into x and y components. The components share the same time but may evolve differently.</p>\n            </div>\n            <div style="background:var(--bg-card-subtle); border-left:4px solid var(--success); padding:14px 16px; border-radius:0 var(--tab12-radius-sm) var(--tab12-radius-sm) 0;">\n              <h4 style="font-size:14px; font-weight:800; text-transform:uppercase; letter-spacing:0.05em; color:var(--success); margin-bottom:6px;">Key Idea</h4>\n              <p style="font-size:14.5px; line-height:1.6; margin:0; color:var(--text-primary);">The component method is the bridge: represent the vector state first, then solve each axis, then reconstruct the final vector if needed.</p>\n            </div>\n          </div>\n\n          <!-- How it works numbered sequence -->\n          <div style="background:rgba(255,255,255,0.02); border:1px solid var(--border-light); border-radius:var(--tab12-radius-sm); padding:16px 20px; margin-bottom:20px;">\n            <h4 style="font-size:14px; font-weight:800; text-transform:uppercase; letter-spacing:0.05em; color:var(--text-secondary); margin-bottom:10px;">How It Works</h4>\n            <ol style="margin:0; padding-left:22px; display:grid; gap:8px;">\n              <li style="font-size:14px; line-height:1.5; color:var(--text-primary);">State: v=vₓ i+vᵧ j.</li><li style="font-size:14px; line-height:1.5; color:var(--text-primary);">Separate: write one equation for x and one for y.</li><li style="font-size:14px; line-height:1.5; color:var(--text-primary);">Shared clock: the same time variable belongs to both component motions.</li><li style="font-size:14px; line-height:1.5; color:var(--text-primary);">Reconstruct: speed = √(vₓ²+vᵧ²); direction comes from the component ratio and quadrant.</li>\n            </ol>\n          </div>\n\n          <!-- Work the Idea: Worked Example -->\n          <div style="border:1px solid var(--border); border-radius:var(--tab12-radius-sm); overflow:hidden; margin-bottom:16px; background:var(--bg-card-subtle);">\n            <div style="background:rgba(56,189,248,0.08); padding:10px 16px; border-bottom:1px solid var(--border); display:flex; align-items:center; gap:8px;">\n              <span style="font-weight:800; font-size:13px; color:var(--accent);">⚡ WORKED EXAMPLE</span>\n            </div>\n            <div style="padding:14px 16px; font-size:14.5px; line-height:1.6;">\n              Example. vₓ=6 m/s, vᵧ=8 m/s. speed = √(6²+8²)=10 m/s. Direction = tan⁻¹(8/6)=53.1° above +x.\n            </div>\n          </div>\n\n          <!-- Watch out & Quick Check -->\n          <div style="display:grid; grid-template-columns:repeat(auto-fit, minmax(280px, 1fr)); gap:16px;">\n            <div style="background:rgba(245,158,11,0.08); border:1px solid var(--warning); border-radius:var(--tab12-radius-sm); padding:14px 16px;">\n              <h4 style="font-size:13px; font-weight:800; text-transform:uppercase; letter-spacing:0.05em; color:var(--warning); margin-bottom:6px;">⚠️ Watch Out</h4>\n              <p style="font-size:14px; line-height:1.5; margin:0; color:var(--text-primary);">Do not solve x and y with different times for the same physical instant.</p>\n            </div>\n            <div style="background:rgba(52,211,153,0.08); border:1px solid var(--success); border-radius:var(--tab12-radius-sm); padding:14px 16px;">\n              <h4 style="font-size:13px; font-weight:800; text-transform:uppercase; letter-spacing:0.05em; color:var(--success); margin-bottom:6px;">✅ Quick Check</h4>\n              <p style="font-size:14px; line-height:1.5; margin:0 0 6px; color:var(--text-primary);">If vₓ=0 and vᵧ<0, which way does the velocity</p>\n              <details style="margin-top:6px; cursor:pointer;">\n                <summary style="font-size:13px; font-weight:700; color:var(--success); padding:4px 0;">Reveal Answer</summary>\n                <div style="padding-top:6px; font-size:13.5px; font-weight:600; color:var(--text-primary);">Straight downward.</div>\n              </details>\n            </div>\n          </div>\n        </article>\n      </div>\n\n      <div id="tab-challenges" class="tab-content">\n        <div class="content-card" style="border: 2px solid var(--accent); background: linear-gradient(180deg, rgba(56, 189, 248, 0.08), var(--bg-card));">\n          <h2><span>🎯</span> Core 2 Vector Challenges (29 Questions)</h2>\n          <p style="font-size: 15px; color: var(--text-secondary); margin-bottom: 16px;">\n            Master campus routes, return trajectories, missing components, and multi-vector polygons. Fully integrated into the canonical Question Bank with multi-rung hint ladders and step-by-step methods.\n          </p>\n          <div style="display: flex; gap: 12px; flex-wrap: wrap; align-items: center;">\n            <a class="btn" href="../../question-bank/index.html?subject=Physics&topic=vectors&mode=study" style="background: var(--accent); color: #080d1a; font-weight: 800; text-decoration: none; padding: 12px 22px; border-radius: var(--tab12-radius-sm); display: inline-flex; align-items: center; gap: 8px;">\n              <span>🎯</span> Practice All Vector Challenges in Question Bank →\n            </a>\n            <a class="btn" href="../../question-bank/index.html?subject=Physics&topic=vectors" style="background: var(--bg-card-subtle); color: var(--text-primary); border: 1px solid var(--border); text-decoration: none; padding: 12px 18px; border-radius: var(--tab12-radius-sm); font-weight: 600;">\n              Browse Vector Question Bank\n            </a>\n          </div>\n        </div>\n      </div>\n\n    </div>\n\n    <!-- Support Rail -->\n    <aside class="support-rail">\n            <!-- Concept Navigation Widget -->\n      <div class="support-widget">\n        <h3><span>📑</span> Concept Units (01–11)</h3>\n        <div style="display:flex; flex-direction:column; gap:6px;">\n          <a href="#unit-01" class="btn" style="min-height:36px; padding:6px 10px; font-size:12px; text-decoration:none; background:var(--bg-surface); border:1px solid var(--border); color:var(--text-primary); text-align:left; border-radius:6px; display:flex; align-items:center; gap:6px;"><strong>01</strong> Scalars, Vectors &amp; Sign</a>\n          <a href="#unit-02" class="btn" style="min-height:36px; padding:6px 10px; font-size:12px; text-decoration:none; background:var(--bg-surface); border:1px solid var(--border); color:var(--text-primary); text-align:left; border-radius:6px; display:flex; align-items:center; gap:6px;"><strong>02</strong> Draw, Compare &amp; Reverse</a>\n          <a href="#unit-03" class="btn" style="min-height:36px; padding:6px 10px; font-size:12px; text-decoration:none; background:var(--bg-surface); border:1px solid var(--border); color:var(--text-primary); text-align:left; border-radius:6px; display:flex; align-items:center; gap:6px;"><strong>03</strong> Components &amp; Quadrants</a>\n          <a href="#unit-04" class="btn" style="min-height:36px; padding:6px 10px; font-size:12px; text-decoration:none; background:var(--bg-surface); border:1px solid var(--border); color:var(--text-primary); text-align:left; border-radius:6px; display:flex; align-items:center; gap:6px;"><strong>04</strong> Vector Addition &amp; Resultant</a>\n          <a href="#unit-05" class="btn" style="min-height:36px; padding:6px 10px; font-size:12px; text-decoration:none; background:var(--bg-surface); border:1px solid var(--border); color:var(--text-primary); text-align:left; border-radius:6px; display:flex; align-items:center; gap:6px;"><strong>05</strong> Vector Subtraction &amp; Change</a>\n          <a href="#unit-06" class="btn" style="min-height:36px; padding:6px 10px; font-size:12px; text-decoration:none; background:var(--bg-surface); border:1px solid var(--border); color:var(--text-primary); text-align:left; border-radius:6px; display:flex; align-items:center; gap:6px;"><strong>06</strong> Recover Mag &amp; Direction</a>\n          <a href="#unit-07" class="btn" style="min-height:36px; padding:6px 10px; font-size:12px; text-decoration:none; background:var(--bg-surface); border:1px solid var(--border); color:var(--text-primary); text-align:left; border-radius:6px; display:flex; align-items:center; gap:6px;"><strong>07</strong> Relative Velocity Frame</a>\n          <a href="#unit-08" class="btn" style="min-height:36px; padding:6px 10px; font-size:12px; text-decoration:none; background:var(--bg-surface); border:1px solid var(--border); color:var(--text-primary); text-align:left; border-radius:6px; display:flex; align-items:center; gap:6px;"><strong>08</strong> Tangent &amp; Radial Vectors</a>\n          <a href="#unit-09" class="btn" style="min-height:36px; padding:6px 10px; font-size:12px; text-decoration:none; background:var(--bg-surface); border:1px solid var(--border); color:var(--text-primary); text-align:left; border-radius:6px; display:flex; align-items:center; gap:6px;"><strong>09</strong> Interaction Pairs Ownership</a>\n          <a href="#unit-10" class="btn" style="min-height:36px; padding:6px 10px; font-size:12px; text-decoration:none; background:var(--bg-surface); border:1px solid var(--border); color:var(--text-primary); text-align:left; border-radius:6px; display:flex; align-items:center; gap:6px;"><strong>10</strong> Vector Angle &amp; Work Done</a>\n          <a href="#unit-11" class="btn" style="min-height:36px; padding:6px 10px; font-size:12px; text-decoration:none; background:var(--bg-surface); border:1px solid var(--border); color:var(--text-primary); text-align:left; border-radius:6px; display:flex; align-items:center; gap:6px;"><strong>11</strong> Bridge to 2D Planar Motion</a>\n        </div>\n      </div>\n\n      \n      <div class="support-widget">\n        <h3><span>⚡</span> Vector Formulas</h3>\n        <div class="formula-box" style="font-size: 13.5px; line-height: 1.6;">\n          <div>\\(R = \\sqrt{A^2 + B^2 + 2AB\\cos\\theta}\\)</div>\n          <div>\\(\\tan\\alpha = \\frac{B\\sin\\theta}{A + B\\cos\\theta}\\)</div>\n          <div>\\(\\vec{A} \\cdot \\vec{B} = A_x B_x + A_y B_y\\)</div>\n          <div>\\(\\cos^2\\alpha + \\cos^2\\beta + \\cos^2\\gamma = 1\\)</div>\n        </div>\n      </div>\n\n      <!-- Interactive 2-Vector Resultant Solver -->\n      <div class="support-widget">\n        <h3><span>🧮</span> 2-Vector Resultant Solver</h3>\n        <p style="font-size: 13px; color: var(--text-secondary); margin-bottom: 10px;">\n          Enter vector magnitudes and angle θ between them:\n        </p>\n        <div class="calc-row">\n          <div class="calc-input-group">\n            <label>Mag |A|:</label>\n            <input type="number" id="vecA" value="3.0" step="0.5" oninput="solveVectors()">\n          </div>\n          <div class="calc-input-group">\n            <label>Mag |B|:</label>\n            <input type="number" id="vecB" value="4.0" step="0.5" oninput="solveVectors()">\n          </div>\n        </div>\n        <div class="calc-row">\n          <div class="calc-input-group" style="grid-column: span 2;">\n            <label>Angle θ (degrees):</label>\n            <input type="number" id="vecTheta" value="90" step="5" oninput="solveVectors()">\n          </div>\n        </div>\n        <div class="calc-result" id="vecResult">\n          |R| = 5.00 | α = 53.13°\n        </div>\n      </div>\n\n      <!-- Virtual Keyboard Safe Scratchpad -->\n      <div class="support-widget">\n        <h3><span>📝</span> Study Scratchpad</h3>\n        <p style="font-size: 13.5px; color: var(--text-secondary); margin-bottom: 8px;">\n          Virtual keyboard safe (min-height: 120px) with auto-saving:\n        </p>\n        <textarea id="scratchpadNotes" class="tablet-safe-input" placeholder="Resolve components Ax, Ay, write closure equations, or compute cross products..."></textarea>\n        <div style="display: flex; justify-content: space-between; align-items: center; margin-top: 10px;">\n          <span id="saveStatus" style="font-size: 12.5px; color: var(--success);">✓ Auto-saved</span>\n          <button class="btn" style="min-height: 48px; padding: 6px 14px; font-size: 13px; background: var(--bg-surface); border: 1px solid var(--border);" onclick="clearNotes()">Clear</button>\n        </div>\n      </div>\n\n    </aside>\n\n  </main>\n\n  <script>\n    function switchTab(tabId) {\n      document.querySelectorAll(\'.tab-btn\').forEach(b => b.classList.remove(\'active\'));\n      document.querySelectorAll(\'.tab-content\').forEach(c => c.classList.remove(\'active\'));\n      const activeBtn = Array.from(document.querySelectorAll(\'.tab-btn\')).find(b => b.getAttribute(\'onclick\').includes(tabId));\n      if (activeBtn) activeBtn.classList.add(\'active\');\n      const targetContent = document.getElementById(tabId);\n      if (targetContent) targetContent.classList.add(\'active\');\n      window.scrollTo({ top: 0, behavior: \'smooth\' });\n    }\n\n    const themeBtn = document.getElementById(\'themeToggle\');\n    const htmlEl = document.documentElement;\n    const savedTheme = localStorage.getItem(\'tablet12_theme\') || \'dark\';\n    htmlEl.setAttribute(\'data-theme\', savedTheme);\n    themeBtn.addEventListener(\'click\', () => {\n      const current = htmlEl.getAttribute(\'data-theme\');\n      const next = current === \'dark\' ? \'light\' : \'dark\';\n      htmlEl.setAttribute(\'data-theme\', next);\n      localStorage.setItem(\'tablet12_theme\', next);\n    });\n\n    const pad = document.getElementById(\'scratchpadNotes\');\n    const status = document.getElementById(\'saveStatus\');\n    pad.value = localStorage.getItem(\'vectors_tablet_notes\') || \'\';\n    pad.addEventListener(\'input\', () => {\n      localStorage.setItem(\'vectors_tablet_notes\', pad.value);\n      status.textContent = \'✓ Saved \' + new Date().toLocaleTimeString([], { hour: \'2-digit\', minute: \'2-digit\', second: \'2-digit\' });\n    });\n\n    function clearNotes() {\n      if (confirm(\'Clear scratchpad notes?\')) {\n        pad.value = \'\';\n        localStorage.removeItem(\'vectors_tablet_notes\');\n        status.textContent = \'Notes cleared\';\n      }\n    }\n\n    function solveVectors() {\n      const A = parseFloat(document.getElementById(\'vecA\').value) || 0;\n      const B = parseFloat(document.getElementById(\'vecB\').value) || 0;\n      const deg = parseFloat(document.getElementById(\'vecTheta\').value) || 0;\n      const rad = deg * Math.PI / 180;\n      const R = Math.sqrt(A * A + B * B + 2 * A * B * Math.cos(rad));\n      const alphaRad = Math.atan2(B * Math.sin(rad), A + B * Math.cos(rad));\n      const alphaDeg = alphaRad * 180 / Math.PI;\n      document.getElementById(\'vecResult\').textContent = `|R| = ${R.toFixed(2)} | α = ${alphaDeg.toFixed(2)}°`;\n    }\n    solveVectors();\n  </script>\n<script id="pr375-u4-remediation-script">\n(() => {\n  const humanize = (value) => String(value || \'\')\n    .replace(/([a-z0-9])([A-Z])/g, \'$1 $2\')\n    .replace(/[_-]+/g, \' \')\n    .replace(/\\b(vec)([ab])\\b/gi, \'vector $2\')\n    .replace(/\\bproj\\b/gi, \'projectile\')\n    .replace(/\\s+/g, \' \')\n    .trim();\n\n  const explicitNames = {\n    mass1: \'Mass m1 in kilograms\', mass2: \'Mass m2 in kilograms\',\n    vecA: \'Vector A\', vecB: \'Vector B\',\n    projU: \'Projectile launch speed\', projAngle: \'Projectile launch angle\',\n    \'jump-select\': \'Jump to question\', search: \'Search questions\',\n    searchInput: \'Search questions\', questionSearch: \'Search questions\'\n  };\n\n  const hasLabel = (el) => {\n    if (el.getAttribute(\'aria-label\') || el.getAttribute(\'aria-labelledby\') || el.title) return true;\n    if (el.id && document.querySelector(`label[for="${CSS.escape(el.id)}"]`)) return true;\n    return !!el.closest(\'label\');\n  };\n\n  document.querySelectorAll(\'input, select, textarea\').forEach((el, index) => {\n    if (hasLabel(el)) return;\n    let name = explicitNames[el.id] || el.getAttribute(\'placeholder\') || el.getAttribute(\'name\') || el.id;\n    if (!name) {\n      const nearby = el.parentElement?.textContent?.trim();\n      if (nearby && nearby.length <= 100) name = nearby;\n    }\n    name = humanize(name) || `${el.tagName.toLowerCase()} ${index + 1}`;\n    el.setAttribute(\'aria-label\', name);\n  });\n\n  document.querySelectorAll(\'button\').forEach(btn => {\n    if (btn.textContent.trim().toLowerCase() === \'clear\') btn.classList.add(\'u4-clear-button\');\n  });\n\n  const syncOptions = () => {\n    document.querySelectorAll(\'.opt-btn\').forEach(btn => {\n      const correct = btn.classList.contains(\'selected-correct\');\n      const incorrect = btn.classList.contains(\'selected-incorrect\');\n      btn.setAttribute(\'aria-pressed\', correct || incorrect ? \'true\' : \'false\');\n      const base = btn.getAttribute(\'data-u4-base-label\') || btn.getAttribute(\'aria-label\') || btn.textContent.trim();\n      if (!btn.hasAttribute(\'data-u4-base-label\')) btn.setAttribute(\'data-u4-base-label\', base);\n      btn.setAttribute(\'aria-label\', `${base}${correct ? \' — Correct\' : incorrect ? \' — Incorrect\' : \'\'}`);\n    });\n  };\n  syncOptions();\n\n  const syncTabs = () => {\n    document.querySelectorAll(\'.tab-btn\').forEach(btn => {\n      btn.setAttribute(\'role\', \'tab\');\n      const active = btn.classList.contains(\'active\') || btn.classList.contains(\'tab-btn-active\') || btn.getAttribute(\'aria-current\') === \'page\';\n      btn.setAttribute(\'aria-selected\', active ? \'true\' : \'false\');\n      if (btn.parentElement && !btn.parentElement.hasAttribute(\'role\')) btn.parentElement.setAttribute(\'role\', \'tablist\');\n    });\n  };\n  syncTabs();\n\n  const figureName = (el, fallback) => {\n    const scope = el.closest(\'figure, section, article, .card, .panel, .simulator, .canvas-container\') || el.parentElement;\n    const caption = scope?.querySelector(\'figcaption, h1, h2, h3, h4, .title, [class*="title"]\');\n    const txt = caption?.textContent?.replace(/\\s+/g, \' \').trim();\n    return txt && txt.length <= 120 ? txt : fallback;\n  };\n\n  document.querySelectorAll(\'svg\').forEach(svg => {\n    if (svg.hasAttribute(\'aria-label\') || svg.hasAttribute(\'aria-labelledby\') || svg.hasAttribute(\'aria-hidden\') || svg.querySelector(\'title\')) return;\n    const control = svg.closest(\'a, button\');\n    if (control && control.textContent.trim()) {\n      svg.setAttribute(\'aria-hidden\', \'true\');\n      svg.setAttribute(\'focusable\', \'false\');\n    } else {\n      svg.setAttribute(\'role\', \'img\');\n      svg.setAttribute(\'aria-label\', figureName(svg, \'Physics diagram\'));\n    }\n  });\n\n  document.querySelectorAll(\'canvas\').forEach(canvas => {\n    if (canvas.hasAttribute(\'aria-label\') || canvas.hasAttribute(\'aria-labelledby\') || canvas.hasAttribute(\'aria-hidden\')) return;\n    canvas.setAttribute(\'role\', \'img\');\n    canvas.setAttribute(\'aria-label\', figureName(canvas, \'Interactive physics simulation\'));\n  });\n\n  if (!document.querySelector(\'main, [role="main"]\')) {\n    const mainCandidate = document.querySelector(\'.app-container, .container, .page-shell, #app\');\n    if (mainCandidate) mainCandidate.setAttribute(\'role\', \'main\');\n  }\n\n  const observer = new MutationObserver(() => { syncOptions(); syncTabs(); });\n  observer.observe(document.documentElement, { subtree: true, attributes: true, attributeFilter: [\'class\', \'aria-current\'] });\n})();\n</script>\n<script id="pr375-u4-dynamic-remediation">\n(() => {\n  const textName = (el, fallback) => {\n    const scope = el.closest(\'figure, section, article, .panel, .card, .simulator, .canvas-wrap, .canvas-container\') || el.parentElement;\n    const title = scope?.querySelector(\'figcaption, h1, h2, h3, h4, .title, [class*="title"]\');\n    const text = title?.textContent?.replace(/\\s+/g, \' \').trim();\n    return text && text.length <= 140 ? text : fallback;\n  };\n\n  const nameFigures = (root = document) => {\n    const nodes = [];\n    if (root.nodeType === 1 && root.matches?.(\'svg, canvas\')) nodes.push(root);\n    root.querySelectorAll?.(\'svg, canvas\').forEach(el => nodes.push(el));\n    nodes.forEach(el => {\n      if (el.getAttribute(\'aria-label\') || el.getAttribute(\'aria-labelledby\') || el.getAttribute(\'aria-hidden\') || el.querySelector?.(\'title\')) return;\n      const control = el.closest(\'a, button\');\n      if (control && control.textContent.trim()) {\n        el.setAttribute(\'aria-hidden\', \'true\');\n        el.setAttribute(\'focusable\', \'false\');\n        return;\n      }\n      el.setAttribute(\'role\', \'img\');\n      el.setAttribute(\'aria-label\', textName(el, el.tagName.toLowerCase() === \'canvas\' ? \'Interactive physics simulation\' : \'Physics diagram\'));\n    });\n  };\n\n  const nameControls = (root = document) => {\n    const nodes = [];\n    if (root.nodeType === 1 && root.matches?.(\'input, select, textarea\')) nodes.push(root);\n    root.querySelectorAll?.(\'input, select, textarea\').forEach(el => nodes.push(el));\n    nodes.forEach((el, index) => {\n      const has = el.getAttribute(\'aria-label\') || el.getAttribute(\'aria-labelledby\') || el.title || el.closest(\'label\') || (el.id && document.querySelector(`label[for="${CSS.escape(el.id)}"]`));\n      if (has) return;\n      const nearby = el.closest(\'.control-row, .form-group, .field, .panel, .card\')?.querySelector(\'.control-label, label, h3, h4\');\n      const raw = el.getAttribute(\'placeholder\') || el.getAttribute(\'name\') || el.id || nearby?.textContent || `${el.tagName.toLowerCase()} ${index + 1}`;\n      el.setAttribute(\'aria-label\', String(raw).replace(/[_-]+/g, \' \').replace(/\\s+/g, \' \').trim());\n    });\n  };\n\n  const sync = root => { nameFigures(root); nameControls(root); };\n  sync(document);\n  new MutationObserver(records => {\n    for (const record of records) for (const node of record.addedNodes) if (node.nodeType === 1) sync(node);\n  }).observe(document.documentElement, { childList: true, subtree: true });\n})();\n</script>\n  <script>\n    function renderAllMath() {\n      if (window.renderMathInElement) {\n        renderMathInElement(document.body, {\n          delimiters: [\n            {left: "$$", right: "$$", display: true},\n            {left: "$", right: "$", display: false},\n            {left: "\\\\(", right: "\\\\)", display: false},\n            {left: "\\\\[", right: "\\\\]", display: true}\n          ],\n          throwOnError: false\n        });\n      }\n    }\n    if (document.readyState === "loading") {\n      document.addEventListener("DOMContentLoaded", renderAllMath);\n    } else {\n      renderAllMath();\n    }\n  </script>\n</body>\n</html>\n'

======================================================================
FAIL: test_generated_outputs_are_current (test_portable_workbench.PortableWorkbenchPackageTests.test_generated_outputs_are_current) (path='public/portable-workbench/index.html')
----------------------------------------------------------------------
Traceback (most recent call last):
  File "C:\CodeB\Grade9v3.5\.codex-recovery\r5-full-suite\tests\test_portable_workbench.py", line 199, in test_generated_outputs_are_current
    self.assertEqual((REPO / relative).read_bytes(), expected)
AssertionError: b'<!doctype html>\r\n<html lang="en"><head>\r\n  <!-- KaTeX[2219 chars]tml>' != b'<!doctype html>\n<html lang="en"><head><meta charset="utf[1781 chars]tml>'

======================================================================
FAIL: test_browser_parity_syntax_and_generated_projection_checks (test_prompt_composer.PromptComposerTests.test_browser_parity_syntax_and_generated_projection_checks)
----------------------------------------------------------------------
Traceback (most recent call last):
  File "C:\CodeB\Grade9v3.5\.codex-recovery\r5-full-suite\tests\test_prompt_composer.py", line 214, in test_browser_parity_syntax_and_generated_projection_checks
    self.assertEqual(
AssertionError: 1 != 0 : node --test tests/prompt_composer.test.mjs failed:
TAP version 13
# Subtest: browser digest uses standard SHA-256 vectors
ok 1 - browser digest uses standard SHA-256 vectors
  ---
  duration_ms: 29.0784
  type: 'test'
  ...
# Subtest: browser composition preserves authority boundaries and researches ambiguous identity
ok 2 - browser composition preserves authority boundaries and researches ambiguous identity
  ---
  duration_ms: 21.0748
  type: 'test'
  ...
# Subtest: browser and Python agree on mapping semantics and deterministic prompt digests
not ok 3 - browser and Python agree on mapping semantics and deterministic prompt digests
  ---
  duration_ms: 678.3571
  type: 'test'
  location: 'C:\\CodeB\\Grade9v3.5\\.codex-recovery\\r5-full-suite\\tests\\prompt_composer.test.mjs:61:1'
  failureType: 'testCodeFailure'
  error: |-
    Expected values to be strictly deep-equal:
    + actual - expected
    ... Skipped lines
    
      [
        {
          blueprint_id: 'BP-CORE2-SOURCE-QUESTION',
    +     blueprint_ref: 'BP-CORE2-SOURCE-QUESTION@1.5.0',
    +     blueprint_version: '1.5.0',
    -     blueprint_ref: 'BP-CORE2-SOURCE-QUESTION@1.9.0',
    -     blueprint_version: '1.9.0',
          core: 'CORE2',
          forbidden: [
            'PAGE_LOCAL_ACADEMIC_TRUTH',
            'HOVER_ONLY_ESSENTIAL_INFORMATION',
            'AUTHORED_SCAFFOLD_PRESENTED_AS_SOURCE_HINT',
    ...
          blueprint_id: 'BP-CORE1A-CONSTRUCTION',
    +     blueprint_ref: 'BP-CORE1A-CONSTRUCTION@1.4.0',
    +     blueprint_version: '1.4.0',
    -     blueprint_ref: 'BP-CORE1A-CONSTRUCTION@1.7.0',
    -     blueprint_version: '1.7.0',
          core: 'CORE1A',
          forbidden: [
            'PAGE_LOCAL_ACADEMIC_TRUTH',
            'HOVER_ONLY_ESSENTIAL_INFORMATION',
            'ATTEMPT_FIRST_AS_PRIMARY_MODE'
    ...
            attempt_before_reveal: 'FROM_PROJECTION',
    +       progressive_support: false,
    -       progressive_support: true,
    -       secondary_reference_default: 'COLLAPSED',
            solution_policy: 'FROM_PROJECTION',
    -       worked_example_step_policy: 'SHOW_ALL'
          },
          layout_family: 'READING_CONSTRUCTION',
          packaging_modes: [
            'PUBLIC',
            'PAGES',
    ...
            'construction',
    +       'representation',
            'repair_closure'
          ],
          responsive_policy: {
            compact: 'SINGLE_PANE',
    +       expanded: 'STAGE_SUPPORT',
    -       expanded: 'SINGLE_PANE',
            expanded_min_px: 1100,
    +       medium: 'STACKED_SUPPORT',
    -       medium: 'SINGLE_PANE',
            primary_fraction: 0.6,
            support_fraction: 0.4,
    +       support_sticky: true,
    -       support_sticky: false,
            tablet_12_7: {
              figure_min_text_css_px: 14,
              identity_max_px: 190,
              reference_viewport: {
                height: 854,
                width: 1366
              },
    +         support_scrolls_inside: true
    -         support_scrolls_inside: false
            }
          },
          shell_ref: 'G9-TABLET-SHELL-V1',
          slot_order: [
            'identity',
            'construction',
    +       'representation',
            'repair_closure'
          ],
          touch_policy: {
            minimum_control_gap_css_px: 8,
            minimum_target_css_px: 48
    
  code: 'ERR_ASSERTION'
  name: 'AssertionError'
  expected:
    0:
      core: 'CORE2'
      blueprint_ref: 'BP-CORE2-SOURCE-QUESTION@1.9.0'
      blueprint_id: 'BP-CORE2-SOURCE-QUESTION'
      blueprint_version: '1.9.0'
      shell_ref: 'G9-TABLET-SHELL-V1'
      layout_family: 'QUESTION_READER'
      required_slots:
        0: 'identity'
        1: 'attempt'
        2: 'solution'
      slot_order:
        0: 'identity'
        1: 'attempt'
        2: 'representation'
        3: 'support'
        4: 'solution'
      interaction_policy:
        attempt_before_reveal: 'FROM_PROJECTION'
        progressive_support: true
        solution_policy: 'LEARNER_OPENABLE'
      representation_policy:
        legacy_iframe: 'MIGRATION_ONLY'
        preferred_mount_modes:
          0: 'PORTABLE_SCENE'
          1: 'COMPONENT'
          2: 'STATIC_FIGURE'
      responsive_policy:
        compact: 'SINGLE_PANE'
        expanded: 'STAGE_SUPPORT'
        expanded_min_px: 980
        medium: 'STACKED_SUPPORT'
        primary_fraction: 0.42
        support_fraction: 0.58
        support_sticky: false
        tablet_12_7:
          figure_min_text_css_px: 14
          identity_max_px: 190
          reference_viewport:
            height: 854
            width: 1366
      touch_policy:
        minimum_control_gap_css_px: 8
        minimum_target_css_px: 48
      packaging_modes:
        0: 'PUBLIC'
        1: 'PAGES'
        2: 'OFFLINE_DIRECTORY'
        3: 'SINGLE_FILE'
        4: 'EMBED'
      forbidden:
        0: 'PAGE_LOCAL_ACADEMIC_TRUTH'
        1: 'HOVER_ONLY_ESSENTIAL_INFORMATION'
        2: 'AUTHORED_SCAFFOLD_PRESENTED_AS_SOURCE_HINT'
        3: 'ANSWER_REVEALED_BY_PRE_SOLUTION_SUPPORT'
        4: 'GENERIC_FILLER_SUPPORT_TO_MEET_RUNG_COUNT'
        5: 'CORE2_COLLAPSED_INTO_QUESTION_CLINIC'
    1:
      core: 'CORE1'
      blueprint_ref: 'BP-CORE1-ORIENTATION@1.1.0'
      blueprint_id: 'BP-CORE1-ORIENTATION'
      blueprint_version: '1.1.0'
      shell_ref: 'G9-TABLET-SHELL-V1'
      layout_family: 'READING_ORIENTATION'
      required_slots:
        0: 'identity'
        1: 'orientation'
      slot_order:
        0: 'identity'
        1: 'orientation'
      interaction_policy:
        attempt_before_reveal: 'FROM_PROJECTION'
        progressive_support: false
        solution_policy: 'FROM_PROJECTION'
      representation_policy:
        legacy_iframe: 'MIGRATION_ONLY'
        preferred_mount_modes:
          0: 'PORTABLE_SCENE'
          1: 'COMPONENT'
          2: 'STATIC_FIGURE'
      responsive_policy:
        compact: 'SINGLE_PANE'
        expanded: 'SINGLE_PANE'
        medium: 'SINGLE_PANE'
        primary_fraction: 1
        support_fraction: 0
      touch_policy:
        minimum_control_gap_css_px: 8
        minimum_target_css_px: 48
      packaging_modes:
        0: 'PUBLIC'
        1: 'PAGES'
        2: 'OFFLINE_DIRECTORY'
        3: 'SINGLE_FILE'
        4: 'EMBED'
      forbidden:
        0: 'PAGE_LOCAL_ACADEMIC_TRUTH'
        1: 'HOVER_ONLY_ESSENTIAL_INFORMATION'
        2: 'FULL_INFERENTIAL_CONSTRUCTION'
    2:
      core: 'CORE1A'
      blueprint_ref: 'BP-CORE1A-CONSTRUCTION@1.7.0'
      blueprint_id: 'BP-CORE1A-CONSTRUCTION'
      blueprint_version: '1.7.0'
      shell_ref: 'G9-TABLET-SHELL-V1'
      layout_family: 'READING_CONSTRUCTION'
      required_slots:
        0: 'identity'
        1: 'construction'
        2: 'repair_closure'
      slot_order:
        0: 'identity'
        1: 'construction'
        2: 'repair_closure'
      interaction_policy:
        attempt_before_reveal: 'FROM_PROJECTION'
        progressive_support: true
        secondary_reference_default: 'COLLAPSED'
        solution_policy: 'FROM_PROJECTION'
        worked_example_step_policy: 'SHOW_ALL'
      representation_policy:
        legacy_iframe: 'MIGRATION_ONLY'
        preferred_mount_modes:
          0: 'PORTABLE_SCENE'
          1: 'COMPONENT'
          2: 'STATIC_FIGURE'
      responsive_policy:
        compact: 'SINGLE_PANE'
        expanded: 'SINGLE_PANE'
        expanded_min_px: 1100
        medium: 'SINGLE_PANE'
        primary_fraction: 0.6
        support_fraction: 0.4
        support_sticky: false
        tablet_12_7:
          figure_min_text_css_px: 14
          identity_max_px: 190
          reference_viewport:
            height: 854
            width: 1366
          support_scrolls_inside: false
      touch_policy:
        minimum_control_gap_css_px: 8
        minimum_target_css_px: 48
      packaging_modes:
        0: 'PUBLIC'
        1: 'PAGES'
        2: 'OFFLINE_DIRECTORY'
        3: 'SINGLE_FILE'
        4: 'EMBED'
      forbidden:
        0: 'PAGE_LOCAL_ACADEMIC_TRUTH'
        1: 'HOVER_ONLY_ESSENTIAL_INFORMATION'
        2: 'ATTEMPT_FIRST_AS_PRIMARY_MODE'
    3:
      core: 'CORE1B'
      blueprint_ref: 'BP-CORE1B-RECONSTRUCTION@1.1.0'
      blueprint_id: 'BP-CORE1B-RECONSTRUCTION'
      blueprint_version: '1.1.0'
      shell_ref: 'G9-TABLET-SHELL-V1'
      layout_family: 'GUIDED_RECONSTRUCTION'
      required_slots:
        0: 'identity'
        1: 'attempt'
        2: 'reconstruction'
      slot_order:
        0: 'identity'
        1: 'attempt'
        2: 'reconstruction'
      interaction_policy:
        attempt_before_reveal: 'FROM_PROJECTION'
        progressive_support: true
        solution_policy: 'POST_ATTEMPT'
      representation_policy:
        legacy_iframe: 'MIGRATION_ONLY'
        preferred_mount_modes:
          0: 'PORTABLE_SCENE'
          1: 'COMPONENT'
          2: 'STATIC_FIGURE'
      responsive_policy:
        compact: 'SINGLE_PANE'
        expanded: 'STAGE_SUPPORT'
        medium: 'STACKED_SUPPORT'
        primary_fraction: 0.68
        support_fraction: 0.32
      touch_policy:
        minimum_control_gap_css_px: 8
        minimum_target_css_px: 48
      packaging_modes:
        0: 'PUBLIC'
        1: 'PAGES'
        2: 'OFFLINE_DIRECTORY'
        3: 'SINGLE_FILE'
        4: 'EMBED'
      forbidden:
        0: 'PAGE_LOCAL_ACADEMIC_TRUTH'
        1: 'HOVER_ONLY_ESSENTIAL_INFORMATION'
        2: 'ANSWER_BEFORE_ATTEMPT'
    4:
      core: 'CORE2A'
      blueprint_ref: 'BP-CORE2A-SUPPORTED-APPLICATION@1.1.0'
      blueprint_id: 'BP-CORE2A-SUPPORTED-APPLICATION'
      blueprint_version: '1.1.0'
      shell_ref: 'G9-TABLET-SHELL-V1'
      layout_family: 'QUESTION_STUDY'
      required_slots:
        0: 'identity'
        1: 'attempt'
        2: 'reasoning'
      slot_order:
        0: 'identity'
        1: 'attempt'
        2: 'support'
        3: 'reasoning'
      interaction_policy:
        attempt_before_reveal: 'FROM_PROJECTION'
        progressive_support: true
        solution_policy: 'LEARNER_OPENABLE'
      representation_policy:
        legacy_iframe: 'MIGRATION_ONLY'
        preferred_mount_modes:
          0: 'PORTABLE_SCENE'
          1: 'COMPONENT'
          2: 'STATIC_FIGURE'
      responsive_policy:
        compact: 'SINGLE_PANE'
        expanded: 'STAGE_SUPPORT'
        medium: 'STACKED_SUPPORT'
        primary_fraction: 0.68
        support_fraction: 0.32
      touch_policy:
        minimum_control_gap_css_px: 8
        minimum_target_css_px: 48
      packaging_modes:
        0: 'PUBLIC'
        1: 'PAGES'
        2: 'OFFLINE_DIRECTORY'
        3: 'SINGLE_FILE'
        4: 'EMBED'
      forbidden:
        0: 'PAGE_LOCAL_ACADEMIC_TRUTH'
        1: 'HOVER_ONLY_ESSENTIAL_INFORMATION'
        2: 'SOURCE_HINT_AND_AUTHORED_SCAFFOLD_COLLAPSE'
    5:
      core: 'CORE2B'
      blueprint_ref: 'BP-CORE2B-TRANSFER@1.1.0'
      blueprint_id: 'BP-CORE2B-TRANSFER'
      blueprint_version: '1.1.0'
      shell_ref: 'G9-TABLET-SHELL-V1'
      layout_family: 'TRANSFER_ATTEMPT'
      required_slots:
        0: 'identity'
        1: 'attempt'
        2: 'post_attempt'
      slot_order:
        0: 'identity'
        1: 'attempt'
        2: 'post_attempt'
      interaction_policy:
        attempt_before_reveal: 'FROM_PROJECTION'
        progressive_support: true
        solution_policy: 'POST_ATTEMPT'
      representation_policy:
        legacy_iframe: 'MIGRATION_ONLY'
        preferred_mount_modes:
          0: 'PORTABLE_SCENE'
          1: 'COMPONENT'
          2: 'STATIC_FIGURE'
      responsive_policy:
        compact: 'SINGLE_PANE'
        expanded: 'STAGE_SUPPORT'
        medium: 'STACKED_SUPPORT'
        primary_fraction: 0.68
        support_fraction: 0.32
      touch_policy:
        minimum_control_gap_css_px: 8
        minimum_target_css_px: 48
      packaging_modes:
        0: 'PUBLIC'
        1: 'PAGES'
        2: 'OFFLINE_DIRECTORY'
        3: 'SINGLE_FILE'
        4: 'EMBED'
      forbidden:
        0: 'PAGE_LOCAL_ACADEMIC_TRUTH'
        1: 'HOVER_ONLY_ESSENTIAL_INFORMATION'
        2: 'PROTECTED_MOVE_DISCLOSED_PRE_ATTEMPT'
  actual:
    0:
      core: 'CORE2'
      blueprint_ref: 'BP-CORE2-SOURCE-QUESTION@1.5.0'
      blueprint_id: 'BP-CORE2-SOURCE-QUESTION'
      blueprint_version: '1.5.0'
      shell_ref: 'G9-TABLET-SHELL-V1'
      layout_family: 'QUESTION_READER'
      required_slots:
        0: 'identity'
        1: 'attempt'
        2: 'solution'
      slot_order:
        0: 'identity'
        1: 'attempt'
        2: 'representation'
        3: 'support'
        4: 'solution'
      interaction_policy:
        attempt_before_reveal: 'FROM_PROJECTION'
        progressive_support: true
        solution_policy: 'LEARNER_OPENABLE'
      representation_policy:
        preferred_mount_modes:
          0: 'PORTABLE_SCENE'
          1: 'COMPONENT'
          2: 'STATIC_FIGURE'
        legacy_iframe: 'MIGRATION_ONLY'
      responsive_policy:
        compact: 'SINGLE_PANE'
        medium: 'STACKED_SUPPORT'
        expanded: 'STAGE_SUPPORT'
        primary_fraction: 0.42
        support_fraction: 0.58
        expanded_min_px: 980
        support_sticky: false
        tablet_12_7:
          reference_viewport:
            width: 1366
            height: 854
          identity_max_px: 190
          figure_min_text_css_px: 14
      touch_policy:
        minimum_target_css_px: 48
        minimum_control_gap_css_px: 8
      packaging_modes:
        0: 'PUBLIC'
        1: 'PAGES'
        2: 'OFFLINE_DIRECTORY'
        3: 'SINGLE_FILE'
        4: 'EMBED'
      forbidden:
        0: 'PAGE_LOCAL_ACADEMIC_TRUTH'
        1: 'HOVER_ONLY_ESSENTIAL_INFORMATION'
        2: 'AUTHORED_SCAFFOLD_PRESENTED_AS_SOURCE_HINT'
        3: 'ANSWER_REVEALED_BY_PRE_SOLUTION_SUPPORT'
        4: 'GENERIC_FILLER_SUPPORT_TO_MEET_RUNG_COUNT'
        5: 'CORE2_COLLAPSED_INTO_QUESTION_CLINIC'
    1:
      core: 'CORE1'
      blueprint_ref: 'BP-CORE1-ORIENTATION@1.1.0'
      blueprint_id: 'BP-CORE1-ORIENTATION'
      blueprint_version: '1.1.0'
      shell_ref: 'G9-TABLET-SHELL-V1'
      layout_family: 'READING_ORIENTATION'
      required_slots:
        0: 'identity'
        1: 'orientation'
      slot_order:
        0: 'identity'
        1: 'orientation'
      interaction_policy:
        attempt_before_reveal: 'FROM_PROJECTION'
        progressive_support: false
        solution_policy: 'FROM_PROJECTION'
      representation_policy:
        preferred_mount_modes:
          0: 'PORTABLE_SCENE'
          1: 'COMPONENT'
          2: 'STATIC_FIGURE'
        legacy_iframe: 'MIGRATION_ONLY'
      responsive_policy:
        compact: 'SINGLE_PANE'
        medium: 'SINGLE_PANE'
        expanded: 'SINGLE_PANE'
        primary_fraction: 1
        support_fraction: 0
      touch_policy:
        minimum_target_css_px: 48
        minimum_control_gap_css_px: 8
      packaging_modes:
        0: 'PUBLIC'
        1: 'PAGES'
        2: 'OFFLINE_DIRECTORY'
        3: 'SINGLE_FILE'
        4: 'EMBED'
      forbidden:
        0: 'PAGE_LOCAL_ACADEMIC_TRUTH'
        1: 'HOVER_ONLY_ESSENTIAL_INFORMATION'
        2: 'FULL_INFERENTIAL_CONSTRUCTION'
    2:
      core: 'CORE1A'
      blueprint_ref: 'BP-CORE1A-CONSTRUCTION@1.4.0'
      blueprint_id: 'BP-CORE1A-CONSTRUCTION'
      blueprint_version: '1.4.0'
      shell_ref: 'G9-TABLET-SHELL-V1'
      layout_family: 'READING_CONSTRUCTION'
      required_slots:
        0: 'identity'
        1: 'construction'
        2: 'representation'
        3: 'repair_closure'
      slot_order:
        0: 'identity'
        1: 'construction'
        2: 'representation'
        3: 'repair_closure'
      interaction_policy:
        attempt_before_reveal: 'FROM_PROJECTION'
        progressive_support: false
        solution_policy: 'FROM_PROJECTION'
      representation_policy:
        preferred_mount_modes:
          0: 'PORTABLE_SCENE'
          1: 'COMPONENT'
          2: 'STATIC_FIGURE'
        legacy_iframe: 'MIGRATION_ONLY'
      responsive_policy:
        compact: 'SINGLE_PANE'
        medium: 'STACKED_SUPPORT'
        expanded: 'STAGE_SUPPORT'
        primary_fraction: 0.6
        support_fraction: 0.4
        expanded_min_px: 1100
        support_sticky: true
        tablet_12_7:
          reference_viewport:
            width: 1366
            height: 854
          identity_max_px: 190
          figure_min_text_css_px: 14
          support_scrolls_inside: true
      touch_policy:
        minimum_target_css_px: 48
        minimum_control_gap_css_px: 8
      packaging_modes:
        0: 'PUBLIC'
        1: 'PAGES'
        2: 'OFFLINE_DIRECTORY'
        3: 'SINGLE_FILE'
        4: 'EMBED'
      forbidden:
        0: 'PAGE_LOCAL_ACADEMIC_TRUTH'
        1: 'HOVER_ONLY_ESSENTIAL_INFORMATION'
        2: 'ATTEMPT_FIRST_AS_PRIMARY_MODE'
    3:
      core: 'CORE1B'
      blueprint_ref: 'BP-CORE1B-RECONSTRUCTION@1.1.0'
      blueprint_id: 'BP-CORE1B-RECONSTRUCTION'
      blueprint_version: '1.1.0'
      shell_ref: 'G9-TABLET-SHELL-V1'
      layout_family: 'GUIDED_RECONSTRUCTION'
      required_slots:
        0: 'identity'
        1: 'attempt'
        2: 'reconstruction'
      slot_order:
        0: 'identity'
        1: 'attempt'
        2: 'reconstruction'
      interaction_policy:
        attempt_before_reveal: 'FROM_PROJECTION'
        progressive_support: true
        solution_policy: 'POST_ATTEMPT'
      representation_policy:
        preferred_mount_modes:
          0: 'PORTABLE_SCENE'
          1: 'COMPONENT'
          2: 'STATIC_FIGURE'
        legacy_iframe: 'MIGRATION_ONLY'
      responsive_policy:
        compact: 'SINGLE_PANE'
        medium: 'STACKED_SUPPORT'
        expanded: 'STAGE_SUPPORT'
        primary_fraction: 0.68
        support_fraction: 0.32
      touch_policy:
        minimum_target_css_px: 48
        minimum_control_gap_css_px: 8
      packaging_modes:
        0: 'PUBLIC'
        1: 'PAGES'
        2: 'OFFLINE_DIRECTORY'
        3: 'SINGLE_FILE'
        4: 'EMBED'
      forbidden:
        0: 'PAGE_LOCAL_ACADEMIC_TRUTH'
        1: 'HOVER_ONLY_ESSENTIAL_INFORMATION'
        2: 'ANSWER_BEFORE_ATTEMPT'
    4:
      core: 'CORE2A'
      blueprint_ref: 'BP-CORE2A-SUPPORTED-APPLICATION@1.1.0'
      blueprint_id: 'BP-CORE2A-SUPPORTED-APPLICATION'
      blueprint_version: '1.1.0'
      shell_ref: 'G9-TABLET-SHELL-V1'
      layout_family: 'QUESTION_STUDY'
      required_slots:
        0: 'identity'
        1: 'attempt'
        2: 'reasoning'
      slot_order:
        0: 'identity'
        1: 'attempt'
        2: 'support'
        3: 'reasoning'
      interaction_policy:
        attempt_before_reveal: 'FROM_PROJECTION'
        progressive_support: true
        solution_policy: 'LEARNER_OPENABLE'
      representation_policy:
        preferred_mount_modes:
          0: 'PORTABLE_SCENE'
          1: 'COMPONENT'
          2: 'STATIC_FIGURE'
        legacy_iframe: 'MIGRATION_ONLY'
      responsive_policy:
        compact: 'SINGLE_PANE'
        medium: 'STACKED_SUPPORT'
        expanded: 'STAGE_SUPPORT'
        primary_fraction: 0.68
        support_fraction: 0.32
      touch_policy:
        minimum_target_css_px: 48
        minimum_control_gap_css_px: 8
      packaging_modes:
        0: 'PUBLIC'
        1: 'PAGES'
        2: 'OFFLINE_DIRECTORY'
        3: 'SINGLE_FILE'
        4: 'EMBED'
      forbidden:
        0: 'PAGE_LOCAL_ACADEMIC_TRUTH'
        1: 'HOVER_ONLY_ESSENTIAL_INFORMATION'
        2: 'SOURCE_HINT_AND_AUTHORED_SCAFFOLD_COLLAPSE'
    5:
      core: 'CORE2B'
      blueprint_ref: 'BP-CORE2B-TRANSFER@1.1.0'
      blueprint_id: 'BP-CORE2B-TRANSFER'
      blueprint_version: '1.1.0'
      shell_ref: 'G9-TABLET-SHELL-V1'
      layout_family: 'TRANSFER_ATTEMPT'
      required_slots:
        0: 'identity'
        1: 'attempt'
        2: 'post_attempt'
      slot_order:
        0: 'identity'
        1: 'attempt'
        2: 'post_attempt'
      interaction_policy:
        attempt_before_reveal: 'FROM_PROJECTION'
        progressive_support: true
        solution_policy: 'POST_ATTEMPT'
      representation_policy:
        preferred_mount_modes:
          0: 'PORTABLE_SCENE'
          1: 'COMPONENT'
          2: 'STATIC_FIGURE'
        legacy_iframe: 'MIGRATION_ONLY'
      responsive_policy:
        compact: 'SINGLE_PANE'
        medium: 'STACKED_SUPPORT'
        expanded: 'STAGE_SUPPORT'
        primary_fraction: 0.68
        support_fraction: 0.32
      touch_policy:
        minimum_target_css_px: 48
        minimum_control_gap_css_px: 8
      packaging_modes:
        0: 'PUBLIC'
        1: 'PAGES'
        2: 'OFFLINE_DIRECTORY'
        3: 'SINGLE_FILE'
        4: 'EMBED'
      forbidden:
        0: 'PAGE_LOCAL_ACADEMIC_TRUTH'
        1: 'HOVER_ONLY_ESSENTIAL_INFORMATION'
        2: 'PROTECTED_MOVE_DISCLOSED_PRE_ATTEMPT'
  operator: 'deepStrictEqual'
  stack: |-
    TestContext.<anonymous> (file:///C:/CodeB/Grade9v3.5/.codex-recovery/r5-full-suite/tests/prompt_composer.test.mjs:68:10)
    Test.runInAsyncScope (node:async_hooks:214:14)
    Test.run (node:internal/test_runner/test:1047:25)
    Test.processPendingSubtests (node:internal/test_runner/test:744:18)
    Test.postRun (node:internal/test_runner/test:1173:19)
    Test.run (node:internal/test_runner/test:1101:12)
    async Test.processPendingSubtests (node:internal/test_runner/test:744:7)
  ...
# Subtest: browser prompt emits the blueprint authority graph explicitly
ok 4 - browser prompt emits the blueprint authority graph explicitly
  ---
  duration_ms: 22.0293
  type: 'test'
  ...
# Subtest: pasted hostile markup stays plain parsed data and exact 0 is not blank
ok 5 - pasted hostile markup stays plain parsed data and exact 0 is not blank
  ---
  duration_ms: 20.0106
  type: 'test'
  ...
1..5
# tests 5
# suites 0
# pass 4
# fail 1
# cancelled 0
# skipped 0
# todo 0
# duration_ms 928.3369


======================================================================
FAIL: test_prompt_contains_clause_ids_role_refs_and_downstream_pdf_intent_without_rendering_pdf (test_prompt_composer.PromptComposerTests.test_prompt_contains_clause_ids_role_refs_and_downstream_pdf_intent_without_rendering_pdf)
----------------------------------------------------------------------
Traceback (most recent call last):
  File "C:\CodeB\Grade9v3.5\.codex-recovery\r5-full-suite\tests\test_prompt_composer.py", line 93, in test_prompt_contains_clause_ids_role_refs_and_downstream_pdf_intent_without_rendering_pdf
    self.assertFalse(any(path.suffix == ".pdf" for path in (REPO / "public").rglob("*.pdf")))
AssertionError: True is not false

======================================================================
FAIL: test_regeneration_refuses_to_change_what_a_learner_reads (test_publication_engine.CommittedPublications.test_regeneration_refuses_to_change_what_a_learner_reads)
----------------------------------------------------------------------
Traceback (most recent call last):
  File "C:\CodeB\Grade9v3.5\.codex-recovery\r5-full-suite\tests\test_publication_engine.py", line 101, in test_regeneration_refuses_to_change_what_a_learner_reads
    self.assertEqual(caught.exception.code, "PUBLISHED_OUTPUT_WOULD_CHANGE")
AssertionError: 'MANIFEST_ARTIFACT_MISSING' != 'PUBLISHED_OUTPUT_WOULD_CHANGE'
- MANIFEST_ARTIFACT_MISSING
+ PUBLISHED_OUTPUT_WOULD_CHANGE


======================================================================
FAIL: test_the_runtime_snapshot_covers_everything_the_engine_imports (test_publication_engine.CommittedPublications.test_the_runtime_snapshot_covers_everything_the_engine_imports)
----------------------------------------------------------------------
Traceback (most recent call last):
  File "C:\CodeB\Grade9v3.5\.codex-recovery\r5-full-suite\tests\test_publication_engine.py", line 129, in test_the_runtime_snapshot_covers_everything_the_engine_imports
    self.assertIn(relative, snapshot,
AssertionError: 'Shared/publication_host/__init__.py' not found in {'Shared\\publication_host\\drawing.py', 'Shared\\contracts.py', 'Shared\\__init__.py', 'Shared\\publication_host\\science.py', 'Physics\\adapter\\CoreContracts.json', 'Physics\\run.py', 'Shared\\publication_host\\storage.py', 'Shared\\publication_host\\compose.py', 'Shared\\publication_host\\adapter.py', 'Shared\\publication_host\\host.py', 'Physics\\adapter\\scenes.py', 'Shared\\publication_host\\inputs.py', 'Physics\\adapter\\__init__.py', 'Physics\\adapter\\validator.py', 'Shared\\publication_host\\__init__.py', 'Shared\\publication_host\\audit.py', 'Shared\\publication_host\\cli.py'} : Shared/publication_host/__init__.py is imported by the engine but absent from the snapshot

======================================================================
FAIL: test_every_committed_library_is_admitted_by_intake (test_question_admission.Library.test_every_committed_library_is_admitted_by_intake) (package='linear-equations.v1.json')
The gate of record: the one that runs in CI over every committed library, not one a registration brings with it.
----------------------------------------------------------------------
Traceback (most recent call last):
  File "C:\CodeB\Grade9v3.5\.codex-recovery\r5-full-suite\tests\test_question_admission.py", line 140, in test_every_committed_library_is_admitted_by_intake
    self.assertEqual([f"{f['point']}: {f['detail']}" for f in report["findings"]][:3], [])
AssertionError: Lists differ: ["STRUCTURE: ['questions', 6, 'answer', 'v[444 chars]D']"] != []

First list contains 3 additional elements.
First extra element 0:
"STRUCTURE: ['questions', 6, 'answer', 'verification_status']: 'VERIFIED_CANONICAL' is not one of ['NOT_RUN', 'CHECKED_BY_AUTHOR', 'INDEPENDENTLY_CHECKED', 'DISPUTED']"

+ []
- ["STRUCTURE: ['questions', 6, 'answer', 'verification_status']: "
-  "'VERIFIED_CANONICAL' is not one of ['NOT_RUN', 'CHECKED_BY_AUTHOR', "
-  "'INDEPENDENTLY_CHECKED', 'DISPUTED']",
-  "STRUCTURE: ['questions', 6, 'status']: 'PUBLISHED' is not one of "
-  "['DISCOVERED', 'CANDIDATE', 'REVIEWED', 'CURATED', 'DISPUTED', 'STALE', "
-  "'RETIRED']",
-  "STRUCTURE: ['questions', 7, 'answer', 'verification_status']: "
-  "'VERIFIED_CANONICAL' is not one of ['NOT_RUN', 'CHECKED_BY_AUTHOR', "
-  "'INDEPENDENTLY_CHECKED', 'DISPUTED']"]

======================================================================
FAIL: test_pr3_math_pilot_exercises_five_real_source_question_cells (test_question_review_matrix.QuestionReviewMatrixTests.test_pr3_math_pilot_exercises_five_real_source_question_cells)
----------------------------------------------------------------------
Traceback (most recent call last):
  File "C:\CodeB\Grade9v3.5\.codex-recovery\r5-full-suite\tests\test_question_review_matrix.py", line 327, in test_pr3_math_pilot_exercises_five_real_source_question_cells
    self.assertEqual(tuple(item["review"]), qrt.ASKS)
AssertionError: Tuples differ: ('H1', 'H2', 'H3', 'P2', 'P3', 'M1', 'M2', 'M3', 'P1', 'S1', 'S2', 'S3') != ('H1', 'H2', 'H3', 'S1', 'S2', 'S3', 'P1', 'P2', 'P3', 'M1', 'M2', 'M3')

First differing element 3:
'P2'
'S1'

- ('H1', 'H2', 'H3', 'P2', 'P3', 'M1', 'M2', 'M3', 'P1', 'S1', 'S2', 'S3')
+ ('H1', 'H2', 'H3', 'S1', 'S2', 'S3', 'P1', 'P2', 'P3', 'M1', 'M2', 'M3')

======================================================================
FAIL: test_an_amendment_moves_the_ledger_to_a_deliberate_change_and_keeps_the_old_digest (test_render_core.Migration.test_an_amendment_moves_the_ledger_to_a_deliberate_change_and_keeps_the_old_digest)
----------------------------------------------------------------------
Traceback (most recent call last):
  File "C:\CodeB\Grade9v3.5\.codex-recovery\r5-full-suite\tests\test_render_core.py", line 730, in test_an_amendment_moves_the_ledger_to_a_deliberate_change_and_keeps_the_old_digest
    self.assertEqual(migrate_math_linear.verify_ledger(package, amended), [])
AssertionError: Lists differ: ['microtopics:MIC-MAT-LEQ-04-TWO-VARIABLES[1535 chars]ces'] != []

First list contains 22 additional elements.
First extra element 0:
'microtopics:MIC-MAT-LEQ-04-TWO-VARIABLES-LINE-OF-SOLUTIONS changed fields or references'

Diff is 1659 characters long. Set self.maxDiff to None to see it.

======================================================================
FAIL: test_math_staged_ids_and_references_remain_in_canonical_package (test_render_core.Migration.test_math_staged_ids_and_references_remain_in_canonical_package)
----------------------------------------------------------------------
Traceback (most recent call last):
  File "C:\CodeB\Grade9v3.5\.codex-recovery\r5-full-suite\tests\test_render_core.py", line 708, in test_math_staged_ids_and_references_remain_in_canonical_package
    self.assertEqual(migrate_math_linear.verify_ledger(package, ledger), [])
AssertionError: Lists differ: ['microtopics:MIC-MAT-LEQ-04-TWO-VARIABLES[1607 chars]ces'] != []

First list contains 23 additional elements.
First extra element 0:
'microtopics:MIC-MAT-LEQ-04-TWO-VARIABLES-LINE-OF-SOLUTIONS changed fields or references'

Diff is 1734 characters long. Set self.maxDiff to None to see it.

======================================================================
FAIL: test_core1a_structural_forms_compose_without_machine_archetype_classification (test_render_core.Renderer.test_core1a_structural_forms_compose_without_machine_archetype_classification)
----------------------------------------------------------------------
Traceback (most recent call last):
  File "C:\CodeB\Grade9v3.5\.codex-recovery\r5-full-suite\tests\test_render_core.py", line 220, in test_core1a_structural_forms_compose_without_machine_archetype_classification
    self.assertIn('data-g9-stage-sequence="true"', motion_html)
AssertionError: 'data-g9-stage-sequence="true"' not found in '<!doctype html>\n<html lang="en" data-theme="light" data-g9-shell data-g9-role="CORE1A" data-g9-mode="PAGES" data-g9-product="PRODUCT-PHY-KIN-2D-MOTION" data-g9-render-digest="5af99ab38567ef77"><head><meta charset="utf-8"><meta name="viewport" content="width=device-width,initial-scale=1"><meta name="g9-render" content="render_core/2 5af99ab38567ef77"><link rel="stylesheet" href="../../../css/modern-learner.css"><link rel="stylesheet" href="../../../css/tablet-12-7.css"><title>Construction · Two-dimensional kinematics and projectile model</title><style>\n[hidden]{display:none!important}\n:root{--g9-zoom:1;--g9-content-max:1380px;--g9-touch-min:48px;--g9-space:clamp(16px,2vw,28px);--g9-type-body:17px;--bg:#f6f7fb;--fg:#172033;--card:#fff;--line:#d5dce6;--accent:#1f5fae;--muted:#52627a;\n--soft:#fbfdff;--pill-bg:#eef2ff;--pill-fg:#4338ca;--src-bg:#ecfdf5;--src-fg:#047857;--info-bg:#f8fbff;--info-line:#93c5fd;--info-fg:#455d72;--warn-bg:#fff7f8;--warn-line:#ffc9d3;--warn-fg:#8a2942;--ok-bg:#f0fdf7;--ok-line:#bbf7d0;--ok-fg:#14532d}\n:root[data-theme=dark]{--bg:#0f1520;--fg:#e8edf5;--card:#18212f;--line:#2c394d;--accent:#8ab4f8;--muted:#a3b1c6;\n--soft:#141c29;--pill-bg:#262f5a;--pill-fg:#c3c9ff;--src-bg:#12301f;--src-fg:#6ee7b7;--info-bg:#14263d;--info-line:#3b6db3;--info-fg:#b8c9de;--warn-bg:#2b1620;--warn-line:#6b3045;--warn-fg:#f3b6c4;--ok-bg:#10281d;--ok-line:#1f6b44;--ok-fg:#b7efcf}\nhtml{font-size:calc(var(--g9-type-body) * var(--g9-zoom))}body{margin:0;background:var(--bg);color:var(--fg);font:1rem/1.6 system-ui,sans-serif;overflow-wrap:break-word}\nheader[data-g9-shell-header]{position:sticky;top:0;z-index:5;display:flex;flex-wrap:wrap;gap:8px;align-items:center;padding:8px var(--g9-space);background:var(--card);border-bottom:1px solid var(--line)}\n.g9-header-inner{width:100%;min-width:0;box-sizing:border-box;padding:0;gap:12px}\n.g9-brand{min-width:0;max-width:100%;flex-wrap:wrap;justify-content:flex-start;overflow-wrap:anywhere}\n.g9-header-nav,.g9-header-actions{min-width:0;max-width:100%;flex-wrap:wrap;gap:8px}\n.g9-header-nav a,.g9-header-actions>*{max-width:100%;white-space:normal;overflow-wrap:anywhere}\na{color:var(--accent)}\nheader a,header button,button,summary,nav a{min-height:var(--g9-touch-min);min-width:var(--g9-touch-min);padding:10px 14px;box-sizing:border-box;border:1px solid var(--line);border-radius:10px;background:var(--card);color:var(--fg);font:inherit;text-decoration:none;display:inline-flex;align-items:center;justify-content:center;cursor:pointer;touch-action:manipulation}\nnav[data-g9-breadcrumb]{display:flex;gap:8px;flex-wrap:wrap;padding:8px var(--g9-space)}\n.g9-breadcrumb-bar{display:none!important}\n.g9-triad-context{font-size:max(.85rem,14px);opacity:.7;margin-bottom:4px;display:block}\n.g9-triad-context a{color:inherit;text-decoration:none;min-height:var(--g9-touch-min);min-width:var(--g9-touch-min);padding:0 8px;box-sizing:border-box;display:inline-flex;align-items:center;justify-content:center;touch-action:manipulation}\n.g9-triad-context a:hover{text-decoration:underline}\n.g9-triad-actions a{min-height:var(--g9-touch-min);min-width:var(--g9-touch-min);padding:10px 14px;box-sizing:border-box;display:inline-flex;align-items:center;justify-content:center;touch-action:manipulation}\nmain{width:100%;min-width:0;max-width:var(--g9-content-max);margin:0 auto;padding:var(--g9-space);box-sizing:border-box;overflow-wrap:anywhere}\nmain>*{min-width:0}article[data-g9-unit]{background:var(--card);border:1px solid var(--line);border-radius:16px;padding:var(--g9-space);margin:18px 0;min-width:0}\narticle[data-g9-unit]>*{min-width:0}\narticle[id],section[id]{scroll-margin-top:var(--g9-header-offset,96px)}\n.g9-core1a-book{background:var(--card);border:1px solid var(--line);border-radius:16px;padding:clamp(16px,2vw,24px);margin:0 0 18px;min-width:0}\n.g9-core1a-book>h2{margin:.15em 0 .6em}\n.g9-bucket-orientation-grid{display:block;min-width:0}.g9-bucket-orientation-grid>*{min-width:0}\n[data-g9-concept-route] ol,[data-g9-section-route] ol{padding-left:1.4rem;margin:.5rem 0;box-sizing:border-box;max-width:100%;min-width:0}\n[data-g9-concept-route] li,[data-g9-section-route] li{margin:.35rem 0;max-width:100%;min-width:0}\n[data-g9-concept-route] a,[data-g9-section-route] a{display:flex;width:100%;max-width:100%;min-width:0;justify-content:flex-start;text-align:left;white-space:normal;overflow-wrap:anywhere}\n.g9-cu{padding-top:8px;border-top:1px solid var(--line)}\n.g9-cu:first-child{border-top:0}\n.g9-path-bridge[data-g9-derivation-bridge] [data-g9-block=construction] ol{list-style:none;padding-left:0;counter-reset:g9-derive}\n.g9-path-bridge[data-g9-derivation-bridge] [data-g9-block=construction] li{counter-increment:g9-derive;margin:0 0 12px;padding:12px 14px;border-left:3px solid var(--accent);background:var(--bg)}\n.g9-path-bridge[data-g9-derivation-bridge] [data-g9-block=construction] li::before{content:"Step " counter(g9-derive);display:block;color:var(--muted);font-size:max(.85rem,14px);font-weight:700;text-transform:uppercase;letter-spacing:.03em}\n.g9-cu-nav{display:flex;align-items:center;justify-content:space-between;gap:8px;flex-wrap:wrap;margin:.35rem 0 .8rem}\n.g9-cu-nav-links{display:flex;gap:8px;flex-wrap:wrap}\n.g9-stage-controls{display:grid;gap:8px;max-width:100%}\n.g9-stage-chips{display:flex;flex-wrap:wrap;gap:8px}\n.g9-stage-chip{border-radius:999px;padding:6px 14px;font-size:.9rem}.g9-stage-chip[aria-pressed=true]{background:var(--accent);color:var(--card);border-color:var(--accent);font-weight:700}\n.g9-stage-desc{margin:0;color:var(--muted);font-size:.92rem;min-height:1.4em}\n.g9-stage-stepper{display:flex;align-items:center;gap:8px;flex-wrap:wrap}\n.g9-stage-stepper>[data-g9-stage-label]{color:var(--muted);flex:0 1 auto}\n.g9-table-scroll{max-width:100%;overflow-x:auto;-webkit-overflow-scrolling:touch}\n.g9-table-scroll table{width:100%;min-width:680px;border-collapse:collapse}\n.g9-table-scroll th,.g9-table-scroll td{border:1px solid var(--line);padding:10px 12px;text-align:left;vertical-align:top}\n.g9-table-scroll th{background:var(--bg)}\n.g9-table-scroll td>.g9-math,.g9-table-scroll td>.g9-expr{margin:.15rem 0}\n[data-g9-block=worked_anchor]{border-left:4px solid var(--accent);padding-left:14px}\n.g9-watch-steps>li{margin:.8rem 0}.g9-watch-steps p{margin:.2rem 0}\n[data-g9-block=wrong_path],[data-g9-block=repair]{border-left:3px solid var(--line);padding-left:12px}\n[data-g9-block=scope_boundary]{color:var(--muted);font-size:.92rem}\n[data-g9-block=scope_boundary] ul{margin:.35rem 0;padding-left:1.2rem}\n.g9-availability-note{color:var(--muted);font-size:.9rem}\n.g9-cu-support{padding:0 0 16px;margin:0 0 16px;border-bottom:1px solid var(--line)}\n.g9-cu-support:last-of-type{border-bottom:0}.g9-cu-support>h3{font-size:1rem;line-height:1.35;margin:.3rem 0 .7rem;color:var(--muted)}\n@media (min-width:1100px){.g9-bucket-orientation-grid{display:grid;grid-template-columns:.68fr .32fr;gap:20px}}\ntextarea{width:100%;min-height:120px;font:inherit;border:1px solid var(--line);border-radius:10px;padding:14px 16px;box-sizing:border-box;background:var(--card);color:var(--fg)}\ndetails{border:1px solid var(--line);border-radius:10px;margin:12px 0;padding:0 12px}details[data-locked] summary{opacity:.55;cursor:not-allowed}\nfigure{margin:14px 0;max-width:100%;overflow-x:auto}figure svg{width:100%;height:auto;max-width:720px}figcaption{color:var(--muted)}\n.g9-prov{color:var(--muted);font-size:.95rem}.g9-expr{font-family:ui-monospace,monospace;font-size:1.05rem}\n[data-g9-meta-strip]{display:flex;flex-wrap:wrap;gap:8px;margin:10px 0 4px}\n[data-g9-meta-item]{display:inline-flex;flex-wrap:wrap;gap:4px;align-items:baseline;padding:5px 9px;border:1px solid var(--line);border-radius:999px;background:var(--bg);font-size:.9rem;max-width:100%;min-width:0;box-sizing:border-box}\n[data-g9-meta-item] strong{font-weight:700;flex:0 0 auto}\n[data-g9-meta-label]{min-width:0;overflow-wrap:anywhere}\nh4{margin:.8em 0 .3em}:focus-visible{outline:3px solid var(--accent);outline-offset:2px}\ninput:focus-visible,textarea:focus-visible,select:focus-visible{outline:3px solid var(--accent);outline-offset:2px}\n.g9-shell-header .g9-header-btn:focus-visible{outline:3px solid var(--accent);outline-offset:2px}\n@media(prefers-reduced-motion:reduce){*,*::before,*::after{animation:none!important;transition:none!important;scroll-behavior:auto!important}}\nfooter{padding:24px 16px;color:var(--muted)}\n@media print{:root,:root[data-theme=dark]{--bg:#fff;--fg:#000;--card:#fff;--line:#bbb;--accent:#1f5fae;--muted:#333;--soft:#fff;--pill-bg:#eee;--pill-fg:#222;--src-bg:#eee;--src-fg:#222;--info-bg:#fff;--info-line:#888;--info-fg:#222;--warn-bg:#fff;--warn-line:#888;--warn-fg:#222;--ok-bg:#fff;--ok-line:#888;--ok-fg:#222}\nheader[data-g9-shell-header],nav[data-g9-breadcrumb],.g9-attempt,button,[data-g9-display-panel],[data-g9-source-pdf]{display:none!important}\n.g9-attempt:has(.g9-answer-options){display:block!important}\n.g9-attempt>:not(.g9-answer-options),.g9-answer-option input{display:none!important}\ndetails[data-requires-attempt]:not([open]){display:none!important}\ndetails{border:none}article[data-g9-unit]{break-inside:auto;border:none}\nh1,h2,h3,h4{break-after:avoid-page}footer{padding:0;break-before:avoid-page}\nbody{background:#fff;color:#000}}\n.g9-attempt input[type=text],.g9-attempt select,.g9-attempt textarea{min-height:48px;box-sizing:border-box}\n.g9-answer-option,.g9-paper,.g9-match{display:flex;align-items:center;gap:.5rem;min-height:48px}\n.g9-answer-option input,.g9-paper input{min-width:48px;min-height:48px}\n.g9-attempt fieldset{min-height:48px}\n.g9-math,pre,table{max-width:100%;overflow-x:auto}\ninput,select{font-size:max(16px,1rem)}\n@media (max-width:899px){header[data-g9-shell-header]{position:relative}article[data-g9-unit]{padding:16px}nav[data-g9-breadcrumb]{font-size:.95rem}}\n\n.g9-split{display:block;min-width:0}.g9-col{min-width:0}\n.g9-component{min-width:0;margin:14px 0}.g9-component:first-child{margin-top:0}\n.g9-eyebrow{font-size:max(.85rem,14px);font-weight:800;text-transform:uppercase;letter-spacing:.06em;color:var(--muted);margin:0 0 6px}\n.g9-pill{display:inline-flex;align-items:center;font-size:max(.85rem,14px);font-weight:800;line-height:1.2;padding:3px 10px;border-radius:999px;background:var(--pill-bg);color:var(--pill-fg);white-space:nowrap}\n.g9-pill-source{background:var(--src-bg);color:var(--src-fg)}\n.g9-purpose-extension{margin:18px 0;padding:16px;border:2px solid var(--accent);border-radius:16px;background:var(--soft)}\n.g9-purpose-extension h3{margin:.1rem 0 .35rem}.g9-purpose-source{margin:.15rem 0 .7rem;color:var(--muted);font-size:.9rem}\n.g9-purpose-prompt p{font-size:1.05rem;line-height:1.55;white-space:pre-line}\n.g9-secondary-disclosure{border:1px solid var(--line);border-radius:12px;background:var(--card);overflow:hidden}\n.g9-secondary-disclosure{min-width:0;max-width:100%}\n.g9-secondary-disclosure>summary{min-height:var(--g9-touch-min);min-width:0;display:flex;align-items:center;flex-wrap:wrap;overflow-wrap:anywhere;padding:10px 12px;font-weight:800;cursor:pointer}\n.g9-secondary-disclosure>summary::after{content:"+";margin-left:auto;font-size:1.2em}.g9-secondary-disclosure[open]>summary::after{content:"−"}\n.g9-secondary-body{padding:0 12px 12px}\n.g9-worked-instruction{margin:.35rem 0 .6rem;color:var(--muted);font-weight:650}\n.g9-watch-steps{padding-left:1.35rem}.g9-watch-steps>li{margin:.65rem 0}\n.g9-worked-step{border:1px solid var(--line);border-radius:10px;background:var(--card);overflow:hidden}\n.g9-worked-step>summary{min-height:var(--g9-touch-min);display:flex;align-items:center;padding:9px 11px;font-weight:750;cursor:pointer}\n.g9-worked-step-body{padding:0 11px 11px}.g9-worked-step-body p{margin:.3rem 0}\narticle[data-g9-unit]>.slot-identity{padding:0 0 12px;margin-bottom:16px;border-bottom:1px solid var(--line)}\n.g9-c-header h2,.g9-c-concept-header h2{font-size:1.2rem;line-height:1.3;margin:0;letter-spacing:-.01em}\n.g9-c-header .g9-prov{margin:2px 0 0}\n.g9-c-disclosure-grid{margin-top:0}\n.g9-c-unit-header{margin-top:0}\n.g9-why-toggle{margin-top:10px;gap:4px 10px;flex-wrap:wrap;max-width:100%;text-align:left;justify-content:flex-start;border:0;background:transparent;padding:6px 0;font-weight:700;color:var(--muted)}\n.g9-pill-band{background:#fff7ed;color:#9a3412}.g9-pill-band[data-g9-band=D1]{background:#ecfdf5;color:#047857}.g9-pill-band[data-g9-band=D2]{background:#eff6ff;color:#1d4ed8}.g9-pill-band[data-g9-band=D4]{background:#fdf2f8;color:#be185d}\n:root[data-theme=dark] .g9-pill-band{background:#3a2a14;color:#fdba74}:root[data-theme=dark] .g9-pill-band[data-g9-band=D1]{background:#12301f;color:#6ee7b7}:root[data-theme=dark] .g9-pill-band[data-g9-band=D2]{background:#172a4d;color:#9ec5ff}:root[data-theme=dark] .g9-pill-band[data-g9-band=D4]{background:#3a1830;color:#f9a8d4}\n.g9-why{margin-top:6px}.g9-why p{margin:.2rem 0 .6rem;color:var(--muted)}\n.g9-dgrid{display:grid;grid-template-columns:repeat(5,minmax(0,1fr));gap:8px}\n.g9-dcell{background:var(--soft);border:1px solid var(--line);border-radius:10px;padding:8px 10px;font-size:max(.85rem,14px);color:var(--muted)}.g9-dcell b{display:block;color:var(--fg);font-size:1rem}\n.g9-c-stem [data-g9-block=stem] p{margin:.1rem 0;font-size:1.12rem;line-height:1.58;font-weight:560;white-space:pre-line}\n.g9-c-callout-info{border-left:4px solid var(--info-line);background:var(--info-bg);padding:10px 14px;border-radius:0 12px 12px 0;color:var(--info-fg)}\n.g9-c-callout-warn{background:var(--warn-bg);border:1px solid var(--warn-line);border-radius:12px;padding:10px 14px;color:var(--warn-fg)}\n.g9-c-callout-info h4,.g9-c-callout-warn h4{margin:0 0 .2rem;font-size:1rem}.g9-c-callout-warn h4{color:var(--warn-fg)}\n.g9-c-callout-info ul{margin:.2rem 0;padding-left:1.2rem}.g9-c-callout-info p,.g9-c-callout-warn p{margin:.1rem 0}\n.g9-bridge-link{color:var(--accent);font-weight:700;text-decoration:underline;text-underline-offset:3px;white-space:nowrap}\n.g9-crux-tag{display:inline-block;margin:0 0 4px;padding:1px 10px;border-radius:999px;background:var(--pill-bg);color:var(--pill-fg);font-size:max(.85rem,14px);font-weight:800}\n.g9-c-step-cards [data-g9-block=construction] ol>li[data-g9-crux-step]{border-color:var(--accent);box-shadow:0 0 0 1px var(--accent)}\n.g9-lines{white-space:pre-line}\n.g9-cu-support>h3{position:absolute;width:1px;height:1px;margin:-1px;padding:0;overflow:hidden;clip:rect(0 0 0 0);white-space:nowrap}\n.g9-c-attempt .g9-attempt{border:1px solid var(--line);border-radius:14px;padding:12px 14px;background:var(--soft)}\n.g9-answer-options{display:grid;gap:8px;counter-reset:g9opt}\n.g9-answer-option{border:1px solid var(--line);background:var(--card);border-radius:12px;padding:6px 12px}\n.g9-answer-option::before{counter-increment:g9opt;content:"(" counter(g9opt,upper-alpha) ")";font-weight:850;color:var(--accent);order:1;min-width:2.2rem}\n.g9-answer-option input{order:0}.g9-answer-option>span{order:2}\n.g9-c-visual-card,.g9-c-staged-visual{border:1px solid var(--line);border-radius:16px;background:var(--soft);padding:10px 12px 12px}\n.g9-card-head{display:flex;justify-content:space-between;gap:10px;align-items:center;margin-bottom:6px}.g9-card-head strong{font-size:.9rem}\n.g9-c-visual-card figure,.g9-c-staged-visual figure{margin:0}\n.g9-c-visual-card figure svg,.g9-c-staged-visual figure svg{display:block;width:100%;height:auto;max-width:100%}\n.g9-c-visual-card figure svg{max-height:min(48vh,440px)}.g9-c-staged-visual figure svg{max-height:min(42vh,360px)}\n.g9-diagram-scroll{width:100%;max-width:100%;min-width:0;min-height:48px;box-sizing:border-box;overflow-x:auto}\n.g9-diagram-scroll svg{display:block;max-height:none!important;max-width:none!important}\n.g9-c-ladder .g9-block>h4{margin:.9rem 0 .2rem;font-size:max(.85rem,14px);color:var(--muted)}\n.g9-rung-map,.g9-c-ladder [data-g9-ladder]{list-style:none;margin:8px 0 0;padding:0;display:grid;gap:8px}\n.g9-rung-map>li{border:1px dashed var(--line);border-radius:12px;padding:9px 13px;color:var(--muted)}\n.g9-c-ladder [data-g9-ladder]>li{border:1px solid var(--line);border-radius:12px;background:var(--card);padding:10px 13px}\n.g9-rung-head{display:flex;gap:10px;align-items:center;flex-wrap:wrap;font-weight:800}\n.g9-rung-no{display:inline-grid;place-items:center;min-width:2.3em;height:2.1em;border-radius:8px;background:var(--pill-bg);color:var(--pill-fg);font-size:max(.85rem,14px)}\n.g9-c-ladder details[data-g9-support-reveal]{border:0;padding:0;margin:.5rem 0}\n.g9-c-ladder details[data-g9-support-reveal]>summary{width:100%;justify-content:space-between;font-weight:700}\n.g9-c-ladder [data-g9-support-prompt]{margin:.5rem 0}.g9-c-ladder .g9-ladder>button{margin-top:10px}\n.g9-pdf-link{gap:6px;font-weight:700}.g9-pdf-icon{flex:none;width:24px;height:24px}.g9-pdf-link span{white-space:nowrap}header .g9-pdf-link{color:var(--accent)}.g9-c-link-list .g9-source-pdf{border-radius:12px}\n.g9-c-link-list h4{margin:.9rem 0 .3rem;font-size:max(.85rem,14px);color:var(--muted)}\n.g9-c-link-list ul{display:flex;flex-wrap:wrap;gap:8px;list-style:none;margin:.2rem 0;padding:0}\n.g9-c-link-list li{margin:0}.g9-c-link-list a{display:inline-flex;align-items:center;min-height:48px;padding:6px 14px;border:1px solid var(--line);border-radius:999px;background:var(--card);color:var(--fg);text-decoration:none}\n.g9-c-disclosure>details{border:1px solid var(--line);border-radius:14px;background:var(--soft);padding:0;overflow:hidden;margin:0}\n.g9-c-disclosure>details>summary{list-style:none;display:flex;width:100%;justify-content:space-between;border:0;border-radius:0;background:transparent;padding:13px 15px;font-weight:850;min-height:48px}\n.g9-c-disclosure>details>summary::-webkit-details-marker{display:none}\n.g9-c-disclosure>details>summary::after{content:"Show";font-size:max(.85rem,14px);background:var(--pill-bg);color:var(--pill-fg);padding:4px 10px;border-radius:999px}\n.g9-c-disclosure>details[open]>summary::after{content:"Hide"}.g9-c-disclosure>details[data-locked]>summary::after{content:"After you attempt"}\n.g9-c-disclosure>details[open]>summary{border-bottom:1px solid var(--line);background:var(--card)}\n.g9-c-disclosure [data-g9-payload-slot]{padding:6px 16px 16px}\n.g9-solution-move{display:grid;grid-template-columns:42px minmax(0,1fr);gap:12px;padding:10px 0;border-bottom:1px solid var(--line)}\n.g9-solution-move:last-child{border-bottom:0}\n.g9-step-no{font-weight:850;font-size:.9rem;color:var(--pill-fg);background:var(--pill-bg);border-radius:8px;padding:5px 6px;text-align:center;height:max-content}\n.g9-step-body [data-g9-block=solution_inputs]{display:flex;flex-wrap:wrap;gap:.4rem;align-items:baseline;color:var(--muted)}\n.g9-step-body [data-g9-block=solution_inputs] h4{margin:0}\n.g9-step-body [data-g9-block=solution_inputs] ul{display:flex;flex-wrap:wrap;gap:.4rem;list-style:none;margin:0;padding:0}\n.g9-step-body [data-g9-block=solution_inputs] li{border:1px solid var(--line);border-radius:999px;padding:1px 10px;font-size:max(.85rem,14px)}\n.g9-step-body p{margin:.25rem 0}.g9-step-body h4{margin:0;font-size:max(.85rem,14px);color:var(--muted)}\n.g9-solution-move[data-g9-solution-crux=true]{background:var(--info-bg);border-radius:10px;padding-left:8px;padding-right:8px}\n.g9-c-step-list [data-g9-block=working] ol{list-style:none;padding:0;margin:0;counter-reset:g9s}\n.g9-c-step-list [data-g9-block=working] ol>li{counter-increment:g9s;display:grid;grid-template-columns:42px minmax(0,1fr);gap:12px;padding:10px 0;border-bottom:1px solid var(--line)}\n.g9-c-step-list [data-g9-block=working] ol>li::before{content:counter(g9s);font-weight:850;font-size:.9rem;color:var(--pill-fg);background:var(--pill-bg);border-radius:8px;padding:5px 6px;text-align:center;height:max-content}\n.g9-c-answer-box{background:var(--ok-bg);border:1px solid var(--ok-line);border-radius:12px;padding:10px 14px;color:var(--ok-fg)}\n.g9-c-answer-box p{margin:.15rem 0}.g9-c-answer-box h4{margin:0 0 .2rem;font-size:max(.85rem,14px)}\n.g9-c-check-box{border-left:4px solid var(--ok-line);padding:4px 14px;color:var(--ok-fg)}.g9-c-check-box h4{margin:0;font-size:max(.85rem,14px)}.g9-c-check-box p{margin:.15rem 0}\n.g9-c-tile,.g9-c-recall-card{border:1px solid var(--line);border-radius:14px;background:var(--soft);padding:12px 16px}\n.g9-c-tile h4,.g9-c-recall-card h4{margin:0 0 .3rem}.g9-c-tile ul{margin:.2rem 0;padding-left:1.2rem}\n.g9-c-banner{border-left:5px solid var(--accent);background:var(--info-bg);padding:12px 16px;border-radius:0 14px 14px 0}.g9-c-banner h4{margin:0 0 .2rem;color:var(--accent)}.g9-c-banner p{margin:.1rem 0}\n.g9-unit-head{display:flex;gap:12px;align-items:center;flex-wrap:wrap}\n.g9-unit-no{display:inline-grid;place-items:center;width:2.3em;height:2.3em;border-radius:50%;background:var(--accent);color:var(--card);font-weight:850}\n.g9-unit-head h3{margin:0;flex:1 1 12rem;font-size:1.12rem;line-height:1.35}.g9-pill-concept{background:var(--info-bg);color:var(--info-fg);border:1px solid var(--info-line)}\n.g9-c-step-cards [data-g9-block=construction] ol{list-style:none;margin:0;padding:0;counter-reset:g9c;display:grid;grid-template-columns:minmax(0,1fr);gap:10px}\n.g9-c-step-cards [data-g9-block=construction] ol>li{counter-increment:g9c;position:relative;border:1px solid var(--line);border-radius:14px;background:var(--card);padding:12px 14px 12px 54px;min-width:0;overflow-wrap:anywhere}\n.g9-c-step-cards [data-g9-block=construction] ol>li::before{content:counter(g9c);position:absolute;left:14px;top:12px;display:grid;place-items:center;width:1.9em;height:1.9em;border-radius:50%;background:var(--pill-bg);color:var(--pill-fg);font-weight:850;font-size:.9rem}\n.g9-c-step-cards li em{display:inline-block;min-width:5.6rem;color:var(--muted);font-style:normal;font-weight:700}\n.g9-c-step-cards li br{display:block;content:"";margin-top:.3rem}\n.g9-c-equation-card,.g9-c-worked-card{border:1px solid var(--line);border-radius:14px;background:var(--soft);padding:10px 14px}\n.g9-c-worked-card{border-left:4px solid var(--accent)}.g9-c-worked-card [data-g9-block=worked_anchor]{border-left:0;padding-left:0}\n.g9-c-trap-card{background:var(--warn-bg);border:1px solid var(--warn-line);border-radius:14px;padding:10px 14px;color:var(--warn-fg)}\n.g9-c-trap-card [data-g9-block]{border-left:0;padding-left:0}.g9-c-trap-card h4{margin:.5rem 0 .1rem;font-size:max(.85rem,14px)}\n.g9-c-trap-card ul{margin:.1rem 0;padding-left:1.2rem}\n.g9-c-triad{border:1px solid var(--line);border-radius:14px;background:var(--soft);padding:10px 14px}\n.g9-c-triad h4{margin:0 0 .4rem;font-size:max(.85rem,14px);text-transform:uppercase;letter-spacing:.05em;color:var(--muted)}\n.g9-triad{list-style:none;margin:0;padding:0;display:grid;gap:8px}\n.g9-triad>li{display:grid;gap:2px;border-left:4px solid var(--line);padding:2px 0 2px 10px}\n.g9-triad>li[data-g9-triad-role=CHECK]{border-color:var(--info-line)}.g9-triad>li[data-g9-triad-role=APPLY]{border-color:var(--ok-line)}.g9-triad>li[data-g9-triad-role=CONNECT]{border-color:var(--pill-fg)}\n.g9-triad-head{font-size:max(.85rem,14px);font-weight:800;letter-spacing:.04em;text-transform:uppercase;color:var(--muted)}\n.g9-c-chips ul,.g9-c-chips ol{display:flex;flex-wrap:wrap;gap:8px;list-style:none;margin:.3rem 0;padding:0}\n.g9-c-chips li{margin:0}\n.g9-c-chips a{border:1px solid var(--line);border-radius:999px;background:var(--card);padding:6px 14px;min-height:48px;display:inline-flex;align-items:center;text-decoration:none;color:var(--fg)}\n/* 12.7-inch tablet: the identity block is a title row and a chip row, so the first screen shows the work and not the labels */\narticle[data-g9-role=CORE2]>.slot-identity,article[data-g9-role=CORE1A]>.slot-identity{display:flex;flex-wrap:wrap;align-items:center;gap:4px 16px;padding:0 0 8px;margin-bottom:12px}\narticle[data-g9-role=CORE2]>.slot-identity>.g9-component,article[data-g9-role=CORE1A]>.slot-identity>.g9-component{display:contents}\narticle[data-g9-role=CORE2]>.slot-identity [data-g9-block=source_identity]{order:1;flex:1 1 16rem;display:flex;align-items:baseline;flex-wrap:wrap;gap:0 14px;min-width:0}\narticle[data-g9-role=CORE2]>.slot-identity [data-g9-block=source_identity] h2,article[data-g9-role=CORE1A]>.slot-identity h2{margin:0}\narticle[data-g9-role=CORE2]>.slot-identity [data-g9-block=source_identity] .g9-prov{margin:0}\narticle[data-g9-role=CORE2]>.slot-identity .g9-why-toggle{order:2;margin:0;padding:2px 0;min-height:var(--g9-touch-min)}\narticle[data-g9-role=CORE2]>.slot-identity [data-g9-meta-strip],article[data-g9-role=CORE1A]>.slot-identity [data-g9-meta-strip]{order:3;flex:1 0 100%;margin:0;gap:6px}\narticle[data-g9-role=CORE2]>.slot-identity .g9-why{order:4;flex:1 0 100%}\narticle[data-g9-role=CORE1A]>.slot-identity h2{order:1;flex:1 1 auto}\narticle[data-g9-role=CORE1A]>.slot-identity [data-g9-block=section_route]{order:4;flex:1 0 100%;display:flex;align-items:center;gap:6px 12px;flex-wrap:wrap}\narticle[data-g9-role=CORE1A]>.slot-identity [data-g9-block=section_route] h4{margin:0;white-space:nowrap}\narticle[data-g9-role=CORE1A]>.slot-identity [data-g9-section-route] ol{display:flex;flex-wrap:wrap;gap:6px;margin:0;padding:0;list-style:none}\narticle[data-g9-role=CORE1A]>.slot-identity [data-g9-section-route] li{margin:0}\narticle[data-g9-role=CORE1A]>.slot-identity [data-g9-section-route] a{display:inline-block;width:auto;max-width:24rem;padding:4px 14px;border-radius:999px;line-height:38px;white-space:nowrap;overflow:hidden;text-overflow:ellipsis}\narticle[data-g9-role=CORE1A]>.slot-identity [data-g9-component=SECTION_ROUTE]{flex:1 1 100%;width:100%;min-width:0}\narticle[data-g9-role=CORE1A]>.slot-identity [data-g9-section-route] a{max-width:100%;white-space:normal;overflow-wrap:anywhere}\narticle[data-g9-role=CORE2]>.slot-identity [data-g9-meta-item],article[data-g9-role=CORE1A]>.slot-identity [data-g9-meta-item]{padding:2px 10px;line-height:1.35}\n.g9-interactive-bridge{border:2px solid var(--accent);border-radius:16px;background:var(--card);padding:16px 20px;margin:18px 0}\n.g9-interactive-bridge h3{margin:8px 0 4px;font-size:1.15rem;color:var(--fg)}\n.g9-interactive-desc{color:var(--muted);font-size:.92rem;margin:0 0 12px}\n.g9-action-interactive{display:inline-flex;align-items:center;min-height:var(--g9-touch-min);padding:8px 16px;border-radius:10px;background:var(--accent);color:#fff;text-decoration:none;font-weight:700}\n.g9-action-interactive:hover{opacity:.95}\n.g9-transitions-row{display:flex;flex-wrap:wrap;gap:12px;margin:10px 0}\n.g9-transition-chip{display:inline-flex;align-items:center;min-height:var(--g9-touch-min);padding:8px 16px;border:1px solid var(--line);border-radius:12px;background:var(--card);color:var(--accent);font-weight:700;text-decoration:none}\n.g9-transition-chip:hover{background:var(--soft);border-color:var(--accent)}\n\narticle[id],section[id]{scroll-margin-top:var(--g9-header-offset,160px)}\n.g9-repair-probe{padding:12px;border:1px solid var(--line);border-radius:12px;margin:12px 0}\n.g9-repair-probe label,.g9-repair-probe textarea{display:block;width:100%;box-sizing:border-box}\n.g9-repair-probe textarea{min-height:88px;font:inherit;margin:8px 0}\n.g9-repair-probe button,.g9-repair-probe a{min-height:48px;display:inline-flex;align-items:center}\n.g9-repair-probe [hidden]{display:none!important}\n[data-g9-alignment-probe] input{display:block;min-height:48px;width:100%;box-sizing:border-box}\n[data-g9-alignment-probe] label{display:block}\n[data-g9-alignment-probe] svg{max-width:100%;height:auto}\nsection[id]:focus{outline:3px solid var(--accent);outline-offset:3px}\n@media (min-width:980px){article[data-g9-role="CORE2"] .g9-split{display:grid;grid-template-columns:minmax(0,42fr) minmax(0,58fr);gap:22px;align-items:start}article[data-g9-role="CORE2"] .g9-split-primary-only,article[data-g9-role="CORE2"] .g9-split-support-only{grid-template-columns:minmax(0,1fr)}}@media (max-width:979px){article[data-g9-role="CORE2"] .g9-split{display:flex;flex-direction:column}article[data-g9-role="CORE2"] .g9-split .g9-col,article[data-g9-role="CORE2"] .g9-split .blueprint-slot,article[data-g9-role="CORE2"] .g9-split .g9-cu,article[data-g9-role="CORE2"] .g9-split .g9-cu-support{display:contents}article[data-g9-role="CORE2"] [data-g9-component="IDENTITY"]{order:10}article[data-g9-role="CORE2"] [data-g9-component="SOURCE_PDF"]{order:15}article[data-g9-role="CORE2"] [data-g9-component="DIFFICULTY_WHY"]{order:20}article[data-g9-role="CORE2"] [data-g9-component="STEM"]{order:30}article[data-g9-role="CORE2"] [data-g9-component="CONDITIONS"]{order:50}article[data-g9-role="CORE2"] [data-g9-component="TRAP"]{order:60}article[data-g9-role="CORE2"] [data-g9-component="ATTEMPT"]{order:70}article[data-g9-role="CORE2"] [data-g9-component="REPRESENTATION"]{order:40}article[data-g9-role="CORE2"] [data-g9-component="HINT_LADDER"]{order:80}article[data-g9-role="CORE2"] [data-g9-component="CONCEPT_NAV"]{order:90}article[data-g9-role="CORE2"] [data-g9-component="SOLUTION"]{order:100}}@media print{article[data-g9-role="CORE2"] .g9-split{display:grid;grid-template-columns:minmax(0,42fr) minmax(0,58fr);gap:12px}}@media (min-width:1100px){article[data-g9-role="CORE1B"] .g9-split{display:grid;grid-template-columns:minmax(0,68fr) minmax(0,32fr);gap:22px;align-items:start}article[data-g9-role="CORE1B"] .g9-split-primary-only,article[data-g9-role="CORE1B"] .g9-split-support-only{grid-template-columns:minmax(0,1fr)}}@media print{article[data-g9-role="CORE1B"] .g9-split{display:grid;grid-template-columns:minmax(0,68fr) minmax(0,32fr);gap:12px}}@media (min-width:1100px){article[data-g9-role="CORE2A"] .g9-split{display:grid;grid-template-columns:minmax(0,68fr) minmax(0,32fr);gap:22px;align-items:start}article[data-g9-role="CORE2A"] .g9-split-primary-only,article[data-g9-role="CORE2A"] .g9-split-support-only{grid-template-columns:minmax(0,1fr)}}@media print{article[data-g9-role="CORE2A"] .g9-split{display:grid;grid-template-columns:minmax(0,68fr) minmax(0,32fr);gap:12px}}@media (min-width:1100px){article[data-g9-role="CORE2B"] .g9-split{display:grid;grid-template-columns:minmax(0,68fr) minmax(0,32fr);gap:22px;align-items:start}article[data-g9-role="CORE2B"] .g9-split-primary-only,article[data-g9-role="CORE2B"] .g9-split-support-only{grid-template-columns:minmax(0,1fr)}}@media print{article[data-g9-role="CORE2B"] .g9-split{display:grid;grid-template-columns:minmax(0,68fr) minmax(0,32fr);gap:12px}}</style></head><body data-core="CORE1A" data-blueprint-ref="BP-CORE1A-CONSTRUCTION@1.7.0"><header class="g9-shell-header" data-g9-shell-header><div class="g9-header-inner"><a href="../../../index.html" class="g9-brand"><span class="logo-icon">⚡</span><span class="brand-title">Grade9V3.5</span><span class="g9-brand-badge">Learner Platform</span></a><nav class="g9-header-nav" aria-label="Portal Navigation"><a data-g9-home href="../../../index.html">Home</a><a href="physics/index.html">Physics</a><a href="chemistry/index.html">Chemistry</a><a href="mathematics/index.html">Mathematics</a><a href="../../../question-bank/index.html">Question Bank</a></nav><div class="g9-header-actions"><button type="button" class="g9-header-btn g9-search-btn" data-g9-action="search" title="Search Grade9V3 (Ctrl/⌘ K)" aria-label="Search"><span class="g9-btn-icon">🔍</span><span class="g9-btn-text">Search</span></button><button type="button" class="g9-header-btn g9-display-btn" data-g9-action="display" title="Display & Theme Settings" aria-label="Display & Theme"><span class="g9-btn-icon">🌙 / ☀️</span><span class="g9-btn-text">Display</span></button><a class="g9-header-btn g9-pdf-link" data-g9-action="pdf" data-g9-pdf-link aria-label="Open the PDF of this page to print it" href="core1a.pdf" title="Open the PDF of this page to print it">PDF</a></div></div><div data-g9-search-panel hidden><input data-g9-search-input type="search" aria-label="Search this page"></div><div data-g9-display-panel hidden><button type="button" data-g9-font="dec">A-</button><button type="button" data-g9-font="reset">A</button><button type="button" data-g9-font="inc">A+</button><button type="button" data-g9-theme="light">Light</button><button type="button" data-g9-theme="dark">Dark</button><button type="button" data-g9-zoom="dec">Zoom -</button><button type="button" data-g9-zoom="reset">100%</button><button type="button" data-g9-zoom="inc">Zoom +</button></div></header><div class="g9-concept-triad-bar"><div class="g9-triad-inner"><div class="g9-triad-context"><a href="physics/index.html">Physics</a> / <a href="topics/nlm/index.html">Two-dimensional kinematics and projectile model</a> / <span aria-current="page">Learn</span></div><span class="g9-triad-concept-title">Concept: Two-dimensional kinematics and projectile model</span><div class="g9-triad-actions"><a class="g9-triad-btn" href="core1.html">Orientation</a><a class="g9-triad-btn active" href="core1a.html">📖 Learn</a><a class="g9-triad-btn" href="core1b.html">Recall</a><a class="g9-triad-btn" href="core2.html">✍️ Practice</a><a class="g9-triad-btn" href="core2a.html">Apply</a><a class="g9-triad-btn" href="core2b.html">Transfer</a><a class="g9-triad-btn g9-btn-qb" href="../../../question-bank/index.html">All questions in QB &rarr;</a></div></div></div><noscript>Answers open after you attempt; this page needs JavaScript.</noscript><main><h1>Two-dimensional kinematics and projectile model: Construction</h1><details class="g9-secondary-disclosure" data-g9-secondary="core1a-contents"><summary>Contents and concept route</summary><div class="g9-secondary-body"><section class="g9-core1a-book" data-g9-bucket-orientation data-g9-bucket-ref="BUCKET-PHY-KIN-2D-MOTION"><p class="g9-prov">Concept Book</p><h2>Two-dimensional kinematics and projectile model</h2><div class="g9-bucket-orientation-grid"><div><div class="g9-block" data-g9-block="learning_promise"><h4>Learning promise</h4><p>Independent perpendicular component motion in one frame, constant-acceleration component equations with common time, and the ideal near-Earth projectile specialization for horizontal and oblique launch questions.</p></div><nav class="g9-block" data-g9-block="concept_route" data-g9-concept-route aria-label="Concept Book route"><h4>Concept route</h4><ol><li data-g9-concept-ref="MIC-PHY-KIN-2D-INDEPENDENT-COMPONENTS"><a href="#MIC-PHY-KIN-2D-INDEPENDENT-COMPONENTS">Split one plane-motion event into independent x/y components with one clock</a><ol><li><a href="#CU-PHY-KIN-2D-INDEPENDENT-COMPONENTS-1">Solve each axis on its own, but read both coordinates at one shared instant before calling the pair a position.</a></li></ol></li><li data-g9-concept-ref="MIC-PHY-KIN-2D-CONSTANT-ACCELERATION"><a href="#MIC-PHY-KIN-2D-CONSTANT-ACCELERATION">Apply constant-acceleration kinematics component by component</a><ol><li><a href="#CU-PHY-KIN-2D-CONSTANT-ACCELERATION-1">Check on each axis that its acceleration component is constant, then run the one-dimensional equations once per axis with one shared time.</a></li></ol></li><li data-g9-concept-ref="MIC-PHY-KIN-PROJECTILE-MODEL"><a href="#MIC-PHY-KIN-PROJECTILE-MODEL">Select the gravity-only projectile model before using projectile consequences</a><ol><li><a href="#CU-PHY-KIN-PROJECTILE-MODEL-1">Decide from what acts after release whether the gravity-only model applies, and only then put a_x = 0 and a_y = −g into the component equations.</a></li><li><a href="#CU-PHY-KIN-PROJECTILE-MODEL-2">Name the requested event as a component condition before solving for its time: v_y = 0 at the apex, Δy = 0 at a return to launch height.</a></li><li><a href="#CU-PHY-KIN-PROJECTILE-MODEL-3">Write the landing event from the actual drop while keeping the actual u_y, then read every requested quantity at that one event time.</a></li></ol></li></ol></nav></div><aside><div class="g9-block" data-g9-block="foundation_route"><h4>Foundation route</h4><ul><li data-g9-foundation-ref="BUCKET-PHY-VEC-ADD-SUB" data-g9-availability="unlinked">Vector addition, subtraction and orientation <span class="g9-availability-note">— direct route unavailable in this product</span></li><li data-g9-foundation-ref="BUCKET-PHY-KIN-1D-MOTION" data-g9-availability="unlinked">One-dimensional motion <span class="g9-availability-note">— direct route unavailable in this product</span></li></ul></div><div class="g9-block" data-g9-block="model_contract"><h4>Model contract</h4><ul><li>Use one declared non-rotating x-y frame for the whole event; both component equations use the same elapsed time.</li><li>When +y is chosen upward, the ideal projectile model uses a_x=0 and a_y=-g after release.</li></ul></div><div class="g9-block" data-g9-block="scope_boundary"><h4>Outside this book</h4><ul><li>Calculus-based differentiation of a time-dependent position vector.</li><li>Derivation or memorization of a large catalogue of range/height/time-of-flight formulas as separate capabilities.</li><li>Trajectory-equation derivation as a first-slice requirement.</li><li>Air drag, Coriolis effects, variable gravity, target-on-incline projectile geometry and other advanced variants.</li></ul></div></aside></div></section></div></details><article id="MIC-PHY-KIN-2D-INDEPENDENT-COMPONENTS" data-g9-unit="MIC-PHY-KIN-2D-INDEPENDENT-COMPONENTS" data-g9-kind="CONCEPT" data-g9-role="CORE1A" data-g9-search-text="Physics Motion in 2 D Split one plane-motion event into independent x/y components with one clock Medium concept Split one plane-motion event into independent x/y components with one clock"><section class="blueprint-slot slot-identity" data-blueprint-slot="identity" data-required="true"><div class="g9-component g9-c-concept-header" data-g9-component="CONCEPT_HEADER" data-g9-level="REQUIRED" data-g9-presentation="CONCEPT_HEADER"><h2>Split one plane-motion event into independent x/y components with one clock</h2><div data-g9-meta-strip data-g9-meta-role="CORE1A" data-g9-meta-record="MIC-PHY-KIN-2D-INDEPENDENT-COMPONENTS" data-g9-search-safe><span data-g9-meta-item data-g9-meta-kind="subject" data-g9-meta-ref="Physics" data-g9-meta-value="Physics"><strong>Subject:</strong> <span data-g9-meta-label>Physics</span></span><span data-g9-meta-item data-g9-meta-kind="topic" data-g9-meta-ref="BUCKET-PHY-KIN-2D-MOTION" data-g9-meta-value="Motion in 2 D"><strong>Topic:</strong> <span data-g9-meta-label>Motion in 2 D</span></span><span data-g9-meta-item data-g9-meta-kind="concept" data-g9-meta-ref="MIC-PHY-KIN-2D-INDEPENDENT-COMPONENTS" data-g9-meta-value="Split one plane-motion event into independent x/y components with one clock"><strong>Concept:</strong> <span data-g9-meta-label>Split one plane-motion event into independent x/y components with one clock</span></span><span data-g9-meta-item data-g9-meta-kind="concept-difficulty" data-g9-meta-ref="MIC-PHY-KIN-2D-INDEPENDENT-COMPONENTS" data-g9-meta-value="MEDIUM"><strong>Concept difficulty:</strong> <span data-g9-meta-label>Medium concept</span></span></div></div></section><section class="blueprint-slot slot-construction" data-blueprint-slot="construction" data-required="true"><section id="CU-PHY-KIN-2D-INDEPENDENT-COMPONENTS-1" class="g9-cu" data-g9-cu="CU-PHY-KIN-2D-INDEPENDENT-COMPONENTS-1"><div class="g9-component g9-c-unit-header" data-g9-component="UNIT_HEADER" data-g9-level="REQUIRED" data-g9-presentation="UNIT_HEADER" data-g9-component-unit="CU-PHY-KIN-2D-INDEPENDENT-COMPONENTS-1"><div class="g9-unit-head"><span class="g9-unit-no" aria-hidden="true">1</span><h3>Solve each axis on its own, but read both coordinates at one shared instant before calling the pair a position.</h3><span class="g9-pill g9-pill-concept">Medium concept</span></div><nav class="g9-cu-nav" data-g9-unit-navigation aria-label="Concept Book section navigation"><span data-g9-route-position>Section 1 of 5</span><span class="g9-cu-nav-links"><a data-g9-next-section href="#CU-PHY-KIN-2D-CONSTANT-ACCELERATION-1" aria-label="Next section: Check on each axis that its acceleration component is constant, then run the one-dimensional equations once per axis with one shared time.">Next →</a></span></nav></div><div class="g9-component g9-c-disclosure-tile" data-g9-component="MODEL_CONTRACT" data-g9-level="EXPECTED" data-g9-presentation="DISCLOSURE_TILE"><div class="g9-block" data-g9-block="entry_assumptions"><h4>Conditions for this construction</h4><ul><li>Can read signed vector components in a declared x-y frame.</li></ul></div><details class="g9-secondary-disclosure" data-g9-secondary="core1a-prerequisites"><summary>Prerequisite reference</summary><div class="g9-secondary-body"><ul><li data-g9-prereq="CAP-VECTOR-SIGNED-COMPONENT" data-bridged="true">Choosing axes and keeping components signed (Physics)</li></ul></div></details></div><div class="g9-component g9-c-step-cards" data-g9-component="CONSTRUCTION_STEPS" data-g9-level="REQUIRED" data-g9-presentation="STEP_CARDS" data-g9-component-items="4" data-g9-component-unit="CU-PHY-KIN-2D-INDEPENDENT-COMPONENTS-1"><div class="g9-block" data-g9-block="construction"><ol><li data-g9-step="K2D1-1"><strong>Choose one fixed x-y frame, one origin and one time origin for the whole plane-motion event.</strong><br><em>Why valid:</em> A component value is meaningful only after its frame and sign convention are fixed.<br><em>Result:</em> one declared frame, origin, axis orientation and t=0</li><li data-g9-step="K2D1-2"><strong>Represent position, velocity and acceleration as signed x and y components in that same frame.</strong><br><em>Why valid:</em> A plane vector is completely represented by its perpendicular Cartesian components once the frame is declared.<br><em>Result:</em> For x = 3t and y = 5t − t² at t = 1 s: (x, y) = (3, 4) m, (v_x, v_y) = (3, 3) m/s, (a_x, a_y) = (0, −2) m/s²</li><li data-g9-step="K2D1-3"><strong>Keep x-quantities in the x description and y-quantities in the y description while using one shared elapsed time.</strong><br><em>Why valid:</em> The perpendicular component equations are independent in Cartesian kinematics, but both describe the same object during the same physical interval.<br><em>Result:</em> x(1) = 3 × 1 = 3 m uses only x-quantities; y(1) = 5 × 1 − 1² = 4 m uses only y-quantities; both use t = 1 s</li><li data-g9-step="K2D1-4"><strong>Recombine only component values that refer to the same frame and the same instant.</strong><br><em>Why valid:</em> Mixing x at one time with y at another does not describe any single physical state of the object.<br><em>Result:</em> one physically valid plane state reconstructed from simultaneous components</li></ol></div></div><div class="g9-component g9-c-staged-visual" data-g9-component="STAGED_VISUAL" data-g9-level="EXPECTED" data-g9-presentation="STAGED_VISUAL" data-g9-component-items="4" data-g9-component-unit="CU-PHY-KIN-2D-INDEPENDENT-COMPONENTS-1"><figure data-g9-figure data-g9-fig="CU-PHY-KIN-2D-INDEPENDENT-COMPONENTS-1-REP-KIN-2D-DRONE-SHARED-CLOCK" data-g9-stage="TEACHING" data-g9-representation="REP-KIN-2D-DRONE-SHARED-CLOCK" data-g9-kind="VECTOR" data-g9-min-figure-text="14" data-reveal-stages="4" data-g9-stages-total="4" data-g9-stages="VIS-KIN-2D-DRONE-V0 VIS-KIN-2D-DRONE-V1 VIS-KIN-2D-DRONE-V2 VIS-KIN-2D-DRONE-V3" data-g9-stage-mode="cumulative"><div class="g9-diagram-scroll" tabindex="0" role="region" aria-label="Diagram; scroll horizontally when enlarged"><svg xmlns="http://www.w3.org/2000/svg" viewBox="0 0 720 510" role="img" aria-labelledby="g9fig-CORE1A-CU-PHY-KIN-2D-INDEPENDENT-COMPONENTS-1-REP-KIN-2D-DRONE-SHARED-CLOCK-1--rep-kin-drone-title g9fig-CORE1A-CU-PHY-KIN-2D-INDEPENDENT-COMPONENTS-1-REP-KIN-2D-DRONE-SHARED-CLOCK-1--rep-kin-drone-desc">\n  <title id="g9fig-CORE1A-CU-PHY-KIN-2D-INDEPENDENT-COMPONENTS-1-REP-KIN-2D-DRONE-SHARED-CLOCK-1--rep-kin-drone-title">Drone x(t) = 6t, y(t) = 8t − t²: both coordinates read at one shared instant</title>\n  <desc id="g9fig-CORE1A-CU-PHY-KIN-2D-INDEPENDENT-COMPONENTS-1-REP-KIN-2D-DRONE-SHARED-CLOCK-1--rep-kin-drone-desc">Stage 1: a drone lifts off from its launch pad and flies along a curved path. Stage 2: one declared frame with origin O at the pad, +x east, +y up, and one shared clock with t = 0 at launch; the axes are marked at x = 12 and 24 m and y = 12 and 16 m. Stage 3: the two component descriptions kept apart: the x-description x(t) = 6t gives x(2) = 12 m and x(4) = 24 m; the y-description y(t) = 8t − t² gives y(2) = 12 m and y(4) = 16 m. Stage 4: reading both at t = 2 s gives the position (12, 12) m, marked on the path; at t = 4 s the drone is at (24, 16) m, also on the path; the mixed pair x(2 s), y(4 s) = (12, 16) m is marked off the path and rejected, because at x = 12 m the drone is at y = 12 m, so it never occupies (12, 16) m.</desc>\n  <defs>\n    <marker id="g9fig-CORE1A-CU-PHY-KIN-2D-INDEPENDENT-COMPONENTS-1-REP-KIN-2D-DRONE-SHARED-CLOCK-1--rep-kin-drone-arrow" viewBox="0 0 10 10" refX="9" refY="5" markerWidth="7" markerHeight="7" orient="auto-start-reverse"><path d="M0 0 L10 5 L0 10 Z" fill="currentColor"/></marker>\n    <marker id="g9fig-CORE1A-CU-PHY-KIN-2D-INDEPENDENT-COMPONENTS-1-REP-KIN-2D-DRONE-SHARED-CLOCK-1--rep-kin-drone-arrow-acc" viewBox="0 0 10 10" refX="9" refY="5" markerWidth="7" markerHeight="7" orient="auto-start-reverse"><path d="M0 0 L10 5 L0 10 Z" fill="#1f6fb2"/></marker>\n  </defs>\n  <g data-g9-stage-id="VIS-KIN-2D-DRONE-V0" font-family="system-ui,sans-serif" font-size="15" fill="currentColor">\n    <text x="20" y="26" font-weight="600">A drone flies from its launch pad</text>\n    <line x1="30" y1="300" x2="470" y2="300" stroke="currentColor" stroke-width="2"/>\n    <rect x="62" y="300" width="36" height="8" fill="currentColor"/>\n    <text x="104" y="322">launch pad</text>\n    <path d="M80 300 Q260 -84 440 300" fill="none" stroke="currentColor" stroke-width="1.5" stroke-dasharray="5 4"/>\n    <g transform="translate(80 290)"><rect x="-12" y="-4" width="24" height="8" rx="2" fill="currentColor"/><line x1="-20" y1="-8" x2="-6" y2="-8" stroke="currentColor" stroke-width="2"/><line x1="6" y1="-8" x2="20" y2="-8" stroke="currentColor" stroke-width="2"/></g>\n    <text x="100" y="278">drone</text>\n  </g>\n  <g data-g9-stage-id="VIS-KIN-2D-DRONE-V1" font-family="system-ui,sans-serif" font-size="15" fill="currentColor">\n    <line x1="80" y1="300" x2="470" y2="300" stroke="currentColor" stroke-width="1.5" marker-end="url(#g9fig-CORE1A-CU-PHY-KIN-2D-INDEPENDENT-COMPONENTS-1-REP-KIN-2D-DRONE-SHARED-CLOCK-1--rep-kin-drone-arrow)"/>\n    <line x1="80" y1="300" x2="80" y2="60" stroke="currentColor" stroke-width="1.5" marker-end="url(#g9fig-CORE1A-CU-PHY-KIN-2D-INDEPENDENT-COMPONENTS-1-REP-KIN-2D-DRONE-SHARED-CLOCK-1--rep-kin-drone-arrow)"/>\n    <text x="476" y="305">+x (east), m</text>\n    <text x="88" y="60">+y (up), m</text>\n    <text x="58" y="320" text-anchor="middle">O</text>\n    <line x1="170" y1="295" x2="170" y2="305" stroke="currentColor"/>\n    <text x="170" y="344" text-anchor="middle" font-size="14">12</text>\n    <line x1="260" y1="295" x2="260" y2="305" stroke="currentColor"/>\n    <text x="260" y="344" text-anchor="middle" font-size="14">24</text>\n    <line x1="75" y1="156" x2="85" y2="156" stroke="currentColor"/>\n    <text x="70" y="161" text-anchor="end" font-size="14">12</text>\n    <line x1="75" y1="108" x2="85" y2="108" stroke="currentColor"/>\n    <text x="70" y="113" text-anchor="end" font-size="14">16</text>\n    <circle cx="514" cy="70" r="14" fill="none" stroke="currentColor" stroke-width="2"/>\n    <path d="M514 70 V60 M514 70 H522" stroke="currentColor" stroke-width="2"/>\n    <text x="492" y="104" font-weight="600">one shared clock t</text>\n    <text x="492" y="126">t = 0 at launch</text>\n  </g>\n  <g data-g9-stage-id="VIS-KIN-2D-DRONE-V2" font-family="system-ui,sans-serif" font-size="15" fill="currentColor">\n    <text x="20" y="372" font-weight="600">x-description (x only)</text>\n    <text x="20" y="394">x(t) = 6t</text>\n    <text x="20" y="416">x(2) = 6 × 2 = 12 m</text>\n    <text x="20" y="438">x(4) = 6 × 4 = 24 m</text>\n    <text x="300" y="372" font-weight="600">y-description (y only)</text>\n    <text x="300" y="394">y(t) = 8t − t²</text>\n    <text x="300" y="416">y(2) = 8 × 2 − 2² = 12 m</text>\n    <text x="300" y="438">y(4) = 8 × 4 − 4² = 16 m</text>\n  </g>\n  <g data-g9-stage-id="VIS-KIN-2D-DRONE-V3" font-family="system-ui,sans-serif" font-size="15" fill="currentColor">\n    <line x1="170" y1="300" x2="170" y2="88" stroke="currentColor" stroke-width="1" stroke-dasharray="3 4"/>\n    <circle cx="170" cy="156" r="7" fill="#1f6fb2"/>\n    <text x="182" y="182" font-weight="600" fill="#1f6fb2">t = 2 s: (12, 12) m ✓</text>\n    <circle cx="260" cy="108" r="6" fill="currentColor"/>\n    <text x="260" y="94" text-anchor="middle">t = 4 s: (24, 16) m</text>\n    <circle cx="170" cy="108" r="7" fill="none" stroke="currentColor" stroke-width="2"/>\n    <text x="184" y="70">x(2 s), y(4 s) = (12, 16) m ✗</text>\n    <text x="20" y="470">(12, 16) m mixes two instants: at x = 12 m the drone is at y = 12 m,</text>\n    <text x="20" y="492">so it never occupies (12, 16) m.</text>\n  </g>\n</svg>\n</div><div class="g9-stage-controls"><div class="g9-stage-chips" role="group" aria-label="Stages"><button type="button" class="g9-stage-chip" data-g9-stage-goto="0" data-g9-stage-desc="Show the drone&#x27;s flight from the pad without the component description.">1: Problem only</button><button type="button" class="g9-stage-chip" data-g9-stage-goto="1" data-g9-stage-desc="Declare the origin, axes and one clock for the whole flight.">2: Frame and clock</button><button type="button" class="g9-stage-chip" data-g9-stage-goto="2" data-g9-stage-desc="Evaluate x and y separately at 2 s and 4 s, each from its own function.">3: Component descriptions</button><button type="button" class="g9-stage-chip" data-g9-stage-goto="3" data-g9-stage-desc="Pair only same-time values into positions and reject the mixed pair.">4: Same-time pairing</button></div><p class="g9-stage-desc" data-g9-stage-desc-text></p><div class="g9-stage-stepper"><button type="button" data-g9-stage-step="prev">Previous stage</button><span data-g9-stage-label></span><button type="button" data-g9-stage-step="next">Next stage</button></div></div><figcaption data-g9-block="representation_bridge" data-g9-caption="purpose">Show the drone of x(t) = 6t, y(t) = 8t − t² in one frame with one clock, so each axis is evaluated on its own and only same-time values are paired into a position.</figcaption></figure></div><div class="g9-component g9-c-banner" data-g9-component="KEY_STEP" data-g9-level="REQUIRED" data-g9-presentation="BANNER"><div class="g9-block" data-g9-block="inferential_jump"><h4>The key step</h4><p>Perpendicular components may be solved separately because each axis equation contains only that axis&#x27;s quantities, but they still describe one object at one physical time.</p></div></div><div class="g9-component g9-c-disclosure-equation-card" data-g9-component="EQUATIONS" data-g9-level="EXPECTED" data-g9-presentation="DISCLOSURE_EQUATION_CARD" data-g9-component-unit="CU-PHY-KIN-2D-INDEPENDENT-COMPONENTS-1"><details class="g9-secondary-disclosure" data-g9-secondary="core1a-equations"><summary>Formula reference · meaning and conditions</summary><div class="g9-secondary-body"><div class="g9-block" data-g9-block="equation_matrix"><h4>Equations and validity</h4><div class="g9-table-scroll" data-g9-equation-matrix><table><thead><tr><th scope="col">Equation</th><th scope="col">What it tells you</th><th scope="col">When you can use it</th></tr></thead><tbody><tr data-g9-relation-ref="REL-KIN-2D-DISPLACEMENT"><td><div class="g9-math" data-g9-math="mathml"><math xmlns="http://www.w3.org/1998/Math/MathML" display="block"><mrow><mi>Δ</mi><mi>x</mi><mo>=</mo><msub><mi>u</mi><mi>x</mi></msub><mi>t</mi><mo>+</mo><mn>0.5</mn><msub><mi>a</mi><mi>x</mi></msub><msup><mi>t</mi><mn>2</mn></msup><mo>;</mo><mi>Δ</mi><mi>y</mi><mo>=</mo><msub><mi>u</mi><mi>y</mi></msub><mi>t</mi><mo>+</mo><mn>0.5</mn><msub><mi>a</mi><mi>y</mi></msub><msup><mi>t</mi><mn>2</mn></msup></mrow></math></div></td><td><p>Each perpendicular displacement component follows the 1D constant-acceleration displacement relation over one common interval.</p></td><td><ul><li>a_x and a_y are constant over the interval.</li><li>Both component equations use the same elapsed time and frame.</li></ul></td></tr></tbody></table></div></div></div></details></div><div class="g9-component g9-c-worked-card" data-g9-component="WORKED_EXAMPLE" data-g9-level="REQUIRED" data-g9-presentation="WORKED_CARD" data-g9-component-unit="CU-PHY-KIN-2D-INDEPENDENT-COMPONENTS-1"><div class="g9-block" data-g9-block="worked_anchor"><h4>Worked explanation</h4><p>A drone flies in a frame with origin at its launch pad, +x east, +y up and t = 0 at launch. Its position is x(t) = 6t m and y(t) = (8t − t²) m. Find its position at t = 2 s, and decide whether the pair x(2 s), y(4 s) is a position the drone ever occupies.</p><p class="g9-worked-instruction">Follow the operation, its justification and its result.</p><ol class="g9-watch-steps"><li data-g9-watch-step><div class="g9-worked-step-body"><p>The frame, origin and clock are declared once for the whole flight, so both functions share one t.</p></div></li><li data-g9-watch-step><div class="g9-worked-step-body"><p>At t = 2 s: x(2) = 6 × 2 = 12 m and y(2) = 8 × 2 − 2² = 12 m, so the drone is at (12, 12) m.</p></div></li><li data-g9-watch-step><div class="g9-worked-step-body"><p>y(4) = 8 × 4 − 4² = 16 m, so the pair x(2 s), y(4 s) is (12, 16) m.</p></div></li><li data-g9-watch-step><div class="g9-worked-step-body"><p>x = 12 m happens only at t = 2 s, when y is 12 m rather than 16 m, so (12, 16) m is never a position of the drone.</p></div></li></ol><div class="g9-block" data-g9-block="worked_result"><h4>Result</h4><p>At t = 2 s the drone is at (12, 12) m. The pair (12, 16) m mixes two instants and is not a position the drone ever occupies.</p></div><div class="g9-block" data-g9-block="worked_check"><h4>Check</h4><p>At t = 4 s the drone is really at (24, 16) m: substituting t = 4 into both functions gives a genuine position, and its x differs from the mixed pair&#x27;s.</p></div></div></div></section></section><section class="blueprint-slot slot-repair_closure" data-blueprint-slot="repair_closure" data-required="true"><section class="g9-cu-support" data-g9-support-for="CU-PHY-KIN-2D-INDEPENDENT-COMPONENTS-1"><h3>Solve each axis on its own, but read both coordinates at one shared instant before calling the pair a position.</h3><div class="g9-component g9-c-disclosure-trap-card" data-g9-component="TRAP_REPAIR" data-g9-level="REQUIRED" data-g9-presentation="DISCLOSURE_TRAP_CARD" data-g9-component-items="2" data-g9-component-unit="CU-PHY-KIN-2D-INDEPENDENT-COMPONENTS-1"><details class="g9-secondary-disclosure" data-g9-secondary="core1a-trap-repair"><summary>Mistake clinic · diagnose and repair</summary><div class="g9-secondary-body"><div class="g9-block" data-g9-block="wrong_path"><h4>A tempting wrong path</h4><ul><li>Independent x and y motions may use different elapsed times.</li><li>The x-motion and y-motion are two different objects that can be paired arbitrarily later.</li></ul></div><div class="g9-block" data-g9-block="diagnose"><h4>Diagnose</h4><ul><li>At one instant 2 s after launch, may the x equation use t=2 s while the y equation uses another time?</li><li>May x(2 s) be combined with y(3 s) to describe the particle&#x27;s position?</li></ul></div><div class="g9-block" data-g9-block="repair"><h4>Repair</h4><ul><li>No. Independence separates the axis equations; it does not give the same object two clocks.</li><li>No. A plane state is a simultaneous pair. Recombine x(t) and y(t) only at the same t in the same frame.</li></ul></div></div></details></div><div class="g9-component g9-c-triad" data-g9-component="QUICK_CHECK" data-g9-level="REQUIRED" data-g9-presentation="TRIAD" data-g9-component-items="2" data-g9-component-unit="CU-PHY-KIN-2D-INDEPENDENT-COMPONENTS-1"><div class="g9-block" data-g9-block="independent_check"><h4>1-2-3 quick check</h4><ol class="g9-triad"><li data-g9-triad-role=""><span class="g9-triad-head">1 · Check</span><span class="g9-triad-text">Substitute the reported t back into both component functions: each must return its reported coordinate. If one coordinate only matches at a different t, the pair is not a position.</span></li><li data-g9-triad-role=""><span class="g9-triad-head">2 · Check</span><span class="g9-triad-text">Reverse the declared +y direction: every y-quantity must change sign together while no x-quantity changes, and the physical position stays the same.</span></li></ol></div></div></section></section><section class="blueprint-slot slot-repair_closure" data-blueprint-slot="repair_closure" data-required="true"><div class="g9-component g9-c-recall-card" data-g9-component="EXIT_RECALL" data-g9-level="REQUIRED" data-g9-presentation="RECALL_CARD"><div class="g9-block" data-g9-block="exit_task"><h4>Now you do one</h4><p>A particle has x-velocity 6 m/s and y-velocity -8 m/s at t=3 s. Explain what &#x27;independent components&#x27; means and what must remain shared between the x and y descriptions.</p></div><div class="g9-attempt" data-g9-attempt-box data-g9-response-type="free_response"><label>Your answer<textarea data-g9-attempt rows="4"></textarea></label><label class="g9-paper"><input data-g9-paper type="checkbox">I worked this on paper</label><button type="button" data-g9-commit>I have attempted this</button></div><details data-g9-reveal data-requires-attempt data-g9-payload-ref="CORE1A-MIC-PHY-KIN-2D-INDEPENDENT-COMPONENTS-exit"><summary>Model answer</summary><div data-g9-payload-slot></div></details><template data-g9-payload="CORE1A-MIC-PHY-KIN-2D-INDEPENDENT-COMPONENTS-exit"><div class="g9-block" data-g9-block="exit_answer"><p>The x and y component equations are solved separately in the same frame, but both describe the same particle at the same t=3 s.</p><ol><li>Keep x quantities in the x equation and y quantities in the y equation.</li><li>Use one common elapsed time for the same physical instant.</li><li>Recombine components only after each axis is handled consistently.</li></ol></div></template></div><div class="g9-component g9-c-chips" data-g9-component="PRACTICE_LINKS" data-g9-level="OPTIONAL" data-g9-presentation="CHIPS"><div class="g9-block" data-g9-block="practice_navigation"><h4>Practice this concept in Core2</h4><ul><li><a data-g9-practice-link data-g9-question-ref="PYQ-PHY-IITJEE-2011-P2-Q33" data-g9-concept-ref="MIC-PHY-KIN-2D-INDEPENDENT-COMPONENTS" href="core2.html#PYQ-PHY-IITJEE-2011-P2-Q33">IIT-JEE · 2011 · Paper II · Q33</a></li><li><a data-g9-practice-link data-g9-question-ref="PYQ-PHY-JEEADV-2018-P2-Q08" data-g9-concept-ref="MIC-PHY-KIN-2D-INDEPENDENT-COMPONENTS" href="core2.html#PYQ-PHY-JEEADV-2018-P2-Q08">JEE (Advanced) · 2018 · Paper 2 · Q8</a></li><li><a data-g9-practice-link data-g9-question-ref="PYQ-PHY-JEEADV-2019-P2-Q09" data-g9-concept-ref="MIC-PHY-KIN-2D-INDEPENDENT-COMPONENTS" href="core2.html#PYQ-PHY-JEEADV-2019-P2-Q09">JEE (Advanced) · 2019 · Paper 2 · Q9</a></li><li><a data-g9-practice-link data-g9-question-ref="PYQ-PHY-JEEADV-2021-P1-Q05" data-g9-concept-ref="MIC-PHY-KIN-2D-INDEPENDENT-COMPONENTS" href="core2.html#PYQ-PHY-JEEADV-2021-P1-Q05">JEE (Advanced) · 2021 · Paper 1 · Q5</a></li><li><a data-g9-practice-link data-g9-question-ref="PYQ-PHY-JEEADV-2021-P1-Q06" data-g9-concept-ref="MIC-PHY-KIN-2D-INDEPENDENT-COMPONENTS" href="core2.html#PYQ-PHY-JEEADV-2021-P1-Q06">JEE (Advanced) · 2021 · Paper 1 · Q6</a></li><li><a data-g9-practice-link data-g9-question-ref="PYQ-PHY-JEEADV-2024-P2-Q09" data-g9-concept-ref="MIC-PHY-KIN-2D-INDEPENDENT-COMPONENTS" href="core2.html#PYQ-PHY-JEEADV-2024-P2-Q09">JEE (Advanced) · 2024 · Paper 2 · Q9</a></li><li><a data-g9-practice-link data-g9-question-ref="PYQ-PHY-IITJEE-2012-P1-Q05" data-g9-concept-ref="MIC-PHY-KIN-2D-INDEPENDENT-COMPONENTS" href="core2.html#PYQ-PHY-IITJEE-2012-P1-Q05">IIT-JEE · 2012 · Paper I · Q5</a></li><li><a data-g9-practice-link data-g9-question-ref="PYQ-PHY-JEEADV-2022-P1-Q08" data-g9-concept-ref="MIC-PHY-KIN-2D-INDEPENDENT-COMPONENTS" href="core2.html#PYQ-PHY-JEEADV-2022-P1-Q08">JEE (Advanced) · 2022 · Paper 1 · Q8</a></li><li><a data-g9-practice-link data-g9-question-ref="PYQ-PHY-JEEADV-2023-P1-Q01" data-g9-concept-ref="MIC-PHY-KIN-2D-INDEPENDENT-COMPONENTS" href="core2.html#PYQ-PHY-JEEADV-2023-P1-Q01">JEE (Advanced) · 2023 · Paper 1 · Q1</a></li><li><a data-g9-practice-link data-g9-question-ref="PYQ-PHY-JEEADV-2025-P2-Q15" data-g9-concept-ref="MIC-PHY-KIN-2D-INDEPENDENT-COMPONENTS" href="core2.html#PYQ-PHY-JEEADV-2025-P2-Q15">JEE (Advanced) · 2025 · Paper 2 · Q15</a></li><li><a data-g9-practice-link data-g9-question-ref="PYQ-PHY-IITJEE-2011-P2-Q26" data-g9-concept-ref="MIC-PHY-KIN-2D-INDEPENDENT-COMPONENTS" href="core2.html#PYQ-PHY-IITJEE-2011-P2-Q26">IIT-JEE · 2011 · Paper II · Q26</a></li><li><a data-g9-practice-link data-g9-question-ref="PYQ-PHY-JEEADV-2014-P1-Q11" data-g9-concept-ref="MIC-PHY-KIN-2D-INDEPENDENT-COMPONENTS" href="core2.html#PYQ-PHY-JEEADV-2014-P1-Q11">JEE (Advanced) · 2014 · Paper 1 · Q11</a></li><li><a data-g9-practice-link data-g9-question-ref="PYQ-PHY-JEEADV-2026-P1-Q06" data-g9-concept-ref="MIC-PHY-KIN-2D-INDEPENDENT-COMPONENTS" href="core2.html#PYQ-PHY-JEEADV-2026-P1-Q06">JEE (Advanced) · 2026 · Paper 1 · Q6</a></li><li><a data-g9-practice-link data-g9-question-ref="PYQ-PHY-JEEADV-2013-P1-Q07" data-g9-concept-ref="MIC-PHY-KIN-2D-INDEPENDENT-COMPONENTS" href="core2.html#PYQ-PHY-JEEADV-2013-P1-Q07">JEE (Advanced) · 2013 · Paper 1 · Q7</a></li><li><a data-g9-practice-link data-g9-question-ref="PYQ-PHY-JEEMAIN-2026-04APR-S2-Q29" data-g9-concept-ref="MIC-PHY-KIN-2D-INDEPENDENT-COMPONENTS" href="core2.html#PYQ-PHY-JEEMAIN-2026-04APR-S2-Q29">JEE Main · 2026 · Session 2 · 04 Apr 2026 · Shift 2 · Q29</a></li></ul></div></div><div class="g9-component g9-c-visual-card" data-g9-component="INTERACTIVE_BRIDGE" data-g9-level="OPTIONAL" data-g9-presentation="VISUAL_CARD"><aside class="g9-interactive-bridge" data-g9-interactive-bridge><span class="g9-pill g9-pill-interactive">Try Visually</span><h3 class="g9-interactive-title">Motion in a Plane Research Suite</h3><p class="g9-interactive-desc">Explore this concept with interactive controls and real-time visual response.</p><a class="g9-bridge-link g9-action-interactive" data-g9-interactive-link href="physics/motion-2d/explorers/motion-in-a-plane/index.html" target="_blank" rel="noopener">Try it visually &rarr;</a></aside><aside class="g9-interactive-bridge" data-g9-interactive-bridge><span class="g9-pill g9-pill-interactive">Try Visually</span><h3 class="g9-interactive-title">2D Motion Master Suite</h3><p class="g9-interactive-desc">Explore this concept with interactive controls and real-time visual response.</p><a class="g9-bridge-link g9-action-interactive" data-g9-interactive-link href="physics/motion-in-2d/explorers/motions_in_2d/index.html" target="_blank" rel="noopener">Try it visually &rarr;</a></aside></div><div class="g9-component g9-c-chips" data-g9-component="LEARNING_TRANSITIONS" data-g9-level="OPTIONAL" data-g9-presentation="CHIPS"><div class="g9-block" data-g9-block="learning_transitions"><h4>Next steps</h4><div class="g9-transitions-row" data-g9-transitions><a class="g9-transition-chip g9-chip-practice" data-g9-transition="PRACTICE" href="core2.html">Practice this concept &rarr;</a><a class="g9-transition-chip g9-chip-qb" data-g9-transition="QUESTION_BANK" href="../../../question-bank/index.html?capability=MIC-PHY-KIN-2D-INDEPENDENT-COMPONENTS">All questions in Question Bank &rarr;</a></div></div></div></section></article><article id="MIC-PHY-KIN-2D-CONSTANT-ACCELERATION" data-g9-unit="MIC-PHY-KIN-2D-CONSTANT-ACCELERATION" data-g9-kind="CONCEPT" data-g9-role="CORE1A" data-g9-search-text="Physics Motion in 2 D Apply constant-acceleration kinematics component by component Medium concept Apply constant-acceleration kinematics component by component"><section class="blueprint-slot slot-identity" data-blueprint-slot="identity" data-required="true"><div class="g9-component g9-c-concept-header" data-g9-component="CONCEPT_HEADER" data-g9-level="REQUIRED" data-g9-presentation="CONCEPT_HEADER"><h2>Apply constant-acceleration kinematics component by component</h2><div data-g9-meta-strip data-g9-meta-role="CORE1A" data-g9-meta-record="MIC-PHY-KIN-2D-CONSTANT-ACCELERATION" data-g9-search-safe><span data-g9-meta-item data-g9-meta-kind="subject" data-g9-meta-ref="Physics" data-g9-meta-value="Physics"><strong>Subject:</strong> <span data-g9-meta-label>Physics</span></span><span data-g9-meta-item data-g9-meta-kind="topic" data-g9-meta-ref="BUCKET-PHY-KIN-2D-MOTION" data-g9-meta-value="Motion in 2 D"><strong>Topic:</strong> <span data-g9-meta-label>Motion in 2 D</span></span><span data-g9-meta-item data-g9-meta-kind="concept" data-g9-meta-ref="MIC-PHY-KIN-2D-CONSTANT-ACCELERATION" data-g9-meta-value="Apply constant-acceleration kinematics component by component"><strong>Concept:</strong> <span data-g9-meta-label>Apply constant-acceleration kinematics component by component</span></span><span data-g9-meta-item data-g9-meta-kind="concept-difficulty" data-g9-meta-ref="MIC-PHY-KIN-2D-CONSTANT-ACCELERATION" data-g9-meta-value="MEDIUM"><strong>Concept difficulty:</strong> <span data-g9-meta-label>Medium concept</span></span></div></div></section><section class="blueprint-slot slot-construction" data-blueprint-slot="construction" data-required="true"><section id="CU-PHY-KIN-2D-CONSTANT-ACCELERATION-1" class="g9-cu" data-g9-cu="CU-PHY-KIN-2D-CONSTANT-ACCELERATION-1"><div class="g9-component g9-c-unit-header" data-g9-component="UNIT_HEADER" data-g9-level="REQUIRED" data-g9-presentation="UNIT_HEADER" data-g9-component-unit="CU-PHY-KIN-2D-CONSTANT-ACCELERATION-1"><div class="g9-unit-head"><span class="g9-unit-no" aria-hidden="true">1</span><h3>Check on each axis that its acceleration component is constant, then run the one-dimensional equations once per axis with one shared time.</h3><span class="g9-pill g9-pill-concept">Medium concept</span></div><nav class="g9-cu-nav" data-g9-unit-navigation aria-label="Concept Book section navigation"><span data-g9-route-position>Section 2 of 5</span><span class="g9-cu-nav-links"><a data-g9-prev-section href="#CU-PHY-KIN-2D-INDEPENDENT-COMPONENTS-1" aria-label="Previous section: Solve each axis on its own, but read both coordinates at one shared instant before calling the pair a position.">← Previous</a><a data-g9-next-section href="#CU-PHY-KIN-PROJECTILE-MODEL-1" aria-label="Next section: Decide from what acts after release whether the gravity-only model applies, and only then put a_x = 0 and a_y = −g into the component equations.">Next →</a></span></nav></div><div class="g9-component g9-c-disclosure-tile" data-g9-component="MODEL_CONTRACT" data-g9-level="EXPECTED" data-g9-presentation="DISCLOSURE_TILE"><div class="g9-block" data-g9-block="entry_assumptions"><h4>Conditions for this construction</h4><ul><li>Can use the existing one-dimensional constant-acceleration model.</li><li>Can keep x/y components separate with one common time.</li></ul></div><details class="g9-secondary-disclosure" data-g9-secondary="core1a-prerequisites"><summary>Prerequisite reference</summary><div class="g9-secondary-body"><ul><li data-g9-prereq="CAP-KIN-2D-INDEPENDENT-COMPONENTS" data-bridged="true"><a href="core1a.html#MIC-PHY-KIN-2D-INDEPENDENT-COMPONENTS">Represent one plane-motion event as independent signed x/y component histories that share one elapsed time.</a></li><li data-g9-prereq="CAP-KIN-CONSTANT-ACCELERATION" data-bridged="true">Derive the constant-acceleration equations from one velocity-time graph (Physics)</li></ul></div></details></div><div class="g9-component g9-c-step-cards" data-g9-component="CONSTRUCTION_STEPS" data-g9-level="REQUIRED" data-g9-presentation="STEP_CARDS" data-g9-component-items="3" data-g9-component-unit="CU-PHY-KIN-2D-CONSTANT-ACCELERATION-1"><div class="g9-block" data-g9-block="construction"><ol><li data-g9-step="K2D2-1"><strong>Check separately whether a_x and a_y are constant over the interval before choosing constant-acceleration equations on either axis.</strong><br><em>Why valid:</em> The familiar one-dimensional kinematic relations are exact only on an axis whose acceleration component is constant over the interval.<br><em>Result:</em> per-axis model-validity decision</li><li data-g9-step="K2D2-2"><strong>Apply the one-dimensional constant-acceleration relations independently to x and y using only that axis&#x27;s signed values and the same t.</strong><br><em>Why valid:</em> Each Cartesian component obeys the same one-dimensional relation when its acceleration component is constant.<br><em>Result:</em> v_x=u_x+a_x t; v_y=u_y+a_y t; Delta x=u_x t+0.5a_x t^2; Delta y=u_y t+0.5a_y t^2</li><li data-g9-step="K2D2-3"><strong>If one axis determines an event time, reuse that same time on the other axis before recombining and checking the plane state.</strong><br><em>Why valid:</em> The event occurs once for the object; a time obtained from one component is the clock value for every component at that same event.<br><em>Result:</em> event time transferred across axes, then one checked plane state</li></ol></div></div><div class="g9-component g9-c-staged-visual" data-g9-component="STAGED_VISUAL" data-g9-level="EXPECTED" data-g9-presentation="STAGED_VISUAL" data-g9-component-items="4" data-g9-component-unit="CU-PHY-KIN-2D-CONSTANT-ACCELERATION-1"><figure data-g9-figure data-g9-fig="CU-PHY-KIN-2D-CONSTANT-ACCELERATION-1-REP-KIN-2D-PUCK-AXIS-CHECK" data-g9-stage="TEACHING" data-g9-representation="REP-KIN-2D-PUCK-AXIS-CHECK" data-g9-kind="VECTOR" data-g9-min-figure-text="14" data-reveal-stages="4" data-g9-stages-total="4" data-g9-stages="VIS-KIN-2D-PUCK-V0 VIS-KIN-2D-PUCK-V1 VIS-KIN-2D-PUCK-V2 VIS-KIN-2D-PUCK-V3" data-g9-stage-mode="cumulative"><div class="g9-diagram-scroll" tabindex="0" role="region" aria-label="Diagram; scroll horizontally when enlarged"><svg xmlns="http://www.w3.org/2000/svg" viewBox="0 0 760 390" role="img" aria-labelledby="g9fig-CORE1A-CU-PHY-KIN-2D-CONSTANT-ACCELERATION-1-REP-KIN-2D-PUCK-AXIS-CHECK-1--rep-kin-puck-title g9fig-CORE1A-CU-PHY-KIN-2D-CONSTANT-ACCELERATION-1-REP-KIN-2D-PUCK-AXIS-CHECK-1--rep-kin-puck-desc">\n  <title id="g9fig-CORE1A-CU-PHY-KIN-2D-CONSTANT-ACCELERATION-1-REP-KIN-2D-PUCK-AXIS-CHECK-1--rep-kin-puck-title">Puck with u = (4 i + 6 j) m/s and a = (0 i − 2 j) m/s²: check each axis, then one shared time</title>\n  <desc id="g9fig-CORE1A-CU-PHY-KIN-2D-CONSTANT-ACCELERATION-1-REP-KIN-2D-PUCK-AXIS-CHECK-1--rep-kin-puck-desc">Stage 1: a puck on a tilted air table starts at the origin with velocity u = (4 i + 6 j) m/s and constant acceleration a = (0 i − 2 j) m/s², and follows a curved path back to its starting line. Stage 2: the table\'s frame, +x and +y, and a per-axis check: a_x = 0 is constant and a_y = −2 m/s² is constant, so the constant-acceleration equations are exact on x and on y. Stage 3: the equations run once per axis with one shared t: Δx = 4t and v_x = 4 on x; Δy = 6t − t² and v_y = 6 − 2t on y; the puck is next at y = 0 when t(6 − t) = 0, at the later root t = 6 s. Stage 4: the same t = 6 s is used on both axes: the puck is at x = 24 m, marked on the starting line, moving with v = (4 i − 6 j) m/s, drawn as an arrow. The drawing\'s vertical scale is stretched relative to its horizontal scale.</desc>\n  <defs>\n    <marker id="g9fig-CORE1A-CU-PHY-KIN-2D-CONSTANT-ACCELERATION-1-REP-KIN-2D-PUCK-AXIS-CHECK-1--rep-kin-puck-arrow" viewBox="0 0 10 10" refX="9" refY="5" markerWidth="7" markerHeight="7" orient="auto-start-reverse"><path d="M0 0 L10 5 L0 10 Z" fill="currentColor"/></marker>\n    <marker id="g9fig-CORE1A-CU-PHY-KIN-2D-CONSTANT-ACCELERATION-1-REP-KIN-2D-PUCK-AXIS-CHECK-1--rep-kin-puck-arrow-acc" viewBox="0 0 10 10" refX="9" refY="5" markerWidth="7" markerHeight="7" orient="auto-start-reverse"><path d="M0 0 L10 5 L0 10 Z" fill="#1f6fb2"/></marker>\n  </defs>\n  <g data-g9-stage-id="VIS-KIN-2D-PUCK-V0" font-family="system-ui,sans-serif" font-size="15" fill="currentColor">\n    <text x="20" y="26" font-weight="600">A puck on a tilted air table</text>\n    <rect x="30" y="50" width="400" height="300" rx="4" fill="none" stroke="currentColor" stroke-width="1.5"/>\n    <path d="M80 290 Q212 -34 344 290" fill="none" stroke="currentColor" stroke-width="1.5" stroke-dasharray="5 4"/>\n    <circle cx="80" cy="290" r="8" fill="currentColor"/>\n    <line x1="80" y1="290" x2="119.6" y2="192.8" stroke="currentColor" stroke-width="2.5" marker-end="url(#g9fig-CORE1A-CU-PHY-KIN-2D-CONSTANT-ACCELERATION-1-REP-KIN-2D-PUCK-AXIS-CHECK-1--rep-kin-puck-arrow)"/>\n    <text x="112" y="262">u = (4 i + 6 j) m/s</text>\n    <line x1="405" y1="64" x2="405" y2="114" stroke="currentColor" stroke-width="2.5" marker-end="url(#g9fig-CORE1A-CU-PHY-KIN-2D-CONSTANT-ACCELERATION-1-REP-KIN-2D-PUCK-AXIS-CHECK-1--rep-kin-puck-arrow)"/>\n    <text x="392" y="80" text-anchor="end">a = (0 i − 2 j) m/s²</text>\n    <text x="392" y="100" text-anchor="end">throughout</text>\n  </g>\n  <g data-g9-stage-id="VIS-KIN-2D-PUCK-V1" font-family="system-ui,sans-serif" font-size="15" fill="currentColor">\n    <line x1="80" y1="290" x2="420" y2="290" stroke="currentColor" stroke-width="1.5" marker-end="url(#g9fig-CORE1A-CU-PHY-KIN-2D-CONSTANT-ACCELERATION-1-REP-KIN-2D-PUCK-AXIS-CHECK-1--rep-kin-puck-arrow)"/>\n    <line x1="80" y1="290" x2="80" y2="64" stroke="currentColor" stroke-width="1.5" marker-end="url(#g9fig-CORE1A-CU-PHY-KIN-2D-CONSTANT-ACCELERATION-1-REP-KIN-2D-PUCK-AXIS-CHECK-1--rep-kin-puck-arrow)"/>\n    <text x="410" y="312">+x</text>\n    <text x="88" y="74">+y</text>\n    <text x="64" y="310">O</text>\n    <text x="460" y="60" font-weight="600">Check each axis first</text>\n    <text x="460" y="84">x: a_x = 0, constant ✓</text>\n    <text x="460" y="106">y: a_y = −2 m/s², constant ✓</text>\n    <text x="460" y="128">→ constant-a equations</text>\n    <text x="460" y="148">exact on x and on y</text>\n  </g>\n  <g data-g9-stage-id="VIS-KIN-2D-PUCK-V2" font-family="system-ui,sans-serif" font-size="15" fill="currentColor">\n    <text x="460" y="186" font-weight="600">One shared t on both axes</text>\n    <text x="460" y="208">x: Δx = 4t,  v_x = 4</text>\n    <text x="460" y="230">y: Δy = 6t − t²,  v_y = 6 − 2t</text>\n    <text x="460" y="252">next y = 0: t(6 − t) = 0</text>\n    <text x="460" y="274" font-weight="600">later root t = 6 s</text>\n  </g>\n  <g data-g9-stage-id="VIS-KIN-2D-PUCK-V3" font-family="system-ui,sans-serif" font-size="15" fill="currentColor">\n    <circle cx="344" cy="290" r="7" fill="#1f6fb2"/>\n    <line x1="344" y1="290" x2="366" y2="344" stroke="#1f6fb2" stroke-width="2.5" marker-end="url(#g9fig-CORE1A-CU-PHY-KIN-2D-CONSTANT-ACCELERATION-1-REP-KIN-2D-PUCK-AXIS-CHECK-1--rep-kin-puck-arrow-acc)"/>\n    <text x="318" y="280" text-anchor="end" font-weight="600" fill="#1f6fb2">t = 6 s: x = 24 m</text>\n    <text x="460" y="316" font-weight="600" fill="#1f6fb2">same t = 6 s on x and y:</text>\n    <text x="460" y="338">Δx = 4 × 6 = 24 m</text>\n    <text x="460" y="360">v = (4 i − 6 j) m/s</text>\n  </g>\n</svg>\n</div><div class="g9-stage-controls"><div class="g9-stage-chips" role="group" aria-label="Stages"><button type="button" class="g9-stage-chip" data-g9-stage-goto="0" data-g9-stage-desc="Show the puck with its stated initial velocity and constant acceleration.">1: The puck&#x27;s launch</button><button type="button" class="g9-stage-chip" data-g9-stage-goto="1" data-g9-stage-desc="Declare the frame and check that a_x and a_y are each constant.">2: Per-axis check</button><button type="button" class="g9-stage-chip" data-g9-stage-goto="2" data-g9-stage-desc="Write each axis&#x27;s equations and solve the event on y.">3: One time on both axes</button><button type="button" class="g9-stage-chip" data-g9-stage-goto="3" data-g9-stage-desc="Read x and the velocity at the same t = 6 s.">4: State at the event</button></div><p class="g9-stage-desc" data-g9-stage-desc-text></p><div class="g9-stage-stepper"><button type="button" data-g9-stage-step="prev">Previous stage</button><span data-g9-stage-label></span><button type="button" data-g9-stage-step="next">Next stage</button></div></div><figcaption data-g9-block="representation_bridge" data-g9-caption="purpose">Show the air-table puck with u = (4, 6) m/s and a = (0, −2) m/s²: check that each axis&#x27;s acceleration is constant, run the one-dimensional equations once per axis, and carry the one event time t = 6 s across both axes.</figcaption></figure></div><div class="g9-component g9-c-banner" data-g9-component="KEY_STEP" data-g9-level="REQUIRED" data-g9-presentation="BANNER"><div class="g9-block" data-g9-block="inferential_jump"><h4>The key step</h4><p>The one-dimensional constant-acceleration equations can be applied to each perpendicular component independently when a_x and a_y are each constant over the same interval.</p></div></div><div class="g9-component g9-c-disclosure-equation-card" data-g9-component="EQUATIONS" data-g9-level="EXPECTED" data-g9-presentation="DISCLOSURE_EQUATION_CARD" data-g9-component-unit="CU-PHY-KIN-2D-CONSTANT-ACCELERATION-1"><details class="g9-secondary-disclosure" data-g9-secondary="core1a-equations"><summary>Formula reference · meaning and conditions</summary><div class="g9-secondary-body"><div class="g9-block" data-g9-block="equation_matrix"><h4>Equations and validity</h4><div class="g9-table-scroll" data-g9-equation-matrix><table><thead><tr><th scope="col">Equation</th><th scope="col">What it tells you</th><th scope="col">When you can use it</th></tr></thead><tbody><tr data-g9-relation-ref="REL-KIN-2D-VELOCITY"><td><div class="g9-math" data-g9-math="mathml"><math xmlns="http://www.w3.org/1998/Math/MathML" display="block"><mrow><msub><mi>v</mi><mi>x</mi></msub><mo>=</mo><msub><mi>u</mi><mi>x</mi></msub><mo>+</mo><msub><mi>a</mi><mi>x</mi></msub><mi>t</mi><mo>;</mo><msub><mi>v</mi><mi>y</mi></msub><mo>=</mo><msub><mi>u</mi><mi>y</mi></msub><mo>+</mo><msub><mi>a</mi><mi>y</mi></msub><mi>t</mi></mrow></math></div></td><td><p>Each perpendicular velocity component follows the 1D constant-acceleration relation over one common interval.</p></td><td><ul><li>a_x and a_y are constant over the interval.</li><li>Both component equations use the same elapsed time and frame.</li></ul></td></tr><tr data-g9-relation-ref="REL-KIN-2D-DISPLACEMENT"><td><div class="g9-math" data-g9-math="mathml"><math xmlns="http://www.w3.org/1998/Math/MathML" display="block"><mrow><mi>Δ</mi><mi>x</mi><mo>=</mo><msub><mi>u</mi><mi>x</mi></msub><mi>t</mi><mo>+</mo><mn>0.5</mn><msub><mi>a</mi><mi>x</mi></msub><msup><mi>t</mi><mn>2</mn></msup><mo>;</mo><mi>Δ</mi><mi>y</mi><mo>=</mo><msub><mi>u</mi><mi>y</mi></msub><mi>t</mi><mo>+</mo><mn>0.5</mn><msub><mi>a</mi><mi>y</mi></msub><msup><mi>t</mi><mn>2</mn></msup></mrow></math></div></td><td><p>Each perpendicular displacement component follows the 1D constant-acceleration displacement relation over one common interval.</p></td><td><ul><li>a_x and a_y are constant over the interval.</li><li>Both component equations use the same elapsed time and frame.</li></ul></td></tr></tbody></table></div></div></div></details></div><div class="g9-component g9-c-worked-card" data-g9-component="WORKED_EXAMPLE" data-g9-level="REQUIRED" data-g9-presentation="WORKED_CARD" data-g9-component-unit="CU-PHY-KIN-2D-CONSTANT-ACCELERATION-1"><div class="g9-block" data-g9-block="worked_anchor"><h4>Worked explanation</h4><p>A puck on a tilted air table starts at the origin with velocity (4 i + 6 j) m/s, and its acceleration is (0 i − 2 j) m/s² throughout. Using the table&#x27;s x-y frame, decide which constant-acceleration equations apply on each axis, find when the puck is next at y = 0, and find its x-position and velocity at that instant.</p><p class="g9-worked-instruction">Follow the operation, its justification and its result.</p><ol class="g9-watch-steps"><li data-g9-watch-step><div class="g9-worked-step-body"><p>a_x = 0 and a_y = −2 m/s² are both constant, so the constant-acceleration relations are exact on both axes.</p></div></li><li data-g9-watch-step><div class="g9-worked-step-body"><p>On y: Δy = 6t − 0.5 × 2 × t² = 6t − t². Setting Δy = 0 gives t(6 − t) = 0, and the later root is t = 6 s.</p></div></li><li data-g9-watch-step><div class="g9-worked-step-body"><p>On x, at the same t = 6 s: Δx = 4 × 6 = 24 m.</p></div></li><li data-g9-watch-step><div class="g9-worked-step-body"><p>Velocity at t = 6 s: v_x = 4 m/s and v_y = 6 − 2 × 6 = −6 m/s, so v = (4 i − 6 j) m/s.</p></div></li></ol><div class="g9-block" data-g9-block="worked_result"><h4>Result</h4><p>The puck is next at y = 0 at t = 6 s, at x = 24 m, moving with v = (4 i − 6 j) m/s.</p></div><div class="g9-block" data-g9-block="worked_check"><h4>Check</h4><p>v_y comes back with its starting size, 6 m/s, and the opposite sign, as v_y² = u_y² + 2a_y Δy requires when Δy = 0; v_x is unchanged because a_x = 0.</p></div></div></div></section></section><section class="blueprint-slot slot-repair_closure" data-blueprint-slot="repair_closure" data-required="true"><section class="g9-cu-support" data-g9-support-for="CU-PHY-KIN-2D-CONSTANT-ACCELERATION-1"><h3>Check on each axis that its acceleration component is constant, then run the one-dimensional equations once per axis with one shared time.</h3><div class="g9-component g9-c-disclosure-trap-card" data-g9-component="TRAP_REPAIR" data-g9-level="REQUIRED" data-g9-presentation="DISCLOSURE_TRAP_CARD" data-g9-component-items="3" data-g9-component-unit="CU-PHY-KIN-2D-CONSTANT-ACCELERATION-1"><details class="g9-secondary-disclosure" data-g9-secondary="core1a-trap-repair"><summary>Mistake clinic · diagnose and repair</summary><div class="g9-secondary-body"><div class="g9-block" data-g9-block="wrong_path"><h4>A tempting wrong path</h4><ul><li>The magnitude of acceleration should be inserted unchanged into both x and y equations.</li><li>If one acceleration component is constant, the constant-acceleration equations are automatically valid on both axes.</li><li>A time found from the x equation may be replaced by a different convenient time in the y equation.</li></ul></div><div class="g9-block" data-g9-block="diagnose"><h4>Diagnose</h4><ul><li>If a=(10 i + 4 j) m/s², should both component equations use a=√116?</li><li>If a_x is constant but a_y changes with time, may the same constant-acceleration displacement formula be used exactly on y over the whole interval?</li><li>If x-motion says an event occurs at t=3 s, what time belongs in the y equation for that same event?</li></ul></div><div class="g9-block" data-g9-block="repair"><h4>Repair</h4><ul><li>No. Use a_x=10 only in the x equation and a_y=4 only in the y equation; the magnitude is not either component.</li><li>No. Model validity is checked per axis. A constant a_x does not make a_y constant.</li><li>Use t=3 s. Both components describe the same event and therefore share one clock.</li></ul></div></div></details></div><div class="g9-component g9-c-triad" data-g9-component="QUICK_CHECK" data-g9-level="REQUIRED" data-g9-presentation="TRIAD" data-g9-component-items="2" data-g9-component-unit="CU-PHY-KIN-2D-CONSTANT-ACCELERATION-1"><div class="g9-block" data-g9-block="independent_check"><h4>1-2-3 quick check</h4><ol class="g9-triad"><li data-g9-triad-role=""><span class="g9-triad-head">1 · Check</span><span class="g9-triad-text">Every term of Δy = u_y t + 0.5 a_y t² must come out in metres: (m/s)(s) and (m/s²)(s²). A velocity term in m/s beside them means a t is missing.</span></li><li data-g9-triad-role=""><span class="g9-triad-head">2 · Check</span><span class="g9-triad-text">Set a_x = 0: the x equations must reduce to uniform motion, v_x = u_x and Δx = u_x t, whatever happens on y.</span></li></ol></div></div></section></section><section class="blueprint-slot slot-repair_closure" data-blueprint-slot="repair_closure" data-required="true"><div class="g9-component g9-c-recall-card" data-g9-component="EXIT_RECALL" data-g9-level="REQUIRED" data-g9-presentation="RECALL_CARD"><div class="g9-block" data-g9-block="exit_task"><h4>Now you do one</h4><p>A particle starts with u=(0,5) m/s and constant a=(10,4) m/s². Set up the x and y position equations at common time t without solving a particular numerical t.</p></div><div class="g9-attempt" data-g9-attempt-box data-g9-response-type="free_response"><label>Your answer<textarea data-g9-attempt rows="4"></textarea></label><label class="g9-paper"><input data-g9-paper type="checkbox">I worked this on paper</label><button type="button" data-g9-commit>I have attempted this</button></div><details data-g9-reveal data-requires-attempt data-g9-payload-ref="CORE1A-MIC-PHY-KIN-2D-CONSTANT-ACCELERATION-exit"><summary>Model answer</summary><div data-g9-payload-slot></div></details><template data-g9-payload="CORE1A-MIC-PHY-KIN-2D-CONSTANT-ACCELERATION-exit"><div class="g9-block" data-g9-block="exit_answer"><p>Use Delta x=0*t+0.5(10)t² and Delta y=5t+0.5(4)t² with the same t.</p><ol><li>Read signed component initial velocities and accelerations.</li><li>Apply the 1D constant-acceleration displacement relation separately.</li><li>Keep one common elapsed time.</li></ol></div></template></div><div class="g9-component g9-c-chips" data-g9-component="PRACTICE_LINKS" data-g9-level="OPTIONAL" data-g9-presentation="CHIPS"><div class="g9-block" data-g9-block="practice_navigation"><h4>Practice this concept in Core2</h4><ul><li><a data-g9-practice-link data-g9-question-ref="PYQ-PHY-IITJEE-2011-P2-Q33" data-g9-concept-ref="MIC-PHY-KIN-2D-CONSTANT-ACCELERATION" href="core2.html#PYQ-PHY-IITJEE-2011-P2-Q33">IIT-JEE · 2011 · Paper II · Q33</a></li><li><a data-g9-practice-link data-g9-question-ref="PYQ-PHY-JEEADV-2025-P2-Q15" data-g9-concept-ref="MIC-PHY-KIN-2D-CONSTANT-ACCELERATION" href="core2.html#PYQ-PHY-JEEADV-2025-P2-Q15">JEE (Advanced) · 2025 · Paper 2 · Q15</a></li></ul></div></div><div class="g9-component g9-c-chips" data-g9-component="LEARNING_TRANSITIONS" data-g9-level="OPTIONAL" data-g9-presentation="CHIPS"><div class="g9-block" data-g9-block="learning_transitions"><h4>Next steps</h4><div class="g9-transitions-row" data-g9-transitions><a class="g9-transition-chip g9-chip-practice" data-g9-transition="PRACTICE" href="core2.html">Practice this concept &rarr;</a><a class="g9-transition-chip g9-chip-qb" data-g9-transition="QUESTION_BANK" href="../../../question-bank/index.html?capability=MIC-PHY-KIN-2D-CONSTANT-ACCELERATION">All questions in Question Bank &rarr;</a></div></div></div></section></article><article id="MIC-PHY-KIN-PROJECTILE-MODEL" data-g9-unit="MIC-PHY-KIN-PROJECTILE-MODEL" data-g9-kind="CONCEPT" data-g9-role="CORE1A" data-g9-search-text="Physics Motion in 2 D Select the gravity-only projectile model before using projectile consequences Medium concept Select the gravity-only projectile model before using projectile consequences"><section class="blueprint-slot slot-identity" data-blueprint-slot="identity" data-required="true"><div class="g9-component g9-c-concept-header" data-g9-component="CONCEPT_HEADER" data-g9-level="REQUIRED" data-g9-presentation="CONCEPT_HEADER"><h2>Select the gravity-only projectile model before using projectile consequences</h2><div data-g9-meta-strip data-g9-meta-role="CORE1A" data-g9-meta-record="MIC-PHY-KIN-PROJECTILE-MODEL" data-g9-search-safe><span data-g9-meta-item data-g9-meta-kind="subject" data-g9-meta-ref="Physics" data-g9-meta-value="Physics"><strong>Subject:</strong> <span data-g9-meta-label>Physics</span></span><span data-g9-meta-item data-g9-meta-kind="topic" data-g9-meta-ref="BUCKET-PHY-KIN-2D-MOTION" data-g9-meta-value="Motion in 2 D"><strong>Topic:</strong> <span data-g9-meta-label>Motion in 2 D</span></span><span data-g9-meta-item data-g9-meta-kind="concept" data-g9-meta-ref="MIC-PHY-KIN-PROJECTILE-MODEL" data-g9-meta-value="Select the gravity-only projectile model before using projectile consequences"><strong>Concept:</strong> <span data-g9-meta-label>Select the gravity-only projectile model before using projectile consequences</span></span><span data-g9-meta-item data-g9-meta-kind="concept-difficulty" data-g9-meta-ref="MIC-PHY-KIN-PROJECTILE-MODEL" data-g9-meta-value="MEDIUM"><strong>Concept difficulty:</strong> <span data-g9-meta-label>Medium concept</span></span></div></div><div class="g9-component g9-c-chips" data-g9-component="SECTION_ROUTE" data-g9-level="OPTIONAL" data-g9-presentation="CHIPS"><details class="g9-secondary-disclosure" data-g9-secondary="core1a-section-route"><summary>Sections</summary><div class="g9-secondary-body"><nav data-g9-section-route aria-label="Sections in this concept"><ol><li><a href="#CU-PHY-KIN-PROJECTILE-MODEL-1">Decide from what acts after release whether the gravity-only model applies, and only then put a_x = 0 and a_y = −g into the component equations.</a></li><li><a href="#CU-PHY-KIN-PROJECTILE-MODEL-2">Name the requested event as a component condition before solving for its time: v_y = 0 at the apex, Δy = 0 at a return to launch height.</a></li><li><a href="#CU-PHY-KIN-PROJECTILE-MODEL-3">Write the landing event from the actual drop while keeping the actual u_y, then read every requested quantity at that one event time.</a></li></ol></nav></div></details></div></section><section class="blueprint-slot slot-construction" data-blueprint-slot="construction" data-required="true"><section id="CU-PHY-KIN-PROJECTILE-MODEL-1" class="g9-cu" data-g9-cu="CU-PHY-KIN-PROJECTILE-MODEL-1"><div class="g9-component g9-c-unit-header" data-g9-component="UNIT_HEADER" data-g9-level="REQUIRED" data-g9-presentation="UNIT_HEADER" data-g9-component-unit="CU-PHY-KIN-PROJECTILE-MODEL-1"><div class="g9-unit-head"><span class="g9-unit-no" aria-hidden="true">1</span><h3>Decide from what acts after release whether the gravity-only model applies, and only then put a_x = 0 and a_y = −g into the component equations.</h3><span class="g9-pill g9-pill-concept">Medium concept</span></div><nav class="g9-cu-nav" data-g9-unit-navigation aria-label="Concept Book section navigation"><span data-g9-route-position>Section 3 of 5</span><span class="g9-cu-nav-links"><a data-g9-prev-section href="#CU-PHY-KIN-2D-CONSTANT-ACCELERATION-1" aria-label="Previous section: Check on each axis that its acceleration component is constant, then run the one-dimensional equations once per axis with one shared time.">← Previous</a><a data-g9-next-section href="#CU-PHY-KIN-PROJECTILE-MODEL-2" aria-label="Next section: Name the requested event as a component condition before solving for its time: v_y = 0 at the apex, Δy = 0 at a return to launch height.">Next →</a></span></nav></div><div class="g9-component g9-c-disclosure-tile" data-g9-component="MODEL_CONTRACT" data-g9-level="EXPECTED" data-g9-presentation="DISCLOSURE_TILE"><div class="g9-block" data-g9-block="entry_assumptions"><h4>Conditions for this construction</h4><ul><li>Can solve 2D constant-acceleration component equations.</li><li>If an oblique launch angle is given, angle-based vector decomposition is available as a separate prerequisite for that question.</li></ul></div><details class="g9-secondary-disclosure" data-g9-secondary="core1a-prerequisites"><summary>Prerequisite reference</summary><div class="g9-secondary-body"><ul><li data-g9-prereq="CAP-KIN-2D-CONSTANT-ACCELERATION" data-bridged="true"><a href="core1a.html#MIC-PHY-KIN-2D-CONSTANT-ACCELERATION">Apply constant-acceleration kinematics independently to x and y components of one plane-motion event.</a></li></ul></div></details></div><div class="g9-component g9-c-step-cards" data-g9-component="CONSTRUCTION_STEPS" data-g9-level="REQUIRED" data-g9-presentation="STEP_CARDS" data-g9-component-items="2" data-g9-component-unit="CU-PHY-KIN-PROJECTILE-MODEL-1"><div class="g9-block" data-g9-block="construction"><ol><li data-g9-step="K2D3-1"><strong>Decide whether the object is in ideal near-Earth free flight after release; neglect air resistance, declare +y, then set a_x=0 and a_y=-g.</strong><br><em>Why valid:</em> The standard projectile equations are a conditional specialization of 2D constant acceleration, not an automatic label for every launched object.<br><em>Result:</em> gravity-only projectile acceleration state</li><li data-g9-step="K2D3-2"><strong>Use supplied or separately resolved u_x and u_y with one common t in the horizontal and vertical component equations.</strong><br><em>Why valid:</em> Horizontal, oblique and downward/upward initial components change the initial state, not the gravity-only model.<br><em>Result:</em> v_x=u_x; v_y=u_y-g t; Delta x=u_x t; Delta y=u_y t-0.5g t^2</li></ol></div></div><div class="g9-component g9-c-staged-visual" data-g9-component="STAGED_VISUAL" data-g9-level="EXPECTED" data-g9-presentation="STAGED_VISUAL" data-g9-component-items="4" data-g9-component-unit="CU-PHY-KIN-PROJECTILE-MODEL-1"><figure data-g9-figure data-g9-fig="CU-PHY-KIN-PROJECTILE-MODEL-1-REP-KIN-2D-BALCONY-8-6" data-g9-stage="TEACHING" data-g9-representation="REP-KIN-2D-BALCONY-8-6" data-g9-kind="GRAPH" data-g9-min-figure-text="14" data-reveal-stages="4" data-g9-stages-total="4" data-g9-stages="VIS-KIN-2D-BALCONY-V0 VIS-KIN-2D-BALCONY-V1 VIS-KIN-2D-BALCONY-V2 VIS-KIN-2D-BALCONY-V3" data-g9-stage-mode="cumulative"><div class="g9-diagram-scroll" tabindex="0" role="region" aria-label="Diagram; scroll horizontally when enlarged"><svg xmlns="http://www.w3.org/2000/svg" viewBox="0 0 840 380" role="img" aria-labelledby="g9fig-CORE1A-CU-PHY-KIN-PROJECTILE-MODEL-1-REP-KIN-2D-BALCONY-8-6-1--rep-kin-balcony-title g9fig-CORE1A-CU-PHY-KIN-PROJECTILE-MODEL-1-REP-KIN-2D-BALCONY-8-6-1--rep-kin-balcony-desc">\n  <title id="g9fig-CORE1A-CU-PHY-KIN-PROJECTILE-MODEL-1-REP-KIN-2D-BALCONY-8-6-1--rep-kin-balcony-title">A ball thrown from a balcony with u_x = 8 m/s and u_y = 6 m/s</title>\n  <desc id="g9fig-CORE1A-CU-PHY-KIN-PROJECTILE-MODEL-1-REP-KIN-2D-BALCONY-8-6-1--rep-kin-balcony-desc">Stage 1: a ball is thrown from a balcony with u_x = 8 m/s and u_y = 6 m/s; +y is upward and g = 10 m/s². Stage 2: after release only gravity acts and air resistance is negligible, so the ideal model applies with a = (0, −10) m/s². Stage 3: the component relations are v_x = 8, v_y = 6 − 10t, Δx = 8t and Δy = 6t − 5t². Stage 4: at t = 1 s the displacement is (8 i + 1 j) m and the velocity is (8 i − 4 j) m/s.</desc>\n  <defs>\n    <marker id="g9fig-CORE1A-CU-PHY-KIN-PROJECTILE-MODEL-1-REP-KIN-2D-BALCONY-8-6-1--rep-kin-balcony-arrow" viewBox="0 0 10 10" refX="9" refY="5" markerWidth="7" markerHeight="7" orient="auto-start-reverse"><path d="M0 0 L10 5 L0 10 Z" fill="currentColor"/></marker>\n    <marker id="g9fig-CORE1A-CU-PHY-KIN-PROJECTILE-MODEL-1-REP-KIN-2D-BALCONY-8-6-1--rep-kin-balcony-arrow-acc" viewBox="0 0 10 10" refX="9" refY="5" markerWidth="7" markerHeight="7" orient="auto-start-reverse"><path d="M0 0 L10 5 L0 10 Z" fill="#1f6fb2"/></marker>\n  </defs>\n  <g data-g9-stage-id="VIS-KIN-2D-BALCONY-V0" font-family="system-ui,sans-serif" font-size="15" fill="currentColor">\n    <text x="20" y="26" font-weight="600">A ball thrown from a balcony</text>\n    <rect x="30" y="200" width="100" height="170" fill="none" stroke="currentColor" stroke-width="2"/>\n    <line x1="100" y1="200" x2="140" y2="200" stroke="currentColor" stroke-width="3"/>\n    <circle cx="140" cy="200" r="7" fill="none" stroke="currentColor" stroke-width="2"/>\n    <line x1="147" y1="200" x2="207" y2="200" stroke="currentColor" stroke-width="2.5" marker-end="url(#g9fig-CORE1A-CU-PHY-KIN-PROJECTILE-MODEL-1-REP-KIN-2D-BALCONY-8-6-1--rep-kin-balcony-arrow)"/>\n    <text x="212" y="205">u_x = 8 m/s</text>\n    <line x1="140" y1="193" x2="140" y2="133" stroke="currentColor" stroke-width="2.5" marker-end="url(#g9fig-CORE1A-CU-PHY-KIN-PROJECTILE-MODEL-1-REP-KIN-2D-BALCONY-8-6-1--rep-kin-balcony-arrow)"/>\n    <text x="148" y="140">u_y = 6 m/s</text>\n    <text x="470" y="60">+y upward; g = 10 m/s²</text>\n    <text x="470" y="82">Find the displacement and velocity</text>\n    <text x="470" y="104">1 s after release.</text>\n  </g>\n  <g data-g9-stage-id="VIS-KIN-2D-BALCONY-V1" font-family="system-ui,sans-serif" font-size="15" fill="currentColor">\n    <line x1="140" y1="215" x2="140" y2="265" stroke="currentColor" stroke-width="2" marker-end="url(#g9fig-CORE1A-CU-PHY-KIN-PROJECTILE-MODEL-1-REP-KIN-2D-BALCONY-8-6-1--rep-kin-balcony-arrow)"/>\n    <text x="148" y="262">gravity only</text>\n    <text x="470" y="140" font-weight="600">Model gate</text>\n    <text x="470" y="162">after release only gravity acts;</text>\n    <text x="470" y="184">air resistance negligible:</text>\n    <text x="470" y="206">a = (0, −10) m/s²</text>\n  </g>\n  <g data-g9-stage-id="VIS-KIN-2D-BALCONY-V2" font-family="system-ui,sans-serif" font-size="15" fill="currentColor">\n    <text x="470" y="240" font-weight="600">Component relations</text>\n    <text x="470" y="262">v_x = 8, v_y = 6 − 10t</text>\n    <text x="470" y="284">Δx = 8t, Δy = 6t − 5t²</text>\n  </g>\n  <g data-g9-stage-id="VIS-KIN-2D-BALCONY-V3" font-family="system-ui,sans-serif" font-size="15" fill="currentColor">\n    <path d="M140 200 L164 183.5 L188 170 L212 159.5 L236 152 L260 147.5 L284 146 L308 147.5 L332 152 L356 159.5 L380 170" fill="none" stroke="#1f6fb2" stroke-width="2" stroke-dasharray="6 4"/>\n    <circle cx="380" cy="170" r="7" fill="#1f6fb2" stroke="#1f6fb2" stroke-width="2"/>\n    <line x1="380" y1="170" x2="440" y2="200" stroke="#1f6fb2" stroke-width="2.5" marker-end="url(#g9fig-CORE1A-CU-PHY-KIN-PROJECTILE-MODEL-1-REP-KIN-2D-BALCONY-8-6-1--rep-kin-balcony-arrow-acc)"/>\n    <text x="160" y="320" fill="#1f6fb2">at t = 1 s: Δr = (8 i + 1 j) m</text>\n    <text x="160" y="342" fill="#1f6fb2">v = (8 i − 4 j) m/s</text>\n  </g>\n</svg>\n</div><div class="g9-stage-controls"><div class="g9-stage-chips" role="group" aria-label="Stages"><button type="button" class="g9-stage-chip" data-g9-stage-goto="0" data-g9-stage-desc="Show the release point and the launch components.">1: The throw</button><button type="button" class="g9-stage-chip" data-g9-stage-goto="1" data-g9-stage-desc="Decide the model from the post-release interactions.">2: Model gate</button><button type="button" class="g9-stage-chip" data-g9-stage-goto="2" data-g9-stage-desc="Write the component relations on one clock.">3: Component relations</button><button type="button" class="g9-stage-chip" data-g9-stage-goto="3" data-g9-stage-desc="Draw the path from the balcony for 1 s and read Δr and v.">4: At t = 1 s</button></div><p class="g9-stage-desc" data-g9-stage-desc-text></p><div class="g9-stage-stepper"><button type="button" data-g9-stage-step="prev">Previous stage</button><span data-g9-stage-label></span><button type="button" data-g9-stage-step="next">Next stage</button></div></div><figcaption data-g9-block="representation_bridge" data-g9-caption="purpose">Show the ball thrown from the balcony with u_x = 8 m/s and u_y = 6 m/s, with the model decided from what acts after release.</figcaption></figure></div><div class="g9-component g9-c-banner" data-g9-component="KEY_STEP" data-g9-level="REQUIRED" data-g9-presentation="BANNER"><div class="g9-block" data-g9-block="inferential_jump"><h4>The key step</h4><p>After release in the ideal near-Earth model, projectile motion is not a new set of laws: it is the same component kinematics with a_x=0 and a_y=-g (for +y upward).</p></div></div><div class="g9-component g9-c-disclosure-equation-card" data-g9-component="EQUATIONS" data-g9-level="EXPECTED" data-g9-presentation="DISCLOSURE_EQUATION_CARD" data-g9-component-unit="CU-PHY-KIN-PROJECTILE-MODEL-1"><details class="g9-secondary-disclosure" data-g9-secondary="core1a-equations"><summary>Formula reference · meaning and conditions</summary><div class="g9-secondary-body"><div class="g9-block" data-g9-block="equation_matrix"><h4>Equations and validity</h4><div class="g9-table-scroll" data-g9-equation-matrix><table><thead><tr><th scope="col">Equation</th><th scope="col">What it tells you</th><th scope="col">When you can use it</th></tr></thead><tbody><tr data-g9-relation-ref="REL-PROJECTILE-COMPONENT-MODEL"><td><div class="g9-math" data-g9-math="mathml"><math xmlns="http://www.w3.org/1998/Math/MathML" display="block"><mrow><msub><mi>a</mi><mi>x</mi></msub><mo>=</mo><mn>0</mn><mo>;</mo><msub><mi>a</mi><mi>y</mi></msub><mo>=</mo><mo>−</mo><mi>g</mi><mo>;</mo><msub><mi>v</mi><mi>x</mi></msub><mo>=</mo><msub><mi>u</mi><mi>x</mi></msub><mo>;</mo><msub><mi>v</mi><mi>y</mi></msub><mo>=</mo><msub><mi>u</mi><mi>y</mi></msub><mo>−</mo><mi>g</mi><mi>t</mi><mo>;</mo><mi>Δ</mi><mi>x</mi><mo>=</mo><msub><mi>u</mi><mi>x</mi></msub><mi>t</mi><mo>;</mo><mi>Δ</mi><mi>y</mi><mo>=</mo><msub><mi>u</mi><mi>y</mi></msub><mi>t</mi><mo>−</mo><mn>0.5</mn><mi>g</mi><msup><mi>t</mi><mn>2</mn></msup></mrow></math></div></td><td><p>With +y upward, air resistance neglected and near-Earth constant g, projectile motion is 2D constant acceleration specialized to zero horizontal and downward vertical acceleration.</p></td><td><ul><li>Near-Earth region with approximately constant g.</li><li>Air resistance neglected.</li><li>+y is declared upward for the displayed signs.</li><li>The object is in free flight after release.</li></ul></td></tr></tbody></table></div></div></div></details></div><div class="g9-component g9-c-worked-card" data-g9-component="WORKED_EXAMPLE" data-g9-level="REQUIRED" data-g9-presentation="WORKED_CARD" data-g9-component-unit="CU-PHY-KIN-PROJECTILE-MODEL-1"><div class="g9-block" data-g9-block="worked_anchor"><h4>Worked explanation</h4><p>A ball is thrown from a balcony with u_x = 8 m/s and u_y = 6 m/s. After release only gravity acts, and air resistance is negligible. Take +y upward and g = 10 m/s². Decide whether the ideal projectile model applies, write its component relations, and find the ball&#x27;s displacement and velocity 1 s after release.</p><p class="g9-worked-instruction">Follow the operation, its justification and its result.</p><ol class="g9-watch-steps"><li data-g9-watch-step><div class="g9-worked-step-body"><p>After release the only retained interaction is gravity, so the ideal model applies: a_x = 0 and a_y = −10 m/s².</p></div></li><li data-g9-watch-step><div class="g9-worked-step-body"><p>Component relations: v_x = 8, v_y = 6 − 10t, Δx = 8t and Δy = 6t − 5t², in metres and seconds.</p></div></li><li data-g9-watch-step><div class="g9-worked-step-body"><p>At t = 1 s: Δx = 8 m and Δy = 6 − 5 = 1 m, so the displacement is (8 i + 1 j) m.</p></div></li><li data-g9-watch-step><div class="g9-worked-step-body"><p>At t = 1 s: v_x = 8 m/s and v_y = 6 − 10 = −4 m/s, so v = (8 i − 4 j) m/s.</p></div></li></ol><div class="g9-block" data-g9-block="worked_result"><h4>Result</h4><p>The model applies with a = (0, −10) m/s². After 1 s the displacement is (8 i + 1 j) m and the velocity is (8 i − 4 j) m/s.</p></div><div class="g9-block" data-g9-block="worked_check"><h4>Check</h4><p>v_y is negative at 1 s, so the ball is already falling; its apex was at t = 6/10 = 0.6 s. Its speed squared, 8² + 4² = 80, equals u² − 2gΔy = 100 − 20.</p></div></div></div></section></section><section class="blueprint-slot slot-repair_closure" data-blueprint-slot="repair_closure" data-required="true"><section class="g9-cu-support" data-g9-support-for="CU-PHY-KIN-PROJECTILE-MODEL-1"><h3>Decide from what acts after release whether the gravity-only model applies, and only then put a_x = 0 and a_y = −g into the component equations.</h3><div class="g9-component g9-c-disclosure-trap-card" data-g9-component="TRAP_REPAIR" data-g9-level="REQUIRED" data-g9-presentation="DISCLOSURE_TRAP_CARD" data-g9-component-items="2" data-g9-component-unit="CU-PHY-KIN-PROJECTILE-MODEL-1"><details class="g9-secondary-disclosure" data-g9-secondary="core1a-trap-repair"><summary>Mistake clinic · diagnose and repair</summary><div class="g9-secondary-body"><div class="g9-block" data-g9-block="wrong_path"><h4>A tempting wrong path</h4><ul><li>A projectile needs a horizontal force to keep moving horizontally.</li><li>A horizontal launch has no vertical velocity throughout the flight.</li></ul></div><div class="g9-block" data-g9-block="diagnose"><h4>Diagnose</h4><ul><li>If a_x=0 after release, can v_x still be nonzero?</li><li>One second after a horizontal launch, is v_y still zero under gravity?</li></ul></div><div class="g9-block" data-g9-block="repair"><h4>Repair</h4><ul><li>Yes. Zero horizontal acceleration means horizontal velocity stays constant, not that it becomes zero.</li><li>No. u_y=0 only at release; a_y=-g makes v_y=-gt afterward.</li></ul></div></div></details></div><div class="g9-component g9-c-triad" data-g9-component="QUICK_CHECK" data-g9-level="REQUIRED" data-g9-presentation="TRIAD" data-g9-component-items="2" data-g9-component-unit="CU-PHY-KIN-PROJECTILE-MODEL-1"><div class="g9-block" data-g9-block="independent_check"><h4>1-2-3 quick check</h4><ol class="g9-triad"><li data-g9-triad-role=""><span class="g9-triad-head">1 · Check</span><span class="g9-triad-text">Set g = 0: the equations must reduce to straight-line uniform motion with the launch velocity (u_x, u_y).</span></li><li data-g9-triad-role=""><span class="g9-triad-head">2 · Check</span><span class="g9-triad-text">With +y up, v_y must fall by g every second whatever the launch direction; a v_y that grows while the object rises means the sign of g is wrong.</span></li></ol></div></div></section></section><section class="blueprint-slot slot-construction" data-blueprint-slot="construction" data-required="true"><section id="CU-PHY-KIN-PROJECTILE-MODEL-2" class="g9-cu" data-g9-cu="CU-PHY-KIN-PROJECTILE-MODEL-2"><div class="g9-component g9-c-unit-header" data-g9-component="UNIT_HEADER" data-g9-level="REQUIRED" data-g9-presentation="UNIT_HEADER" data-g9-component-unit="CU-PHY-KIN-PROJECTILE-MODEL-2"><div class="g9-unit-head"><span class="g9-unit-no" aria-hidden="true">2</span><h3>Name the requested event as a component condition before solving for its time: v_y = 0 at the apex, Δy = 0 at a return to launch height.</h3><span class="g9-pill g9-pill-concept">Medium concept</span></div><nav class="g9-cu-nav" data-g9-unit-navigation aria-label="Concept Book section navigation"><span data-g9-route-position>Section 4 of 5</span><span class="g9-cu-nav-links"><a data-g9-prev-section href="#CU-PHY-KIN-PROJECTILE-MODEL-1" aria-label="Previous section: Decide from what acts after release whether the gravity-only model applies, and only then put a_x = 0 and a_y = −g into the component equations.">← Previous</a><a data-g9-next-section href="#CU-PHY-KIN-PROJECTILE-MODEL-3" aria-label="Next section: Write the landing event from the actual drop while keeping the actual u_y, then read every requested quantity at that one event time.">Next →</a></span></nav></div><div class="g9-component g9-c-step-cards" data-g9-component="CONSTRUCTION_STEPS" data-g9-level="REQUIRED" data-g9-presentation="STEP_CARDS" data-g9-component-items="3" data-g9-component-unit="CU-PHY-KIN-PROJECTILE-MODEL-2"><div class="g9-block" data-g9-block="construction"><ol><li data-g9-step="K2D3-3"><strong>Translate the requested event into the component condition that defines it before solving for time.</strong><br><em>Why valid:</em> Apex, same-height return, ground impact and a specified later instant are different events; each is identified by a different component condition.<br><em>Result:</em> event condition chosen before calculation</li><li data-g9-step="K2D3-4"><strong>For an apex event, set v_y=0 while keeping v_x=u_x and a_y=-g.</strong><br><em>Why valid:</em> At the highest point only the vertical velocity component is momentarily zero; gravity still accelerates downward and horizontal motion continues.<br><em>Result:</em> apex condition v_y=0 with nonzero horizontal velocity and nonzero downward acceleration</li><li data-g9-step="K2D3-5"><strong>For a return to the launch height, set Delta y=0 and treat any same-height flight-time/range shortcut as conditional on that equality.</strong><br><em>Why valid:</em> The shortcut follows from the vertical displacement returning to its initial value; it is not valid when the landing height differs.<br><em>Result:</em> same-height event condition and its validity boundary</li></ol></div></div><div class="g9-component g9-c-staged-visual" data-g9-component="STAGED_VISUAL" data-g9-level="EXPECTED" data-g9-presentation="STAGED_VISUAL" data-g9-component-items="4" data-g9-component-unit="CU-PHY-KIN-PROJECTILE-MODEL-2"><figure data-g9-figure data-g9-fig="CU-PHY-KIN-PROJECTILE-MODEL-2-REP-KIN-2D-LEVEL-APEX-RETURN" data-g9-stage="TEACHING" data-g9-representation="REP-KIN-2D-LEVEL-APEX-RETURN" data-g9-kind="GRAPH" data-g9-min-figure-text="14" data-reveal-stages="4" data-g9-stages-total="4" data-g9-stages="VIS-KIN-2D-LEVEL-V0 VIS-KIN-2D-LEVEL-V1 VIS-KIN-2D-LEVEL-V2 VIS-KIN-2D-LEVEL-V3" data-g9-stage-mode="cumulative"><div class="g9-diagram-scroll" tabindex="0" role="region" aria-label="Diagram; scroll horizontally when enlarged"><svg xmlns="http://www.w3.org/2000/svg" viewBox="0 0 840 500" role="img" aria-labelledby="g9fig-CORE1A-CU-PHY-KIN-PROJECTILE-MODEL-2-REP-KIN-2D-LEVEL-APEX-RETURN-1--rep-kin-level-title g9fig-CORE1A-CU-PHY-KIN-PROJECTILE-MODEL-2-REP-KIN-2D-LEVEL-APEX-RETURN-1--rep-kin-level-desc">\n  <title id="g9fig-CORE1A-CU-PHY-KIN-PROJECTILE-MODEL-2-REP-KIN-2D-LEVEL-APEX-RETURN-1--rep-kin-level-title">Level-ground launch with u = (6, 15) m/s: apex where v_y = 0, landing where Δy = 0</title>\n  <desc id="g9fig-CORE1A-CU-PHY-KIN-PROJECTILE-MODEL-2-REP-KIN-2D-LEVEL-APEX-RETURN-1--rep-kin-level-desc">Stage 1: a projectile launched from level ground with components u_x = 6 m/s and u_y = 15 m/s follows an arch back to the ground; two events are asked for, the highest point and the return to launch height. Stage 2: with +y up and g = 10 m/s², each event is named as a component condition: at the apex v_y = 0 while v_x stays 6 m/s and a_y stays −10 m/s², drawn as arrows at the top; at the return to launch height Δy = 0. One clock runs from t = 0 with open markers for t_apex and t_land. Stage 3: the markers are solved: 15 − 10t = 0 gives t = 1.5 s; 15t − 5t² = 0 gives t = 0 or 3 s, so the landing is at 3 s. Stage 4: the apex is 11.25 m above launch with v = (6 i + 0 j) m/s, and the range at t = 3 s is 18 m; the landing time is twice the apex time, and u_y²/(2g) = 225/20 = 11.25 m.</desc>\n  <defs>\n    <marker id="g9fig-CORE1A-CU-PHY-KIN-PROJECTILE-MODEL-2-REP-KIN-2D-LEVEL-APEX-RETURN-1--rep-kin-level-arrow" viewBox="0 0 10 10" refX="9" refY="5" markerWidth="7" markerHeight="7" orient="auto-start-reverse"><path d="M0 0 L10 5 L0 10 Z" fill="currentColor"/></marker>\n    <marker id="g9fig-CORE1A-CU-PHY-KIN-PROJECTILE-MODEL-2-REP-KIN-2D-LEVEL-APEX-RETURN-1--rep-kin-level-arrow-acc" viewBox="0 0 10 10" refX="9" refY="5" markerWidth="7" markerHeight="7" orient="auto-start-reverse"><path d="M0 0 L10 5 L0 10 Z" fill="#1f6fb2"/></marker>\n  </defs>\n  <g data-g9-stage-id="VIS-KIN-2D-LEVEL-V0" font-family="system-ui,sans-serif" font-size="15" fill="currentColor">\n    <text x="20" y="26" font-weight="600">Launch from level ground: two events</text>\n    <line x1="40" y1="300" x2="540" y2="300" stroke="currentColor" stroke-width="2"/>\n    <path d="M150 300 Q330 -150 510 300" fill="none" stroke="currentColor" stroke-width="1.5" stroke-dasharray="5 4"/>\n    <circle cx="150" cy="300" r="7" fill="currentColor"/>\n    <line x1="150" y1="300" x2="174" y2="300" stroke="currentColor" stroke-width="2.5" marker-end="url(#g9fig-CORE1A-CU-PHY-KIN-PROJECTILE-MODEL-2-REP-KIN-2D-LEVEL-APEX-RETURN-1--rep-kin-level-arrow)"/>\n    <text x="156" y="322">u_x = 6 m/s</text>\n    <line x1="150" y1="300" x2="150" y2="240" stroke="currentColor" stroke-width="2.5" marker-end="url(#g9fig-CORE1A-CU-PHY-KIN-PROJECTILE-MODEL-2-REP-KIN-2D-LEVEL-APEX-RETURN-1--rep-kin-level-arrow)"/>\n    <text x="142" y="238" text-anchor="end">u_y = 15 m/s</text>\n    <text x="330" y="59" text-anchor="middle">highest point (apex)</text>\n    <text x="510" y="322" text-anchor="middle">back at launch height</text>\n  </g>\n  <g data-g9-stage-id="VIS-KIN-2D-LEVEL-V1" font-family="system-ui,sans-serif" font-size="15" fill="currentColor">\n    <text x="580" y="60">+y up, g = 10 m/s²</text>\n    <circle cx="330" cy="75" r="5" fill="currentColor"/>\n    <line x1="330" y1="75" x2="360" y2="75" stroke="currentColor" stroke-width="2.5" marker-end="url(#g9fig-CORE1A-CU-PHY-KIN-PROJECTILE-MODEL-2-REP-KIN-2D-LEVEL-APEX-RETURN-1--rep-kin-level-arrow)"/>\n    <text x="366" y="80">v_x = 6 m/s</text>\n    <line x1="330" y1="81" x2="330" y2="121" stroke="currentColor" stroke-width="2.5" marker-end="url(#g9fig-CORE1A-CU-PHY-KIN-PROJECTILE-MODEL-2-REP-KIN-2D-LEVEL-APEX-RETURN-1--rep-kin-level-arrow)"/>\n    <text x="330" y="141" text-anchor="middle">a_y = −10 m/s²</text>\n    <text x="580" y="100" font-weight="600">apex:</text>\n    <text x="580" y="122">v_y = 0, v_x stays 6 m/s</text>\n    <text x="580" y="160" font-weight="600">return to launch height:</text>\n    <text x="580" y="182">Δy = 0</text>\n    <text x="40" y="404" font-weight="600">one clock for both events</text>\n    <line x1="90" y1="440" x2="486" y2="440" stroke="currentColor" stroke-width="2" marker-end="url(#g9fig-CORE1A-CU-PHY-KIN-PROJECTILE-MODEL-2-REP-KIN-2D-LEVEL-APEX-RETURN-1--rep-kin-level-arrow)"/>\n    <text x="494" y="445">t</text>\n    <line x1="90" y1="432" x2="90" y2="448" stroke="currentColor" stroke-width="2"/>\n    <text x="90" y="466" text-anchor="middle">t = 0</text>\n    <circle cx="255" cy="440" r="7" fill="none" stroke="currentColor" stroke-width="2"/>\n    <text x="255" y="426" text-anchor="middle">t_apex</text>\n    <circle cx="420" cy="440" r="7" fill="none" stroke="currentColor" stroke-width="2"/>\n    <text x="420" y="426" text-anchor="middle">t_land</text>\n  </g>\n  <g data-g9-stage-id="VIS-KIN-2D-LEVEL-V2" font-family="system-ui,sans-serif" font-size="15" fill="currentColor">\n    <circle cx="255" cy="440" r="7" fill="#1f6fb2"/>\n    <circle cx="420" cy="440" r="7" fill="#1f6fb2"/>\n    <text x="255" y="466" text-anchor="middle" fill="#1f6fb2">15 − 10t = 0: t = 1.5 s</text>\n    <text x="420" y="488" text-anchor="middle" fill="#1f6fb2">15t − 5t² = 0: t = 0 or 3 s</text>\n  </g>\n  <g data-g9-stage-id="VIS-KIN-2D-LEVEL-V3" font-family="system-ui,sans-serif" font-size="15" fill="currentColor">\n    <circle cx="330" cy="75" r="7" fill="#1f6fb2"/>\n    <line x1="330" y1="151" x2="330" y2="300" stroke="currentColor" stroke-width="1.5" stroke-dasharray="3 4"/>\n    <text x="338" y="225.5" font-weight="600" fill="#1f6fb2">11.25 m</text>\n    <circle cx="510" cy="300" r="7" fill="#1f6fb2"/>\n    <path d="M150 332 V340 H510 V332" fill="none" stroke="currentColor" stroke-width="1.5"/>\n    <text x="330" y="360" text-anchor="middle" font-weight="600" fill="#1f6fb2">range 18 m at t = 3 s</text>\n    <text x="580" y="222" fill="#1f6fb2">apex at 1.5 s: 11.25 m up,</text>\n    <text x="580" y="244" fill="#1f6fb2">v = (6 i + 0 j) m/s</text>\n    <text x="580" y="282">check: 3 s = 2 × 1.5 s</text>\n    <text x="580" y="304">u_y²/(2g) = 225/20 = 11.25 m</text>\n  </g>\n</svg>\n</div><div class="g9-stage-controls"><div class="g9-stage-chips" role="group" aria-label="Stages"><button type="button" class="g9-stage-chip" data-g9-stage-goto="0" data-g9-stage-desc="Show the launch and the two events asked for.">1: Launch and events</button><button type="button" class="g9-stage-chip" data-g9-stage-goto="1" data-g9-stage-desc="Name each event as a component condition on one timeline.">2: Event conditions</button><button type="button" class="g9-stage-chip" data-g9-stage-goto="2" data-g9-stage-desc="Solve each condition for its time.">3: Event times</button><button type="button" class="g9-stage-chip" data-g9-stage-goto="3" data-g9-stage-desc="Read the apex height and the range at the solved times.">4: Values at the events</button></div><p class="g9-stage-desc" data-g9-stage-desc-text></p><div class="g9-stage-stepper"><button type="button" data-g9-stage-step="prev">Previous stage</button><span data-g9-stage-label></span><button type="button" data-g9-stage-step="next">Next stage</button></div></div><figcaption data-g9-block="representation_bridge" data-g9-caption="purpose">Show the level-ground launch with u = (6, 15) m/s and name each requested event as a component condition before its time is solved: v_y = 0 at the apex, Δy = 0 at the return to launch height.</figcaption></figure></div><div class="g9-component g9-c-worked-card" data-g9-component="WORKED_EXAMPLE" data-g9-level="REQUIRED" data-g9-presentation="WORKED_CARD" data-g9-component-unit="CU-PHY-KIN-PROJECTILE-MODEL-2"><div class="g9-block" data-g9-block="worked_anchor"><h4>Worked explanation</h4><p>An ideal projectile is launched from level ground with u_x = 6 m/s and u_y = 15 m/s. Take +y upward and g = 10 m/s². Name the component condition for each event, then find the time and height of the apex, and the time and range when it lands back at launch height.</p><p class="g9-worked-instruction">Follow the operation, its justification and its result.</p><ol class="g9-watch-steps"><li data-g9-watch-step><div class="g9-worked-step-body"><p>Apex: the condition is v_y = 0, while v_x stays 6 m/s and a_y stays −10 m/s². 15 − 10t = 0 gives t = 1.5 s.</p></div></li><li data-g9-watch-step><div class="g9-worked-step-body"><p>Apex height: Δy = 15 × 1.5 − 5 × 1.5² = 22.5 − 11.25 = 11.25 m.</p></div></li><li data-g9-watch-step><div class="g9-worked-step-body"><p>Landing at launch height: the condition is Δy = 0. 15t − 5t² = 0 gives t = 0 (the launch) or t = 3 s, so the landing is at t = 3 s.</p></div></li><li data-g9-watch-step><div class="g9-worked-step-body"><p>Range at the same t = 3 s: Δx = 6 × 3 = 18 m.</p></div></li></ol><div class="g9-block" data-g9-block="worked_result"><h4>Result</h4><p>Apex at t = 1.5 s, 11.25 m above launch, with velocity (6 i + 0 j) m/s; landing at t = 3 s, 18 m from launch.</p></div><div class="g9-block" data-g9-block="worked_check"><h4>Check</h4><p>The landing time is twice the apex time, 3 s = 2 × 1.5 s, and the apex height agrees with u_y²/(2g) = 225/20 = 11.25 m, found without any time.</p></div></div></div></section></section><section class="blueprint-slot slot-repair_closure" data-blueprint-slot="repair_closure" data-required="true"><section class="g9-cu-support" data-g9-support-for="CU-PHY-KIN-PROJECTILE-MODEL-2"><h3>Name the requested event as a component condition before solving for its time: v_y = 0 at the apex, Δy = 0 at a return to launch height.</h3><div class="g9-component g9-c-disclosure-trap-card" data-g9-component="TRAP_REPAIR" data-g9-level="REQUIRED" data-g9-presentation="DISCLOSURE_TRAP_CARD" data-g9-component-items="2" data-g9-component-unit="CU-PHY-KIN-PROJECTILE-MODEL-2"><details class="g9-secondary-disclosure" data-g9-secondary="core1a-trap-repair"><summary>Mistake clinic · diagnose and repair</summary><div class="g9-secondary-body"><div class="g9-block" data-g9-block="wrong_path"><h4>A tempting wrong path</h4><ul><li>At the highest point the whole velocity and the acceleration are both zero.</li><li>At two points of the same height on an ideal trajectory, the velocity vectors are identical.</li></ul></div><div class="g9-block" data-g9-block="diagnose"><h4>Diagnose</h4><ul><li>At the apex of an oblique projectile, which of v_x, v_y and a_y is zero?</li><li>On ascent and descent at the same height, how do the horizontal and vertical velocity components compare?</li></ul></div><div class="g9-block" data-g9-block="repair"><h4>Repair</h4><ul><li>Only v_y is zero at that instant. v_x remains u_x and a_y remains -g.</li><li>v_x is the same, while v_y has equal magnitude and opposite sign; the speed matches but the velocity vector does not.</li></ul></div></div></details></div><div class="g9-component g9-c-triad" data-g9-component="QUICK_CHECK" data-g9-level="REQUIRED" data-g9-presentation="TRIAD" data-g9-component-items="2" data-g9-component-unit="CU-PHY-KIN-PROJECTILE-MODEL-2"><div class="g9-block" data-g9-block="independent_check"><h4>1-2-3 quick check</h4><ol class="g9-triad"><li data-g9-triad-role=""><span class="g9-triad-head">1 · Check</span><span class="g9-triad-text">For a return to launch height the flight time must be exactly twice the apex time, 2u_y/g against u_y/g, because the rise and the fall mirror each other.</span></li><li data-g9-triad-role=""><span class="g9-triad-head">2 · Check</span><span class="g9-triad-text">Set u_y = 0 in the apex condition: the apex must fall at t = 0, as it does for a launch that starts level.</span></li></ol></div></div></section></section><section class="blueprint-slot slot-construction" data-blueprint-slot="construction" data-required="true"><section id="CU-PHY-KIN-PROJECTILE-MODEL-3" class="g9-cu" data-g9-cu="CU-PHY-KIN-PROJECTILE-MODEL-3"><div class="g9-component g9-c-unit-header" data-g9-component="UNIT_HEADER" data-g9-level="REQUIRED" data-g9-presentation="UNIT_HEADER" data-g9-component-unit="CU-PHY-KIN-PROJECTILE-MODEL-3"><div class="g9-unit-head"><span class="g9-unit-no" aria-hidden="true">3</span><h3>Write the landing event from the actual drop while keeping the actual u_y, then read every requested quantity at that one event time.</h3><span class="g9-pill g9-pill-concept">Medium concept</span></div><nav class="g9-cu-nav" data-g9-unit-navigation aria-label="Concept Book section navigation"><span data-g9-route-position>Section 5 of 5</span><span class="g9-cu-nav-links"><a data-g9-prev-section href="#CU-PHY-KIN-PROJECTILE-MODEL-2" aria-label="Previous section: Name the requested event as a component condition before solving for its time: v_y = 0 at the apex, Δy = 0 at a return to launch height.">← Previous</a></span></nav></div><div class="g9-component g9-c-step-cards" data-g9-component="CONSTRUCTION_STEPS" data-g9-level="REQUIRED" data-g9-presentation="STEP_CARDS" data-g9-component-items="2" data-g9-component-unit="CU-PHY-KIN-PROJECTILE-MODEL-3"><div class="g9-block" data-g9-block="construction"><ol><li data-g9-step="K2D3-6"><strong>For any unequal-height landing, use the actual Delta y=y_f-y_i in the vertical position equation and retain the actual u_y; for a horizontal launch specifically, set u_y=0, then obtain the event time vertically and share it with x.</strong><br><em>Why valid:</em> Initial vertical velocity and landing displacement describe different facts. The landing event is fixed by the actual vertical geometry, while u_y=0 is only the horizontal-launch initial condition.<br><em>Result:</em> Delta y=y_f-y_i=u_y t_event-0.5g t_event^2; for horizontal launch u_y=0; reuse the solved t_event on x</li><li data-g9-step="K2D3-7"><strong>At the selected event time, reconstruct the requested velocity, speed, direction, displacement or range from simultaneous components and check qualitative limits.</strong><br><em>Why valid:</em> The reported projectile result is a consequence of one component model and one event, so its components must refer to the same instant and satisfy a_x=0, a_y=-g.<br><em>Result:</em> checked projectile consequence at one physical event</li></ol></div></div><div class="g9-component g9-c-staged-visual" data-g9-component="STAGED_VISUAL" data-g9-level="EXPECTED" data-g9-presentation="STAGED_VISUAL" data-g9-component-items="4" data-g9-component-unit="CU-PHY-KIN-PROJECTILE-MODEL-3"><figure data-g9-figure data-g9-fig="CU-PHY-KIN-PROJECTILE-MODEL-3-REP-KIN-2D-ROOF-UNEQUAL-LANDING" data-g9-stage="TEACHING" data-g9-representation="REP-KIN-2D-ROOF-UNEQUAL-LANDING" data-g9-kind="GRAPH" data-g9-min-figure-text="14" data-reveal-stages="4" data-g9-stages-total="4" data-g9-stages="VIS-KIN-2D-ROOF-V0 VIS-KIN-2D-ROOF-V1 VIS-KIN-2D-ROOF-V2 VIS-KIN-2D-ROOF-V3" data-g9-stage-mode="cumulative"><div class="g9-diagram-scroll" tabindex="0" role="region" aria-label="Diagram; scroll horizontally when enlarged"><svg xmlns="http://www.w3.org/2000/svg" viewBox="0 0 880 520" role="img" aria-labelledby="g9fig-CORE1A-CU-PHY-KIN-PROJECTILE-MODEL-3-REP-KIN-2D-ROOF-UNEQUAL-LANDING-1--rep-kin-roof-title g9fig-CORE1A-CU-PHY-KIN-PROJECTILE-MODEL-3-REP-KIN-2D-ROOF-UNEQUAL-LANDING-1--rep-kin-roof-desc">\n  <title id="g9fig-CORE1A-CU-PHY-KIN-PROJECTILE-MODEL-3-REP-KIN-2D-ROOF-UNEQUAL-LANDING-1--rep-kin-roof-title">Roof launch 25 m up with u = (5, 20) m/s: landing where Δy = −25 m, keeping u_y</title>\n  <desc id="g9fig-CORE1A-CU-PHY-KIN-PROJECTILE-MODEL-3-REP-KIN-2D-ROOF-UNEQUAL-LANDING-1--rep-kin-roof-desc">Stage 1: a ball leaves the edge of a roof 25 m above level ground with components u_x = 5 m/s and u_y = 20 m/s upward; it rises, then falls past the roof level to the ground. Stage 2: with +y up, the origin at the launch point and g = 10 m/s², the landing event is Δy = −25 m because the ground is below the launch, and the actual u_y = 20 m/s is kept; a dashed line at launch height marks the point where Δy = 0, which is not the ground. Stage 3: −25 = 20t − 5t² factorises as (t − 5)(t + 1) = 0, so t = 5 s and the root −1 s is rejected. Stage 4: at the same t = 5 s the ball lands Δx = 5 × 5 = 25 m from the building with v = (5 i − 30 j) m/s, speed √925 ≈ 30.4 m/s; without time, v² = 425 + 500 = 925 agrees.</desc>\n  <defs>\n    <marker id="g9fig-CORE1A-CU-PHY-KIN-PROJECTILE-MODEL-3-REP-KIN-2D-ROOF-UNEQUAL-LANDING-1--rep-kin-roof-arrow" viewBox="0 0 10 10" refX="9" refY="5" markerWidth="7" markerHeight="7" orient="auto-start-reverse"><path d="M0 0 L10 5 L0 10 Z" fill="currentColor"/></marker>\n    <marker id="g9fig-CORE1A-CU-PHY-KIN-PROJECTILE-MODEL-3-REP-KIN-2D-ROOF-UNEQUAL-LANDING-1--rep-kin-roof-arrow-acc" viewBox="0 0 10 10" refX="9" refY="5" markerWidth="7" markerHeight="7" orient="auto-start-reverse"><path d="M0 0 L10 5 L0 10 Z" fill="#1f6fb2"/></marker>\n  </defs>\n  <g data-g9-stage-id="VIS-KIN-2D-ROOF-V0" font-family="system-ui,sans-serif" font-size="15" fill="currentColor">\n    <text x="20" y="26" font-weight="600">Thrown from a roof 25 m above level ground</text>\n    <rect x="100" y="250" width="70" height="200" fill="none" stroke="currentColor" stroke-width="2"/>\n    <line x1="40" y1="450" x2="480" y2="450" stroke="currentColor" stroke-width="2"/>\n    <path d="M88 250 H80 V450 H88" fill="none" stroke="currentColor" stroke-width="1.5"/>\n    <text x="74" y="355" text-anchor="end">25 m</text>\n    <path d="M170 250 Q270 -150 370 450" fill="none" stroke="currentColor" stroke-width="1.5" stroke-dasharray="5 4"/>\n    <circle cx="170" cy="250" r="7" fill="currentColor"/>\n    <line x1="170" y1="250" x2="190" y2="250" stroke="currentColor" stroke-width="2.5" marker-end="url(#g9fig-CORE1A-CU-PHY-KIN-PROJECTILE-MODEL-3-REP-KIN-2D-ROOF-UNEQUAL-LANDING-1--rep-kin-roof-arrow)"/>\n    <text x="174" y="272">u_x = 5 m/s</text>\n    <line x1="170" y1="250" x2="170" y2="190" stroke="currentColor" stroke-width="2.5" marker-end="url(#g9fig-CORE1A-CU-PHY-KIN-PROJECTILE-MODEL-3-REP-KIN-2D-ROOF-UNEQUAL-LANDING-1--rep-kin-roof-arrow)"/>\n    <text x="164" y="200" text-anchor="end">u_y = 20 m/s</text>\n  </g>\n  <g data-g9-stage-id="VIS-KIN-2D-ROOF-V1" font-family="system-ui,sans-serif" font-size="15" fill="currentColor">\n    <line x1="170" y1="250" x2="470" y2="250" stroke="currentColor" stroke-width="1" stroke-dasharray="3 4"/>\n    <circle cx="330" cy="250" r="6" fill="none" stroke="currentColor" stroke-width="2"/>\n    <text x="342" y="272">Δy = 0 here:</text>\n    <text x="342" y="292">not the ground</text>\n    <text x="530" y="60">+y up, origin at launch, g = 10 m/s²</text>\n    <text x="530" y="100" font-weight="600">landing event:</text>\n    <text x="530" y="122">Δy = −25 m (ground below launch)</text>\n    <text x="530" y="144">keep the actual u_y = 20 m/s</text>\n    <text x="530" y="166">dotted line: launch height</text>\n  </g>\n  <g data-g9-stage-id="VIS-KIN-2D-ROOF-V2" font-family="system-ui,sans-serif" font-size="15" fill="currentColor">\n    <text x="530" y="206" fill="#1f6fb2">−25 = 20t − 5t²</text>\n    <text x="530" y="228" fill="#1f6fb2">(t − 5)(t + 1) = 0</text>\n    <text x="530" y="250" font-weight="600" fill="#1f6fb2">t = 5 s  (t = −1 s rejected)</text>\n  </g>\n  <g data-g9-stage-id="VIS-KIN-2D-ROOF-V3" font-family="system-ui,sans-serif" font-size="15" fill="currentColor">\n    <circle cx="370" cy="450" r="7" fill="#1f6fb2"/>\n    <path d="M170 472 V480 H370 V472" fill="none" stroke="currentColor" stroke-width="1.5"/>\n    <text x="270" y="500" text-anchor="middle" font-weight="600" fill="#1f6fb2">Δx = 5 × 5 = 25 m</text>\n    <line x1="400" y1="360" x2="415" y2="450" stroke="#1f6fb2" stroke-width="2.5" marker-end="url(#g9fig-CORE1A-CU-PHY-KIN-PROJECTILE-MODEL-3-REP-KIN-2D-ROOF-UNEQUAL-LANDING-1--rep-kin-roof-arrow-acc)"/>\n    <text x="424" y="400" fill="#1f6fb2">v = (5 i − 30 j) m/s</text>\n    <text x="530" y="290" font-weight="600">at the same t = 5 s:</text>\n    <text x="530" y="312">v_x = 5 m/s, v_y = 20 − 10 × 5 = −30 m/s</text>\n    <text x="530" y="334">speed = √925 ≈ 30.4 m/s</text>\n    <text x="530" y="370">check without t: v² = 425 + 500 = 925</text>\n  </g>\n</svg>\n</div><div class="g9-stage-controls"><div class="g9-stage-chips" role="group" aria-label="Stages"><button type="button" class="g9-stage-chip" data-g9-stage-goto="0" data-g9-stage-desc="Show the roof, the drop and the launch components.">1: The throw</button><button type="button" class="g9-stage-chip" data-g9-stage-goto="1" data-g9-stage-desc="Write the landing event from the actual drop and keep u_y.">2: Landing condition</button><button type="button" class="g9-stage-chip" data-g9-stage-goto="2" data-g9-stage-desc="Solve the vertical event for its physical root.">3: Landing time</button><button type="button" class="g9-stage-chip" data-g9-stage-goto="3" data-g9-stage-desc="Read distance and velocity at the same t = 5 s.">4: Values at landing</button></div><p class="g9-stage-desc" data-g9-stage-desc-text></p><div class="g9-stage-stepper"><button type="button" data-g9-stage-step="prev">Previous stage</button><span data-g9-stage-label></span><button type="button" data-g9-stage-step="next">Next stage</button></div></div><figcaption data-g9-block="representation_bridge" data-g9-caption="purpose">Show the roof launch 25 m above the ground with u = (5, 20) m/s: the landing event is written from the actual drop, Δy = −25 m, with the actual u_y kept, and every requested quantity is read at that one time.</figcaption></figure></div><div class="g9-component g9-c-worked-card" data-g9-component="WORKED_EXAMPLE" data-g9-level="REQUIRED" data-g9-presentation="WORKED_CARD" data-g9-component-unit="CU-PHY-KIN-PROJECTILE-MODEL-3"><div class="g9-block" data-g9-block="worked_anchor"><h4>Worked explanation</h4><p>A ball is thrown from the edge of a roof 25 m above level ground with u_x = 5 m/s and u_y = 20 m/s. Take +y upward and g = 10 m/s², and neglect air resistance. Find when it hits the ground, how far from the building it lands, and its impact velocity and speed.</p><p class="g9-worked-instruction">Follow the operation, its justification and its result.</p><ol class="g9-watch-steps"><li data-g9-watch-step><div class="g9-worked-step-body"><p>The landing event is Δy = −25 m, because the ground is below the launch point, and u_y = 20 m/s is kept: −25 = 20t − 5t².</p></div></li><li data-g9-watch-step><div class="g9-worked-step-body"><p>Rearranged, 5t² − 20t − 25 = 0, so t² − 4t − 5 = 0 and (t − 5)(t + 1) = 0. The physical root is t = 5 s.</p></div></li><li data-g9-watch-step><div class="g9-worked-step-body"><p>Reuse t = 5 s horizontally: Δx = 5 × 5 = 25 m.</p></div></li><li data-g9-watch-step><div class="g9-worked-step-body"><p>At t = 5 s: v_x = 5 m/s and v_y = 20 − 10 × 5 = −30 m/s, so v = (5 i − 30 j) m/s and the speed is √(5² + 30²) = √925 ≈ 30.4 m/s.</p></div></li></ol><div class="g9-block" data-g9-block="worked_result"><h4>Result</h4><p>Impact at t = 5 s, 25 m from the building, with v = (5 i − 30 j) m/s and a speed of about 30.4 m/s.</p></div><div class="g9-block" data-g9-block="worked_check"><h4>Check</h4><p>Without time: v² = u² + 2gh = (5² + 20²) + 2 × 10 × 25 = 425 + 500 = 925 m²/s², the same speed squared as from the components.</p></div></div></div></section></section><section class="blueprint-slot slot-repair_closure" data-blueprint-slot="repair_closure" data-required="true"><section class="g9-cu-support" data-g9-support-for="CU-PHY-KIN-PROJECTILE-MODEL-3"><h3>Write the landing event from the actual drop while keeping the actual u_y, then read every requested quantity at that one event time.</h3><div class="g9-component g9-c-disclosure-trap-card" data-g9-component="TRAP_REPAIR" data-g9-level="REQUIRED" data-g9-presentation="DISCLOSURE_TRAP_CARD" data-g9-component-items="3" data-g9-component-unit="CU-PHY-KIN-PROJECTILE-MODEL-3"><details class="g9-secondary-disclosure" data-g9-secondary="core1a-trap-repair"><summary>Mistake clinic · diagnose and repair</summary><div class="g9-secondary-body"><div class="g9-block" data-g9-block="wrong_path"><h4>A tempting wrong path</h4><ul><li>A horizontal launch has no vertical velocity throughout the flight.</li><li>Same-height flight formulas may be used whenever the question is about a projectile range or flight time.</li><li>Horizontal speed determines how long a horizontally launched object takes to fall.</li></ul></div><div class="g9-block" data-g9-block="diagnose"><h4>Diagnose</h4><ul><li>One second after a horizontal launch, is v_y still zero under gravity?</li><li>A ball launched from a roof lands on the ground below. May the same-height time-of-flight shortcut be used without checking the vertical displacement?</li><li>If the horizontal launch speed doubles from the same height, does the ideal fall time change?</li></ul></div><div class="g9-block" data-g9-block="repair"><h4>Repair</h4><ul><li>No. u_y=0 only at release; a_y=-g makes v_y=-gt afterward.</li><li>No. Same-height shortcuts require Delta y=0 between launch and landing. For unequal heights, solve the vertical position condition.</li><li>No. The vertical position equation determines the fall time; horizontal speed changes the range, not the fall time.</li></ul></div></div></details></div><div class="g9-component g9-c-triad" data-g9-component="QUICK_CHECK" data-g9-level="REQUIRED" data-g9-presentation="TRIAD" data-g9-component-items="2" data-g9-component-unit="CU-PHY-KIN-PROJECTILE-MODEL-3"><div class="g9-block" data-g9-block="independent_check"><h4>1-2-3 quick check</h4><ol class="g9-triad"><li data-g9-triad-role=""><span class="g9-triad-head">1 · Check</span><span class="g9-triad-text">The impact speed from the components must match v² = u² + 2gh for a drop h, a route that uses no time at all.</span></li><li data-g9-triad-role=""><span class="g9-triad-head">2 · Check</span><span class="g9-triad-text">Let the drop shrink to zero: the landing time must reduce to the same-height value 2u_y/g.</span></li></ol></div></div></section></section><section class="blueprint-slot slot-repair_closure" data-blueprint-slot="repair_closure" data-required="true"><div class="g9-component g9-c-recall-card" data-g9-component="EXIT_RECALL" data-g9-level="REQUIRED" data-g9-presentation="RECALL_CARD"><div class="g9-block" data-g9-block="exit_task"><h4>Now you do one</h4><p>A stone is launched horizontally from a cliff with speed u. With +y upward and air resistance neglected, write its component acceleration, velocity and displacement relations after release and explain why one common t is used.</p></div><div class="g9-attempt" data-g9-attempt-box data-g9-response-type="free_response"><label>Your answer<textarea data-g9-attempt rows="4"></textarea></label><label class="g9-paper"><input data-g9-paper type="checkbox">I worked this on paper</label><button type="button" data-g9-commit>I have attempted this</button></div><details data-g9-reveal data-requires-attempt data-g9-payload-ref="CORE1A-MIC-PHY-KIN-PROJECTILE-MODEL-exit"><summary>Model answer</summary><div data-g9-payload-slot></div></details><template data-g9-payload="CORE1A-MIC-PHY-KIN-PROJECTILE-MODEL-exit"><div class="g9-block" data-g9-block="exit_answer"><p>a_x=0, a_y=-g; v_x=u, v_y=-gt; Delta x=ut, Delta y=-0.5gt², all at the same elapsed time t.</p><ol><li>After release only gravity acts in the ideal model.</li><li>Gravity has no horizontal component in the chosen frame.</li><li>Both component coordinates describe the same stone at the same instant.</li></ol></div></template></div><div class="g9-component g9-c-chips" data-g9-component="PRACTICE_LINKS" data-g9-level="OPTIONAL" data-g9-presentation="CHIPS"><div class="g9-block" data-g9-block="practice_navigation"><h4>Practice this concept in Core2</h4><ul><li><a data-g9-practice-link data-g9-question-ref="PYQ-PHY-IITJEE-2011-P2-Q33" data-g9-concept-ref="MIC-PHY-KIN-PROJECTILE-MODEL" href="core2.html#PYQ-PHY-IITJEE-2011-P2-Q33">IIT-JEE · 2011 · Paper II · Q33</a></li><li><a data-g9-practice-link data-g9-question-ref="PYQ-PHY-JEEADV-2018-P2-Q08" data-g9-concept-ref="MIC-PHY-KIN-PROJECTILE-MODEL" href="core2.html#PYQ-PHY-JEEADV-2018-P2-Q08">JEE (Advanced) · 2018 · Paper 2 · Q8</a></li><li><a data-g9-practice-link data-g9-question-ref="PYQ-PHY-JEEADV-2019-P2-Q09" data-g9-concept-ref="MIC-PHY-KIN-PROJECTILE-MODEL" href="core2.html#PYQ-PHY-JEEADV-2019-P2-Q09">JEE (Advanced) · 2019 · Paper 2 · Q9</a></li><li><a data-g9-practice-link data-g9-question-ref="PYQ-PHY-JEEADV-2021-P1-Q05" data-g9-concept-ref="MIC-PHY-KIN-PROJECTILE-MODEL" href="core2.html#PYQ-PHY-JEEADV-2021-P1-Q05">JEE (Advanced) · 2021 · Paper 1 · Q5</a></li><li><a data-g9-practice-link data-g9-question-ref="PYQ-PHY-JEEADV-2021-P1-Q06" data-g9-concept-ref="MIC-PHY-KIN-PROJECTILE-MODEL" href="core2.html#PYQ-PHY-JEEADV-2021-P1-Q06">JEE (Advanced) · 2021 · Paper 1 · Q6</a></li><li><a data-g9-practice-link data-g9-question-ref="PYQ-PHY-JEEADV-2024-P2-Q09" data-g9-concept-ref="MIC-PHY-KIN-PROJECTILE-MODEL" href="core2.html#PYQ-PHY-JEEADV-2024-P2-Q09">JEE (Advanced) · 2024 · Paper 2 · Q9</a></li><li><a data-g9-practice-link data-g9-question-ref="PYQ-PHY-IITJEE-2012-P1-Q05" data-g9-concept-ref="MIC-PHY-KIN-PROJECTILE-MODEL" href="core2.html#PYQ-PHY-IITJEE-2012-P1-Q05">IIT-JEE · 2012 · Paper I · Q5</a></li><li><a data-g9-practice-link data-g9-question-ref="PYQ-PHY-JEEADV-2022-P1-Q08" data-g9-concept-ref="MIC-PHY-KIN-PROJECTILE-MODEL" href="core2.html#PYQ-PHY-JEEADV-2022-P1-Q08">JEE (Advanced) · 2022 · Paper 1 · Q8</a></li><li><a data-g9-practice-link data-g9-question-ref="PYQ-PHY-JEEADV-2023-P1-Q01" data-g9-concept-ref="MIC-PHY-KIN-PROJECTILE-MODEL" href="core2.html#PYQ-PHY-JEEADV-2023-P1-Q01">JEE (Advanced) · 2023 · Paper 1 · Q1</a></li><li><a data-g9-practice-link data-g9-question-ref="PYQ-PHY-IITJEE-2011-P2-Q26" data-g9-concept-ref="MIC-PHY-KIN-PROJECTILE-MODEL" href="core2.html#PYQ-PHY-IITJEE-2011-P2-Q26">IIT-JEE · 2011 · Paper II · Q26</a></li><li><a data-g9-practice-link data-g9-question-ref="PYQ-PHY-JEEADV-2026-P1-Q06" data-g9-concept-ref="MIC-PHY-KIN-PROJECTILE-MODEL" href="core2.html#PYQ-PHY-JEEADV-2026-P1-Q06">JEE (Advanced) · 2026 · Paper 1 · Q6</a></li><li><a data-g9-practice-link data-g9-question-ref="PYQ-PHY-JEEADV-2013-P1-Q07" data-g9-concept-ref="MIC-PHY-KIN-PROJECTILE-MODEL" href="core2.html#PYQ-PHY-JEEADV-2013-P1-Q07">JEE (Advanced) · 2013 · Paper 1 · Q7</a></li><li><a data-g9-practice-link data-g9-question-ref="PYQ-PHY-JEEMAIN-2026-04APR-S2-Q29" data-g9-concept-ref="MIC-PHY-KIN-PROJECTILE-MODEL" href="core2.html#PYQ-PHY-JEEMAIN-2026-04APR-S2-Q29">JEE Main · 2026 · Session 2 · 04 Apr 2026 · Shift 2 · Q29</a></li></ul></div></div><div class="g9-component g9-c-chips" data-g9-component="LEARNING_TRANSITIONS" data-g9-level="OPTIONAL" data-g9-presentation="CHIPS"><div class="g9-block" data-g9-block="learning_transitions"><h4>Next steps</h4><div class="g9-transitions-row" data-g9-transitions><a class="g9-transition-chip g9-chip-practice" data-g9-transition="PRACTICE" href="core2.html">Practice this concept &rarr;</a><a class="g9-transition-chip g9-chip-qb" data-g9-transition="QUESTION_BANK" href="../../../question-bank/index.html?capability=MIC-PHY-KIN-PROJECTILE-MODEL">All questions in Question Bank &rarr;</a></div></div></div></section></article></main><footer data-g9-footer>Physics · Two-dimensional kinematics and projectile model</footer><script>\n(()=>{const q=(s,r=document)=>[...r.querySelectorAll(s)];\nconst store={get:k=>{try{return localStorage.getItem(\'g9-\'+k)}catch(e){return null}},set:(k,v)=>{try{localStorage.setItem(\'g9-\'+k,v);return true}catch(e){return false}},remove:k=>{try{localStorage.removeItem(\'g9-\'+k);return true}catch(e){return false}}};\nconst root=document.documentElement;const scope=root.dataset.g9Product&&root.dataset.g9RenderDigest?root.dataset.g9Product+\':\'+root.dataset.g9RenderDigest:\'\';\nconst shell=document.querySelector(\'.g9-shell-header\');if(shell){const offset=()=>root.style.setProperty(\'--g9-header-offset\',(shell.getBoundingClientRect().height+16)+\'px\');new ResizeObserver(offset).observe(shell);offset();}\nconst apply=()=>{root.dataset.theme=store.get(\'theme\')||root.dataset.theme||\'light\';root.style.setProperty(\'--g9-zoom\',store.get(\'zoom\')||\'1\');};apply();\nq(\'[data-g9-theme]\').forEach(b=>b.onclick=()=>{store.set(\'theme\',b.dataset.g9Theme);apply()});\nq(\'[data-g9-zoom]\').forEach(b=>b.onclick=()=>{let z=parseFloat(store.get(\'zoom\')||\'1\');z=b.dataset.g9Zoom===\'inc\'?Math.min(1.6,z+0.1):b.dataset.g9Zoom===\'dec\'?Math.max(0.8,z-0.1):1;store.set(\'zoom\',z.toFixed(1));apply()});\nq(\'[data-g9-font]\').forEach(b=>b.onclick=()=>q(\'[data-g9-zoom="\'+b.dataset.g9Font+\'"]\')[0]?.click());\nfunction fitFigure(f){const svg=q(\'svg\',f)[0];if(!svg||!svg.isConnected)return;const groups=q(\'[data-g9-stage-id]\',svg).filter(g=>getComputedStyle(g).display!==\'none\');if(groups.length){const boxes=groups.map(g=>g.getBBox()).filter(b=>b.width>0&&b.height>0);if(boxes.length){const x=Math.min(...boxes.map(b=>b.x))-12,y=Math.min(...boxes.map(b=>b.y))-12,r=Math.max(...boxes.map(b=>b.x+b.width))+12,b=Math.max(...boxes.map(b=>b.y+b.height))+12;svg.setAttribute(\'viewBox\',[x,y,r-x,b-y].join(\' \'));}}\nconst host=svg.parentElement;const labels=q(\'text\',svg).filter(t=>t.checkVisibility({visibilityProperty:true}));const min=labels.reduce((v,t)=>Math.min(v,parseFloat(getComputedStyle(t).fontSize)||Infinity),Infinity);const box=svg.viewBox.baseVal;const floor=Number(f.dataset.g9MinFigureText)||14;const needed=Number.isFinite(min)&&min>0?Math.ceil(box.width*floor/min):0;svg.style.width=Math.max(host.clientWidth,needed)+\'px\';}\nfunction initFigure(f){if(f.dataset.g9Init)return;f.dataset.g9Init=\'1\';const ids=(f.dataset.g9Stages||\'\').split(\' \').filter(Boolean);fitFigure(f);const host=q(\'.g9-diagram-scroll\',f)[0];if(host){let width=host.clientWidth;new ResizeObserver(()=>{const next=host.clientWidth;if(next!==width){width=next;fitFigure(f)}}).observe(host)}if(ids.length<2)return;let i=0;\nconst chips=q(\'[data-g9-stage-goto]\',f);const desc=q(\'[data-g9-stage-desc-text]\',f)[0];\nconst stageMode=f.dataset.g9StageMode||\'cumulative\';const cumulative=stageMode!==\'replace\';\nids.forEach(id=>q(\'[data-g9-stage-id="\'+id+\'"]\',f).forEach(g=>g.style.display=\'none\'));\nconst show=()=>{ids.forEach((id,n)=>q(\'[data-g9-stage-id="\'+id+\'"]\',f).forEach(g=>g.style.display=(cumulative?n<=i:n===i)?\'\':\'none\'));fitFigure(f);const l=q(\'[data-g9-stage-label]\',f)[0];if(l)l.textContent=\'Stage \'+(i+1)+\' of \'+ids.length;chips.forEach((c,n)=>c.setAttribute(\'aria-pressed\',String(n===i)));if(desc)desc.textContent=(chips[i]&&chips[i].dataset.g9StageDesc)||\'\'};show();chips.forEach((c,n)=>c.onclick=()=>{i=n;show()});\nq(\'[data-g9-stage-step]\',f).forEach(b=>b.onclick=()=>{i=Math.max(0,Math.min(ids.length-1,i+(b.dataset.g9StageStep===\'next\'?1:-1)));show()})}\nfunction nextRung(l){const t=q(\'template[data-g9-rung-payload]\',l)[0];if(!t)return false;const payload=t.content.cloneNode(true);q(\'[data-g9-rung-ghost]\',l)[0]?.remove();q(\'[data-g9-ladder]\',l)[0].append(payload);q(\'figure[data-g9-figure]\',l).forEach(initFigure);t.remove();const b=q(\'[data-g9-next-rung]\',l)[0];if(b){if(!q(\'template[data-g9-rung-payload]\',l).length)b.disabled=true;else b.textContent=\'Show next support\'}return true}\nfunction materialise(a){q(\'details[data-g9-payload-ref]\',a).forEach(d=>{const slot=q(\'[data-g9-payload-slot]\',d)[0];if(!slot||slot.dataset.g9Filled)return;const t=q(\'template[data-g9-payload]\',a).find(x=>x.dataset.g9Payload===d.dataset.g9PayloadRef);if(!t)return;slot.replaceChildren(t.content.cloneNode(true));slot.dataset.g9Filled=\'1\';q(\'figure[data-g9-figure]\',slot).forEach(initFigure)})}\nconst number=t=>{const v=t.trim();if(!/^[+-]?(?:\\d+(?:\\.\\d*)?|\\.\\d+)(?:e[+-]?\\d+)?(?:\\s*\\/\\s*[+-]?(?:\\d+(?:\\.\\d*)?|\\.\\d+)(?:e[+-]?\\d+)?)?$/i.test(v))return false;const p=v.split(\'/\').map(x=>Number(x.trim()));return p.every(Number.isFinite)&&(p.length===1||p[1]!==0)};\nfunction validAttempt(box){const type=box.dataset.g9ResponseType;if(type===\'single_choice\'||type===\'multiple_choice\'||type===\'true_false\')return q(\'[data-g9-choice]:checked\',box).length>0;\nif(type===\'numeric\')return number(q(\'[data-g9-number]\',box)[0]?.value||\'\');if(type===\'short_text\')return !!q(\'[data-g9-attempt]\',box)[0]?.value.trim();\nif(type===\'match\'){const fields=q(\'[data-g9-match]\',box);return fields.length>0&&fields.every(x=>x.value!==\'\')}\nif(q(\'[data-g9-paper]:checked\',box).length)return true;if(type===\'multipart\'){const fields=q(\'[data-g9-part-input]\',box);return fields.length>0&&fields.every(x=>x.value.trim()&&(!x.dataset.g9PartType||x.dataset.g9PartType!==\'numeric\'||number(x.value)))}\nreturn !!q(\'[data-g9-attempt]\',box)[0]?.value.trim()}\nconst stateKey=a=>scope&&a?.dataset.g9Unit?\'state:\'+scope+\':\'+a.dataset.g9Unit:null;const returnKey=concept=>scope&&concept?\'return:\'+scope+\':\'+concept:null;\nfunction readState(key){if(!key)return null;const raw=store.get(key);if(!raw)return null;try{const state=JSON.parse(raw);return state&&typeof state===\'object\'?state:null}catch(e){return null}}\nconst attemptFields=a=>q(\'[data-g9-attempt-box] input,[data-g9-attempt-box] textarea,[data-g9-attempt-box] select\',a);const rungCount=l=>{const list=q(\'[data-g9-ladder]\',l)[0];return list?q(\'[data-g9-rung]\',list).length:0};\nfunction saveCore2State(a){if(a.dataset.g9Role!==\'CORE2\')return;const key=stateKey(a);if(!key)return;const fields=attemptFields(a).map(el=>({value:el.value,checked:!!el.checked}));const ladders={};q(\'.g9-ladder[data-g9-ladder-ref]\',a).forEach(l=>ladders[l.dataset.g9LadderRef]=rungCount(l));const reveals=q(\'details[data-g9-support-reveal]\',a).map(d=>!!d.open);store.set(key,JSON.stringify({attempted:!!a.dataset.attempted,fields,ladders,reveals}))}\nfunction bindSupportRevealState(a){q(\'details[data-g9-support-reveal]\',a).forEach(d=>{if(d.dataset.g9StateBound)return;d.dataset.g9StateBound=\'1\';d.addEventListener(\'toggle\',()=>saveCore2State(a))})}\nfunction restoreCore2State(a,lock){if(a.dataset.g9Role!==\'CORE2\')return;const state=readState(stateKey(a));if(!state)return;const fields=attemptFields(a);(state.fields||[]).forEach((saved,i)=>{const el=fields[i];if(!el||!saved||typeof saved!==\'object\')return;if(Object.prototype.hasOwnProperty.call(saved,\'value\'))el.value=saved.value??\'\';if(el.type===\'checkbox\'||el.type===\'radio\')el.checked=!!saved.checked});Object.entries(state.ladders||{}).forEach(([ref,count])=>{const l=q(\'.g9-ladder[data-g9-ladder-ref]\',a).find(x=>x.dataset.g9LadderRef===ref);if(!l||!Number.isInteger(count)||count<0)return;while(rungCount(l)<count&&nextRung(l)){};});bindSupportRevealState(a);q(\'details[data-g9-support-reveal]\',a).forEach((d,i)=>d.open=!!(state.reveals||[])[i]);if(state.attempted){a.dataset.attempted=\'1\';materialise(a)}lock()}\nconst articles=q(\'article[data-g9-unit],article[data-g9-diagnostic],[data-g9-purpose-item]\');\narticles.forEach(a=>{const lock=()=>q(\'details[data-requires-attempt]\',a).forEach(d=>{if(!a.dataset.attempted){d.dataset.locked=\'\';d.open=false}else delete d.dataset.locked});lock();restoreCore2State(a,lock);\nq(\'details[data-requires-attempt] summary\',a).forEach(s=>s.addEventListener(\'click\',e=>{if(!a.dataset.attempted){e.preventDefault();q(\'[data-g9-attempt-box] input,[data-g9-attempt-box] textarea,[data-g9-attempt-box] select\',a)[0]?.focus()}}));\nq(\'[data-g9-commit]\',a).forEach(b=>b.onclick=()=>{const box=b.closest(\'[data-g9-attempt-box]\');if(!box||!validAttempt(box)){q(\'input,textarea,select\',box||a)[0]?.focus();return}a.dataset.attempted=\'1\';lock();materialise(a);saveCore2State(a)});\na.addEventListener(\'click\',e=>{const b=e.target.closest(\'[data-g9-next-rung]\');if(b&&a.contains(b)){nextRung(b.closest(\'.g9-ladder\'));bindSupportRevealState(a);saveCore2State(a)}});attemptFields(a).forEach(el=>{el.addEventListener(\'input\',()=>saveCore2State(a));el.addEventListener(\'change\',()=>saveCore2State(a))});\nq(\'[data-g9-concept-link]\',a).forEach(link=>link.addEventListener(\'click\',()=>{saveCore2State(a);const key=returnKey(link.dataset.g9ConceptRef);if(key)store.set(key,link.dataset.g9QuestionRef||a.dataset.g9Unit);refreshReturnLinks()}))});\nconst practiceLinks=q(\'[data-g9-practice-link]\');const practiceLabels=new Map(practiceLinks.map(link=>[link,link.textContent]));\nfunction refreshReturnLinks(){practiceLinks.forEach(link=>{const key=returnKey(link.dataset.g9ConceptRef);const active=!!key&&store.get(key)===link.dataset.g9QuestionRef;if(active){link.dataset.g9ReturnLink=\'\';link.textContent=\'Return to question · \'+practiceLabels.get(link)}else{delete link.dataset.g9ReturnLink;link.textContent=practiceLabels.get(link)}})}\npracticeLinks.forEach(link=>link.addEventListener(\'click\',()=>{const key=returnKey(link.dataset.g9ConceptRef);if(key&&store.get(key)===link.dataset.g9QuestionRef){store.remove(key);refreshReturnLinks()}}));refreshReturnLinks();\nwindow.g9MaterialiseAll=()=>articles.forEach(a=>{a.dataset.attempted=\'1\';q(\'details[data-requires-attempt]\',a).forEach(d=>delete d.dataset.locked);materialise(a);q(\'.g9-ladder\',a).forEach(l=>{while(nextRung(l)){};});q(\'details[data-g9-support-reveal]\',a).forEach(d=>d.open=true)});\nq(\'figure[data-g9-figure]\').forEach(initFigure);\nq(\'[data-g9-toggle]\').forEach(b=>b.onclick=()=>{const t=document.getElementById(b.getAttribute(\'aria-controls\'));if(!t)return;const open=b.getAttribute(\'aria-expanded\')===\'true\';b.setAttribute(\'aria-expanded\',String(!open));t.hidden=open});\nconst input=q(\'[data-g9-search-input]\')[0];if(input)input.oninput=()=>{const v=input.value.trim().toLowerCase();articles.forEach(a=>{a.hidden=!!v&&!(a.dataset.g9SearchText||\'\').toLowerCase().includes(v)})};\nq(\'[data-g9-action="search"]\').forEach(b=>b.onclick=()=>{const p=q(\'[data-g9-search-panel]\')[0];p.hidden=!p.hidden;if(!p.hidden)input.focus()});\nq(\'[data-g9-action="display"]\').forEach(b=>b.onclick=()=>{const p=q(\'[data-g9-display-panel]\')[0];p.hidden=!p.hidden});\n})();\ndocument.addEventListener(\'click\',event=>{\n const button=event.target.closest(\'[data-g9-probe-compare]\');if(!button)return;\n const root=button.closest(\'[data-g9-learning-repair]\');if(!root)return;\n const response=root.querySelector(\'[data-g9-probe-response]\');\n const message=root.querySelector(\'[data-g9-probe-message]\');\n if(!response.value.trim()){message.textContent=\'Write your prediction and reason first.\';response.focus();return;}\n root.dataset.g9ProbeCommitted=\'true\';root.querySelector(\'[data-g9-probe-feedback]\').hidden=false;\n message.textContent=\'Compare your reasoning with the pattern below. Your response is not automatically graded.\';\n});\ndocument.addEventListener(\'input\',event=>{\n const root=event.target.closest(\'[data-g9-alignment-probe]\');if(!root)return;\n const theta=Number(root.querySelector(\'[data-g9-theta]\').value);\n const other=Number(root.querySelector(\'[data-g9-other]\').value);\n const factor=Math.abs(theta-90)<1e-10?0:Math.cos(theta*Math.PI/180);\n root.querySelector(\'[data-g9-donor]\').setAttribute(\'transform\',`rotate(${theta} 180 180)`);\n root.querySelector(\'[data-g9-alignment-output]\').textContent=`θ = ${theta}°; given factor = ${factor.toFixed(3)}; toy E = ${(-factor*factor+other).toFixed(3)}; c = ${other.toFixed(1)}.`;\n});\nconst g9RepairHeader=document.querySelector(\'[data-g9-shell-header]\');\nif(g9RepairHeader&&window.ResizeObserver){new ResizeObserver(()=>{\n document.documentElement.style.setProperty(\'--g9-header-offset\',Math.ceil(g9RepairHeader.getBoundingClientRect().height+16)+\'px\');\n}).observe(g9RepairHeader);}\nif(g9RepairHeader)document.documentElement.style.setProperty(\'--g9-header-offset\',Math.ceil(g9RepairHeader.getBoundingClientRect().height+16)+\'px\');\nfunction g9OpenRepairTarget(){\n let id;try{id=decodeURIComponent(location.hash.slice(1));}catch(_){return;}if(!id.startsWith(\'repair-\'))return;\n const target=document.getElementById(id);if(!target)return;\n let parent=target.parentElement;while(parent){if(parent.tagName===\'DETAILS\')parent.open=true;parent=parent.parentElement;}\n target.focus({preventScroll:true});target.scrollIntoView({block:\'start\'});\n}\nwindow.addEventListener(\'hashchange\',g9OpenRepairTarget);g9OpenRepairTarget();\n</script><script src="../../../js/display-controls.js"></script><script src="../../../js/site-header.js"></script></body></html>\n'

======================================================================
FAIL: test_reveals_are_gated_and_no_record_id_or_placeholder_reaches_the_learner (test_render_core.Renderer.test_reveals_are_gated_and_no_record_id_or_placeholder_reaches_the_learner) (page='core1a.html')
----------------------------------------------------------------------
Traceback (most recent call last):
  File "C:\CodeB\Grade9v3.5\.codex-recovery\r5-full-suite\tests\test_render_core.py", line 58, in test_reveals_are_gated_and_no_record_id_or_placeholder_reaches_the_learner
    self.assertIn("data-requires-attempt", details)
AssertionError: 'data-requires-attempt' not found in '<details class="g9-secondary-disclosure" data-g9-secondary="core1a-contents">'

======================================================================
FAIL: test_reveals_are_gated_and_no_record_id_or_placeholder_reaches_the_learner (test_render_core.Renderer.test_reveals_are_gated_and_no_record_id_or_placeholder_reaches_the_learner) (page='core2.html')
----------------------------------------------------------------------
Traceback (most recent call last):
  File "C:\CodeB\Grade9v3.5\.codex-recovery\r5-full-suite\tests\test_render_core.py", line 58, in test_reveals_are_gated_and_no_record_id_or_placeholder_reaches_the_learner
    self.assertIn("data-requires-attempt", details)
AssertionError: 'data-requires-attempt' not found in '<details class="g9-secondary-disclosure" data-g9-secondary="core2-wrong-route">'

======================================================================
FAIL: test_build_pipeline_exercises_zero_gap_scoped_browser_and_pdf_path_without_turning_quality_into_a_gate (test_renderer_inventory.OutputRoleScope.test_build_pipeline_exercises_zero_gap_scoped_browser_and_pdf_path_without_turning_quality_into_a_gate)
----------------------------------------------------------------------
Traceback (most recent call last):
  File "C:\CodeB\Grade9v3.5\.codex-recovery\r5-full-suite\tests\test_renderer_inventory.py", line 226, in test_build_pipeline_exercises_zero_gap_scoped_browser_and_pdf_path_without_turning_quality_into_a_gate
    self.assertIn("Governing relation", pdf_text[0], "the title must not consume an otherwise empty page")
AssertionError: 'Governing relation' not found in 'Concept: Momentum-transfer force rate\nOrientationAll questions in QB →\nMomentum-transfer force rate: Orientation map\nForce from a steady stream of discrete momentum changes\nSubject:Physics Topic:Force and Laws of Motion Concept:Force from a steady stream of discrete momentum changes\nConcept difficulty:Hard concept\nHard transition\nA repeated stream converts a momentum change per item into a momentum change per unit time: if each fixed-mass\nitem receives signed Delta p_item and R such items are ejected per second, the average force on the ejecta is R Delta\nP h y s i c s  /  M om e n t u m - t r a n s f e r  f or c e  r a t e  /  C O RE 1' : the title must not consume an otherwise empty page

======================================================================
FAIL: test_browser_entry_matches_python_intake (test_research_first_workflow.EntryAndCliTests.test_browser_entry_matches_python_intake)
----------------------------------------------------------------------
Traceback (most recent call last):
  File "C:\CodeB\Grade9v3.5\.codex-recovery\r5-full-suite\tests\test_research_first_workflow.py", line 172, in test_browser_entry_matches_python_intake
    self.assertEqual(done.returncode, 0, done.stdout[-3000:])
AssertionError: 1 != 0 : TAP version 13
# Subtest: browser intake equals Python intake for every subject fixture
ok 1 - browser intake equals Python intake for every subject fixture
  ---
  duration_ms: 866.3149
  type: 'test'
  ...
# Subtest: pasted blocks keep owner labels and source hints as data, not identity
ok 2 - pasted blocks keep owner labels and source hints as data, not identity
  ---
  duration_ms: 8.0444
  type: 'test'
  ...
# Subtest: a question keeps the lines the Owner wrote, in the browser as in Python, and its identity ignores the layout
ok 3 - a question keeps the lines the Owner wrote, in the browser as in Python, and its identity ignores the layout
  ---
  duration_ms: 291.5712
  type: 'test'
  ...
# Subtest: entry page wires the research-first path and keeps the mapped composer secondary
not ok 4 - entry page wires the research-first path and keeps the mapped composer secondary
  ---
  duration_ms: 1.802
  type: 'test'
  location: 'C:\\CodeB\\Grade9v3.5\\.codex-recovery\\r5-full-suite\\tests\\raw_intake.test.mjs:75:1'
  failureType: 'testCodeFailure'
  error: |-
    Expected values to be strictly equal:
    + actual - expected
    
    + null
    - 'raw-intake/index.html'
    
  code: 'ERR_ASSERTION'
  name: 'AssertionError'
  expected: 'raw-intake/index.html'
  actual: ~
  operator: 'strictEqual'
  stack: |-
    TestContext.<anonymous> (file:///C:/CodeB/Grade9v3.5/.codex-recovery/r5-full-suite/tests/raw_intake.test.mjs:82:10)
    Test.runInAsyncScope (node:async_hooks:214:14)
    Test.run (node:internal/test_runner/test:1047:25)
    Test.processPendingSubtests (node:internal/test_runner/test:744:18)
    Test.postRun (node:internal/test_runner/test:1173:19)
    Test.run (node:internal/test_runner/test:1101:12)
    async Test.processPendingSubtests (node:internal/test_runner/test:744:7)
  ...
# Subtest: browser first-stage route equals Python for requested, supplied and syllabus-only jobs
ok 5 - browser first-stage route equals Python for requested, supplied and syllabus-only jobs
  ---
  duration_ms: 1889.2955
  type: 'test'
  ...
# Subtest: the copy-paste agent prompt follows the first-stage route and not the old six-Core script
ok 6 - the copy-paste agent prompt follows the first-stage route and not the old six-Core script
  ---
  duration_ms: 18.1602
  type: 'test'
  ...
# Subtest: the entry form offers a first-Core choice and sends it with the request
ok 7 - the entry form offers a first-Core choice and sends it with the request
  ---
  duration_ms: 0.9672
  type: 'test'
  ...
1..7
# tests 7
# suites 0
# pass 6
# fail 1
# cancelled 0
# skipped 0
# todo 0
# duration_ms 3226.8563


======================================================================
FAIL: test_no_new_navigation_findings_beyond_the_baseline (test_site_nav_audit.SiteNavAudit.test_no_new_navigation_findings_beyond_the_baseline)
----------------------------------------------------------------------
Traceback (most recent call last):
  File "C:\CodeB\Grade9v3.5\.codex-recovery\r5-full-suite\tests\test_site_nav_audit.py", line 21, in test_no_new_navigation_findings_beyond_the_baseline
    self.assertEqual(sorted(new), [], "fix these or, if intended, they must not exist; the baseline only shrinks")
AssertionError: Lists differ: [('NO_SHELL', 'mathematics/linear-equation[3259 chars]re')] != []

First list contains 38 additional elements.
First extra element 0:
('NO_SHELL', 'mathematics/linear-equations/atlas.html', 'shared tablet shell not loaded')

Diff is 3553 characters long. Set self.maxDiff to None to see it. : fix these or, if intended, they must not exist; the baseline only shrinks

======================================================================
FAIL: test_the_reference_product_keeps_the_blueprints_tablet_promises (test_tablet_audit.TabletAudit.test_the_reference_product_keeps_the_blueprints_tablet_promises)
----------------------------------------------------------------------
Traceback (most recent call last):
  File "C:\CodeB\Grade9v3.5\.codex-recovery\r5-full-suite\tests\test_tablet_audit.py", line 35, in test_the_reference_product_keeps_the_blueprints_tablet_promises
    self.assertEqual(gaps, [])
AssertionError: Lists differ: [{'duty': 'MOUNT_REPRESENTATION', 'record'[395 chars]ON'}] != []

First list contains 2 additional elements.
First extra element 0:
{'duty': 'MOUNT_REPRESENTATION', 'record': 'PYQ-PHY-JEEADV-2021-P1-Q06', 'detail': "REP-PYQ-JEEADV-2021-P1-Q06 is not a representation in the product's packages", 'core': 'CORE2', 'product': 'PRODUCT-PHY-KIN-2D-MOTION'}

+ []
- [{'core': 'CORE2',
-   'detail': 'REP-PYQ-JEEADV-2021-P1-Q06 is not a representation in the '
-             "product's packages",
-   'duty': 'MOUNT_REPRESENTATION',
-   'product': 'PRODUCT-PHY-KIN-2D-MOTION',
-   'record': 'PYQ-PHY-JEEADV-2021-P1-Q06'},
-  {'core': 'CORE2',
-   'detail': 'REP-PYQ-JEEADV-2013-P1-Q07 is not a representation in the '
-             "product's packages",
-   'duty': 'MOUNT_REPRESENTATION',
-   'product': 'PRODUCT-PHY-KIN-2D-MOTION',
-   'record': 'PYQ-PHY-JEEADV-2013-P1-Q07'}]

======================================================================
FAIL: test_a_question_with_no_hint_ladder_or_route_is_refused_and_says_why (test_test_area.TestOwnerBankFromIntake.test_a_question_with_no_hint_ladder_or_route_is_refused_and_says_why)
----------------------------------------------------------------------
Traceback (most recent call last):
  File "C:\CodeB\Grade9v3.5\.codex-recovery\r5-full-suite\tests\test_test_area.py", line 670, in test_a_question_with_no_hint_ladder_or_route_is_refused_and_says_why
    self.assertIn("scaffolds[]", problems, "the message carries the blueprint's own instruction for the author")
AssertionError: 'scaffolds[]' not found in "bank: questions[0] OWN-VEC-01: HINT_LADDER needs 3, the record supplies 0. Author question-specific scaffolds for the semantic jobs the resolved QRT requires: clarify the learner-relative obstacle, connect to demonstrated knowledge, and open the route toward the crux while preserving the learner-owned move. Add further rungs only when they do useful work. The 3-rung D1/D2 and 5-rung D3/D4 values are reference depth, not semantic pass counts; never create filler merely to reach a number. Each rung keeps typed support_kind/reveals/learner_stage and a supports_move_ref, and pre-solution support must not reveal the answer. bank: questions[0] OWN-VEC-01: SOLUTION_STEPS needs 3, the record supplies 0. Write answer.reasoning_route[]: 3 moves for a D1 or D2 question, 4 for a D3 or D4. Each move has id, kind (DECIDE, REPRESENT, CONNECT, TRANSFORM or VERIFY), action (what is done), why_valid (the physical or logical reason this step is allowed; not 'this follows from the model'), inputs and output. Set crux_move_ref to the id of the move a learner is most likely to miss. Delete the move the band does not need. D1 repair: Keep neighbour/domain, bond-component and orbital-basis inventories distinct. A pi component is not axial density; VSEPR is qualitative. Each action needs its actual local warrant and output, rather than a generic assertion that the source/model permits it. D2 repair: Close the valence-basis ledger: hybrid outputs plus residual functions equal the independent inputs, with no double use. Nuclear shape excludes lone-pair vertices. A geometry drawing does not uniquely measure an orbital basis. D3 repair: Contributors are bookkeeping alternatives, not switching structures. Count the occupied delocalised pi space, not only a drawn double bond. Orthogonal p directions constrain allene terminal planes; Pauli is not a blanket one-bond-per-orbital ban. D4 repair: Separate local counts, occupancy, adjacency, alignment and empirical evidence. A supplied overlap factor is not total energy. Preserve formal electron inventory under torsion; strength, barrier and unique basis require specified further evidence." : the message carries the blueprint's own instruction for the author

======================================================================
FAIL: test_test_is_not_a_question_bank_subject (test_test_area.TestPages.test_test_is_not_a_question_bank_subject)
----------------------------------------------------------------------
Traceback (most recent call last):
  File "C:\CodeB\Grade9v3.5\.codex-recovery\r5-full-suite\tests\test_test_area.py", line 200, in test_test_is_not_a_question_bank_subject
    self.assertEqual(len(projection["questions"]), 81)
AssertionError: 310 != 81

======================================================================
FAIL: test_the_tab_is_in_the_shared_header_and_on_the_hubs_and_the_site_can_reach_test (test_test_area.TestPages.test_the_tab_is_in_the_shared_header_and_on_the_hubs_and_the_site_can_reach_test)
----------------------------------------------------------------------
Traceback (most recent call last):
  File "C:\CodeB\Grade9v3.5\.codex-recovery\r5-full-suite\tests\test_test_area.py", line 191, in test_the_tab_is_in_the_shared_header_and_on_the_hubs_and_the_site_can_reach_test
    self.assertIn("root+'test/index.html'", header)
AssertionError: "root+'test/index.html'" not found in '(function() {\n  \'use strict\';\n\n  const script = document.currentScript;\n  const root = (script && script.dataset.siteRoot) || \'\';\n  const parent = (script && script.dataset.siteParent) || root + \'index.html\';\n\n  // 1. Legacy header enhancement (for question-bank or older pages)\n  function initLegacyHeader() {\n    const header = document.querySelector(\'header.site-nav\');\n    if (!header || header.dataset.g9Enhanced) return;\n    header.dataset.g9Enhanced = \'true\';\n\n    document.body.classList.add(\'g9-fixed-header\');\n    header.classList.add(\'site-nav-enhanced\');\n\n    const brand = header.querySelector(\'.brand-link\');\n    const nav = header.querySelector(\'.nav-links\');\n\n    if (brand && nav) {\n      if (!header.querySelector(\'.site-leading\')) {\n        const leading = document.createElement(\'div\');\n        leading.className = \'site-leading\';\n        const back = document.createElement(\'button\');\n        back.type = \'button\';\n        back.className = \'site-icon-btn\';\n        back.title = \'Back\';\n        back.setAttribute(\'aria-label\', \'Go back\');\n        back.textContent = \'←\';\n        back.addEventListener(\'click\', () => { history.back(); });\n        leading.appendChild(back);\n        header.insertBefore(leading, brand);\n        leading.appendChild(brand);\n      }\n\n      if (!header.querySelector(\'.site-actions\')) {\n        const actions = document.createElement(\'div\');\n        actions.className = \'site-actions\';\n\n        const searchBtn = document.createElement(\'button\');\n        searchBtn.type = \'button\';\n        searchBtn.className = \'site-icon-btn g9-search-btn\';\n        searchBtn.title = \'Search Grade9V3 (Ctrl/⌘ K)\';\n        searchBtn.setAttribute(\'aria-label\', \'Search Grade9V3\');\n        searchBtn.textContent = \'🔍\';\n        searchBtn.addEventListener(\'click\', openSearch);\n\n        const themeBtn = document.createElement(\'button\');\n        themeBtn.type = \'button\';\n        themeBtn.className = \'site-icon-btn g9-theme-btn\';\n        themeBtn.title = \'Toggle Dark / Light Theme\';\n        themeBtn.setAttribute(\'aria-label\', \'Toggle theme\');\n        themeBtn.textContent = \'🌓\';\n        themeBtn.addEventListener(\'click\', () => {\n          if (window.Grade9Display && window.Grade9Display.toggleTheme) {\n            window.Grade9Display.toggleTheme();\n          } else {\n            const current = document.documentElement.dataset.theme;\n            const next = current === \'dark\' ? \'light\' : \'dark\';\n            document.documentElement.dataset.theme = next;\n            try { localStorage.setItem(\'g9-theme\', next); } catch (e) {}\n          }\n        });\n\n        actions.append(searchBtn, themeBtn);\n\n        const displayBtn = nav.querySelector(\'.g9-display-trigger-btn\');\n        if (displayBtn) {\n          actions.appendChild(displayBtn);\n        }\n\n        header.appendChild(actions);\n      }\n    }\n  }\n\n  // 2. Global search dialog\n  const dialog = document.createElement(\'dialog\');\n  dialog.className = \'g9-search-dialog\';\n  dialog.setAttribute(\'aria-labelledby\', \'g9SearchTitle\');\n\n  const wrap = document.createElement(\'div\');\n  wrap.className = \'g9-search-wrap\';\n\n  const top=document.createElement(\'div\');\n  top.className = \'g9-search-top\';\n\n  const title = document.createElement(\'strong\');\n  title.id = \'g9SearchTitle\';\n  title.textContent = \'Search Grade9V3.5\';\n\n  const close = document.createElement(\'button\');\n  close.type = \'button\';\n  close.className = \'site-icon-btn\';\n  close.textContent = \'×\';\n  close.setAttribute(\'aria-label\', \'Close search\');\n  close.addEventListener(\'click\', () => dialog.close());\n\n  top.append(title, close);\n\n  const input = document.createElement(\'input\');\n  input.type = \'search\';\n  input.placeholder = \'Search pages, concepts, questions, or topics…\';\n  input.autocomplete = \'off\';\n  input.setAttribute(\'aria-label\', \'Search Grade9V3\');\n\n  const hint = document.createElement(\'div\');\n  hint.className = \'g9-search-hint\';\n  hint.textContent = \'Tip: press Ctrl/⌘ K from anywhere to search.\';\n\n  const tabsContainer = document.createElement(\'div\');\n  tabsContainer.className = \'g9-search-tabs\';\n  tabsContainer.setAttribute(\'role\', \'tablist\');\n  tabsContainer.hidden = true;\n\n  const results = document.createElement(\'div\');\n  results.className = \'g9-search-results\';\n  results.setAttribute(\'aria-live\', \'polite\');\n\n  wrap.append(top, input, hint, tabsContainer, results);\n  dialog.appendChild(wrap);\n\n  if (document.body) {\n    document.body.appendChild(dialog);\n  } else {\n    document.addEventListener(\'DOMContentLoaded\', () => document.body.appendChild(dialog));\n  }\n\n  // 3. Search Data Loader with robust multi-depth path resolution\n  let searchDataPromise = null;\n  function getCandidateSearchUrls() {\n    let scriptRoot = (script && script.dataset.siteRoot);\n    if (!scriptRoot && script && script.src) {\n      try {\n        const u = new URL(script.src, window.location.href);\n        const idx = u.pathname.lastIndexOf(\'/js/\');\n        if (idx !== -1) {\n          scriptRoot = u.pathname.slice(0, idx + 1);\n        }\n      } catch (e) {}\n    }\n    const prefix = scriptRoot || \'\';\n    const candidates = [\n      prefix + \'data/learner-search-index.v1.json\',\n      \'/data/learner-search-index.v1.json\',\n      \'../data/learner-search-index.v1.json\',\n      \'../../data/learner-search-index.v1.json\',\n      \'data/learner-search-index.v1.json\'\n    ];\n    return Array.from(new Set(candidates));\n  }\n\n  function loadSearchData() {\n    if (searchDataPromise) return searchDataPromise;\n    const urls = getCandidateSearchUrls();\n\n    async function tryFetch() {\n      for (const u of urls) {\n        try {\n          const res = await fetch(u);\n          if (res.ok) {\n            const data = await res.json();\n            if (Array.isArray(data) && data.length > 0) return data;\n          }\n        } catch (e) {}\n      }\n      throw new Error(\'All search index candidate URLs failed\');\n    }\n\n    searchDataPromise = tryFetch()\n      .catch((err) => {\n        console.warn(\'Search index fetch failed, falling back to QB data:\', err);\n        return new Promise(resolve => {\n          if (window.GRADE9_QUESTION_BANK) {\n            resolve(mapQbData(window.GRADE9_QUESTION_BANK));\n          } else {\n            const s = document.createElement(\'script\');\n            s.src = root + \'data/question-bank-data.js\';\n            s.onload = () => resolve(mapQbData(window.GRADE9_QUESTION_BANK || {}));\n            s.onerror = () => resolve([]);\n            document.head.appendChild(s);\n          }\n        });\n      });\n    return searchDataPromise;\n  }\n\n  function mapQbData(qb) {\n    const list = [];\n    (qb.destinations || []).forEach(d => {\n      list.push({\n        id: d.path,\n        title: d.title,\n        url: d.path,\n        type: \'PAGE\',\n        search_text: [d.title, d.kind, ...(d.keywords || [])].join(\' \')\n      });\n    });\n    (qb.questions || []).forEach(q => {\n      list.push({\n        id: q.id,\n        title: (q.exam || \'\') + \' \' + (q.year || \'\') + \' - \' + (q.topic || \'\'),\n        url: \'question-bank/index.html?q=\' + encodeURIComponent(q.id) + \'#\' + encodeURIComponent(q.id),\n        type: \'QUESTION\',\n        search_text: [q.id, q.subject, q.topic, q.stem].join(\' \')\n      });\n    });\n    return list;\n  }\n\n  function normalize(v) {\n    return String(v || \'\').toLowerCase().replace(/[^a-z0-9]+/g, \' \').trim();\n  }\n\n  function getCategory(item) {\n    if (item.category) return item.category;\n    const t = String(item.type || \'\').toUpperCase();\n    if (t === \'QUESTION\') return \'question\';\n    if (t === \'TOPIC\' || t === \'SUBTOPIC\' || t === \'CONCEPT\') return \'curriculum\';\n    if (t.includes(\'CORE_1A\') || t.includes(\'CORE_2\') || item.sub_type === \'CORE_1A\' || item.sub_type === \'CORE_2\' || (item.url && item.url.includes(\'12-7-tablet\'))) return \'tablet\';\n    return \'tablet\';\n  }\n\n  function getReadableKind(type) {\n    const t = String(type || \'\').toUpperCase();\n    if (t === \'EXPLORE_RESOURCE\') return \'EXPLORER\';\n    if (t === \'LEARN_RESOURCE\') return \'CORE STUDY\';\n    if (t === \'PRACTICE_RESOURCE\') return \'PRACTICE\';\n    if (t === \'CONCEPT\') return \'CONCEPT\';\n    if (t === \'QUESTION\') return \'QUESTION\';\n    if (t === \'TOPIC\') return \'TOPIC\';\n    if (t === \'SUBTOPIC\') return \'SUBTOPIC\';\n    if (t === \'HINT\' || t === \'RUNG\') return \'HINT\';\n    return t || \'PAGE\';\n  }\n\n  function scoreItem(item, tokens, term) {\n    let score = 1000;\n    const titleNorm = normalize(item.title);\n    const idNorm = normalize(item.id);\n    const textNorm = normalize(item.search_text);\n\n    if (idNorm === term || item.id === term || item.id === \'Q-\' + term || idNorm === \'q \' + term) score += 25000;\n    else if (idNorm.includes(term)) score += 5000;\n\n    if (titleNorm === term) score += 15000;\n    else if (titleNorm.startsWith(term)) score += 6000;\n    else if (tokens.every(tok => titleNorm.includes(tok))) score += 3000;\n    else if (tokens.some(tok => titleNorm.includes(tok))) score += 1000;\n\n    if (tokens.every(tok => textNorm.includes(tok))) score += 500;\n    if (textNorm.includes(term)) score += 300;\n\n    return score;\n  }\n\n  function resultLink(item, href) {\n    const a = document.createElement(\'a\');\n    a.className = \'g9-search-result\';\n    a.href = href;\n    if (item.target === \'_blank\') {\n      a.target = \'_blank\';\n      a.rel = \'noopener noreferrer\';\n    }\n\n    const main = document.createElement(\'span\');\n    main.className = \'g9-search-result-main\';\n    main.textContent = item.title || item.id;\n\n    const sub = document.createElement(\'span\');\n    if (item.breadcrumb) {\n      sub.className = \'g9-search-breadcrumb\';\n      sub.textContent = item.breadcrumb;\n    } else {\n      sub.className = \'g9-search-result-sub\';\n      sub.textContent = item.search_text ? item.search_text.slice(0, 110) + \'…\' : (item.id || \'\');\n    }\n\n    const badge = document.createElement(\'span\');\n    badge.className = \'g9-search-result-kind\';\n    const rawBadge = item.badge || getReadableKind(item.type);\n    badge.textContent = rawBadge;\n\n    const bNorm = rawBadge.toLowerCase();\n    if (bNorm.includes(\'core 1a\')) badge.classList.add(\'g9-badge-core1a\');\n    else if (bNorm.includes(\'core 2\')) badge.classList.add(\'g9-badge-core2\');\n    else if (bNorm.includes(\'ncert\')) badge.classList.add(\'g9-badge-ncert\');\n    else if (bNorm.includes(\'jee\') || bNorm.includes(\'iit\')) badge.classList.add(\'g9-badge-jee\');\n    else if (item.type === \'TOPIC\' || item.type === \'SUBTOPIC\') badge.classList.add(\'g9-badge-topic\');\n\n    a.append(main, sub, badge);\n    return a;\n  }\n\n  let activeCategory = \'all\';\n\n  async function renderSearch() {\n    const term = normalize(input.value);\n    results.replaceChildren();\n    if (!term) {\n      tabsContainer.hidden = true;\n      const p = document.createElement(\'p\');\n      p.className = \'g9-search-empty\';\n      p.textContent = \'Type to search the portal, concepts, and canonical Question Bank.\';\n      results.appendChild(p);\n      return;\n    }\n\n    const data = await loadSearchData().catch(() => []);\n    const tokens = term.split(/\\s+/).filter(Boolean);\n\n    const matched = (Array.isArray(data) ? data : []).filter(item => {\n      const hay = normalize([item.title, item.id, item.search_text, item.type].join(\' \'));\n      return tokens.every(t => {\n        if (hay.includes(t)) return true;\n        if (t.length >= 4) {\n          const stem = t.slice(0, 4);\n          if (hay.includes(stem)) return true;\n        }\n        return false;\n      });\n    });\n\n    if (matched.length === 0) {\n      tabsContainer.hidden = true;\n      const p = document.createElement(\'p\');\n      p.className = \'g9-search-empty\';\n      p.textContent = \'No matching results found.\';\n      results.appendChild(p);\n      return;\n    }\n\n    // Sort by relevance score\n    matched.sort((a, b) => scoreItem(b, tokens, term) - scoreItem(a, tokens, term));\n\n    let effectiveRoot = (script && script.dataset.siteRoot);\n    if (!effectiveRoot && script && script.src) {\n      try {\n        const u = new URL(script.src, window.location.href);\n        const idx = u.pathname.lastIndexOf(\'/js/\');\n        if (idx !== -1) {\n          effectiveRoot = u.pathname.slice(0, idx + 1);\n        }\n      } catch (e) {}\n    }\n    effectiveRoot = effectiveRoot || \'\';\n\n    // Calculate dynamic counts\n    const countAll = matched.length;\n    const countQuestions = matched.filter(m => getCategory(m) === \'question\').length;\n    const countTablets = matched.filter(m => getCategory(m) === \'tablet\').length;\n    const countCurriculum = matched.filter(m => getCategory(m) === \'curriculum\').length;\n\n    // Reset tab if current active has 0 results\n    if (activeCategory === \'question\' && countQuestions === 0) activeCategory = \'all\';\n    if (activeCategory === \'tablet\' && countTablets === 0) activeCategory = \'all\';\n    if (activeCategory === \'curriculum\' && countCurriculum === 0) activeCategory = \'all\';\n\n    // Render tabs\n    tabsContainer.hidden = false;\n    tabsContainer.replaceChildren();\n    const tabDefs = [\n      { id: \'all\', label: \'All\', count: countAll },\n      { id: \'question\', label: \'Questions\', count: countQuestions },\n      { id: \'tablet\', label: \'Core 1A & 2 Tablets\', count: countTablets },\n      { id: \'curriculum\', label: \'Topics & Concepts\', count: countCurriculum },\n    ];\n    tabDefs.forEach(def => {\n      const btn = document.createElement(\'button\');\n      btn.type = \'button\';\n      btn.className = \'g9-search-tab\' + (activeCategory === def.id ? \' active\' : \'\');\n      btn.setAttribute(\'role\', \'tab\');\n      btn.setAttribute(\'aria-selected\', String(activeCategory === def.id));\n\n      const lbl = document.createElement(\'span\');\n      lbl.textContent = def.label;\n\n      const badgeCount = document.createElement(\'span\');\n      badgeCount.className = \'g9-search-tab-count\';\n      badgeCount.textContent = String(def.count);\n\n      btn.append(lbl, badgeCount);\n      btn.addEventListener(\'click\', () => {\n        activeCategory = def.id;\n        renderSearch();\n      });\n      tabsContainer.appendChild(btn);\n    });\n\n    const createBridge = () => {\n      const bridge = document.createElement(\'a\');\n      bridge.className = \'g9-search-qb-bridge\';\n      bridge.href = effectiveRoot + \'question-bank/index.html?q=\' + encodeURIComponent(input.value.trim());\n      const leftText = document.createElement(\'span\');\n      leftText.textContent = `View all ${countQuestions} questions in Question Bank`;\n      const rightArrow = document.createElement(\'span\');\n      rightArrow.textContent = \'›\';\n      bridge.append(leftText, rightArrow);\n      return bridge;\n    };\n\n    const renderCard = item => {\n      let itemUrl = item.url || \'\';\n      if (!itemUrl.startsWith(\'http\') && !itemUrl.startsWith(\'/\')) {\n        itemUrl = effectiveRoot + itemUrl;\n      }\n      return resultLink(item, itemUrl);\n    };\n\n    if (activeCategory === \'all\') {\n      const tablets = matched.filter(m => getCategory(m) === \'tablet\');\n      const curriculum = matched.filter(m => getCategory(m) === \'curriculum\');\n      const questions = matched.filter(m => getCategory(m) === \'question\');\n\n      if (tablets.length) {\n        const secHdr = document.createElement(\'div\');\n        secHdr.className = \'g9-search-section-header\';\n        secHdr.textContent = `📑 Core 1A & 2 Tablets (${tablets.length})`;\n        results.appendChild(secHdr);\n        tablets.slice(0, 6).forEach(item => results.appendChild(renderCard(item)));\n      }\n\n      if (curriculum.length) {\n        const secHdr = document.createElement(\'div\');\n        secHdr.className = \'g9-search-section-header\';\n        secHdr.textContent = `📚 Topics & Concepts (${curriculum.length})`;\n        results.appendChild(secHdr);\n        curriculum.slice(0, 4).forEach(item => results.appendChild(renderCard(item)));\n      }\n\n      if (questions.length) {\n        const secHdr = document.createElement(\'div\');\n        secHdr.className = \'g9-search-section-header\';\n        secHdr.textContent = `🎯 Questions in Question Bank (${questions.length})`;\n        results.appendChild(secHdr);\n        results.appendChild(createBridge());\n        questions.slice(0, 8).forEach(item => results.appendChild(renderCard(item)));\n      }\n    } else if (activeCategory === \'question\') {\n      if (countQuestions > 0) results.appendChild(createBridge());\n      const questions = matched.filter(m => getCategory(m) === \'question\');\n      questions.slice(0, 20).forEach(item => results.appendChild(renderCard(item)));\n    } else if (activeCategory === \'tablet\') {\n      const tablets = matched.filter(m => getCategory(m) === \'tablet\');\n      tablets.slice(0, 20).forEach(item => results.appendChild(renderCard(item)));\n    } else if (activeCategory === \'curriculum\') {\n      const curriculum = matched.filter(m => getCategory(m) === \'curriculum\');\n      curriculum.slice(0, 20).forEach(item => results.appendChild(renderCard(item)));\n    }\n  }\n\n  let searchTimer = null;\n  input.addEventListener(\'input\', () => {\n    clearTimeout(searchTimer);\n    searchTimer = setTimeout(renderSearch, 60);\n  });\n\n  function openSearch(e) {\n    if (e && e.preventDefault) e.preventDefault();\n    if (typeof dialog.showModal === \'function\' && !dialog.open) {\n      dialog.showModal();\n    } else {\n      dialog.setAttribute(\'open\', \'\');\n    }\n    input.focus();\n    renderSearch();\n  }\n\n  // 4. Bind universal triggers\n  function bindTriggers() {\n    initLegacyHeader();\n\n    document.querySelectorAll(\'[data-g9-action="search"], .g9-search-trigger, .g9-search-btn\').forEach(btn => {\n      btn.onclick = openSearch;\n    });\n\n    document.querySelectorAll(\'[data-g9-action="theme"], .g9-theme-toggle\').forEach(btn => {\n      btn.onclick = (e) => {\n        e.preventDefault();\n        if (window.Grade9Display && window.Grade9Display.toggleTheme) {\n          window.Grade9Display.toggleTheme();\n        } else {\n          const current = document.documentElement.dataset.theme;\n          const next = current === \'dark\' ? \'light\' : \'dark\';\n          document.documentElement.dataset.theme = next;\n          try { localStorage.setItem(\'g9-theme\', next); } catch (err) {}\n        }\n      };\n    });\n\n    document.querySelectorAll(\'[data-g9-action="display"], .g9-display-btn\').forEach(btn => {\n      btn.onclick = (e) => {\n        e.preventDefault();\n        if (window.Grade9Display && window.Grade9Display.togglePopover) {\n          window.Grade9Display.togglePopover();\n        } else {\n          const panel = document.querySelector(\'[data-g9-display-panel]\');\n          if (panel) panel.toggleAttribute(\'hidden\');\n        }\n      };\n    });\n  }\n\n  document.addEventListener(\'click\', (e) => {\n    if (!e.target.closest(\'.g9-header-dropdown\')) {\n      document.querySelectorAll(\'.g9-header-dropdown[open]\').forEach(d => d.removeAttribute(\'open\'));\n    }\n  });\n\n  if (document.readyState === \'loading\') {\n    document.addEventListener(\'DOMContentLoaded\', bindTriggers);\n  } else {\n    bindTriggers();\n  }\n\n  document.addEventListener(\'keydown\', e => {\n    if ((e.ctrlKey || e.metaKey) && e.key.toLowerCase() === \'k\') {\n      e.preventDefault();\n      openSearch();\n    }\n    if (e.key === \'Escape\') {\n      if (dialog.open) dialog.close();\n      document.querySelectorAll(\'.g9-header-dropdown[open]\').forEach(d => d.removeAttribute(\'open\'));\n    }\n  });\n\n  // Global API\n  window.Grade9Header = {\n    openSearch,\n    closeSearch: () => dialog.close()\n  };\n})();\n'

======================================================================
FAIL: test_committed_manifest_matches_the_tree (test_tools.Manifest.test_committed_manifest_matches_the_tree)
----------------------------------------------------------------------
Traceback (most recent call last):
  File "C:\CodeB\Grade9v3.5\.codex-recovery\r5-full-suite\tests\test_tools.py", line 32, in test_committed_manifest_matches_the_tree
    self.assertEqual(committed["digest"], build_manifest.collect()["digest"],
AssertionError: 'sha256:5c89fdcc96af347bcc742868ef2f78c3c49191189371e09620753fd43c818057' != 'sha256:b8db6ed50121b8f9379205a3cce514864accfe18da75ac72e51eae68fa9a9225'
- sha256:5c89fdcc96af347bcc742868ef2f78c3c49191189371e09620753fd43c818057
+ sha256:b8db6ed50121b8f9379205a3cce514864accfe18da75ac72e51eae68fa9a9225
 : regenerate with python3 Shared/tools/build_manifest.py

======================================================================
FAIL: test_the_sweep_passes_on_the_committed_tree (test_tools.SubjectCoverage.test_the_sweep_passes_on_the_committed_tree)
----------------------------------------------------------------------
Traceback (most recent call last):
  File "C:\CodeB\Grade9v3.5\.codex-recovery\r5-full-suite\tests\test_tools.py", line 238, in test_the_sweep_passes_on_the_committed_tree
    self.assertTrue(report["passed"], report)
AssertionError: False is not true : {'subjects_checked': 4, 'subjects': [{'subject': 'Chemistry', 'state': 'CONTRACT_ONLY', 'gate_registries': 0, 'library_packages': 0, 'findings': []}, {'subject': 'Mathematics', 'state': 'IMPLEMENTED', 'gate_registries': 1, 'library_packages': 1, 'findings': ["linear-equations.v1.json: STRUCTURE: ['questions', 6, 'answer', 'verification_status']: 'VERIFIED_CANONICAL' is not one of ['NOT_RUN', 'CHECKED_BY_AUTHOR', 'INDEPENDENTLY_CHECKED', 'DISPUTED']", "linear-equations.v1.json: STRUCTURE: ['questions', 6, 'status']: 'PUBLISHED' is not one of ['DISCOVERED', 'CANDIDATE', 'REVIEWED', 'CURATED', 'DISPUTED', 'STALE', 'RETIRED']", "linear-equations.v1.json: STRUCTURE: ['questions', 7, 'answer', 'verification_status']: 'VERIFIED_CANONICAL' is not one of ['NOT_RUN', 'CHECKED_BY_AUTHOR', 'INDEPENDENTLY_CHECKED', 'DISPUTED']", "linear-equations.v1.json: STRUCTURE: ['questions', 7, 'status']: 'PUBLISHED' is not one of ['DISCOVERED', 'CANDIDATE', 'REVIEWED', 'CURATED', 'DISPUTED', 'STALE', 'RETIRED']", "linear-equations.v1.json: STRUCTURE: ['questions', 8, 'answer', 'verification_status']: 'VERIFIED_CANONICAL' is not one of ['NOT_RUN', 'CHECKED_BY_AUTHOR', 'INDEPENDENTLY_CHECKED', 'DISPUTED']", "linear-equations.v1.json: STRUCTURE: ['questions', 8, 'status']: 'PUBLISHED' is not one of ['DISCOVERED', 'CANDIDATE', 'REVIEWED', 'CURATED', 'DISPUTED', 'STALE', 'RETIRED']", "linear-equations.v1.json: STRUCTURE: ['questions', 11, 'answer', 'verification_status']: 'VERIFIED_CANONICAL' is not one of ['NOT_RUN', 'CHECKED_BY_AUTHOR', 'INDEPENDENTLY_CHECKED', 'DISPUTED']", "linear-equations.v1.json: STRUCTURE: ['questions', 11, 'status']: 'PUBLISHED' is not one of ['DISCOVERED', 'CANDIDATE', 'REVIEWED', 'CURATED', 'DISPUTED', 'STALE', 'RETIRED']", "linear-equations.v1.json: STRUCTURE: ['questions', 12, 'answer', 'verification_status']: 'VERIFIED_CANONICAL' is not one of ['NOT_RUN', 'CHECKED_BY_AUTHOR', 'INDEPENDENTLY_CHECKED', 'DISPUTED']", "linear-equations.v1.json: STRUCTURE: ['questions', 12, 'status']: 'PUBLISHED' is not one of ['DISCOVERED', 'CANDIDATE', 'REVIEWED', 'CURATED', 'DISPUTED', 'STALE', 'RETIRED']", "REPRESENTATION_KIND_UNDECLARED: REP-MAT-LEQ-01-SIDE-BY-SIDE-TABLE: depicts by 'TABLE_OF_VALUES', which this subject does not declare; it declares FUNCTION_PLOT, GEOMETRIC_CONSTRUCTION, NUMBER_LINE", "CORRESPONDENCE_SYMBOL_UNKNOWN: REP-MAT-LEQ-01-SIDE-BY-SIDE-TABLE.correspondence[2]: bridges to 'L(s)', which none of the relations this figure depicts declares; they declare L(x), R(x), s, x", "CORRESPONDENCE_SYMBOL_UNKNOWN: REP-MAT-LEQ-01-SIDE-BY-SIDE-TABLE.correspondence[3]: bridges to 'R(s)', which none of the relations this figure depicts declares; they declare L(x), R(x), s, x", "REPRESENTATION_KIND_UNDECLARED: REP-MAT-LEQ-02-BALANCE: depicts by 'ALGEBRA_TILES', which this subject does not declare; it declares FUNCTION_PLOT, GEOMETRIC_CONSTRUCTION, NUMBER_LINE", "CORRESPONDENCE_SYMBOL_UNKNOWN: REP-MAT-LEQ-02-BALANCE.correspondence[1]: bridges to 'L', which none of the relations this figure depicts declares; they declare L, R, c, k, t", "CORRESPONDENCE_SYMBOL_UNKNOWN: REP-MAT-LEQ-02-BALANCE.correspondence[2]: bridges to 'L − c = R − c', which none of the relations this figure depicts declares; they declare L, R, c, k, t", "CORRESPONDENCE_SYMBOL_UNKNOWN: REP-MAT-LEQ-02-BALANCE.correspondence[3]: bridges to 'x = s', which none of the relations this figure depicts declares; they declare L, R, c, k, t", "REPRESENTATION_KIND_UNDECLARED: REP-MAT-LEQ-03-BRACKET-AREA-MODEL: depicts by 'AREA_MODEL', which this subject does not declare; it declares FUNCTION_PLOT, GEOMETRIC_CONSTRUCTION, NUMBER_LINE", "CORRESPONDENCE_SYMBOL_UNKNOWN: REP-MAT-LEQ-03-BRACKET-AREA-MODEL.correspondence[1]: bridges to '−2', which none of the relations this figure depicts declares; they declare L, R, m", "CORRESPONDENCE_SYMBOL_UNKNOWN: REP-MAT-LEQ-03-BRACKET-AREA-MODEL.correspondence[2]: bridges to '(−2)(2x), (−2)(−7)', which none of the relations this figure depicts declares; they declare L, R, m", "CORRESPONDENCE_SYMBOL_UNKNOWN: REP-MAT-LEQ-03-BRACKET-AREA-MODEL.correspondence[3]: bridges to '−4x + 14', which none of the relations this figure depicts declares; they declare L, R, m", "REPRESENTATION_KIND_UNDECLARED: REP-MAT-LEQ-04-SOLUTION-LINE: depicts by 'COORDINATE_GRAPH', which this subject does not declare; it declares FUNCTION_PLOT, GEOMETRIC_CONSTRUCTION, NUMBER_LINE", "CORRESPONDENCE_SYMBOL_UNKNOWN: REP-MAT-LEQ-04-SOLUTION-LINE.correspondence[2]: bridges to 'ax + by + c = 0', which none of the relations this figure depicts declares; they declare (x₀, y₀), a, a, b, b, c, x, y", "CORRESPONDENCE_SYMBOL_UNKNOWN: REP-MAT-LEQ-04-SOLUTION-LINE.correspondence[3]: bridges to '(x, 0), (0, y)', which none of the relations this figure depicts declares; they declare (x₀, y₀), a, a, b, b, c, x, y", 'validate_library: LIBRARY_UNRESOLVED_REFERENCE Q-MAT-LEQ-01-EXEMPLAR8-Q6.extensions.grade9v3:question_bank.topic_ref -> TOPIC-MATHEMATICS-LINEAR-EQUATIONS; Q-MAT-LEQ-01-EXEMPLAR8-Q6.extensions.grade9v3:question_bank.subject_ref -> SUBJECT-MATHEMATICS; Q-MAT-LEQ-01-EXEMPLAR8-Q17.extensions.grade9v3:question_bank.topic_ref -> TOPIC-MATHEMATICS-LINEAR-EQUATIONS; Q-MAT-LEQ-01-EXEMPLAR8-Q17.extensions.grade9v3:question_bank.subject_ref -> SUBJECT-MATHEMATICS; Q-MAT-LEQ-01-EXEMPLAR8-Q20.extensions.grade9v3:question_bank.topic_ref -> TOPIC-MATHEMATICS-LINEAR-EQUATIONS']}, {'subject': 'Physics', 'state': 'IMPLEMENTED', 'gate_registries': 2, 'library_packages': 20, 'findings': ['phy-elec-current-ohm.v1.json: GATE_RELATION_UNKNOWN: REL-ELEC-CURRENT-CONSERVATION: binds to REL-ELEC-CURRENT-CONSERVATION, which no gate registry for this subject declares', 'phy-elec-current-ohm.v1.json: GATE_RELATION_UNKNOWN: REL-ELEC-OHMIC-MODEL: binds to REL-ELEC-OHMIC-MODEL, which no gate registry for this subject declares', 'phy-osc-shm-waves.v1.json: GATE_RELATION_UNKNOWN: REL-OSC-STABLE-EQUILIBRIUM: binds to REL-OSC-STABLE-EQUILIBRIUM, which no gate registry for this subject declares', 'phy-osc-shm-waves.v1.json: GATE_RELATION_UNKNOWN: REL-OSC-ENERGY-EXCHANGE: binds to REL-OSC-ENERGY-EXCHANGE, which no gate registry for this subject declares']}, {'subject': 'TEST', 'state': 'CONTRACT_ONLY', 'gate_registries': 0, 'library_packages': 0, 'findings': []}], 'passed': False}

----------------------------------------------------------------------
Ran 2330 tests in 743.813s

FAILED (failures=62, errors=47, skipped=5)

Subject authority: 0 finding(s): []
Standalone: NOT_STAGED
Approval reference: NOT_RECORDED
Build: sample @ 768c905de66506b6; review: NONE
Recommendation: UNRECORDED
Open S0/S1: []
Reviewer: UNRECORDED; authors: ['author-1']
Fact status: 0 cited records without current independent verification
Subject authority: 0 finding(s): []
Standalone: STAGED_FOR_THIS_RENDER
Approval reference: NOT_RECORDED
Build: sample @ 768c905de66506b6; review: 768c905de66506b6
Recommendation: revise
Open S0/S1: ['F-1']
Reviewer: reviewer-2; authors: ['author-1']
Fact status: 1 cited records without current independent verification
Subject authority: 0 finding(s): []
Standalone: NOT_STAGED
Approval reference: NOT_RECORDED
sample: FAIL (DRAFT); 0 finding(s)
sample: FAIL (DRAFT); 0 finding(s)
Build: sample @ 768c905de66506b6; review: NONE
Recommendation: UNRECORDED
Open S0/S1: []
Reviewer: UNRECORDED; authors: ['author-1']
Fact status: 0 cited records without current independent verification
Subject authority: 0 finding(s): []
Standalone: NOT_STAGED
Approval reference: NOT_RECORDED
Build: sample @ c090eedd28c9c0f3; review: NONE
Recommendation: UNRECORDED
Open S0/S1: []
Reviewer: UNRECORDED; authors: ['author-1']
Fact status: 0 cited records without current independent verification
Subject authority: 0 finding(s): []
Standalone: NOT_STAGED
Approval reference: NOT_RECORDED
wrote 7 page(s) to C:\Users\reall\AppData\Local\Temp\tmpyo6by2pi\out as DRAFT with 57 gap(s)
selected records: microtopics=3 core2=15 core2a=5 core2b=5
wrote 7 page(s) to C:\Users\reall\AppData\Local\Temp\tmpqxo7te2x\out as DRAFT with 57 gap(s)
selected records: microtopics=3 core2=15 core2a=5 core2b=5
wrote 7 page(s) to C:\Users\reall\AppData\Local\Temp\tmpg1bqi5wt\receipt as DRAFT with 2 gap(s)
selected records: microtopics=3 core2=15 core2a=5 core2b=5
wrote 2 page(s) to C:\Users\reall\AppData\Local\Temp\tmpd2c1oy0k\publication\products\physics\phy-nlm-momentum-transfer
selected records: microtopics=1 core2=0 core2a=5 core2b=5
wrote 7 page(s) to C:\Users\reall\AppData\Local\Temp\tmpj378s47t\rendered as DRAFT with 38 gap(s)
selected records: microtopics=1 core2=0 core2a=5 core2b=5
wrote 2 page(s) to C:\Users\reall\AppData\Local\Temp\tmpj378s47t\rendered
selected records: microtopics=1 core2=0 core2a=5 core2b=5
wrote 1 page(s) to C:\Users\reall\AppData\Local\Temp\tmpj378s47t\rendered
selected records: microtopics=1 core2=0 core2a=5 core2b=5
wrote 2 page(s) to C:\Users\reall\AppData\Local\Temp\tmpj378s47t\rendered
selected records: microtopics=1 core2=0 core2a=5 core2b=5
SELFTEST PASS: governed literals detected; comments/docstrings ignored; pure question-data wrappers exempted; executable additions still scanned.
